/*M!999999\- enable the sandbox mode */ 
-- MariaDB dump 10.19  Distrib 10.6.23-MariaDB, for linux-systemd (x86_64)
--
-- Host: localhost    Database: ohdemo
-- ------------------------------------------------------
-- Server version	10.6.23-MariaDB

/*!40101 SET @OLD_CHARACTER_SET_CLIENT=@@CHARACTER_SET_CLIENT */;
/*!40101 SET @OLD_CHARACTER_SET_RESULTS=@@CHARACTER_SET_RESULTS */;
/*!40101 SET @OLD_COLLATION_CONNECTION=@@COLLATION_CONNECTION */;
/*!40101 SET NAMES utf8mb4 */;
/*!40103 SET @OLD_TIME_ZONE=@@TIME_ZONE */;
/*!40103 SET TIME_ZONE='+00:00' */;
/*!40014 SET @OLD_UNIQUE_CHECKS=@@UNIQUE_CHECKS, UNIQUE_CHECKS=0 */;
/*!40014 SET @OLD_FOREIGN_KEY_CHECKS=@@FOREIGN_KEY_CHECKS, FOREIGN_KEY_CHECKS=0 */;
/*!40101 SET @OLD_SQL_MODE=@@SQL_MODE, SQL_MODE='NO_AUTO_VALUE_ON_ZERO' */;
/*!40111 SET @OLD_SQL_NOTES=@@SQL_NOTES, SQL_NOTES=0 */;

--
-- Table structure for table `oh_admission`
--

DROP TABLE IF EXISTS `oh_admission`;
/*!40101 SET @saved_cs_client     = @@character_set_client */;
/*!40101 SET character_set_client = utf8mb4 */;
CREATE TABLE `oh_admission` (
  `ADM_ID` int(11) NOT NULL AUTO_INCREMENT,
  `ADM_IN` int(11) NOT NULL DEFAULT 0,
  `ADM_TYPE` char(1) NOT NULL DEFAULT 'N',
  `ADM_WRD_ID_A` char(3) NOT NULL DEFAULT '',
  `ADM_YPROG` int(11) NOT NULL DEFAULT 0,
  `ADM_PAT_ID` int(11) NOT NULL DEFAULT 0,
  `ADM_DATE_ADM` datetime NOT NULL,
  `ADM_ADMT_ID_A_ADM` varchar(10) NOT NULL DEFAULT '',
  `ADM_FHU` varchar(50) DEFAULT NULL,
  `ADM_IN_DIS_ID_A` varchar(10) DEFAULT NULL,
  `ADM_OUT_DIS_ID_A` varchar(10) DEFAULT NULL,
  `ADM_OUT_DIS_ID_A_2` varchar(10) DEFAULT NULL,
  `ADM_OUT_DIS_ID_A_3` varchar(10) DEFAULT NULL,
  `ADM_DATE_DIS` datetime DEFAULT NULL,
  `ADM_DIST_ID_A` varchar(10) DEFAULT NULL,
  `ADM_NOTE` text DEFAULT NULL,
  `ADM_TRANS` float DEFAULT 0,
  `ADM_PRG_DATE_VIS` datetime DEFAULT NULL,
  `ADM_PRG_PTT_ID_A` varchar(10) DEFAULT NULL,
  `ADM_PRG_DATE_DEL` datetime DEFAULT NULL,
  `ADM_PRG_DLT_ID_A` char(1) DEFAULT NULL,
  `ADM_PRG_DRT_ID_A` char(1) DEFAULT NULL,
  `ADM_PRG_WEIGHT` float DEFAULT NULL,
  `ADM_PRG_DATE_CTRL1` datetime DEFAULT NULL,
  `ADM_PRG_DATE_CTRL2` datetime DEFAULT NULL,
  `ADM_PRG_DATE_ABORT` datetime DEFAULT NULL,
  `ADM_USR_ID_A` varchar(50) NOT NULL DEFAULT 'admin',
  `ADM_LOCK` int(11) NOT NULL DEFAULT 0,
  `ADM_DELETED` char(1) NOT NULL DEFAULT 'N',
  `ADM_CREATED_BY` varchar(50) DEFAULT NULL,
  `ADM_CREATED_DATE` datetime DEFAULT NULL,
  `ADM_LAST_MODIFIED_BY` varchar(50) DEFAULT NULL,
  `ADM_LAST_MODIFIED_DATE` datetime DEFAULT NULL,
  `ADM_ACTIVE` tinyint(1) NOT NULL DEFAULT 1,
  PRIMARY KEY (`ADM_ID`),
  KEY `FK_ADMISSION_DISCHARGETYPE` (`ADM_DIST_ID_A`),
  KEY `FK_ADMISSION_DELIVERYTYPE` (`ADM_PRG_DLT_ID_A`),
  KEY `FK_ADMISSION_DELIVERYRESULTTYPE` (`ADM_PRG_DRT_ID_A`),
  KEY `FK_ADMISSION_ADMISSIONTYPE` (`ADM_ADMT_ID_A_ADM`),
  KEY `FK_ADMISSION_PREGNANTTREATMENTTYPE` (`ADM_PRG_PTT_ID_A`),
  KEY `FK_ADMISSION_IN_DISEASE` (`ADM_IN_DIS_ID_A`),
  KEY `FK_ADMISSION_OUT_DISEASE1` (`ADM_OUT_DIS_ID_A`),
  KEY `FK_ADMISSION_OUT_DISEASE2` (`ADM_OUT_DIS_ID_A_2`),
  KEY `FK_ADMISSION_OUT_DISEASE3` (`ADM_OUT_DIS_ID_A_3`),
  KEY `FK_ADMISSION_PATIENT` (`ADM_PAT_ID`),
  KEY `FK_ADMISSION_WARD_idx` (`ADM_WRD_ID_A`),
  KEY `FK_ADMISSION_USER_IDX` (`ADM_USR_ID_A`),
  KEY `FK_ADMISSION_CREATED_BY_IDX` (`ADM_CREATED_BY`),
  KEY `FK_ADMISSION_LAST_MODIFIED_BY_IDX` (`ADM_LAST_MODIFIED_BY`),
  CONSTRAINT `FK_ADMISSION_ADMISSIONTYPE` FOREIGN KEY (`ADM_ADMT_ID_A_ADM`) REFERENCES `oh_admissiontype` (`ADMT_ID_A`) ON DELETE NO ACTION ON UPDATE NO ACTION,
  CONSTRAINT `FK_ADMISSION_CREATED_BY` FOREIGN KEY (`ADM_CREATED_BY`) REFERENCES `oh_user` (`US_ID_A`) ON DELETE NO ACTION ON UPDATE NO ACTION,
  CONSTRAINT `FK_ADMISSION_DELIVERYRESULTTYPE` FOREIGN KEY (`ADM_PRG_DRT_ID_A`) REFERENCES `oh_deliveryresulttype` (`DRT_ID_A`) ON DELETE NO ACTION ON UPDATE NO ACTION,
  CONSTRAINT `FK_ADMISSION_DELIVERYTYPE` FOREIGN KEY (`ADM_PRG_DLT_ID_A`) REFERENCES `oh_deliverytype` (`DLT_ID_A`) ON DELETE NO ACTION ON UPDATE NO ACTION,
  CONSTRAINT `FK_ADMISSION_DISCHARGETYPE` FOREIGN KEY (`ADM_DIST_ID_A`) REFERENCES `oh_dischargetype` (`DIST_ID_A`) ON DELETE NO ACTION ON UPDATE NO ACTION,
  CONSTRAINT `FK_ADMISSION_IN_DISEASE` FOREIGN KEY (`ADM_IN_DIS_ID_A`) REFERENCES `oh_disease` (`DIS_ID_A`) ON DELETE NO ACTION ON UPDATE NO ACTION,
  CONSTRAINT `FK_ADMISSION_LAST_MODIFIED_BY` FOREIGN KEY (`ADM_LAST_MODIFIED_BY`) REFERENCES `oh_user` (`US_ID_A`) ON DELETE NO ACTION ON UPDATE NO ACTION,
  CONSTRAINT `FK_ADMISSION_OUT_DISEASE1` FOREIGN KEY (`ADM_OUT_DIS_ID_A`) REFERENCES `oh_disease` (`DIS_ID_A`) ON DELETE NO ACTION ON UPDATE NO ACTION,
  CONSTRAINT `FK_ADMISSION_OUT_DISEASE2` FOREIGN KEY (`ADM_OUT_DIS_ID_A_2`) REFERENCES `oh_disease` (`DIS_ID_A`) ON DELETE NO ACTION ON UPDATE NO ACTION,
  CONSTRAINT `FK_ADMISSION_OUT_DISEASE3` FOREIGN KEY (`ADM_OUT_DIS_ID_A_3`) REFERENCES `oh_disease` (`DIS_ID_A`) ON DELETE NO ACTION ON UPDATE NO ACTION,
  CONSTRAINT `FK_ADMISSION_PATIENT` FOREIGN KEY (`ADM_PAT_ID`) REFERENCES `oh_patient` (`PAT_ID`) ON DELETE CASCADE ON UPDATE CASCADE,
  CONSTRAINT `FK_ADMISSION_PREGNANTTREATMENTTYPE` FOREIGN KEY (`ADM_PRG_PTT_ID_A`) REFERENCES `oh_pregnanttreatmenttype` (`PTT_ID_A`) ON DELETE NO ACTION ON UPDATE NO ACTION,
  CONSTRAINT `FK_ADMISSION_USER` FOREIGN KEY (`ADM_USR_ID_A`) REFERENCES `oh_user` (`US_ID_A`) ON DELETE NO ACTION ON UPDATE NO ACTION,
  CONSTRAINT `FK_ADMISSION_WARD` FOREIGN KEY (`ADM_WRD_ID_A`) REFERENCES `oh_ward` (`WRD_ID_A`) ON DELETE NO ACTION ON UPDATE NO ACTION
) ENGINE=InnoDB AUTO_INCREMENT=514 DEFAULT CHARSET=utf8mb3 COLLATE=utf8mb3_general_ci;
/*!40101 SET character_set_client = @saved_cs_client */;

--
-- Dumping data for table `oh_admission`
--

LOCK TABLES `oh_admission` WRITE;
/*!40000 ALTER TABLE `oh_admission` DISABLE KEYS */;
INSERT INTO `oh_admission` VALUES (47,1,'N','I',2,43,'2022-10-19 00:34:25','I',NULL,'15',NULL,NULL,NULL,NULL,NULL,NULL,0,NULL,NULL,NULL,NULL,NULL,NULL,NULL,NULL,NULL,'admin',0,'N','admin','2022-10-19 00:34:25','admin',NULL,1);
INSERT INTO `oh_admission` VALUES (48,1,'N','I',2,44,'2022-10-25 05:17:54','I',NULL,'127',NULL,NULL,NULL,NULL,NULL,NULL,0,NULL,NULL,NULL,NULL,NULL,NULL,NULL,NULL,NULL,'admin',0,'N','admin','2022-10-25 05:17:54','admin',NULL,1);
INSERT INTO `oh_admission` VALUES (49,0,'N','I',837,45,'2022-10-09 00:46:17','I',NULL,'30','30',NULL,NULL,'2022-10-13 20:41:05','EQ',NULL,0,NULL,NULL,NULL,NULL,NULL,NULL,NULL,NULL,NULL,'admin',3,'N','admin','2022-10-09 00:46:17','admin','2022-10-13 20:41:05',1);
INSERT INTO `oh_admission` VALUES (50,1,'N','I',2,46,'2022-10-20 03:57:42','I',NULL,'23',NULL,NULL,NULL,NULL,NULL,NULL,0,NULL,NULL,NULL,NULL,NULL,NULL,NULL,NULL,NULL,'admin',0,'N','admin','2022-10-20 03:57:42','admin',NULL,1);
INSERT INTO `oh_admission` VALUES (51,1,'N','I',2,47,'2022-10-20 01:29:38','I',NULL,'43',NULL,NULL,NULL,NULL,NULL,NULL,0,NULL,NULL,NULL,NULL,NULL,NULL,NULL,NULL,NULL,'admin',0,'N','admin','2022-10-20 01:29:38','admin',NULL,1);
INSERT INTO `oh_admission` VALUES (52,1,'N','I',2,48,'2022-10-20 03:35:08','I',NULL,'42',NULL,NULL,NULL,NULL,NULL,NULL,0,NULL,NULL,NULL,NULL,NULL,NULL,NULL,NULL,NULL,'admin',0,'N','admin','2022-10-20 03:35:08','admin',NULL,1);
INSERT INTO `oh_admission` VALUES (53,0,'N','I',840,49,'2022-10-20 05:26:45','I',NULL,'15','100',NULL,NULL,'2022-10-24 19:13:01','EQ',NULL,0,NULL,NULL,NULL,NULL,NULL,NULL,NULL,NULL,NULL,'admin',3,'N','admin','2022-10-20 05:26:45','admin','2022-10-24 19:13:01',1);
INSERT INTO `oh_admission` VALUES (54,0,'N','I',2,50,'2022-10-20 00:28:24','I',NULL,'47','47',NULL,NULL,'2022-10-25 17:01:53','B',NULL,0,NULL,NULL,NULL,NULL,NULL,NULL,NULL,NULL,NULL,'admin',1,'N','admin','2022-10-20 00:28:24','admin','2022-10-25 17:01:53',1);
INSERT INTO `oh_admission` VALUES (55,1,'N','I',2,51,'2022-10-21 02:01:42','I',NULL,'47',NULL,NULL,NULL,NULL,NULL,NULL,0,NULL,NULL,NULL,NULL,NULL,NULL,NULL,NULL,NULL,'admin',0,'N','admin','2022-10-21 02:01:42','admin',NULL,1);
INSERT INTO `oh_admission` VALUES (56,0,'N','I',844,53,'2022-10-18 00:43:21','I',NULL,'15','39',NULL,NULL,'2022-10-22 17:30:22','D',NULL,0,NULL,NULL,NULL,NULL,NULL,NULL,NULL,NULL,NULL,'admin',2,'N','admin','2022-10-18 00:43:21','admin','2022-10-22 17:30:22',1);
INSERT INTO `oh_admission` VALUES (57,0,'N','C',845,54,'2022-10-21 05:31:37','I',NULL,'39','39',NULL,NULL,'2022-10-24 19:26:10','EQ',NULL,0,NULL,NULL,NULL,NULL,NULL,NULL,NULL,NULL,NULL,'admin',5,'N','admin','2022-10-21 05:31:37','admin','2022-10-24 19:26:10',1);
INSERT INTO `oh_admission` VALUES (58,0,'N','I',828,52,'2022-10-18 01:28:04','I',NULL,'15','68',NULL,NULL,'2022-10-24 20:39:46','EQ',NULL,0,NULL,NULL,NULL,NULL,NULL,NULL,NULL,NULL,NULL,'admin',2,'N','admin','2022-10-18 01:28:04','admin','2022-10-24 20:39:46',1);
INSERT INTO `oh_admission` VALUES (59,0,'N','I',715,50,'2022-09-17 06:45:29','I',NULL,'47','95',NULL,NULL,'2022-10-04 21:00:17','EQ',NULL,0,NULL,NULL,NULL,NULL,NULL,NULL,NULL,NULL,NULL,'admin',2,'N','admin','2022-09-17 06:45:29','admin','2022-10-04 21:00:17',1);
INSERT INTO `oh_admission` VALUES (60,0,'N','I',846,55,'2022-10-21 05:23:12','I',NULL,'18','18',NULL,NULL,'2022-10-26 19:02:07','EQ',NULL,0,NULL,NULL,NULL,NULL,NULL,NULL,NULL,NULL,NULL,'admin',1,'N','admin','2022-10-21 05:23:12','admin','2022-10-26 19:02:07',1);
INSERT INTO `oh_admission` VALUES (61,1,'N','I',2,56,'2022-10-21 06:39:35','I',NULL,'12',NULL,NULL,NULL,NULL,NULL,NULL,0,NULL,NULL,NULL,NULL,NULL,NULL,NULL,NULL,NULL,'admin',0,'N','admin','2022-10-21 06:39:35','admin',NULL,1);
INSERT INTO `oh_admission` VALUES (62,0,'N','I',848,57,'2022-10-22 01:08:21','I',NULL,'15','15',NULL,NULL,'2022-10-24 22:09:45','D',NULL,0,NULL,NULL,NULL,NULL,NULL,NULL,NULL,NULL,NULL,'admin',7,'N','admin','2022-10-22 01:08:21','admin','2022-10-24 22:09:45',1);
INSERT INTO `oh_admission` VALUES (63,0,'N','I',849,58,'2022-10-22 01:43:00','I',NULL,'24','24',NULL,NULL,'2022-10-28 22:42:23','EQ',NULL,0,NULL,NULL,NULL,NULL,NULL,NULL,NULL,NULL,NULL,'admin',1,'N','admin','2022-10-22 01:43:00','admin','2022-10-28 22:42:23',1);
INSERT INTO `oh_admission` VALUES (64,0,'N','I',850,59,'2022-10-23 05:09:56','I',NULL,'47','90',NULL,NULL,'2022-10-28 23:02:38','B',NULL,0,NULL,NULL,NULL,NULL,NULL,NULL,NULL,NULL,NULL,'admin',1,'N','admin','2022-10-23 05:09:56','admin','2022-10-28 23:02:38',1);
INSERT INTO `oh_admission` VALUES (65,1,'N','I',2,60,'2022-10-23 04:40:43','I',NULL,'15',NULL,NULL,NULL,NULL,NULL,NULL,0,NULL,NULL,NULL,NULL,NULL,NULL,NULL,NULL,NULL,'admin',0,'N','admin','2022-10-23 04:40:43','admin',NULL,1);
INSERT INTO `oh_admission` VALUES (66,1,'N','I',2,61,'2022-10-24 07:53:46','I',NULL,'34',NULL,NULL,NULL,NULL,NULL,NULL,0,NULL,NULL,NULL,NULL,NULL,NULL,NULL,NULL,NULL,'admin',0,'N','admin','2022-10-24 07:53:46','admin',NULL,1);
INSERT INTO `oh_admission` VALUES (67,1,'N','C',2,62,'2022-10-24 01:26:43','I',NULL,'43',NULL,NULL,NULL,NULL,NULL,NULL,0,NULL,NULL,NULL,NULL,NULL,NULL,NULL,NULL,NULL,'admin',0,'N','admin','2022-10-24 01:26:43','admin',NULL,1);
INSERT INTO `oh_admission` VALUES (68,0,'N','I',854,63,'2022-10-24 07:32:17','I',NULL,'46','39',NULL,NULL,'2022-10-28 23:06:01','B',NULL,0,NULL,NULL,NULL,NULL,NULL,NULL,NULL,NULL,NULL,'admin',1,'N','admin','2022-10-24 07:32:17','admin','2022-10-28 23:06:01',1);
INSERT INTO `oh_admission` VALUES (69,1,'N','C',2,64,'2022-10-24 01:21:17','I',NULL,'34',NULL,NULL,NULL,NULL,NULL,NULL,0,NULL,NULL,NULL,NULL,NULL,NULL,NULL,NULL,NULL,'admin',0,'N','admin','2022-10-24 01:21:17','admin',NULL,1);
INSERT INTO `oh_admission` VALUES (70,0,'N','C',856,65,'2022-10-24 00:09:35','I',NULL,'12','12',NULL,NULL,'2022-10-28 22:22:11','EQ',NULL,0,NULL,NULL,NULL,NULL,NULL,NULL,NULL,NULL,NULL,'admin',1,'N','admin','2022-10-24 00:09:35','admin','2022-10-28 22:22:11',1);
INSERT INTO `oh_admission` VALUES (71,1,'N','I',2,66,'2022-10-24 04:44:03','I',NULL,'15',NULL,NULL,NULL,NULL,NULL,NULL,0,NULL,NULL,NULL,NULL,NULL,NULL,NULL,NULL,NULL,'admin',0,'N','admin','2022-10-24 04:44:03','admin',NULL,1);
INSERT INTO `oh_admission` VALUES (72,1,'N','I',2,67,'2022-10-24 07:11:32','I',NULL,'47',NULL,NULL,NULL,NULL,NULL,NULL,0,NULL,NULL,NULL,NULL,NULL,NULL,NULL,NULL,NULL,'admin',0,'N','admin','2022-10-24 07:11:32','admin',NULL,1);
INSERT INTO `oh_admission` VALUES (73,0,'N','I',859,68,'2022-10-24 05:45:33','I',NULL,'23','23',NULL,NULL,'2022-10-28 18:32:51','EQ',NULL,0,NULL,NULL,NULL,NULL,NULL,NULL,NULL,NULL,NULL,'admin',1,'N','admin','2022-10-24 05:45:33','admin','2022-10-28 18:32:51',1);
INSERT INTO `oh_admission` VALUES (74,1,'N','I',2,69,'2022-10-25 07:13:07','I',NULL,'34',NULL,NULL,NULL,NULL,NULL,NULL,0,NULL,NULL,NULL,NULL,NULL,NULL,NULL,NULL,NULL,'admin',0,'N','admin','2022-10-25 07:13:07','admin',NULL,1);
INSERT INTO `oh_admission` VALUES (75,1,'N','I',2,70,'2022-10-25 02:48:57','I',NULL,'39',NULL,NULL,NULL,NULL,NULL,NULL,0,NULL,NULL,NULL,NULL,NULL,NULL,NULL,NULL,NULL,'admin',0,'N','admin','2022-10-25 02:48:57','admin',NULL,1);
INSERT INTO `oh_admission` VALUES (76,1,'N','I',2,71,'2022-10-25 00:25:24','I',NULL,'15',NULL,NULL,NULL,NULL,NULL,NULL,0,NULL,NULL,NULL,NULL,NULL,NULL,NULL,NULL,NULL,'admin',0,'N','admin','2022-10-25 00:25:24','admin',NULL,1);
INSERT INTO `oh_admission` VALUES (77,0,'N','I',2,72,'2022-10-07 01:40:11','I',NULL,'15','15',NULL,NULL,'2022-10-10 22:37:44','B',NULL,0,NULL,NULL,NULL,NULL,NULL,NULL,NULL,NULL,NULL,'admin',0,'N','admin','2022-10-07 01:40:11','admin','2022-10-10 22:37:44',1);
INSERT INTO `oh_admission` VALUES (78,1,'N','I',2,73,'2022-10-07 07:04:44','I',NULL,'44',NULL,NULL,NULL,NULL,NULL,NULL,0,NULL,NULL,NULL,NULL,NULL,NULL,NULL,NULL,NULL,'admin',1,'N','admin','2022-10-07 07:04:44','admin',NULL,1);
INSERT INTO `oh_admission` VALUES (79,0,'N','F',0,74,'2022-10-01 06:23:08','I',NULL,'39','39',NULL,NULL,'2022-10-04 19:30:06','B',NULL,0,NULL,NULL,NULL,NULL,NULL,NULL,NULL,NULL,NULL,'admin',1,'N','admin','2022-10-01 06:23:08','admin','2022-10-04 19:30:06',1);
INSERT INTO `oh_admission` VALUES (80,0,'N','F',0,75,'2022-10-01 02:41:28','I',NULL,'39','39',NULL,NULL,'2022-10-10 19:37:18','B',NULL,0,NULL,NULL,NULL,NULL,NULL,NULL,NULL,NULL,NULL,'admin',0,'N','admin','2022-10-01 02:41:28','admin','2022-10-10 19:37:18',1);
INSERT INTO `oh_admission` VALUES (81,0,'N','F',0,76,'2022-10-03 02:17:57','I',NULL,'39','39',NULL,NULL,'2022-10-07 22:36:12','B',NULL,0,NULL,NULL,NULL,NULL,NULL,NULL,NULL,NULL,NULL,'admin',0,'N','admin','2022-10-03 02:17:57','admin','2022-10-07 22:36:12',1);
INSERT INTO `oh_admission` VALUES (82,1,'N','F',0,77,'2022-10-26 03:25:19','I',NULL,'48',NULL,NULL,NULL,NULL,NULL,NULL,0,NULL,NULL,NULL,NULL,NULL,NULL,NULL,NULL,NULL,'admin',0,'N','admin','2022-10-26 03:25:19','admin',NULL,1);
INSERT INTO `oh_admission` VALUES (83,1,'N','F',0,78,'2022-10-03 02:12:47','I',NULL,'48',NULL,NULL,NULL,NULL,NULL,NULL,0,NULL,NULL,NULL,NULL,NULL,NULL,NULL,NULL,NULL,'admin',0,'N','admin','2022-10-03 02:12:47','admin',NULL,1);
INSERT INTO `oh_admission` VALUES (84,1,'N','F',0,79,'2022-10-04 00:47:57','I',NULL,'48',NULL,NULL,NULL,NULL,NULL,NULL,0,NULL,NULL,NULL,NULL,NULL,NULL,NULL,NULL,NULL,'admin',0,'N','admin','2022-10-04 00:47:57','admin',NULL,1);
INSERT INTO `oh_admission` VALUES (85,1,'N','F',0,80,'2022-10-04 05:21:24','I',NULL,'15',NULL,NULL,NULL,NULL,NULL,NULL,0,NULL,NULL,NULL,NULL,NULL,NULL,NULL,NULL,NULL,'admin',0,'N','admin','2022-10-04 05:21:24','admin',NULL,1);
INSERT INTO `oh_admission` VALUES (86,1,'N','F',0,81,'2022-10-04 00:23:09','I',NULL,'44',NULL,NULL,NULL,NULL,NULL,NULL,0,NULL,NULL,NULL,NULL,NULL,NULL,NULL,NULL,NULL,'admin',0,'N','admin','2022-10-04 00:23:09','admin',NULL,1);
INSERT INTO `oh_admission` VALUES (87,0,'N','F',0,82,'2022-10-04 01:51:34','I',NULL,'16','16',NULL,NULL,'2022-10-10 23:09:07','B',NULL,0,NULL,NULL,NULL,NULL,NULL,NULL,NULL,NULL,NULL,'admin',0,'N','admin','2022-10-04 01:51:34','admin','2022-10-10 23:09:07',1);
INSERT INTO `oh_admission` VALUES (88,1,'N','F',0,83,'2022-10-05 00:08:25','I',NULL,'16',NULL,NULL,NULL,NULL,NULL,NULL,0,NULL,NULL,NULL,NULL,NULL,NULL,NULL,NULL,NULL,'admin',1,'N','admin','2022-10-05 00:08:25','admin',NULL,1);
INSERT INTO `oh_admission` VALUES (89,1,'N','F',0,84,'2022-10-05 03:07:21','I',NULL,'22',NULL,NULL,NULL,NULL,NULL,NULL,0,NULL,NULL,NULL,NULL,NULL,NULL,NULL,NULL,NULL,'admin',0,'N','admin','2022-10-05 03:07:21','admin',NULL,1);
INSERT INTO `oh_admission` VALUES (90,1,'N','F',0,85,'2022-10-06 07:11:33','I',NULL,'48',NULL,NULL,NULL,NULL,NULL,NULL,0,NULL,NULL,NULL,NULL,NULL,NULL,NULL,NULL,NULL,'admin',0,'N','admin','2022-10-06 07:11:33','admin',NULL,1);
INSERT INTO `oh_admission` VALUES (91,1,'N','F',0,86,'2022-10-06 02:35:42','I',NULL,'40',NULL,NULL,NULL,NULL,NULL,NULL,0,NULL,NULL,NULL,NULL,NULL,NULL,NULL,NULL,NULL,'admin',0,'N','admin','2022-10-06 02:35:42','admin',NULL,1);
INSERT INTO `oh_admission` VALUES (92,1,'N','F',0,87,'2022-10-06 07:23:51','I',NULL,'48',NULL,NULL,NULL,NULL,NULL,NULL,0,NULL,NULL,NULL,NULL,NULL,NULL,NULL,NULL,NULL,'admin',0,'N','admin','2022-10-06 07:23:51','admin',NULL,1);
INSERT INTO `oh_admission` VALUES (93,1,'N','F',0,88,'2022-10-06 05:12:09','I',NULL,'24',NULL,NULL,NULL,NULL,NULL,NULL,0,NULL,NULL,NULL,NULL,NULL,NULL,NULL,NULL,NULL,'admin',0,'N','admin','2022-10-06 05:12:09','admin',NULL,1);
INSERT INTO `oh_admission` VALUES (94,1,'N','F',0,89,'2022-10-07 03:49:14','I',NULL,'15',NULL,NULL,NULL,NULL,NULL,NULL,0,NULL,NULL,NULL,NULL,NULL,NULL,NULL,NULL,NULL,'admin',1,'N','admin','2022-10-07 03:49:14','admin',NULL,1);
INSERT INTO `oh_admission` VALUES (95,1,'N','F',0,90,'2022-10-07 03:29:42','I',NULL,'42',NULL,NULL,NULL,NULL,NULL,NULL,0,NULL,NULL,NULL,NULL,NULL,NULL,NULL,NULL,NULL,'admin',0,'N','admin','2022-10-07 03:29:42','admin',NULL,1);
INSERT INTO `oh_admission` VALUES (96,0,'N','F',0,91,'2022-10-06 06:00:47','I',NULL,'39','39',NULL,NULL,'2022-10-10 23:56:56','B',NULL,0,NULL,NULL,NULL,NULL,NULL,NULL,NULL,NULL,NULL,'admin',0,'N','admin','2022-10-06 06:00:47','admin','2022-10-10 23:56:56',1);
INSERT INTO `oh_admission` VALUES (97,1,'N','F',0,92,'2022-10-08 03:34:52','I',NULL,'14',NULL,NULL,NULL,NULL,NULL,NULL,0,NULL,NULL,NULL,NULL,NULL,NULL,NULL,NULL,NULL,'admin',0,'N','admin','2022-10-08 03:34:52','admin',NULL,1);
INSERT INTO `oh_admission` VALUES (98,1,'N','F',0,93,'2022-10-10 07:52:00','I',NULL,'39',NULL,NULL,NULL,NULL,NULL,NULL,0,NULL,NULL,NULL,NULL,NULL,NULL,NULL,NULL,NULL,'admin',0,'N','admin','2022-10-10 07:52:00','admin',NULL,1);
INSERT INTO `oh_admission` VALUES (99,1,'N','F',0,94,'2022-10-10 04:35:25','I',NULL,'49',NULL,NULL,NULL,NULL,NULL,NULL,0,NULL,NULL,NULL,NULL,NULL,NULL,NULL,NULL,NULL,'admin',0,'N','admin','2022-10-10 04:35:25','admin',NULL,1);
INSERT INTO `oh_admission` VALUES (100,1,'N','F',0,95,'2022-10-10 07:21:05','I',NULL,'12',NULL,NULL,NULL,NULL,NULL,NULL,0,NULL,NULL,NULL,NULL,NULL,NULL,NULL,NULL,NULL,'admin',0,'N','admin','2022-10-10 07:21:05','admin',NULL,1);
INSERT INTO `oh_admission` VALUES (101,1,'N','F',0,96,'2022-10-10 06:59:09','I',NULL,'49',NULL,NULL,NULL,NULL,NULL,NULL,0,NULL,NULL,NULL,NULL,NULL,NULL,NULL,NULL,NULL,'admin',0,'N','admin','2022-10-10 06:59:09','admin',NULL,1);
INSERT INTO `oh_admission` VALUES (102,1,'N','F',0,97,'2022-10-11 04:52:31','I',NULL,'15',NULL,NULL,NULL,NULL,NULL,NULL,0,NULL,NULL,NULL,NULL,NULL,NULL,NULL,NULL,NULL,'admin',0,'N','admin','2022-10-11 04:52:31','admin',NULL,1);
INSERT INTO `oh_admission` VALUES (103,1,'N','F',0,98,'2022-10-11 03:25:08','I',NULL,'39',NULL,NULL,NULL,NULL,NULL,NULL,0,NULL,NULL,NULL,NULL,NULL,NULL,NULL,NULL,NULL,'admin',0,'N','admin','2022-10-11 03:25:08','admin',NULL,1);
INSERT INTO `oh_admission` VALUES (104,1,'N','F',0,99,'2022-10-12 02:28:08','I',NULL,'15',NULL,NULL,NULL,NULL,NULL,NULL,0,NULL,NULL,NULL,NULL,NULL,NULL,NULL,NULL,NULL,'admin',0,'N','admin','2022-10-12 02:28:08','admin',NULL,1);
INSERT INTO `oh_admission` VALUES (105,1,'N','F',0,100,'2022-10-12 02:05:15','I',NULL,'15',NULL,NULL,NULL,NULL,NULL,NULL,0,NULL,NULL,NULL,NULL,NULL,NULL,NULL,NULL,NULL,'admin',0,'N','admin','2022-10-12 02:05:15','admin',NULL,1);
INSERT INTO `oh_admission` VALUES (106,1,'N','F',0,101,'2022-10-13 03:01:53','I',NULL,'48',NULL,NULL,NULL,NULL,NULL,NULL,0,NULL,NULL,NULL,NULL,NULL,NULL,NULL,NULL,NULL,'admin',0,'N','admin','2022-10-13 03:01:53','admin',NULL,1);
INSERT INTO `oh_admission` VALUES (107,1,'N','F',0,102,'2022-10-13 00:53:40','I',NULL,'49',NULL,NULL,NULL,NULL,NULL,NULL,0,NULL,NULL,NULL,NULL,NULL,NULL,NULL,NULL,NULL,'admin',0,'N','admin','2022-10-13 00:53:40','admin',NULL,1);
INSERT INTO `oh_admission` VALUES (108,1,'N','F',0,103,'2022-10-14 03:22:43','I',NULL,'39',NULL,NULL,NULL,NULL,NULL,NULL,0,NULL,NULL,NULL,NULL,NULL,NULL,NULL,NULL,NULL,'admin',0,'N','admin','2022-10-14 03:22:43','admin',NULL,1);
INSERT INTO `oh_admission` VALUES (109,1,'N','F',0,104,'2022-10-14 06:12:36','I',NULL,'44',NULL,NULL,NULL,NULL,NULL,NULL,0,NULL,NULL,NULL,NULL,NULL,NULL,NULL,NULL,NULL,'admin',0,'N','admin','2022-10-14 06:12:36','admin',NULL,1);
INSERT INTO `oh_admission` VALUES (110,0,'N','F',0,105,'2022-10-15 04:54:50','I',NULL,'15','15',NULL,NULL,'2022-10-15 19:17:18','D',NULL,0,NULL,NULL,NULL,NULL,NULL,NULL,NULL,NULL,NULL,'admin',0,'N','admin','2022-10-15 04:54:50','admin','2022-10-15 19:17:18',1);
INSERT INTO `oh_admission` VALUES (111,1,'N','F',0,106,'2022-10-16 05:56:22','I',NULL,'40',NULL,NULL,NULL,NULL,NULL,NULL,0,NULL,NULL,NULL,NULL,NULL,NULL,NULL,NULL,NULL,'admin',0,'N','admin','2022-10-16 05:56:22','admin',NULL,1);
INSERT INTO `oh_admission` VALUES (112,1,'N','F',0,107,'2022-10-16 06:57:23','I',NULL,'15',NULL,NULL,NULL,NULL,NULL,NULL,0,NULL,NULL,NULL,NULL,NULL,NULL,NULL,NULL,NULL,'admin',1,'N','admin','2022-10-16 06:57:23','admin',NULL,1);
INSERT INTO `oh_admission` VALUES (113,0,'N','F',721,108,'2022-10-16 00:57:46','I',NULL,'19','19',NULL,NULL,'2022-11-02 21:35:46','EQ',NULL,0,NULL,NULL,NULL,NULL,NULL,NULL,NULL,NULL,NULL,'admin',2,'N','admin','2022-10-16 00:57:46','admin','2022-11-02 21:35:46',1);
INSERT INTO `oh_admission` VALUES (114,1,'N','F',0,109,'2022-10-17 07:56:45','I',NULL,'15',NULL,NULL,NULL,NULL,NULL,NULL,0,NULL,NULL,NULL,NULL,NULL,NULL,NULL,NULL,NULL,'admin',0,'N','admin','2022-10-17 07:56:45','admin',NULL,1);
INSERT INTO `oh_admission` VALUES (115,1,'N','F',0,110,'2022-10-17 04:50:26','I',NULL,'48',NULL,NULL,NULL,NULL,NULL,NULL,0,NULL,NULL,NULL,NULL,NULL,NULL,NULL,NULL,NULL,'admin',0,'N','admin','2022-10-17 04:50:26','admin',NULL,1);
INSERT INTO `oh_admission` VALUES (116,1,'N','F',0,111,'2022-10-17 00:21:56','I',NULL,'16',NULL,NULL,NULL,NULL,NULL,NULL,0,NULL,NULL,NULL,NULL,NULL,NULL,NULL,NULL,NULL,'admin',0,'N','admin','2022-10-17 00:21:56','admin',NULL,1);
INSERT INTO `oh_admission` VALUES (117,1,'N','F',0,112,'2022-10-17 03:18:22','I',NULL,'30',NULL,NULL,NULL,NULL,NULL,NULL,0,NULL,NULL,NULL,NULL,NULL,NULL,NULL,NULL,NULL,'admin',0,'N','admin','2022-10-17 03:18:22','admin',NULL,1);
INSERT INTO `oh_admission` VALUES (118,1,'N','F',0,113,'2022-10-18 07:26:04','I',NULL,'30',NULL,NULL,NULL,NULL,NULL,NULL,0,NULL,NULL,NULL,NULL,NULL,NULL,NULL,NULL,NULL,'admin',0,'N','admin','2022-10-18 07:26:04','admin',NULL,1);
INSERT INTO `oh_admission` VALUES (119,1,'N','F',0,114,'2022-10-19 03:15:15','I',NULL,'15',NULL,NULL,NULL,NULL,NULL,NULL,0,NULL,NULL,NULL,NULL,NULL,NULL,NULL,NULL,NULL,'admin',0,'N','admin','2022-10-19 03:15:15','admin',NULL,1);
INSERT INTO `oh_admission` VALUES (120,1,'N','F',0,115,'2022-10-19 01:58:03','I',NULL,'49',NULL,NULL,NULL,NULL,NULL,NULL,0,NULL,NULL,NULL,NULL,NULL,NULL,NULL,NULL,NULL,'admin',0,'N','admin','2022-10-19 01:58:03','admin',NULL,1);
INSERT INTO `oh_admission` VALUES (121,1,'N','F',0,116,'2022-10-20 00:04:28','I',NULL,'47',NULL,NULL,NULL,NULL,NULL,NULL,0,NULL,NULL,NULL,NULL,NULL,NULL,NULL,NULL,NULL,'admin',0,'N','admin','2022-10-20 00:04:28','admin',NULL,1);
INSERT INTO `oh_admission` VALUES (122,1,'N','F',0,117,'2022-10-21 02:28:14','I',NULL,'40',NULL,NULL,NULL,NULL,NULL,NULL,0,NULL,NULL,NULL,NULL,NULL,NULL,NULL,NULL,NULL,'admin',0,'N','admin','2022-10-21 02:28:14','admin',NULL,1);
INSERT INTO `oh_admission` VALUES (123,1,'N','F',0,118,'2022-10-21 04:07:44','I',NULL,'29',NULL,NULL,NULL,NULL,NULL,NULL,0,NULL,NULL,NULL,NULL,NULL,NULL,NULL,NULL,NULL,'admin',0,'N','admin','2022-10-21 04:07:44','admin',NULL,1);
INSERT INTO `oh_admission` VALUES (124,1,'N','F',0,119,'2022-10-21 05:13:59','I',NULL,'49',NULL,NULL,NULL,NULL,NULL,NULL,0,NULL,NULL,NULL,NULL,NULL,NULL,NULL,NULL,NULL,'admin',0,'N','admin','2022-10-21 05:13:59','admin',NULL,1);
INSERT INTO `oh_admission` VALUES (125,0,'N','F',0,120,'2022-10-23 05:46:42','I',NULL,'14','14',NULL,NULL,'2022-11-02 19:06:52','EQ',NULL,0,NULL,NULL,NULL,NULL,NULL,NULL,NULL,NULL,NULL,'admin',1,'N','admin','2022-10-23 05:46:42','admin','2022-11-02 19:06:52',1);
INSERT INTO `oh_admission` VALUES (126,1,'N','F',0,121,'2022-10-23 05:11:36','I',NULL,'16',NULL,NULL,NULL,NULL,NULL,NULL,0,NULL,NULL,NULL,NULL,NULL,NULL,NULL,NULL,NULL,'admin',0,'N','admin','2022-10-23 05:11:36','admin',NULL,1);
INSERT INTO `oh_admission` VALUES (127,1,'N','F',0,122,'2022-10-23 00:37:53','I',NULL,'49',NULL,NULL,NULL,NULL,NULL,NULL,0,NULL,NULL,NULL,NULL,NULL,NULL,NULL,NULL,NULL,'admin',0,'N','admin','2022-10-23 00:37:53','admin',NULL,1);
INSERT INTO `oh_admission` VALUES (128,0,'N','F',0,123,'2022-10-23 03:34:40','I',NULL,'40','64',NULL,NULL,'2022-11-02 20:47:06','EQ',NULL,0,NULL,NULL,NULL,NULL,NULL,NULL,NULL,NULL,NULL,'admin',2,'N','admin','2022-10-23 03:34:40','admin','2022-11-02 20:47:06',1);
INSERT INTO `oh_admission` VALUES (129,1,'N','F',0,124,'2022-10-24 07:59:39','I',NULL,'40',NULL,NULL,NULL,NULL,NULL,NULL,0,NULL,NULL,NULL,NULL,NULL,NULL,NULL,NULL,NULL,'admin',0,'N','admin','2022-10-24 07:59:39','admin',NULL,1);
INSERT INTO `oh_admission` VALUES (130,1,'N','F',0,126,'2022-10-24 05:14:15','I',NULL,'36',NULL,NULL,NULL,NULL,NULL,NULL,0,NULL,NULL,NULL,NULL,NULL,NULL,NULL,NULL,NULL,'admin',0,'N','admin','2022-10-24 05:14:15','admin',NULL,1);
INSERT INTO `oh_admission` VALUES (131,1,'N','F',0,127,'2022-10-24 02:12:21','I',NULL,'36',NULL,NULL,NULL,NULL,NULL,NULL,0,NULL,NULL,NULL,NULL,NULL,NULL,NULL,NULL,NULL,'admin',0,'N','admin','2022-10-24 02:12:21','admin',NULL,1);
INSERT INTO `oh_admission` VALUES (132,1,'N','F',0,128,'2022-10-24 03:18:59','I',NULL,'39',NULL,NULL,NULL,NULL,NULL,NULL,0,NULL,NULL,NULL,NULL,NULL,NULL,NULL,NULL,NULL,'admin',0,'N','admin','2022-10-24 03:18:59','admin',NULL,1);
INSERT INTO `oh_admission` VALUES (133,1,'N','F',0,129,'2022-10-24 01:57:51','I',NULL,'15',NULL,NULL,NULL,NULL,NULL,NULL,0,NULL,NULL,NULL,NULL,NULL,NULL,NULL,NULL,NULL,'admin',0,'N','admin','2022-10-24 01:57:51','admin',NULL,1);
INSERT INTO `oh_admission` VALUES (134,1,'N','F',0,130,'2022-10-24 07:52:19','I',NULL,'24',NULL,NULL,NULL,NULL,NULL,NULL,0,NULL,NULL,NULL,NULL,NULL,NULL,NULL,NULL,NULL,'admin',0,'N','admin','2022-10-24 07:52:19','admin',NULL,1);
INSERT INTO `oh_admission` VALUES (135,1,'N','F',0,131,'2022-10-25 01:28:03','I',NULL,'16',NULL,NULL,NULL,NULL,NULL,NULL,0,NULL,NULL,NULL,NULL,NULL,NULL,NULL,NULL,NULL,'admin',0,'N','admin','2022-10-25 01:28:03','admin',NULL,1);
INSERT INTO `oh_admission` VALUES (136,0,'N','I',2,132,'2022-10-07 07:43:17','I',NULL,'40','40',NULL,NULL,'2022-10-14 22:34:53','B',NULL,0,NULL,NULL,NULL,NULL,NULL,NULL,NULL,NULL,NULL,'admin',0,'N','admin','2022-10-07 07:43:17','admin','2022-10-14 22:34:53',1);
INSERT INTO `oh_admission` VALUES (137,0,'N','I',2,133,'2022-10-07 02:12:16','R',NULL,'24','24',NULL,NULL,'2022-10-10 19:33:06','D',NULL,0,NULL,NULL,NULL,NULL,NULL,NULL,NULL,NULL,NULL,'admin',0,'N','admin','2022-10-07 02:12:16','admin','2022-10-10 19:33:06',1);
INSERT INTO `oh_admission` VALUES (138,0,'N','I',2,134,'2022-10-07 03:51:29','I',NULL,'24','24',NULL,NULL,'2022-10-17 20:00:52','D',NULL,0,NULL,NULL,NULL,NULL,NULL,NULL,NULL,NULL,NULL,'admin',0,'N','admin','2022-10-07 03:51:29','admin','2022-10-17 20:00:52',1);
INSERT INTO `oh_admission` VALUES (139,0,'N','I',2,135,'2022-10-08 04:40:37','I',NULL,'15','15',NULL,NULL,'2022-10-12 17:25:00','D',NULL,0,NULL,NULL,NULL,NULL,NULL,NULL,NULL,NULL,NULL,'admin',0,'N','admin','2022-10-08 04:40:37','admin','2022-10-12 17:25:00',1);
INSERT INTO `oh_admission` VALUES (140,0,'N','I',2,136,'2022-10-09 03:48:39','I',NULL,'17','17',NULL,NULL,'2022-10-14 17:02:28','D',NULL,0,NULL,NULL,NULL,NULL,NULL,NULL,NULL,NULL,NULL,'admin',0,'N','admin','2022-10-09 03:48:39','admin','2022-10-14 17:02:28',1);
INSERT INTO `oh_admission` VALUES (141,0,'N','I',2,137,'2022-10-09 05:01:23','I',NULL,'47','47',NULL,NULL,'2022-10-14 22:57:18','B',NULL,0,NULL,NULL,NULL,NULL,NULL,NULL,NULL,NULL,NULL,'admin',0,'N','admin','2022-10-09 05:01:23','admin','2022-10-14 22:57:18',1);
INSERT INTO `oh_admission` VALUES (142,0,'N','I',2,138,'2022-10-09 05:41:01','I',NULL,'15','15',NULL,NULL,'2022-10-17 18:39:06','B',NULL,0,NULL,NULL,NULL,NULL,NULL,NULL,NULL,NULL,NULL,'admin',0,'N','admin','2022-10-09 05:41:01','admin','2022-10-17 18:39:06',1);
INSERT INTO `oh_admission` VALUES (143,0,'N','I',2,139,'2022-10-10 05:20:58','I',NULL,'23','23',NULL,NULL,'2022-10-13 21:23:37','B',NULL,0,NULL,NULL,NULL,NULL,NULL,NULL,NULL,NULL,NULL,'admin',0,'N','admin','2022-10-10 05:20:58','admin','2022-10-13 21:23:37',1);
INSERT INTO `oh_admission` VALUES (144,0,'N','I',2,140,'2022-10-10 01:41:44','I',NULL,'47','47',NULL,NULL,'2022-10-19 20:00:46','B',NULL,0,NULL,NULL,NULL,NULL,NULL,NULL,NULL,NULL,NULL,'admin',0,'N','admin','2022-10-10 01:41:44','admin','2022-10-19 20:00:46',1);
INSERT INTO `oh_admission` VALUES (145,0,'N','I',2,141,'2022-10-10 00:25:47','I',NULL,'25','25',NULL,NULL,'2022-10-10 18:52:58','D',NULL,0,NULL,NULL,NULL,NULL,NULL,NULL,NULL,NULL,NULL,'admin',0,'N','admin','2022-10-10 00:25:47','admin','2022-10-10 18:52:58',1);
INSERT INTO `oh_admission` VALUES (146,0,'N','I',2,142,'2022-10-10 05:03:45','I',NULL,'15','15',NULL,NULL,'2022-10-12 17:22:32','D',NULL,0,NULL,NULL,NULL,NULL,NULL,NULL,NULL,NULL,NULL,'admin',0,'N','admin','2022-10-10 05:03:45','admin','2022-10-12 17:22:32',1);
INSERT INTO `oh_admission` VALUES (147,0,'N','I',791,143,'2022-10-10 00:01:22','I',NULL,'47','90',NULL,NULL,'2022-10-28 20:13:47','EQ',NULL,0,NULL,NULL,NULL,NULL,NULL,NULL,NULL,NULL,NULL,'admin',2,'N','admin','2022-10-10 00:01:22','admin','2022-10-28 20:13:47',1);
INSERT INTO `oh_admission` VALUES (148,0,'N','I',2,144,'2022-10-10 00:55:38','I',NULL,'48','49',NULL,NULL,'2022-10-13 18:01:17','B',NULL,0,NULL,NULL,NULL,NULL,NULL,NULL,NULL,NULL,NULL,'admin',0,'N','admin','2022-10-10 00:55:38','admin','2022-10-13 18:01:17',1);
INSERT INTO `oh_admission` VALUES (149,1,'N','I',2,145,'2022-10-10 04:34:04','I',NULL,'14',NULL,NULL,NULL,NULL,NULL,NULL,0,NULL,NULL,NULL,NULL,NULL,NULL,NULL,NULL,NULL,'admin',0,'N','admin','2022-10-10 04:34:04','admin',NULL,1);
INSERT INTO `oh_admission` VALUES (150,0,'N','I',2,146,'2022-10-11 04:03:25','I',NULL,'15','15',NULL,NULL,'2022-10-13 19:25:07','D',NULL,0,NULL,NULL,NULL,NULL,NULL,NULL,NULL,NULL,NULL,'admin',0,'N','admin','2022-10-11 04:03:25','admin','2022-10-13 19:25:07',1);
INSERT INTO `oh_admission` VALUES (151,0,'N','I',2,147,'2022-10-11 06:34:53','I',NULL,'15','15',NULL,NULL,'2022-10-21 19:01:42','B',NULL,0,NULL,NULL,NULL,NULL,NULL,NULL,NULL,NULL,NULL,'admin',0,'N','admin','2022-10-11 06:34:53','admin','2022-10-21 19:01:42',1);
INSERT INTO `oh_admission` VALUES (152,0,'N','I',2,148,'2022-10-11 04:44:11','I',NULL,'15','15',NULL,NULL,'2022-10-19 19:53:11','B',NULL,0,NULL,NULL,NULL,NULL,NULL,NULL,NULL,NULL,NULL,'admin',0,'N','admin','2022-10-11 04:44:11','admin','2022-10-19 19:53:11',1);
INSERT INTO `oh_admission` VALUES (153,0,'N','I',2,149,'2022-10-12 03:56:15','I',NULL,'48','48',NULL,NULL,'2022-10-16 18:20:47','EQ',NULL,0,NULL,NULL,NULL,NULL,NULL,NULL,NULL,NULL,NULL,'admin',0,'N','admin','2022-10-12 03:56:15','admin','2022-10-16 18:20:47',1);
INSERT INTO `oh_admission` VALUES (154,0,'N','I',2,150,'2022-10-12 05:28:43','I',NULL,'48','48',NULL,NULL,'2022-10-21 22:04:26','B',NULL,0,NULL,NULL,NULL,NULL,NULL,NULL,NULL,NULL,NULL,'admin',0,'N','admin','2022-10-12 05:28:43','admin','2022-10-21 22:04:26',1);
INSERT INTO `oh_admission` VALUES (155,0,'N','I',2,151,'2022-10-12 07:34:52','I',NULL,'39','39',NULL,NULL,'2022-10-16 17:19:46','B',NULL,0,NULL,NULL,NULL,NULL,NULL,NULL,NULL,NULL,NULL,'admin',0,'N','admin','2022-10-12 07:34:52','admin','2022-10-16 17:19:46',1);
INSERT INTO `oh_admission` VALUES (156,0,'N','I',2,152,'2022-10-12 05:28:10','I',NULL,'12','12',NULL,NULL,'2022-10-12 17:25:32','D',NULL,0,NULL,NULL,NULL,NULL,NULL,NULL,NULL,NULL,NULL,'admin',0,'N','admin','2022-10-12 05:28:10','admin','2022-10-12 17:25:32',1);
INSERT INTO `oh_admission` VALUES (157,0,'N','I',801,153,'2022-10-12 04:36:17','I',NULL,'44','44',NULL,NULL,'2022-10-25 18:08:25','EQ',NULL,0,NULL,NULL,NULL,NULL,NULL,NULL,NULL,NULL,NULL,'admin',1,'N','admin','2022-10-12 04:36:17','admin','2022-10-25 18:08:25',1);
INSERT INTO `oh_admission` VALUES (158,0,'N','I',802,154,'2022-10-12 06:36:53','I',NULL,'14','14',NULL,NULL,'2022-10-28 21:25:27','B',NULL,0,NULL,NULL,NULL,NULL,NULL,NULL,NULL,NULL,NULL,'admin',1,'N','admin','2022-10-12 06:36:53','admin','2022-10-28 21:25:27',1);
INSERT INTO `oh_admission` VALUES (159,0,'N','I',803,155,'2022-10-13 03:15:34','I',NULL,'14','47',NULL,NULL,'2022-10-19 21:41:59','EQ',NULL,0,NULL,NULL,NULL,NULL,NULL,NULL,NULL,NULL,NULL,'admin',2,'N','admin','2022-10-13 03:15:34','admin','2022-10-19 21:41:59',1);
INSERT INTO `oh_admission` VALUES (160,0,'N','I',2,156,'2022-10-13 04:27:13','I',NULL,'48','48',NULL,NULL,'2022-10-19 20:13:34','B',NULL,0,NULL,NULL,NULL,NULL,NULL,NULL,NULL,NULL,NULL,'admin',0,'N','admin','2022-10-13 04:27:13','admin','2022-10-19 20:13:34',1);
INSERT INTO `oh_admission` VALUES (161,1,'N','I',2,158,'2022-10-14 04:29:21','I',NULL,'14',NULL,NULL,NULL,NULL,NULL,NULL,0,NULL,NULL,NULL,NULL,NULL,NULL,NULL,NULL,NULL,'admin',0,'N','admin','2022-10-14 04:29:21','admin',NULL,1);
INSERT INTO `oh_admission` VALUES (162,0,'N','I',807,159,'2022-10-14 01:05:09','I',NULL,'14','14',NULL,NULL,'2022-10-28 19:01:52','B',NULL,0,NULL,NULL,NULL,NULL,NULL,NULL,NULL,NULL,NULL,'admin',1,'N','admin','2022-10-14 01:05:09','admin','2022-10-28 19:01:52',1);
INSERT INTO `oh_admission` VALUES (163,1,'N','I',2,160,'2022-10-14 07:57:43','I',NULL,'48',NULL,NULL,NULL,NULL,NULL,NULL,0,NULL,NULL,NULL,NULL,NULL,NULL,NULL,NULL,NULL,'admin',0,'N','admin','2022-10-14 07:57:43','admin',NULL,1);
INSERT INTO `oh_admission` VALUES (164,1,'N','I',2,161,'2022-10-14 04:33:09','I',NULL,'39',NULL,NULL,NULL,NULL,NULL,NULL,0,NULL,NULL,NULL,NULL,NULL,NULL,NULL,NULL,NULL,'admin',0,'N','admin','2022-10-14 04:33:09','admin',NULL,1);
INSERT INTO `oh_admission` VALUES (165,1,'N','C',2022,162,'2022-10-26 06:52:38','I',NULL,'39',NULL,NULL,NULL,NULL,NULL,NULL,0,NULL,NULL,NULL,NULL,NULL,NULL,NULL,NULL,NULL,'admin',0,'N','admin','2022-10-26 06:52:38','admin',NULL,1);
INSERT INTO `oh_admission` VALUES (166,0,'P','M',2,163,'2022-10-22 04:43:40','I',NULL,'26','16',NULL,NULL,'2022-10-23 17:28:39','B',NULL,0,'2022-10-22 05:28:56','S2','2022-10-23 10:37:50','N','A',3.4,NULL,NULL,NULL,'admin',0,'N','admin','2022-10-22 04:43:40','admin','2022-10-23 17:28:39',1);
INSERT INTO `oh_admission` VALUES (167,1,'P','M',2,164,'2022-10-22 03:00:29','A',NULL,'26',NULL,NULL,NULL,NULL,NULL,NULL,0,'2022-10-22 07:18:06',NULL,'2022-10-24 12:01:29',NULL,NULL,NULL,NULL,NULL,NULL,'admin',0,'N','admin','2022-10-22 03:00:29','admin',NULL,1);
INSERT INTO `oh_admission` VALUES (168,0,'P','M',2,165,'2022-10-22 00:51:26','I',NULL,'26','26',NULL,NULL,'2022-10-24 20:17:42','B',NULL,0,'2022-10-22 01:26:22','S2','2022-10-22 02:47:33','N','A',3.1,NULL,NULL,NULL,'admin',0,'N','admin','2022-10-22 00:51:26','admin','2022-10-24 20:17:42',1);
INSERT INTO `oh_admission` VALUES (169,0,'P','I',2,166,'2022-10-23 03:15:42','I',NULL,'48','16',NULL,NULL,'2022-10-26 18:02:29','B',NULL,0,'2022-10-23 11:31:41',NULL,NULL,'N','A',3.33,NULL,NULL,NULL,'admin',0,'N','admin','2022-10-23 03:15:42','admin','2022-10-26 18:02:29',1);
INSERT INTO `oh_admission` VALUES (170,0,'P','M',2,167,'2022-10-23 05:44:14','I',NULL,'16','16',NULL,NULL,'2022-10-27 19:19:21','B',NULL,0,'2022-10-24 20:27:50',NULL,'2022-10-26 13:02:59','N','A',2.5,NULL,NULL,NULL,'admin',0,'N','admin','2022-10-23 05:44:14','admin','2022-10-27 19:19:21',1);
INSERT INTO `oh_admission` VALUES (171,0,'P','M',2,168,'2022-10-23 02:54:04','I',NULL,'127','127',NULL,NULL,'2022-10-25 18:29:18','B',NULL,0,'2022-10-24 05:42:48',NULL,'2022-10-24 23:04:30','N','A',3.1,NULL,NULL,NULL,'admin',0,'N','admin','2022-10-23 02:54:04','admin','2022-10-25 18:29:18',1);
INSERT INTO `oh_admission` VALUES (172,0,'P','M',2,169,'2022-10-23 05:17:37','I',NULL,'58','16',NULL,NULL,'2022-10-25 17:28:28','B',NULL,0,'2022-10-23 15:04:51',NULL,'2022-10-23 22:27:52','N','A',3.45,NULL,NULL,NULL,'admin',0,'N','admin','2022-10-23 05:17:37','admin','2022-10-25 17:28:28',1);
INSERT INTO `oh_admission` VALUES (173,0,'P','M',2,170,'2022-10-23 01:45:52','I',NULL,'46','46',NULL,NULL,'2022-10-25 21:54:26','B',NULL,0,'2022-10-23 02:59:32',NULL,'2022-10-24 19:59:02','N','A',3.3,NULL,NULL,NULL,'admin',0,'N','admin','2022-10-23 01:45:52','admin','2022-10-25 21:54:26',1);
INSERT INTO `oh_admission` VALUES (174,0,'P','M',2,171,'2022-10-23 00:56:32','I',NULL,'39','16',NULL,NULL,'2022-10-24 19:06:45','B',NULL,0,'2022-10-23 02:30:19',NULL,'2022-10-23 04:31:56','N','A',3,NULL,NULL,NULL,'admin',0,'N','admin','2022-10-23 00:56:32','admin','2022-10-24 19:06:45',1);
INSERT INTO `oh_admission` VALUES (175,1,'P','M',2,171,'2022-10-23 07:25:06','I',NULL,'16',NULL,NULL,NULL,NULL,NULL,NULL,0,'2022-10-23 11:50:21',NULL,'2022-10-25 08:37:36','N','A',3.03,NULL,NULL,NULL,'admin',0,'N','admin','2022-10-23 07:25:06','admin',NULL,1);
INSERT INTO `oh_admission` VALUES (176,1,'P','M',2,172,'2022-10-23 02:15:52','A',NULL,'127',NULL,NULL,NULL,NULL,NULL,NULL,0,'2022-10-23 06:22:15',NULL,'2022-10-24 06:59:33','V',NULL,3.12,NULL,NULL,NULL,'admin',0,'N','admin','2022-10-23 02:15:52','admin',NULL,1);
INSERT INTO `oh_admission` VALUES (177,0,'P','M',2,173,'2022-10-24 05:04:03','I',NULL,'47','47',NULL,NULL,'2022-10-26 19:50:27','B',NULL,0,'2022-10-24 19:36:27',NULL,'2022-10-25 13:43:33','N','A',3,NULL,NULL,NULL,'admin',0,'N','admin','2022-10-24 05:04:03','admin','2022-10-26 19:50:27',1);
INSERT INTO `oh_admission` VALUES (178,1,'P','M',2,173,'2022-10-24 02:32:41','I',NULL,'16',NULL,NULL,NULL,NULL,NULL,NULL,0,'2022-10-25 21:58:19',NULL,'2022-10-26 09:00:56','N',NULL,3,NULL,NULL,NULL,'admin',0,'N','admin','2022-10-24 02:32:41','admin',NULL,1);
INSERT INTO `oh_admission` VALUES (179,0,'P','M',2,174,'2022-10-24 05:31:14','I',NULL,'42','42',NULL,NULL,'2022-10-25 17:52:01','B',NULL,0,'2022-10-24 18:04:05',NULL,'2022-10-25 00:48:22','N','A',2.7,NULL,NULL,NULL,'admin',0,'N','admin','2022-10-24 05:31:14','admin','2022-10-25 17:52:01',1);
INSERT INTO `oh_admission` VALUES (180,0,'P','M',2,175,'2022-10-24 03:58:08','I',NULL,'12','12',NULL,NULL,'2022-10-26 19:48:46','B',NULL,0,NULL,NULL,'2022-10-25 14:54:48',NULL,NULL,NULL,NULL,NULL,NULL,'admin',0,'N','admin','2022-10-24 03:58:08','admin','2022-10-26 19:48:46',1);
INSERT INTO `oh_admission` VALUES (181,0,'P','M',2,176,'2022-10-24 03:16:57','I',NULL,'39','39',NULL,NULL,'2022-10-26 21:27:45','B',NULL,0,'2022-10-24 00:27:32',NULL,'2022-10-24 00:00:15','N','A',4.1,NULL,NULL,NULL,'admin',0,'N','admin','2022-10-24 03:16:57','admin','2022-10-26 21:27:45',1);
INSERT INTO `oh_admission` VALUES (182,1,'P','M',2,177,'2022-10-24 04:30:24','I',NULL,'47',NULL,NULL,NULL,NULL,NULL,NULL,0,'2022-10-24 19:56:55',NULL,'2022-10-26 00:02:01',NULL,'A',2.7,NULL,NULL,NULL,'admin',0,'N','admin','2022-10-24 04:30:24','admin',NULL,1);
INSERT INTO `oh_admission` VALUES (183,1,'P','M',2,178,'2022-10-25 04:41:09','I',NULL,'22',NULL,NULL,NULL,NULL,NULL,NULL,0,NULL,NULL,'2022-10-27 21:03:16',NULL,NULL,NULL,NULL,NULL,NULL,'admin',0,'N','admin','2022-10-25 04:41:09','admin',NULL,1);
INSERT INTO `oh_admission` VALUES (184,0,'P','M',2,179,'2022-10-25 01:54:35','I',NULL,'16','16',NULL,NULL,'2022-10-26 23:52:26','B',NULL,0,'2022-10-25 03:02:47',NULL,'2022-10-25 07:53:48','N','A',2.7,NULL,NULL,NULL,'admin',0,'N','admin','2022-10-25 01:54:35','admin','2022-10-26 23:52:26',1);
INSERT INTO `oh_admission` VALUES (185,1,'N','I',2,182,'2022-10-27 03:29:28','I',NULL,'48',NULL,NULL,NULL,NULL,NULL,NULL,0,NULL,NULL,NULL,NULL,NULL,NULL,NULL,NULL,NULL,'admin',0,'N','admin','2022-10-27 03:29:28','admin',NULL,1);
INSERT INTO `oh_admission` VALUES (186,1,'N','I',2,183,'2022-10-27 03:43:33','I',NULL,'14',NULL,NULL,NULL,NULL,NULL,NULL,0,NULL,NULL,NULL,NULL,NULL,NULL,NULL,NULL,NULL,'admin',0,'N','admin','2022-10-27 03:43:33','admin',NULL,1);
INSERT INTO `oh_admission` VALUES (190,1,'N','I',2,188,'2022-10-28 00:09:22','I',NULL,'16',NULL,NULL,NULL,NULL,NULL,NULL,0,NULL,NULL,NULL,NULL,NULL,NULL,NULL,NULL,NULL,'admin',0,'N','admin','2022-10-28 00:09:22','admin',NULL,1);
INSERT INTO `oh_admission` VALUES (191,1,'N','I',2,189,'2022-10-28 05:36:14','I',NULL,'44',NULL,NULL,NULL,NULL,NULL,NULL,0,NULL,NULL,NULL,NULL,NULL,NULL,NULL,NULL,NULL,'admin',0,'N','admin','2022-10-28 05:36:14','admin',NULL,1);
INSERT INTO `oh_admission` VALUES (192,1,'N','I',2,190,'2022-10-28 03:33:04','I',NULL,'43',NULL,NULL,NULL,NULL,NULL,NULL,0,NULL,NULL,NULL,NULL,NULL,NULL,NULL,NULL,NULL,'admin',0,'N','admin','2022-10-28 03:33:04','admin',NULL,1);
INSERT INTO `oh_admission` VALUES (193,1,'N','I',2,191,'2022-10-28 00:56:39','R',NULL,'47',NULL,NULL,NULL,NULL,NULL,NULL,0,NULL,NULL,NULL,NULL,NULL,NULL,NULL,NULL,NULL,'admin',0,'N','admin','2022-10-28 00:56:39','admin',NULL,1);
INSERT INTO `oh_admission` VALUES (194,0,'N','I',873,192,'2022-10-26 02:04:02','I',NULL,'14','14',NULL,NULL,'2022-10-31 23:58:56','B',NULL,0,NULL,NULL,NULL,NULL,NULL,NULL,NULL,NULL,NULL,'admin',1,'N','admin','2022-10-26 02:04:02','admin','2022-10-31 23:58:56',1);
INSERT INTO `oh_admission` VALUES (195,0,'N','I',874,193,'2022-10-28 07:30:13','A',NULL,'14','14',NULL,NULL,'2022-10-29 17:17:18','D',NULL,0,NULL,NULL,NULL,NULL,NULL,NULL,NULL,NULL,NULL,'admin',2,'N','admin','2022-10-28 07:30:13','admin','2022-10-29 17:17:18',1);
INSERT INTO `oh_admission` VALUES (196,1,'N','I',2,194,'2022-10-30 07:18:59','I',NULL,'47',NULL,NULL,NULL,NULL,NULL,NULL,0,NULL,NULL,NULL,NULL,NULL,NULL,NULL,NULL,NULL,'admin',0,'N','admin','2022-10-30 07:18:59','admin',NULL,1);
INSERT INTO `oh_admission` VALUES (197,1,'N','I',2,195,'2022-10-30 06:04:17','I',NULL,'39',NULL,NULL,NULL,NULL,NULL,NULL,0,NULL,NULL,NULL,NULL,NULL,NULL,NULL,NULL,NULL,'admin',0,'N','admin','2022-10-30 06:04:17','admin',NULL,1);
INSERT INTO `oh_admission` VALUES (198,1,'N','I',2,196,'2022-10-30 00:24:29','I',NULL,'48',NULL,NULL,NULL,NULL,NULL,NULL,0,NULL,NULL,NULL,NULL,NULL,NULL,NULL,NULL,NULL,'admin',0,'N','admin','2022-10-30 00:24:29','admin',NULL,1);
INSERT INTO `oh_admission` VALUES (199,1,'N','I',2,197,'2022-10-30 07:49:35','I',NULL,'19',NULL,NULL,NULL,NULL,NULL,NULL,0,NULL,NULL,NULL,NULL,NULL,NULL,NULL,NULL,NULL,'admin',0,'N','admin','2022-10-30 07:49:35','admin',NULL,1);
INSERT INTO `oh_admission` VALUES (200,1,'N','I',2,198,'2022-10-30 05:54:29','I',NULL,'37',NULL,NULL,NULL,NULL,NULL,NULL,0,NULL,NULL,NULL,NULL,NULL,NULL,NULL,NULL,NULL,'admin',0,'N','admin','2022-10-30 05:54:29','admin',NULL,1);
INSERT INTO `oh_admission` VALUES (201,1,'N','I',2,199,'2022-10-30 06:03:39','I',NULL,'37',NULL,NULL,NULL,NULL,NULL,NULL,0,NULL,NULL,NULL,NULL,NULL,NULL,NULL,NULL,NULL,'admin',0,'N','admin','2022-10-30 06:03:39','admin',NULL,1);
INSERT INTO `oh_admission` VALUES (202,1,'N','I',2,200,'2022-10-30 04:34:48','I',NULL,'3',NULL,NULL,NULL,NULL,NULL,NULL,0,NULL,NULL,NULL,NULL,NULL,NULL,NULL,NULL,NULL,'admin',0,'N','admin','2022-10-30 04:34:48','admin',NULL,1);
INSERT INTO `oh_admission` VALUES (204,1,'N','F',0,202,'2022-10-28 04:43:02','I',NULL,'26',NULL,NULL,NULL,NULL,NULL,NULL,0,NULL,NULL,NULL,NULL,NULL,NULL,NULL,NULL,NULL,'admin',0,'N','admin','2022-10-28 04:43:02','admin',NULL,1);
INSERT INTO `oh_admission` VALUES (205,1,'N','F',0,203,'2022-10-30 01:50:50','I',NULL,'44',NULL,NULL,NULL,NULL,NULL,NULL,0,NULL,NULL,NULL,NULL,NULL,NULL,NULL,NULL,NULL,'admin',0,'N','admin','2022-10-30 01:50:50','admin',NULL,1);
INSERT INTO `oh_admission` VALUES (206,1,'N','F',0,204,'2022-10-30 03:05:02','I',NULL,'44',NULL,NULL,NULL,NULL,NULL,NULL,0,NULL,NULL,NULL,NULL,NULL,NULL,NULL,NULL,NULL,'admin',0,'N','admin','2022-10-30 03:05:02','admin',NULL,1);
INSERT INTO `oh_admission` VALUES (207,1,'N','F',0,205,'2022-10-31 01:52:43','R',NULL,'39',NULL,NULL,NULL,NULL,NULL,NULL,0,NULL,NULL,NULL,NULL,NULL,NULL,NULL,NULL,NULL,'admin',0,'N','admin','2022-10-31 01:52:43','admin',NULL,1);
INSERT INTO `oh_admission` VALUES (208,1,'N','F',0,206,'2022-10-31 00:08:29','A',NULL,'15',NULL,NULL,NULL,NULL,NULL,NULL,0,NULL,NULL,NULL,NULL,NULL,NULL,NULL,NULL,NULL,'admin',0,'N','admin','2022-10-31 00:08:29','admin',NULL,1);
INSERT INTO `oh_admission` VALUES (209,1,'N','F',0,208,'2022-10-31 03:04:16','I',NULL,'15',NULL,NULL,NULL,NULL,NULL,NULL,0,NULL,NULL,NULL,NULL,NULL,NULL,NULL,NULL,NULL,'admin',0,'N','admin','2022-10-31 03:04:16','admin',NULL,1);
INSERT INTO `oh_admission` VALUES (213,1,'N','I',887,214,'2022-11-01 06:55:52','I',NULL,'44',NULL,NULL,NULL,NULL,NULL,NULL,0,NULL,NULL,NULL,NULL,NULL,NULL,NULL,NULL,NULL,'admin',0,'N','admin','2022-11-01 06:55:52','admin',NULL,1);
INSERT INTO `oh_admission` VALUES (214,1,'N','I',884,215,'2022-10-31 01:26:33','I',NULL,'48',NULL,NULL,NULL,NULL,NULL,NULL,0,NULL,NULL,NULL,NULL,NULL,NULL,NULL,NULL,NULL,'admin',0,'N','admin','2022-10-31 01:26:33','admin',NULL,1);
INSERT INTO `oh_admission` VALUES (215,1,'N','I',884,216,'2022-10-31 02:25:09','I',NULL,'44',NULL,NULL,NULL,NULL,NULL,NULL,0,NULL,NULL,NULL,NULL,NULL,NULL,NULL,NULL,NULL,'admin',0,'N','admin','2022-10-31 02:25:09','admin',NULL,1);
INSERT INTO `oh_admission` VALUES (216,1,'N','C',885,217,'2022-10-31 07:46:06','I',NULL,'40',NULL,NULL,NULL,NULL,NULL,NULL,0,NULL,NULL,NULL,NULL,NULL,NULL,NULL,NULL,NULL,'admin',0,'N','admin','2022-10-31 07:46:06','admin',NULL,1);
INSERT INTO `oh_admission` VALUES (217,1,'N','I',886,218,'2022-10-31 07:35:06','I',NULL,'43',NULL,NULL,NULL,NULL,NULL,NULL,0,NULL,NULL,NULL,NULL,NULL,NULL,NULL,NULL,NULL,'admin',0,'N','admin','2022-10-31 07:35:06','admin',NULL,1);
INSERT INTO `oh_admission` VALUES (218,1,'N','I',888,219,'2022-11-01 06:37:10','I',NULL,'19',NULL,NULL,NULL,NULL,NULL,NULL,0,NULL,NULL,NULL,NULL,NULL,NULL,NULL,NULL,NULL,'admin',0,'N','admin','2022-11-01 06:37:10','admin',NULL,1);
INSERT INTO `oh_admission` VALUES (219,1,'N','I',889,220,'2022-11-02 02:20:35','I',NULL,'39',NULL,NULL,NULL,NULL,NULL,NULL,0,NULL,NULL,NULL,NULL,NULL,NULL,NULL,NULL,NULL,'admin',0,'N','admin','2022-11-02 02:20:35','admin',NULL,1);
INSERT INTO `oh_admission` VALUES (220,1,'N','I',890,221,'2022-11-02 07:51:22','I',NULL,'15',NULL,NULL,NULL,NULL,NULL,NULL,0,NULL,NULL,NULL,NULL,NULL,NULL,NULL,NULL,NULL,'admin',0,'N','admin','2022-11-02 07:51:22','admin',NULL,1);
INSERT INTO `oh_admission` VALUES (221,1,'N','I',891,222,'2022-11-02 00:15:08','I',NULL,'44',NULL,NULL,NULL,NULL,NULL,NULL,0,NULL,NULL,NULL,NULL,NULL,NULL,NULL,NULL,NULL,'admin',0,'N','admin','2022-11-02 00:15:08','admin',NULL,1);
INSERT INTO `oh_admission` VALUES (222,1,'N','C',892,223,'2022-11-02 01:41:36','I',NULL,'15',NULL,NULL,NULL,NULL,NULL,NULL,0,NULL,NULL,NULL,NULL,NULL,NULL,NULL,NULL,NULL,'admin',0,'N','admin','2022-11-02 01:41:36','admin',NULL,1);
INSERT INTO `oh_admission` VALUES (223,1,'N','I',893,224,'2022-11-02 07:42:33','I',NULL,'17',NULL,NULL,NULL,NULL,NULL,NULL,0,NULL,NULL,NULL,NULL,NULL,NULL,NULL,NULL,NULL,'admin',0,'N','admin','2022-11-02 07:42:33','admin',NULL,1);
INSERT INTO `oh_admission` VALUES (224,1,'N','C',4703,225,'2022-11-01 01:28:00','I',NULL,'30',NULL,NULL,NULL,NULL,NULL,NULL,0,NULL,NULL,NULL,NULL,NULL,NULL,NULL,NULL,NULL,'admin',0,'N','admin','2022-11-01 01:28:00','admin',NULL,1);
INSERT INTO `oh_admission` VALUES (225,1,'N','C',4704,226,'2022-11-01 00:12:22','I',NULL,'39',NULL,NULL,NULL,NULL,NULL,NULL,0,NULL,NULL,NULL,NULL,NULL,NULL,NULL,NULL,NULL,'admin',0,'N','admin','2022-11-01 00:12:22','admin',NULL,1);
INSERT INTO `oh_admission` VALUES (226,1,'N','C',4705,227,'2022-11-01 04:37:51','I',NULL,'39',NULL,NULL,NULL,NULL,NULL,NULL,0,NULL,NULL,NULL,NULL,NULL,NULL,NULL,NULL,NULL,'admin',0,'N','admin','2022-11-01 04:37:51','admin',NULL,1);
INSERT INTO `oh_admission` VALUES (227,1,'N','C',4706,228,'2022-11-01 06:32:09','I',NULL,'39',NULL,NULL,NULL,NULL,NULL,NULL,0,NULL,NULL,NULL,NULL,NULL,NULL,NULL,NULL,NULL,'admin',0,'N','admin','2022-11-01 06:32:09','admin',NULL,1);
INSERT INTO `oh_admission` VALUES (228,1,'N','C',4707,229,'2022-11-01 02:47:10','I',NULL,'39',NULL,NULL,NULL,NULL,NULL,NULL,0,NULL,NULL,NULL,NULL,NULL,NULL,NULL,NULL,NULL,'admin',0,'N','admin','2022-11-01 02:47:10','admin',NULL,1);
INSERT INTO `oh_admission` VALUES (229,1,'N','C',4708,230,'2022-11-01 02:19:27','I',NULL,'30',NULL,NULL,NULL,NULL,NULL,NULL,0,NULL,NULL,NULL,NULL,NULL,NULL,NULL,NULL,NULL,'admin',0,'N','admin','2022-11-01 02:19:27','admin',NULL,1);
INSERT INTO `oh_admission` VALUES (230,1,'N','C',4709,231,'2022-11-01 03:15:45','I',NULL,'39',NULL,NULL,NULL,NULL,NULL,NULL,0,NULL,NULL,NULL,NULL,NULL,NULL,NULL,NULL,NULL,'admin',1,'N','admin','2022-11-01 03:15:45','admin',NULL,1);
INSERT INTO `oh_admission` VALUES (231,1,'N','C',4710,232,'2022-11-01 01:20:22','I',NULL,'39',NULL,NULL,NULL,NULL,NULL,NULL,0,NULL,NULL,NULL,NULL,NULL,NULL,NULL,NULL,NULL,'admin',0,'N','admin','2022-11-01 01:20:22','admin',NULL,1);
INSERT INTO `oh_admission` VALUES (232,1,'N','C',4711,233,'2022-11-01 04:54:37','I',NULL,'39',NULL,NULL,NULL,NULL,NULL,NULL,0,NULL,NULL,NULL,NULL,NULL,NULL,NULL,NULL,NULL,'admin',0,'N','admin','2022-11-01 04:54:37','admin',NULL,1);
INSERT INTO `oh_admission` VALUES (233,1,'N','C',4712,234,'2022-11-01 04:31:59','I',NULL,'39',NULL,NULL,NULL,NULL,NULL,NULL,0,NULL,NULL,NULL,NULL,NULL,NULL,NULL,NULL,NULL,'admin',0,'N','admin','2022-11-01 04:31:59','admin',NULL,1);
INSERT INTO `oh_admission` VALUES (234,1,'N','C',4713,235,'2022-11-01 07:56:07','I',NULL,'39',NULL,NULL,NULL,NULL,NULL,NULL,0,NULL,NULL,NULL,NULL,NULL,NULL,NULL,NULL,NULL,'admin',0,'N','admin','2022-11-01 07:56:07','admin',NULL,1);
INSERT INTO `oh_admission` VALUES (235,1,'N','C',4714,236,'2022-11-01 02:04:36','I',NULL,'12',NULL,NULL,NULL,NULL,NULL,NULL,0,NULL,NULL,NULL,NULL,NULL,NULL,NULL,NULL,NULL,'admin',0,'N','admin','2022-11-01 02:04:36','admin',NULL,1);
INSERT INTO `oh_admission` VALUES (236,1,'N','C',4715,237,'2022-11-01 02:34:41','I',NULL,'39',NULL,NULL,NULL,NULL,NULL,NULL,0,NULL,NULL,NULL,NULL,NULL,NULL,NULL,NULL,NULL,'admin',0,'N','admin','2022-11-01 02:34:41','admin',NULL,1);
INSERT INTO `oh_admission` VALUES (237,1,'N','C',4716,238,'2022-11-01 06:39:39','I',NULL,'12',NULL,NULL,NULL,NULL,NULL,NULL,0,NULL,NULL,NULL,NULL,NULL,NULL,NULL,NULL,NULL,'admin',0,'N','admin','2022-11-01 06:39:39','admin',NULL,1);
INSERT INTO `oh_admission` VALUES (238,1,'N','C',4717,239,'2022-11-01 01:34:11','I',NULL,'39',NULL,NULL,NULL,NULL,NULL,NULL,0,NULL,NULL,NULL,NULL,NULL,NULL,NULL,NULL,NULL,'admin',0,'N','admin','2022-11-01 01:34:11','admin',NULL,1);
INSERT INTO `oh_admission` VALUES (239,1,'N','C',4718,240,'2022-11-01 03:51:59','I',NULL,'30',NULL,NULL,NULL,NULL,NULL,NULL,0,NULL,NULL,NULL,NULL,NULL,NULL,NULL,NULL,NULL,'admin',0,'N','admin','2022-11-01 03:51:59','admin',NULL,1);
INSERT INTO `oh_admission` VALUES (240,1,'N','C',4719,241,'2022-11-01 06:37:24','I',NULL,'30',NULL,NULL,NULL,NULL,NULL,NULL,0,NULL,NULL,NULL,NULL,NULL,NULL,NULL,NULL,NULL,'admin',0,'N','admin','2022-11-01 06:37:24','admin',NULL,1);
INSERT INTO `oh_admission` VALUES (241,1,'N','C',4720,242,'2022-11-01 05:31:03','I',NULL,'30',NULL,NULL,NULL,NULL,NULL,NULL,0,NULL,NULL,NULL,NULL,NULL,NULL,NULL,NULL,NULL,'admin',0,'N','admin','2022-11-01 05:31:03','admin',NULL,1);
INSERT INTO `oh_admission` VALUES (242,1,'N','C',4721,243,'2022-11-01 07:43:04','I',NULL,'39',NULL,NULL,NULL,NULL,NULL,NULL,0,NULL,NULL,NULL,NULL,NULL,NULL,NULL,NULL,NULL,'admin',0,'N','admin','2022-11-01 07:43:04','admin',NULL,1);
INSERT INTO `oh_admission` VALUES (243,1,'N','C',4722,244,'2022-11-01 06:02:09','I',NULL,'39',NULL,NULL,NULL,NULL,NULL,NULL,0,NULL,NULL,NULL,NULL,NULL,NULL,NULL,NULL,NULL,'admin',0,'N','admin','2022-11-01 06:02:09','admin',NULL,1);
INSERT INTO `oh_admission` VALUES (244,1,'N','C',4723,245,'2022-11-02 07:01:36','I',NULL,'42',NULL,NULL,NULL,NULL,NULL,NULL,0,NULL,NULL,NULL,NULL,NULL,NULL,NULL,NULL,NULL,'admin',0,'N','admin','2022-11-02 07:01:36','admin',NULL,1);
INSERT INTO `oh_admission` VALUES (245,1,'N','C',4724,246,'2022-11-02 01:01:33','I',NULL,'39',NULL,NULL,NULL,NULL,NULL,NULL,0,NULL,NULL,NULL,NULL,NULL,NULL,NULL,NULL,NULL,'admin',0,'N','admin','2022-11-02 01:01:33','admin',NULL,1);
INSERT INTO `oh_admission` VALUES (246,1,'N','C',4725,247,'2022-11-02 00:02:57','I',NULL,'39',NULL,NULL,NULL,NULL,NULL,NULL,0,NULL,NULL,NULL,NULL,NULL,NULL,NULL,NULL,NULL,'admin',0,'N','admin','2022-11-02 00:02:57','admin',NULL,1);
INSERT INTO `oh_admission` VALUES (247,1,'N','C',4726,248,'2022-11-02 05:10:07','I',NULL,'12',NULL,NULL,NULL,NULL,NULL,NULL,0,NULL,NULL,NULL,NULL,NULL,NULL,NULL,NULL,NULL,'admin',0,'N','admin','2022-11-02 05:10:07','admin',NULL,1);
INSERT INTO `oh_admission` VALUES (248,1,'N','C',4727,249,'2022-11-02 01:41:44','I',NULL,'39',NULL,NULL,NULL,NULL,NULL,NULL,0,NULL,NULL,NULL,NULL,NULL,NULL,NULL,NULL,NULL,'admin',0,'N','admin','2022-11-02 01:41:44','admin',NULL,1);
INSERT INTO `oh_admission` VALUES (249,1,'N','C',4728,250,'2022-11-02 00:58:22','I',NULL,'39',NULL,NULL,NULL,NULL,NULL,NULL,0,NULL,NULL,NULL,NULL,NULL,NULL,NULL,NULL,NULL,'admin',0,'N','admin','2022-11-02 00:58:22','admin',NULL,1);
INSERT INTO `oh_admission` VALUES (250,1,'N','C',4729,251,'2022-11-02 07:46:36','I',NULL,'39',NULL,NULL,NULL,NULL,NULL,NULL,0,NULL,NULL,NULL,NULL,NULL,NULL,NULL,NULL,NULL,'admin',0,'N','admin','2022-11-02 07:46:36','admin',NULL,1);
INSERT INTO `oh_admission` VALUES (251,1,'N','C',4730,252,'2022-11-02 03:57:54','I',NULL,'39',NULL,NULL,NULL,NULL,NULL,NULL,0,NULL,NULL,NULL,NULL,NULL,NULL,NULL,NULL,NULL,'admin',0,'N','admin','2022-11-02 03:57:54','admin',NULL,1);
INSERT INTO `oh_admission` VALUES (252,1,'N','C',4731,253,'2022-11-02 04:29:44','I',NULL,'39',NULL,NULL,NULL,NULL,NULL,NULL,0,NULL,NULL,NULL,NULL,NULL,NULL,NULL,NULL,NULL,'admin',0,'N','admin','2022-11-02 04:29:44','admin',NULL,1);
INSERT INTO `oh_admission` VALUES (253,1,'N','C',4732,254,'2022-11-02 02:34:59','I',NULL,'39',NULL,NULL,NULL,NULL,NULL,NULL,0,NULL,NULL,NULL,NULL,NULL,NULL,NULL,NULL,NULL,'admin',0,'N','admin','2022-11-02 02:34:59','admin',NULL,1);
INSERT INTO `oh_admission` VALUES (254,1,'N','C',4733,256,'2022-11-02 07:25:41','I',NULL,'13',NULL,NULL,NULL,NULL,NULL,NULL,0,NULL,NULL,NULL,NULL,NULL,NULL,NULL,NULL,NULL,'admin',0,'N','admin','2022-11-02 07:25:41','admin',NULL,1);
INSERT INTO `oh_admission` VALUES (255,0,'N','C',4734,257,'2022-11-02 05:23:31','I',NULL,'12','12',NULL,NULL,'2022-11-02 18:29:46','D',NULL,0,NULL,NULL,NULL,NULL,NULL,NULL,NULL,NULL,NULL,'admin',0,'N','admin','2022-11-02 05:23:31','admin','2022-11-02 18:29:46',1);
INSERT INTO `oh_admission` VALUES (256,1,'N','C',4735,258,'2022-11-02 04:40:30','I',NULL,'39',NULL,NULL,NULL,NULL,NULL,NULL,0,NULL,NULL,NULL,NULL,NULL,NULL,NULL,NULL,NULL,'admin',0,'N','admin','2022-11-02 04:40:30','admin',NULL,1);
INSERT INTO `oh_admission` VALUES (257,1,'P','M',2,255,'2022-11-02 07:11:59','I',NULL,'47',NULL,NULL,NULL,NULL,NULL,NULL,0,'2022-11-04 05:18:05',NULL,'2022-11-04 11:17:25','N','A',2.5,NULL,NULL,NULL,'admin',0,'N','admin','2022-11-02 07:11:59','admin',NULL,1);
INSERT INTO `oh_admission` VALUES (258,1,'N','C',4736,259,'2022-11-02 05:58:24','I',NULL,'39',NULL,NULL,NULL,NULL,NULL,NULL,0,NULL,NULL,NULL,NULL,NULL,NULL,NULL,NULL,NULL,'admin',0,'N','admin','2022-11-02 05:58:24','admin',NULL,1);
INSERT INTO `oh_admission` VALUES (259,1,'N','C',4737,261,'2022-11-02 00:16:04','I',NULL,'15',NULL,NULL,NULL,NULL,NULL,NULL,0,NULL,NULL,NULL,NULL,NULL,NULL,NULL,NULL,NULL,'admin',0,'N','admin','2022-11-02 00:16:04','admin',NULL,1);
INSERT INTO `oh_admission` VALUES (260,1,'N','C',4738,262,'2022-11-02 07:25:09','I',NULL,'39',NULL,NULL,NULL,NULL,NULL,NULL,0,NULL,NULL,NULL,NULL,NULL,NULL,NULL,NULL,NULL,'admin',0,'N','admin','2022-11-02 07:25:09','admin',NULL,1);
INSERT INTO `oh_admission` VALUES (261,1,'P','M',2,260,'2022-11-02 04:17:34','I',NULL,'39',NULL,NULL,NULL,NULL,NULL,NULL,0,'2022-11-02 01:22:52',NULL,'2022-11-02 00:53:22','N','A',2.9,NULL,NULL,NULL,'admin',0,'N','admin','2022-11-02 04:17:34','admin',NULL,1);
INSERT INTO `oh_admission` VALUES (262,1,'N','C',4739,263,'2022-11-02 07:12:23','I',NULL,'39',NULL,NULL,NULL,NULL,NULL,NULL,0,NULL,NULL,NULL,NULL,NULL,NULL,NULL,NULL,NULL,'admin',0,'N','admin','2022-11-02 07:12:23','admin',NULL,1);
INSERT INTO `oh_admission` VALUES (263,1,'N','C',4740,265,'2022-11-02 07:09:14','I',NULL,'39',NULL,NULL,NULL,NULL,NULL,NULL,0,NULL,NULL,NULL,NULL,NULL,NULL,NULL,NULL,NULL,'admin',0,'N','admin','2022-11-02 07:09:14','admin',NULL,1);
INSERT INTO `oh_admission` VALUES (264,1,'P','M',2,264,'2022-11-02 06:09:01','I',NULL,'47',NULL,NULL,NULL,NULL,NULL,NULL,0,NULL,NULL,'2022-11-04 10:14:46',NULL,NULL,NULL,NULL,NULL,NULL,'admin',0,'N','admin','2022-11-02 06:09:01','admin',NULL,1);
INSERT INTO `oh_admission` VALUES (265,1,'N','C',4741,266,'2022-11-02 01:17:25','I',NULL,'12',NULL,NULL,NULL,NULL,NULL,NULL,0,NULL,NULL,NULL,NULL,NULL,NULL,NULL,NULL,NULL,'admin',0,'N','admin','2022-11-02 01:17:25','admin',NULL,1);
INSERT INTO `oh_admission` VALUES (266,1,'N','C',4742,267,'2022-11-02 04:00:01','I',NULL,'39',NULL,NULL,NULL,NULL,NULL,NULL,0,NULL,NULL,NULL,NULL,NULL,NULL,NULL,NULL,NULL,'admin',0,'N','admin','2022-11-02 04:00:01','admin',NULL,1);
INSERT INTO `oh_admission` VALUES (267,1,'N','C',4743,268,'2022-11-02 00:07:49','I',NULL,'15',NULL,NULL,NULL,NULL,NULL,NULL,0,NULL,NULL,NULL,NULL,NULL,NULL,NULL,NULL,NULL,'admin',0,'N','admin','2022-11-02 00:07:49','admin',NULL,1);
INSERT INTO `oh_admission` VALUES (268,1,'N','F',760,269,'2022-11-02 04:39:04','I',NULL,'44',NULL,NULL,NULL,NULL,NULL,NULL,0,NULL,NULL,NULL,NULL,NULL,NULL,NULL,NULL,NULL,'admin',0,'N','admin','2022-11-02 04:39:04','admin',NULL,1);
INSERT INTO `oh_admission` VALUES (269,1,'N','C',4744,270,'2022-11-02 06:51:54','I',NULL,'15',NULL,NULL,NULL,NULL,NULL,NULL,0,NULL,NULL,NULL,NULL,NULL,NULL,NULL,NULL,NULL,'admin',0,'N','admin','2022-11-02 06:51:54','admin',NULL,1);
INSERT INTO `oh_admission` VALUES (270,1,'N','F',761,271,'2022-11-03 04:22:16','I',NULL,'44',NULL,NULL,NULL,NULL,NULL,NULL,0,NULL,NULL,NULL,NULL,NULL,NULL,NULL,NULL,NULL,'admin',0,'N','admin','2022-11-03 04:22:16','admin',NULL,1);
INSERT INTO `oh_admission` VALUES (271,1,'N','F',762,273,'2022-11-03 01:15:40','I',NULL,'58',NULL,NULL,NULL,NULL,NULL,NULL,0,NULL,NULL,NULL,NULL,NULL,NULL,NULL,NULL,NULL,'admin',0,'N','admin','2022-11-03 01:15:40','admin',NULL,1);
INSERT INTO `oh_admission` VALUES (272,1,'N','C',4745,272,'2022-11-03 01:11:31','I',NULL,'39',NULL,NULL,NULL,NULL,NULL,NULL,0,NULL,NULL,NULL,NULL,NULL,NULL,NULL,NULL,NULL,'admin',0,'N','admin','2022-11-03 01:11:31','admin',NULL,1);
INSERT INTO `oh_admission` VALUES (273,1,'N','F',763,274,'2022-11-03 02:10:35','I',NULL,'39',NULL,NULL,NULL,NULL,NULL,NULL,0,NULL,NULL,NULL,NULL,NULL,NULL,NULL,NULL,NULL,'admin',0,'N','admin','2022-11-03 02:10:35','admin',NULL,1);
INSERT INTO `oh_admission` VALUES (274,1,'N','C',4746,275,'2022-11-03 07:18:25','I',NULL,'42',NULL,NULL,NULL,NULL,NULL,NULL,0,NULL,NULL,NULL,NULL,NULL,NULL,NULL,NULL,NULL,'admin',0,'N','admin','2022-11-03 07:18:25','admin',NULL,1);
INSERT INTO `oh_admission` VALUES (275,1,'N','C',4747,276,'2022-11-03 06:00:20','I',NULL,'39',NULL,NULL,NULL,NULL,NULL,NULL,0,NULL,NULL,NULL,NULL,NULL,NULL,NULL,NULL,NULL,'admin',0,'N','admin','2022-11-03 06:00:20','admin',NULL,1);
INSERT INTO `oh_admission` VALUES (276,1,'N','C',4748,277,'2022-11-03 00:06:24','I',NULL,'39',NULL,NULL,NULL,NULL,NULL,NULL,0,NULL,NULL,NULL,NULL,NULL,NULL,NULL,NULL,NULL,'admin',0,'N','admin','2022-11-03 00:06:24','admin',NULL,1);
INSERT INTO `oh_admission` VALUES (277,1,'N','C',4749,278,'2022-11-03 06:31:02','I',NULL,'39',NULL,NULL,NULL,NULL,NULL,NULL,0,NULL,NULL,NULL,NULL,NULL,NULL,NULL,NULL,NULL,'admin',0,'N','admin','2022-11-03 06:31:02','admin',NULL,1);
INSERT INTO `oh_admission` VALUES (278,1,'N','C',4750,279,'2022-11-03 00:15:58','I',NULL,'46',NULL,NULL,NULL,NULL,NULL,NULL,0,NULL,NULL,NULL,NULL,NULL,NULL,NULL,NULL,NULL,'admin',0,'N','admin','2022-11-03 00:15:58','admin',NULL,1);
INSERT INTO `oh_admission` VALUES (279,1,'N','C',4751,280,'2022-11-03 05:46:43','I',NULL,'39',NULL,NULL,NULL,NULL,NULL,NULL,0,NULL,NULL,NULL,NULL,NULL,NULL,NULL,NULL,NULL,'admin',0,'N','admin','2022-11-03 05:46:43','admin',NULL,1);
INSERT INTO `oh_admission` VALUES (280,1,'N','C',4752,281,'2022-11-03 04:05:44','I',NULL,'39',NULL,NULL,NULL,NULL,NULL,NULL,0,NULL,NULL,NULL,NULL,NULL,NULL,NULL,NULL,NULL,'admin',0,'N','admin','2022-11-03 04:05:44','admin',NULL,1);
INSERT INTO `oh_admission` VALUES (281,1,'N','C',4753,282,'2022-11-03 03:08:28','I',NULL,'39',NULL,NULL,NULL,NULL,NULL,NULL,0,NULL,NULL,NULL,NULL,NULL,NULL,NULL,NULL,NULL,'admin',0,'N','admin','2022-11-03 03:08:28','admin',NULL,1);
INSERT INTO `oh_admission` VALUES (282,1,'N','C',4754,283,'2022-11-03 03:25:12','I',NULL,'39',NULL,NULL,NULL,NULL,NULL,NULL,0,NULL,NULL,NULL,NULL,NULL,NULL,NULL,NULL,NULL,'admin',0,'N','admin','2022-11-03 03:25:12','admin',NULL,1);
INSERT INTO `oh_admission` VALUES (283,1,'N','C',4755,284,'2022-11-03 07:40:35','I',NULL,'39',NULL,NULL,NULL,NULL,NULL,NULL,0,NULL,NULL,NULL,NULL,NULL,NULL,NULL,NULL,NULL,'admin',0,'N','admin','2022-11-03 07:40:35','admin',NULL,1);
INSERT INTO `oh_admission` VALUES (284,0,'N','I',793,285,'2022-10-10 04:07:20','I',NULL,'14','14',NULL,NULL,'2022-10-28 23:36:55','B',NULL,0,NULL,NULL,NULL,NULL,NULL,NULL,NULL,NULL,NULL,'admin',0,'N','admin','2022-10-10 04:07:20','admin','2022-10-28 23:36:55',1);
INSERT INTO `oh_admission` VALUES (285,1,'N','C',4756,286,'2022-11-03 05:34:54','I',NULL,'30',NULL,NULL,NULL,NULL,NULL,NULL,0,NULL,NULL,NULL,NULL,NULL,NULL,NULL,NULL,NULL,'admin',0,'N','admin','2022-11-03 05:34:54','admin',NULL,1);
INSERT INTO `oh_admission` VALUES (286,0,'N','I',820,287,'2022-10-16 07:32:30','I',NULL,'48','46',NULL,NULL,'2022-10-28 17:35:14','B',NULL,0,NULL,NULL,NULL,NULL,NULL,NULL,NULL,NULL,NULL,'admin',0,'N','admin','2022-10-16 07:32:30','admin','2022-10-28 17:35:14',1);
INSERT INTO `oh_admission` VALUES (287,0,'N','F',761,288,'2022-10-18 04:57:50','I',NULL,'48','48',NULL,NULL,'2022-10-28 21:05:31','B',NULL,0,NULL,NULL,NULL,NULL,NULL,NULL,NULL,NULL,NULL,'admin',0,'N','admin','2022-10-18 04:57:50','admin','2022-10-28 21:05:31',1);
INSERT INTO `oh_admission` VALUES (288,0,'N','I',805,157,'2022-10-13 02:11:38','I',NULL,'108','108',NULL,NULL,'2022-10-28 21:41:49','EQ',NULL,0,NULL,NULL,NULL,NULL,NULL,NULL,NULL,NULL,NULL,'admin',0,'N','admin','2022-10-13 02:11:38','admin','2022-10-28 21:41:49',1);
INSERT INTO `oh_admission` VALUES (289,0,'N','I',745,289,'2022-09-28 04:04:43','I',NULL,'102','102',NULL,NULL,'2022-10-28 21:12:34','EQ',NULL,0,NULL,NULL,NULL,NULL,NULL,NULL,NULL,NULL,NULL,'admin',0,'N','admin','2022-09-28 04:04:43','admin','2022-10-28 21:12:34',1);
INSERT INTO `oh_admission` VALUES (290,0,'N','I',813,290,'2022-10-16 05:48:39','I',NULL,'49','49',NULL,NULL,'2022-10-28 23:57:21','EQ',NULL,0,NULL,NULL,NULL,NULL,NULL,NULL,NULL,NULL,NULL,'admin',0,'N','admin','2022-10-16 05:48:39','admin','2022-10-28 23:57:21',1);
INSERT INTO `oh_admission` VALUES (291,0,'N','F',741,291,'2022-10-25 00:49:08','I',NULL,'14','14',NULL,NULL,'2022-10-28 18:09:00','EQ',NULL,0,NULL,NULL,NULL,NULL,NULL,NULL,NULL,NULL,NULL,'admin',0,'N','admin','2022-10-25 00:49:08','admin','2022-10-28 18:09:00',1);
INSERT INTO `oh_admission` VALUES (292,0,'N','I',810,292,'2022-10-14 02:39:43','I',NULL,'104','104',NULL,NULL,'2022-10-26 22:53:03','EQ',NULL,0,NULL,NULL,NULL,NULL,NULL,NULL,NULL,NULL,NULL,'admin',0,'N','admin','2022-10-14 02:39:43','admin','2022-10-26 22:53:03',1);
INSERT INTO `oh_admission` VALUES (293,0,'N','I',747,293,'2022-09-28 02:51:13','I',NULL,'44','44',NULL,NULL,'2022-10-25 21:58:10','EQ',NULL,0,NULL,NULL,NULL,NULL,NULL,NULL,NULL,NULL,NULL,'admin',0,'N','admin','2022-09-28 02:51:13','admin','2022-10-25 21:58:10',1);
INSERT INTO `oh_admission` VALUES (294,0,'N','F',748,294,'2022-09-29 06:16:58','I',NULL,'44','29',NULL,NULL,'2022-10-25 17:11:42','EQ',NULL,0,NULL,NULL,NULL,NULL,NULL,NULL,NULL,NULL,NULL,'admin',0,'N','admin','2022-09-29 06:16:58','admin','2022-10-25 17:11:42',1);
INSERT INTO `oh_admission` VALUES (295,0,'N','I',751,295,'2022-10-01 06:51:08','I',NULL,'84','84',NULL,NULL,'2022-10-25 17:04:00','EQ',NULL,0,NULL,NULL,NULL,NULL,NULL,NULL,NULL,NULL,NULL,'admin',0,'N','admin','2022-10-01 06:51:08','admin','2022-10-25 17:04:00',1);
INSERT INTO `oh_admission` VALUES (296,0,'N','C',749,296,'2022-09-30 07:24:48','I',NULL,'23','23',NULL,NULL,'2022-10-24 23:44:58','EQ',NULL,0,NULL,NULL,NULL,NULL,NULL,NULL,NULL,NULL,NULL,'admin',0,'N','admin','2022-09-30 07:24:48','admin','2022-10-24 23:44:58',1);
INSERT INTO `oh_admission` VALUES (297,0,'N','I',830,297,'2022-10-10 00:30:36','I',NULL,'40','40',NULL,NULL,'2022-10-24 22:32:45','EQ',NULL,0,NULL,NULL,NULL,NULL,NULL,NULL,NULL,NULL,NULL,'admin',0,'N','admin','2022-10-10 00:30:36','admin','2022-10-24 22:32:45',1);
INSERT INTO `oh_admission` VALUES (298,0,'N','F',822,298,'2022-10-17 04:18:37','I',NULL,'48','47',NULL,NULL,'2022-10-24 17:28:53','EQ',NULL,0,NULL,NULL,NULL,NULL,NULL,NULL,NULL,NULL,NULL,'admin',0,'N','admin','2022-10-17 04:18:37','admin','2022-10-24 17:28:53',1);
INSERT INTO `oh_admission` VALUES (299,0,'N','I',823,299,'2022-10-17 04:01:18','I',NULL,'40','40',NULL,NULL,'2022-10-24 23:46:10','EQ',NULL,0,NULL,NULL,NULL,NULL,NULL,NULL,NULL,NULL,NULL,'admin',0,'N','admin','2022-10-17 04:01:18','admin','2022-10-24 23:46:10',1);
INSERT INTO `oh_admission` VALUES (300,0,'N','I',776,300,'2022-10-07 07:10:40','I',NULL,'39','39',NULL,NULL,'2022-10-24 21:24:10','EQ',NULL,0,NULL,NULL,NULL,NULL,NULL,NULL,NULL,NULL,NULL,'admin',0,'N','admin','2022-10-07 07:10:40','admin','2022-10-24 21:24:10',1);
INSERT INTO `oh_admission` VALUES (301,0,'N','I',764,301,'2022-10-18 07:49:25','I',NULL,'90','90',NULL,NULL,'2022-10-24 18:42:20','EQ',NULL,0,NULL,NULL,NULL,NULL,NULL,NULL,NULL,NULL,NULL,'admin',0,'N','admin','2022-10-18 07:49:25','admin','2022-10-24 18:42:20',1);
INSERT INTO `oh_admission` VALUES (302,0,'N','F',815,302,'2022-10-16 01:35:06','I',NULL,'39','46',NULL,NULL,'2022-10-24 19:19:10','EQ',NULL,0,NULL,NULL,NULL,NULL,NULL,NULL,NULL,NULL,NULL,'admin',0,'N','admin','2022-10-16 01:35:06','admin','2022-10-24 19:19:10',1);
INSERT INTO `oh_admission` VALUES (303,0,'N','I',811,303,'2022-10-15 00:27:17','I',NULL,'24','24',NULL,NULL,'2022-10-24 23:28:53','EQ',NULL,0,NULL,NULL,NULL,NULL,NULL,NULL,NULL,NULL,NULL,'admin',0,'N','admin','2022-10-15 00:27:17','admin','2022-10-24 23:28:53',1);
INSERT INTO `oh_admission` VALUES (304,0,'N','I',632,304,'2022-10-17 05:31:06','I',NULL,'48','48',NULL,NULL,'2022-10-24 21:26:52','EQ',NULL,0,NULL,NULL,NULL,NULL,NULL,NULL,NULL,NULL,NULL,'admin',0,'N','admin','2022-10-17 05:31:06','admin','2022-10-24 21:26:52',1);
INSERT INTO `oh_admission` VALUES (305,0,'N','F',828,305,'2022-10-18 02:13:38','I',NULL,'68','68',NULL,NULL,'2022-10-24 19:47:42','EQ',NULL,0,NULL,NULL,NULL,NULL,NULL,NULL,NULL,NULL,NULL,'admin',0,'N','admin','2022-10-18 02:13:38','admin','2022-10-24 19:47:42',1);
INSERT INTO `oh_admission` VALUES (306,0,'N','I',773,306,'2022-10-05 02:34:53','I',NULL,'90','90',NULL,NULL,'2022-10-21 17:37:53','EQ',NULL,0,NULL,NULL,NULL,NULL,NULL,NULL,NULL,NULL,NULL,'admin',0,'N','admin','2022-10-05 02:34:53','admin','2022-10-21 17:37:53',1);
INSERT INTO `oh_admission` VALUES (307,0,'N','C',819,307,'2022-10-16 06:13:31','I',NULL,'108','108',NULL,NULL,'2022-10-21 18:46:19','EQ',NULL,0,NULL,NULL,NULL,NULL,NULL,NULL,NULL,NULL,NULL,'admin',0,'N','admin','2022-10-16 06:13:31','admin','2022-10-21 18:46:19',1);
INSERT INTO `oh_admission` VALUES (308,0,'N','I',775,308,'2022-10-04 07:22:58','I',NULL,'88','88',NULL,NULL,'2022-10-19 23:57:58','EQ',NULL,0,NULL,NULL,NULL,NULL,NULL,NULL,NULL,NULL,NULL,'admin',0,'N','admin','2022-10-04 07:22:58','admin','2022-10-19 23:57:58',1);
INSERT INTO `oh_admission` VALUES (309,0,'N','I',766,309,'2022-10-05 02:14:18','I',NULL,'14','14',NULL,NULL,'2022-10-19 18:30:51','EQ',NULL,0,NULL,NULL,NULL,NULL,NULL,NULL,NULL,NULL,NULL,'admin',0,'N','admin','2022-10-05 02:14:18','admin','2022-10-19 18:30:51',1);
INSERT INTO `oh_admission` VALUES (310,0,'N','I',740,310,'2022-09-27 05:02:35','I',NULL,'100','100',NULL,NULL,'2022-10-19 17:40:24','EQ',NULL,0,NULL,NULL,NULL,NULL,NULL,NULL,NULL,NULL,NULL,'admin',0,'N','admin','2022-09-27 05:02:35','admin','2022-10-19 17:40:24',1);
INSERT INTO `oh_admission` VALUES (311,0,'N','I',770,311,'2022-10-05 02:30:03','I',NULL,'95','95',NULL,NULL,'2022-10-19 22:49:25','EQ',NULL,0,NULL,NULL,NULL,NULL,NULL,NULL,NULL,NULL,NULL,'admin',0,'N','admin','2022-10-05 02:30:03','admin','2022-10-19 22:49:25',1);
INSERT INTO `oh_admission` VALUES (312,0,'N','I',638,312,'2022-08-18 05:22:30','I',NULL,'44','44',NULL,NULL,'2022-10-17 23:05:54','EQ',NULL,0,NULL,NULL,NULL,NULL,NULL,NULL,NULL,NULL,NULL,'admin',0,'N','admin','2022-08-18 05:22:30','admin','2022-10-17 23:05:54',1);
INSERT INTO `oh_admission` VALUES (313,0,'N','I',774,313,'2022-10-06 03:22:23','I',NULL,'49','49',NULL,NULL,'2022-10-16 23:01:14','EQ',NULL,0,NULL,NULL,NULL,NULL,NULL,NULL,NULL,NULL,NULL,'admin',0,'N','admin','2022-10-06 03:22:23','admin','2022-10-16 23:01:14',1);
INSERT INTO `oh_admission` VALUES (314,0,'N','I',769,314,'2022-10-05 00:44:25','I',NULL,'84','84',NULL,NULL,'2022-10-16 21:48:27','EQ',NULL,0,NULL,NULL,NULL,NULL,NULL,NULL,NULL,NULL,NULL,'admin',0,'N','admin','2022-10-05 00:44:25','admin','2022-10-16 21:48:27',1);
INSERT INTO `oh_admission` VALUES (315,0,'N','I',760,315,'2022-10-04 01:34:58','I',NULL,'48','48',NULL,NULL,'2022-10-14 22:58:32','D',NULL,0,NULL,NULL,NULL,NULL,NULL,NULL,NULL,NULL,NULL,'admin',0,'N','admin','2022-10-04 01:34:58','admin','2022-10-14 22:58:32',1);
INSERT INTO `oh_admission` VALUES (316,0,'N','I',756,316,'2022-10-03 05:41:33','I',NULL,'90','90',NULL,NULL,'2022-10-14 18:27:17','EQ',NULL,0,NULL,NULL,NULL,NULL,NULL,NULL,NULL,NULL,NULL,'admin',0,'N','admin','2022-10-03 05:41:33','admin','2022-10-14 18:27:17',1);
INSERT INTO `oh_admission` VALUES (317,0,'N','I',712,317,'2022-09-15 07:42:51','I',NULL,'16','16',NULL,NULL,'2022-10-14 20:20:54','EQ',NULL,0,NULL,NULL,NULL,NULL,NULL,NULL,NULL,NULL,NULL,'admin',0,'N','admin','2022-09-15 07:42:51','admin','2022-10-14 20:20:54',1);
INSERT INTO `oh_admission` VALUES (318,0,'N','I',736,318,'2022-09-25 05:29:38','I',NULL,'87','87',NULL,NULL,'2022-10-14 22:22:37','EQ',NULL,0,NULL,NULL,NULL,NULL,NULL,NULL,NULL,NULL,NULL,'admin',0,'N','admin','2022-09-25 05:29:38','admin','2022-10-14 22:22:37',1);
INSERT INTO `oh_admission` VALUES (319,0,'N','I',725,319,'2022-09-21 04:19:38','I',NULL,'18','18',NULL,NULL,'2022-10-02 19:50:24','EQ',NULL,0,NULL,NULL,NULL,NULL,NULL,NULL,NULL,NULL,NULL,'admin',0,'N','admin','2022-09-21 04:19:38','admin','2022-10-02 19:50:24',1);
INSERT INTO `oh_admission` VALUES (320,0,'N','F',735,320,'2022-09-25 05:09:15','I',NULL,'39','39',NULL,NULL,'2022-10-02 22:04:09','EQ',NULL,0,NULL,NULL,NULL,NULL,NULL,NULL,NULL,NULL,NULL,'admin',0,'N','admin','2022-09-25 05:09:15','admin','2022-10-02 22:04:09',1);
INSERT INTO `oh_admission` VALUES (321,0,'N','I',702,321,'2022-09-11 04:47:20','I',NULL,'14','14',NULL,NULL,'2022-10-04 19:49:30','EQ',NULL,0,NULL,NULL,NULL,NULL,NULL,NULL,NULL,NULL,NULL,'admin',0,'N','admin','2022-09-11 04:47:20','admin','2022-10-04 19:49:30',1);
INSERT INTO `oh_admission` VALUES (322,0,'N','I',754,322,'2022-10-02 00:28:57','I',NULL,'84','84',NULL,NULL,'2022-10-04 22:55:05','D',NULL,0,NULL,NULL,NULL,NULL,NULL,NULL,NULL,NULL,NULL,'admin',0,'N','admin','2022-10-02 00:28:57','admin','2022-10-04 22:55:05',1);
INSERT INTO `oh_admission` VALUES (323,0,'N','I',758,323,'2022-10-03 04:02:45','R',NULL,'48','48',NULL,NULL,'2022-10-04 17:06:54','B',NULL,0,NULL,NULL,NULL,NULL,NULL,NULL,NULL,NULL,NULL,'admin',0,'N','admin','2022-10-03 04:02:45','admin','2022-10-04 17:06:54',1);
INSERT INTO `oh_admission` VALUES (324,0,'N','I',724,324,'2022-09-21 02:46:53','I',NULL,'87','87',NULL,NULL,'2022-10-04 20:49:16','EQ',NULL,0,NULL,NULL,NULL,NULL,NULL,NULL,NULL,NULL,NULL,'admin',0,'N','admin','2022-09-21 02:46:53','admin','2022-10-04 20:49:16',1);
INSERT INTO `oh_admission` VALUES (325,0,'N','I',721,325,'2022-09-20 01:46:10','I',NULL,'87','87',NULL,NULL,'2022-10-04 21:45:38','EQ',NULL,0,NULL,NULL,NULL,NULL,NULL,NULL,NULL,NULL,NULL,'admin',0,'N','admin','2022-09-20 01:46:10','admin','2022-10-04 21:45:38',1);
INSERT INTO `oh_admission` VALUES (326,0,'N','I',753,326,'2022-10-02 00:30:15','I',NULL,'9','9',NULL,NULL,'2022-10-05 22:20:21','D',NULL,0,NULL,NULL,NULL,NULL,NULL,NULL,NULL,NULL,NULL,'admin',0,'N','admin','2022-10-02 00:30:15','admin','2022-10-05 22:20:21',1);
INSERT INTO `oh_admission` VALUES (327,0,'N','I',750,327,'2022-10-01 05:12:42','I',NULL,'39','39',NULL,NULL,'2022-10-05 22:24:51','EQ',NULL,0,NULL,NULL,NULL,NULL,NULL,NULL,NULL,NULL,NULL,'admin',0,'N','admin','2022-10-01 05:12:42','admin','2022-10-05 22:24:51',1);
INSERT INTO `oh_admission` VALUES (328,0,'N','I',772,328,'2022-10-05 00:32:48','I',NULL,'15','15',NULL,NULL,'2022-10-05 21:03:10','EQ',NULL,0,NULL,NULL,NULL,NULL,NULL,NULL,NULL,NULL,NULL,'admin',0,'N','admin','2022-10-05 00:32:48','admin','2022-10-05 21:03:10',1);
INSERT INTO `oh_admission` VALUES (329,0,'N','I',752,329,'2022-10-02 03:05:55','I',NULL,'15','104',NULL,NULL,'2022-10-06 21:01:20','D',NULL,0,NULL,NULL,NULL,NULL,NULL,NULL,NULL,NULL,NULL,'admin',0,'N','admin','2022-10-02 03:05:55','admin','2022-10-06 21:01:20',1);
INSERT INTO `oh_admission` VALUES (330,0,'N','I',765,330,'2022-10-04 05:51:09','I',NULL,'100','100',NULL,NULL,'2022-10-06 17:57:08','D',NULL,0,NULL,NULL,NULL,NULL,NULL,NULL,NULL,NULL,NULL,'admin',0,'N','admin','2022-10-04 05:51:09','admin','2022-10-06 17:57:08',1);
INSERT INTO `oh_admission` VALUES (331,0,'N','I',722,331,'2022-09-20 03:58:01','I',NULL,'68','68',NULL,NULL,'2022-10-08 23:41:41','D',NULL,0,NULL,NULL,NULL,NULL,NULL,NULL,NULL,NULL,NULL,'admin',0,'N','admin','2022-09-20 03:58:01','admin','2022-10-08 23:41:41',1);
INSERT INTO `oh_admission` VALUES (332,0,'N','I',777,332,'2022-10-07 02:16:39','I',NULL,'39','39',NULL,NULL,'2022-10-10 19:37:01','D',NULL,0,NULL,NULL,NULL,NULL,NULL,NULL,NULL,NULL,NULL,'admin',0,'N','admin','2022-10-07 02:16:39','admin','2022-10-10 19:37:01',1);
INSERT INTO `oh_admission` VALUES (333,0,'N','I',763,333,'2022-10-04 07:29:13','I',NULL,'48','48',NULL,NULL,'2022-10-10 17:00:00','EQ',NULL,0,NULL,NULL,NULL,NULL,NULL,NULL,NULL,NULL,NULL,'admin',0,'N','admin','2022-10-04 07:29:13','admin','2022-10-10 17:00:00',1);
INSERT INTO `oh_admission` VALUES (334,0,'N','I',768,334,'2022-10-05 06:36:09','I',NULL,'39','39',NULL,NULL,'2022-10-10 23:09:01','EQ',NULL,0,NULL,NULL,NULL,NULL,NULL,NULL,NULL,NULL,NULL,'admin',0,'N','admin','2022-10-05 06:36:09','admin','2022-10-10 23:09:01',1);
INSERT INTO `oh_admission` VALUES (335,0,'N','I',742,335,'2022-09-27 02:33:08','I',NULL,'16','16',NULL,NULL,'2022-10-10 19:45:00','EQ',NULL,0,NULL,NULL,NULL,NULL,NULL,NULL,NULL,NULL,NULL,'admin',0,'N','admin','2022-09-27 02:33:08','admin','2022-10-10 19:45:00',1);
INSERT INTO `oh_admission` VALUES (336,0,'N','I',743,336,'2022-09-27 00:57:11','I',NULL,'64','64',NULL,NULL,'2022-10-10 19:17:58','EQ',NULL,0,NULL,NULL,NULL,NULL,NULL,NULL,NULL,NULL,NULL,'admin',0,'N','admin','2022-09-27 00:57:11','admin','2022-10-10 19:17:58',1);
INSERT INTO `oh_admission` VALUES (337,0,'N','I',771,337,'2022-10-05 05:06:31','I',NULL,'15','104',NULL,NULL,'2022-10-10 20:14:51','EQ',NULL,0,NULL,NULL,NULL,NULL,NULL,NULL,NULL,NULL,NULL,'admin',0,'N','admin','2022-10-05 05:06:31','admin','2022-10-10 20:14:51',1);
INSERT INTO `oh_admission` VALUES (338,0,'N','I',732,338,'2022-09-25 06:41:02','I',NULL,'87','87',NULL,NULL,'2022-10-11 19:20:22','EQ',NULL,0,NULL,NULL,NULL,NULL,NULL,NULL,NULL,NULL,NULL,'admin',0,'N','admin','2022-09-25 06:41:02','admin','2022-10-11 19:20:22',1);
INSERT INTO `oh_admission` VALUES (339,0,'N','I',734,339,'2022-09-25 02:05:36','I',NULL,'15','15',NULL,NULL,'2022-10-11 18:57:18','EQ',NULL,0,NULL,NULL,NULL,NULL,NULL,NULL,NULL,NULL,NULL,'admin',0,'N','admin','2022-09-25 02:05:36','admin','2022-10-11 18:57:18',1);
INSERT INTO `oh_admission` VALUES (340,1,'N','C',4757,341,'2022-11-04 06:24:58','I',NULL,'15',NULL,NULL,NULL,NULL,NULL,NULL,0,NULL,NULL,NULL,NULL,NULL,NULL,NULL,NULL,NULL,'admin',0,'N','admin','2022-11-04 06:24:58','admin',NULL,1);
INSERT INTO `oh_admission` VALUES (341,1,'N','C',4758,342,'2022-11-04 01:47:59','I',NULL,'39',NULL,NULL,NULL,NULL,NULL,NULL,0,NULL,NULL,NULL,NULL,NULL,NULL,NULL,NULL,NULL,'admin',0,'N','admin','2022-11-04 01:47:59','admin',NULL,1);
INSERT INTO `oh_admission` VALUES (342,1,'N','C',4759,343,'2022-11-04 05:45:03','I',NULL,'39',NULL,NULL,NULL,NULL,NULL,NULL,0,NULL,NULL,NULL,NULL,NULL,NULL,NULL,NULL,NULL,'admin',0,'N','admin','2022-11-04 05:45:03','admin',NULL,1);
INSERT INTO `oh_admission` VALUES (343,0,'N','I',730,344,'2022-09-23 07:21:21','I',NULL,'87','87',NULL,NULL,'2022-10-11 19:45:22','EQ',NULL,0,NULL,NULL,NULL,NULL,NULL,NULL,NULL,NULL,NULL,'admin',0,'N','admin','2022-09-23 07:21:21','admin','2022-10-11 19:45:22',1);
INSERT INTO `oh_admission` VALUES (344,1,'P','M',1822,345,'2022-11-02 03:31:33','I',NULL,'39',NULL,NULL,NULL,NULL,NULL,NULL,0,NULL,NULL,'2022-11-02 08:11:36',NULL,NULL,NULL,NULL,NULL,NULL,'admin',1,'N','admin','2022-11-02 03:31:33','admin',NULL,1);
INSERT INTO `oh_admission` VALUES (345,1,'P','M',1823,346,'2022-11-02 03:33:45','I',NULL,'26',NULL,NULL,NULL,NULL,NULL,NULL,0,NULL,NULL,'2022-11-02 16:37:44',NULL,NULL,NULL,NULL,NULL,NULL,'admin',0,'N','admin','2022-11-02 03:33:45','admin',NULL,1);
INSERT INTO `oh_admission` VALUES (346,1,'P','M',1824,347,'2022-11-02 07:14:05','I',NULL,'26',NULL,NULL,NULL,NULL,NULL,NULL,0,NULL,NULL,'2022-11-04 10:29:52',NULL,NULL,NULL,NULL,NULL,NULL,'admin',0,'N','admin','2022-11-02 07:14:05','admin',NULL,1);
INSERT INTO `oh_admission` VALUES (347,1,'P','M',1825,348,'2022-11-02 01:29:11','I',NULL,'127',NULL,NULL,NULL,NULL,NULL,NULL,0,NULL,NULL,'2022-11-03 02:32:09','N',NULL,2.9,NULL,NULL,NULL,'admin',0,'N','admin','2022-11-02 01:29:11','admin',NULL,1);
INSERT INTO `oh_admission` VALUES (348,1,'P','M',1826,349,'2022-11-02 01:43:40','I',NULL,'46',NULL,NULL,NULL,NULL,NULL,NULL,0,NULL,NULL,'2022-11-03 05:07:10','N',NULL,3.9,NULL,NULL,NULL,'admin',0,'N','admin','2022-11-02 01:43:40','admin',NULL,1);
INSERT INTO `oh_admission` VALUES (349,1,'P','M',1827,350,'2022-11-03 04:10:48','I',NULL,'42',NULL,NULL,NULL,NULL,NULL,NULL,0,'2022-11-04 18:37:27',NULL,'2022-11-05 17:55:24','C','A',3.14,NULL,NULL,NULL,'admin',0,'N','admin','2022-11-03 04:10:48','admin',NULL,1);
INSERT INTO `oh_admission` VALUES (350,1,'P','M',1828,351,'2022-10-26 07:43:00','I',NULL,'39',NULL,NULL,NULL,NULL,NULL,NULL,0,NULL,NULL,'2022-10-27 02:11:29',NULL,NULL,NULL,NULL,NULL,NULL,'admin',0,'N','admin','2022-10-26 07:43:00','admin',NULL,1);
INSERT INTO `oh_admission` VALUES (351,1,'P','M',1829,352,'2022-11-03 02:02:38','I',NULL,'58',NULL,NULL,NULL,NULL,NULL,NULL,0,NULL,NULL,'2022-11-03 05:07:13','N','A',4.1,NULL,NULL,NULL,'admin',0,'N','admin','2022-11-03 02:02:38','admin',NULL,1);
INSERT INTO `oh_admission` VALUES (352,0,'P','M',1830,353,'2022-11-03 03:04:08','I',NULL,'26','26',NULL,NULL,'2022-11-05 17:54:55','EQ',NULL,0,NULL,NULL,'2022-11-04 17:52:35','V','S',NULL,NULL,NULL,NULL,'admin',0,'N','admin','2022-11-03 03:04:08','admin','2022-11-05 17:54:55',1);
INSERT INTO `oh_admission` VALUES (353,1,'P','M',1831,354,'2022-11-03 01:12:48','I',NULL,'66',NULL,NULL,NULL,NULL,NULL,NULL,0,NULL,NULL,'2022-11-03 18:57:41','C','A',2,NULL,NULL,NULL,'admin',0,'N','admin','2022-11-03 01:12:48','admin',NULL,1);
INSERT INTO `oh_admission` VALUES (354,1,'P','M',1832,355,'2022-11-03 04:51:36','I',NULL,'127',NULL,NULL,NULL,NULL,NULL,NULL,0,NULL,NULL,'2022-11-03 07:22:43','C','A',2.6,NULL,NULL,NULL,'admin',0,'N','admin','2022-11-03 04:51:36','admin',NULL,1);
INSERT INTO `oh_admission` VALUES (355,1,'P','M',1833,356,'2022-11-04 04:39:35','I',NULL,'47',NULL,NULL,NULL,NULL,NULL,NULL,0,NULL,NULL,'2022-11-06 03:56:35','N','A',3.7,NULL,NULL,NULL,'admin',0,'N','admin','2022-11-04 04:39:35','admin',NULL,1);
INSERT INTO `oh_admission` VALUES (356,1,'P','M',1834,357,'2022-11-04 00:43:07','I',NULL,'26',NULL,NULL,NULL,NULL,NULL,NULL,0,NULL,NULL,'2022-11-04 21:30:45',NULL,NULL,NULL,NULL,NULL,NULL,'admin',0,'N','admin','2022-11-04 00:43:07','admin',NULL,1);
INSERT INTO `oh_admission` VALUES (357,1,'P','M',1835,358,'2022-11-04 05:36:52','I',NULL,'26',NULL,NULL,NULL,NULL,NULL,NULL,0,NULL,NULL,'2022-11-04 23:40:01','C','A',3.1,NULL,NULL,NULL,'admin',0,'N','admin','2022-11-04 05:36:52','admin',NULL,1);
INSERT INTO `oh_admission` VALUES (358,1,'P','M',1836,359,'2022-11-04 01:55:00','I',NULL,'47',NULL,NULL,NULL,NULL,NULL,NULL,0,NULL,NULL,'2022-11-06 05:43:51',NULL,NULL,NULL,NULL,NULL,NULL,'admin',0,'N','admin','2022-11-04 01:55:00','admin',NULL,1);
INSERT INTO `oh_admission` VALUES (359,1,'P','M',1837,360,'2022-11-05 00:44:23','I',NULL,'42',NULL,NULL,NULL,NULL,NULL,NULL,0,NULL,NULL,'2022-11-07 05:35:10','N','A',3.44,NULL,NULL,NULL,'admin',0,'N','admin','2022-11-05 00:44:23','admin',NULL,1);
INSERT INTO `oh_admission` VALUES (360,1,'P','M',1838,361,'2022-11-05 05:56:57','I',NULL,'16',NULL,NULL,NULL,NULL,NULL,NULL,0,NULL,NULL,'2022-11-06 10:40:20','N','B',NULL,NULL,NULL,NULL,'admin',3,'N','admin','2022-11-05 05:56:57','admin',NULL,1);
INSERT INTO `oh_admission` VALUES (361,1,'P','M',1839,362,'2022-11-06 03:31:36','I',NULL,'58',NULL,NULL,NULL,NULL,NULL,NULL,0,NULL,NULL,'2022-11-06 12:32:09','N','A',3.56,NULL,NULL,NULL,'admin',0,'N','admin','2022-11-06 03:31:36','admin',NULL,1);
INSERT INTO `oh_admission` VALUES (362,1,'P','M',1840,363,'2022-11-06 07:47:09','I',NULL,'46',NULL,NULL,NULL,NULL,NULL,NULL,0,NULL,NULL,'2022-11-07 06:35:45','C','A',NULL,NULL,NULL,NULL,'admin',1,'N','admin','2022-11-06 07:47:09','admin',NULL,1);
INSERT INTO `oh_admission` VALUES (363,1,'P','M',1841,364,'2022-11-06 04:20:59','I',NULL,'66',NULL,NULL,NULL,NULL,NULL,NULL,0,NULL,NULL,'2022-11-07 19:18:21','C',NULL,NULL,NULL,NULL,NULL,'admin',0,'N','admin','2022-11-06 04:20:59','admin',NULL,1);
INSERT INTO `oh_admission` VALUES (364,1,'P','M',1842,365,'2022-11-06 06:23:27','I',NULL,'39',NULL,NULL,NULL,NULL,NULL,NULL,0,NULL,NULL,'2022-11-08 04:40:28',NULL,NULL,NULL,NULL,NULL,NULL,'admin',0,'N','admin','2022-11-06 06:23:27','admin',NULL,1);
INSERT INTO `oh_admission` VALUES (366,1,'P','M',1843,366,'2022-11-06 02:54:18','I',NULL,'42',NULL,NULL,NULL,NULL,NULL,NULL,0,NULL,NULL,'2022-11-08 13:23:19','N','A',3.33,NULL,NULL,NULL,'admin',0,'N','admin','2022-11-06 02:54:18','admin',NULL,1);
INSERT INTO `oh_admission` VALUES (367,1,'P','M',1844,367,'2022-11-06 03:21:10','I',NULL,'16',NULL,NULL,NULL,NULL,NULL,NULL,0,NULL,NULL,'2022-11-06 04:51:13','N','A',3.08,NULL,NULL,NULL,'admin',0,'N','admin','2022-11-06 03:21:10','admin',NULL,1);
INSERT INTO `oh_admission` VALUES (368,1,'P','M',1845,368,'2022-11-06 00:02:55','I',NULL,'58',NULL,NULL,NULL,NULL,NULL,NULL,0,NULL,NULL,'2022-11-08 08:02:05','C','A',3.2,NULL,NULL,NULL,'admin',1,'N','admin','2022-11-06 00:02:55','admin',NULL,1);
INSERT INTO `oh_admission` VALUES (369,1,'P','M',1846,369,'2022-11-06 06:11:07','I',NULL,'16',NULL,NULL,NULL,NULL,NULL,NULL,0,NULL,NULL,'2022-11-08 01:32:50','N','A',3.7,NULL,NULL,NULL,'admin',0,'N','admin','2022-11-06 06:11:07','admin',NULL,1);
INSERT INTO `oh_admission` VALUES (370,1,'P','M',1847,370,'2022-11-07 06:46:52','I',NULL,'46',NULL,NULL,NULL,NULL,NULL,NULL,0,NULL,NULL,'2022-11-07 07:33:54','N','A',3.05,NULL,NULL,NULL,'admin',0,'N','admin','2022-11-07 06:46:52','admin',NULL,1);
INSERT INTO `oh_admission` VALUES (371,1,'N','F',0,371,'2022-11-02 07:20:57','I',NULL,'48',NULL,NULL,NULL,NULL,NULL,NULL,0,NULL,NULL,NULL,NULL,NULL,NULL,NULL,NULL,NULL,'admin',0,'N','admin','2022-11-02 07:20:57','admin',NULL,1);
INSERT INTO `oh_admission` VALUES (372,1,'N','F',0,373,'2022-11-02 00:24:12','I',NULL,'44',NULL,NULL,NULL,NULL,NULL,NULL,0,NULL,NULL,NULL,NULL,NULL,NULL,NULL,NULL,NULL,'admin',0,'N','admin','2022-11-02 00:24:12','admin',NULL,1);
INSERT INTO `oh_admission` VALUES (373,1,'N','I',887,372,'2022-11-01 03:58:09','I',NULL,'84',NULL,NULL,NULL,NULL,NULL,NULL,0,NULL,NULL,NULL,NULL,NULL,NULL,NULL,NULL,NULL,'admin',0,'N','admin','2022-11-01 03:58:09','admin',NULL,1);
INSERT INTO `oh_admission` VALUES (374,1,'N','F',0,374,'2022-11-03 02:38:10','I',NULL,'44',NULL,NULL,NULL,NULL,NULL,NULL,0,NULL,NULL,NULL,NULL,NULL,NULL,NULL,NULL,NULL,'admin',0,'N','admin','2022-11-03 02:38:10','admin',NULL,1);
INSERT INTO `oh_admission` VALUES (375,1,'N','I',888,375,'2022-11-01 01:16:23','I',NULL,'16',NULL,NULL,NULL,NULL,NULL,NULL,0,NULL,NULL,NULL,NULL,NULL,NULL,NULL,NULL,NULL,'admin',0,'N','admin','2022-11-01 01:16:23','admin',NULL,1);
INSERT INTO `oh_admission` VALUES (376,1,'N','F',764,376,'2022-11-04 06:27:26','I',NULL,'48',NULL,NULL,NULL,NULL,NULL,NULL,0,NULL,NULL,NULL,NULL,NULL,NULL,NULL,NULL,NULL,'admin',0,'N','admin','2022-11-04 06:27:26','admin',NULL,1);
INSERT INTO `oh_admission` VALUES (377,1,'N','F',765,377,'2022-11-04 04:28:00','I',NULL,'39',NULL,NULL,NULL,NULL,NULL,NULL,0,NULL,NULL,NULL,NULL,NULL,NULL,NULL,NULL,NULL,'admin',0,'N','admin','2022-11-04 04:28:00','admin',NULL,1);
INSERT INTO `oh_admission` VALUES (378,1,'N','I',894,378,'2022-11-03 02:57:44','R',NULL,'84',NULL,NULL,NULL,NULL,NULL,NULL,0,NULL,NULL,NULL,NULL,NULL,NULL,NULL,NULL,NULL,'admin',0,'N','admin','2022-11-03 02:57:44','admin',NULL,1);
INSERT INTO `oh_admission` VALUES (379,1,'N','C',4760,380,'2022-11-04 01:24:42','I',NULL,'39',NULL,NULL,NULL,NULL,NULL,NULL,0,NULL,NULL,NULL,NULL,NULL,NULL,NULL,NULL,NULL,'admin',1,'N','admin','2022-11-04 01:24:42','admin',NULL,1);
INSERT INTO `oh_admission` VALUES (380,1,'N','I',895,381,'2022-11-04 06:10:16','I',NULL,'39',NULL,NULL,NULL,NULL,NULL,NULL,0,NULL,NULL,NULL,NULL,NULL,NULL,NULL,NULL,NULL,'admin',0,'N','admin','2022-11-04 06:10:16','admin',NULL,1);
INSERT INTO `oh_admission` VALUES (381,1,'N','F',766,379,'2022-11-04 02:37:15','I',NULL,'48','48',NULL,NULL,NULL,NULL,NULL,0,NULL,NULL,NULL,NULL,NULL,NULL,NULL,NULL,NULL,'admin',0,'N','admin','2022-11-04 02:37:15','admin',NULL,1);
INSERT INTO `oh_admission` VALUES (382,1,'N','C',4761,382,'2022-11-04 02:35:30','I',NULL,'39',NULL,NULL,NULL,NULL,NULL,NULL,0,NULL,NULL,NULL,NULL,NULL,NULL,NULL,NULL,NULL,'admin',1,'N','admin','2022-11-04 02:35:30','admin',NULL,1);
INSERT INTO `oh_admission` VALUES (383,1,'N','I',896,383,'2022-11-04 05:05:42','I',NULL,'104',NULL,NULL,NULL,NULL,NULL,NULL,0,NULL,NULL,NULL,NULL,NULL,NULL,NULL,NULL,NULL,'admin',0,'N','admin','2022-11-04 05:05:42','admin',NULL,1);
INSERT INTO `oh_admission` VALUES (384,1,'N','F',767,384,'2022-11-04 01:42:02','I',NULL,'48',NULL,NULL,NULL,NULL,NULL,NULL,0,NULL,NULL,NULL,NULL,NULL,NULL,NULL,NULL,NULL,'admin',0,'N','admin','2022-11-04 01:42:02','admin',NULL,1);
INSERT INTO `oh_admission` VALUES (385,1,'N','C',4762,386,'2022-11-04 01:13:05','I',NULL,'39',NULL,NULL,NULL,NULL,NULL,NULL,0,NULL,NULL,NULL,NULL,NULL,NULL,NULL,NULL,NULL,'admin',1,'N','admin','2022-11-04 01:13:05','admin',NULL,1);
INSERT INTO `oh_admission` VALUES (386,1,'N','C',897,385,'2022-11-04 00:59:18','I',NULL,'49',NULL,NULL,NULL,NULL,NULL,NULL,0,NULL,NULL,NULL,NULL,NULL,NULL,NULL,NULL,NULL,'admin',0,'N','admin','2022-11-04 00:59:18','admin',NULL,1);
INSERT INTO `oh_admission` VALUES (387,1,'N','C',4763,388,'2022-11-04 01:17:15','I',NULL,'39',NULL,NULL,NULL,NULL,NULL,NULL,0,NULL,NULL,NULL,NULL,NULL,NULL,NULL,NULL,NULL,'admin',0,'N','admin','2022-11-04 01:17:15','admin',NULL,1);
INSERT INTO `oh_admission` VALUES (388,1,'N','I',898,389,'2022-11-04 03:28:22','I',NULL,'15',NULL,NULL,NULL,NULL,NULL,NULL,0,NULL,NULL,NULL,NULL,NULL,NULL,NULL,NULL,NULL,'admin',0,'N','admin','2022-11-04 03:28:22','admin',NULL,1);
INSERT INTO `oh_admission` VALUES (389,1,'N','F',768,387,'2022-11-04 05:30:07','I',NULL,'86',NULL,NULL,NULL,NULL,NULL,NULL,0,NULL,NULL,NULL,NULL,NULL,NULL,NULL,NULL,NULL,'admin',0,'N','admin','2022-11-04 05:30:07','admin',NULL,1);
INSERT INTO `oh_admission` VALUES (390,1,'N','C',4764,390,'2022-11-04 01:05:30','I',NULL,'39',NULL,NULL,NULL,NULL,NULL,NULL,0,NULL,NULL,NULL,NULL,NULL,NULL,NULL,NULL,NULL,'admin',0,'N','admin','2022-11-04 01:05:30','admin',NULL,1);
INSERT INTO `oh_admission` VALUES (391,1,'N','F',769,391,'2022-11-05 04:57:09','I',NULL,'3',NULL,NULL,NULL,NULL,NULL,NULL,0,NULL,NULL,NULL,NULL,NULL,NULL,NULL,NULL,NULL,'admin',0,'N','admin','2022-11-05 04:57:09','admin',NULL,1);
INSERT INTO `oh_admission` VALUES (392,1,'N','F',781,302,'2022-11-04 05:29:15','I',NULL,'39',NULL,NULL,NULL,NULL,NULL,NULL,0,NULL,NULL,NULL,NULL,NULL,NULL,NULL,NULL,NULL,'admin',1,'N','admin','2022-11-04 05:29:15','admin',NULL,1);
INSERT INTO `oh_admission` VALUES (393,1,'N','C',4765,392,'2022-11-04 04:34:48','I',NULL,'15',NULL,NULL,NULL,NULL,NULL,NULL,0,NULL,NULL,NULL,NULL,NULL,NULL,NULL,NULL,NULL,'admin',0,'N','admin','2022-11-04 04:34:48','admin',NULL,1);
INSERT INTO `oh_admission` VALUES (394,1,'N','F',770,393,'2022-11-06 06:26:18','I',NULL,'48',NULL,NULL,NULL,NULL,NULL,NULL,0,NULL,NULL,NULL,NULL,NULL,NULL,NULL,NULL,NULL,'admin',0,'N','admin','2022-11-06 06:26:18','admin',NULL,1);
INSERT INTO `oh_admission` VALUES (395,1,'N','I',900,394,'2022-11-06 02:27:04','I',NULL,'49',NULL,NULL,NULL,NULL,NULL,NULL,0,NULL,NULL,NULL,NULL,NULL,NULL,NULL,NULL,NULL,'admin',0,'N','admin','2022-11-06 02:27:04','admin',NULL,1);
INSERT INTO `oh_admission` VALUES (396,1,'N','C',4766,396,'2022-11-05 00:56:27','I',NULL,'39',NULL,NULL,NULL,NULL,NULL,NULL,0,NULL,NULL,NULL,NULL,NULL,NULL,NULL,NULL,NULL,'admin',0,'N','admin','2022-11-05 00:56:27','admin',NULL,1);
INSERT INTO `oh_admission` VALUES (397,1,'N','F',771,397,'2022-11-06 05:21:02','I',NULL,'39',NULL,NULL,NULL,NULL,NULL,NULL,0,NULL,NULL,NULL,NULL,NULL,NULL,NULL,NULL,NULL,'admin',0,'N','admin','2022-11-06 05:21:02','admin',NULL,1);
INSERT INTO `oh_admission` VALUES (398,1,'N','C',4767,395,'2022-11-05 07:55:51','I',NULL,'39',NULL,NULL,NULL,NULL,NULL,NULL,0,NULL,NULL,NULL,NULL,NULL,NULL,NULL,NULL,NULL,'admin',0,'N','admin','2022-11-05 07:55:51','admin',NULL,1);
INSERT INTO `oh_admission` VALUES (399,1,'N','F',772,399,'2022-11-06 07:36:08','I',NULL,'16',NULL,NULL,NULL,NULL,NULL,NULL,0,NULL,NULL,NULL,NULL,NULL,NULL,NULL,NULL,NULL,'admin',0,'N','admin','2022-11-06 07:36:08','admin',NULL,1);
INSERT INTO `oh_admission` VALUES (400,1,'N','C',4768,400,'2022-11-05 06:13:09','I',NULL,'39',NULL,NULL,NULL,NULL,NULL,NULL,0,NULL,NULL,NULL,NULL,NULL,NULL,NULL,NULL,NULL,'admin',0,'N','admin','2022-11-05 06:13:09','admin',NULL,1);
INSERT INTO `oh_admission` VALUES (401,1,'N','F',773,401,'2022-11-06 00:17:22','I',NULL,'16',NULL,NULL,NULL,NULL,NULL,NULL,0,NULL,NULL,NULL,NULL,NULL,NULL,NULL,NULL,NULL,'admin',0,'N','admin','2022-11-06 00:17:22','admin',NULL,1);
INSERT INTO `oh_admission` VALUES (402,1,'N','C',4769,402,'2022-11-05 06:47:21','I',NULL,'39',NULL,NULL,NULL,NULL,NULL,NULL,0,NULL,NULL,NULL,NULL,NULL,NULL,NULL,NULL,NULL,'admin',0,'N','admin','2022-11-05 06:47:21','admin',NULL,1);
INSERT INTO `oh_admission` VALUES (403,1,'N','C',901,398,'2022-11-06 01:04:41','I',NULL,'48',NULL,NULL,NULL,NULL,NULL,NULL,0,NULL,NULL,NULL,NULL,NULL,NULL,NULL,NULL,NULL,'admin',0,'N','admin','2022-11-06 01:04:41','admin',NULL,1);
INSERT INTO `oh_admission` VALUES (404,1,'N','I',917,403,'2022-11-06 01:01:23','I',NULL,'15',NULL,NULL,NULL,NULL,NULL,NULL,0,NULL,NULL,NULL,NULL,NULL,NULL,NULL,NULL,NULL,'admin',1,'N','admin','2022-11-06 01:01:23','admin',NULL,1);
INSERT INTO `oh_admission` VALUES (405,1,'N','C',4770,404,'2022-11-05 01:52:53','I',NULL,'39',NULL,NULL,NULL,NULL,NULL,NULL,0,NULL,NULL,NULL,NULL,NULL,NULL,NULL,NULL,NULL,'admin',0,'N','admin','2022-11-05 01:52:53','admin',NULL,1);
INSERT INTO `oh_admission` VALUES (406,1,'N','F',775,406,'2022-11-06 06:20:15','I',NULL,'110',NULL,NULL,NULL,NULL,NULL,NULL,0,NULL,NULL,NULL,NULL,NULL,NULL,NULL,NULL,NULL,'admin',0,'N','admin','2022-11-06 06:20:15','admin',NULL,1);
INSERT INTO `oh_admission` VALUES (407,1,'N','I',902,405,'2022-11-06 02:02:38','I',NULL,'39',NULL,NULL,NULL,NULL,NULL,NULL,0,NULL,NULL,NULL,NULL,NULL,NULL,NULL,NULL,NULL,'admin',1,'N','admin','2022-11-06 02:02:38','admin',NULL,1);
INSERT INTO `oh_admission` VALUES (408,1,'N','C',4771,407,'2022-11-05 07:12:26','I',NULL,'39',NULL,NULL,NULL,NULL,NULL,NULL,0,NULL,NULL,NULL,NULL,NULL,NULL,NULL,NULL,NULL,'admin',0,'N','admin','2022-11-05 07:12:26','admin',NULL,1);
INSERT INTO `oh_admission` VALUES (409,1,'N','F',776,408,'2022-11-06 05:54:17','I',NULL,'81',NULL,NULL,NULL,NULL,NULL,NULL,0,NULL,NULL,NULL,NULL,NULL,NULL,NULL,NULL,NULL,'admin',0,'N','admin','2022-11-06 05:54:17','admin',NULL,1);
INSERT INTO `oh_admission` VALUES (410,1,'N','C',4772,410,'2022-11-05 07:54:06','I',NULL,'39',NULL,NULL,NULL,NULL,NULL,NULL,0,NULL,NULL,NULL,NULL,NULL,NULL,NULL,NULL,NULL,'admin',0,'N','admin','2022-11-05 07:54:06','admin',NULL,1);
INSERT INTO `oh_admission` VALUES (411,1,'N','F',777,411,'2022-11-07 05:47:40','I',NULL,'105',NULL,NULL,NULL,NULL,NULL,NULL,0,NULL,NULL,NULL,NULL,NULL,NULL,NULL,NULL,NULL,'admin',0,'N','admin','2022-11-07 05:47:40','admin',NULL,1);
INSERT INTO `oh_admission` VALUES (412,1,'N','I',903,409,'2022-11-06 05:16:03','I',NULL,'47',NULL,NULL,NULL,NULL,NULL,NULL,0,NULL,NULL,NULL,NULL,NULL,NULL,NULL,NULL,NULL,'admin',0,'N','admin','2022-11-06 05:16:03','admin',NULL,1);
INSERT INTO `oh_admission` VALUES (413,1,'N','C',4773,412,'2022-11-05 00:57:15','R',NULL,'39',NULL,NULL,NULL,NULL,NULL,NULL,0,NULL,NULL,NULL,NULL,NULL,NULL,NULL,NULL,NULL,'admin',0,'N','admin','2022-11-05 00:57:15','admin',NULL,1);
INSERT INTO `oh_admission` VALUES (414,1,'N','I',904,413,'2022-11-06 04:58:08','I',NULL,'42',NULL,NULL,NULL,NULL,NULL,NULL,0,NULL,NULL,NULL,NULL,NULL,NULL,NULL,NULL,NULL,'admin',0,'N','admin','2022-11-06 04:58:08','admin',NULL,1);
INSERT INTO `oh_admission` VALUES (415,1,'N','I',905,414,'2022-11-06 05:58:55','I',NULL,'47',NULL,NULL,NULL,NULL,NULL,NULL,0,NULL,NULL,NULL,NULL,NULL,NULL,NULL,NULL,NULL,'admin',0,'N','admin','2022-11-06 05:58:55','admin',NULL,1);
INSERT INTO `oh_admission` VALUES (416,1,'N','C',4774,415,'2022-11-05 07:00:09','I',NULL,'39',NULL,NULL,NULL,NULL,NULL,NULL,0,NULL,NULL,NULL,NULL,NULL,NULL,NULL,NULL,NULL,'admin',0,'N','admin','2022-11-05 07:00:09','admin',NULL,1);
INSERT INTO `oh_admission` VALUES (417,1,'N','I',906,416,'2022-11-06 01:04:03','I',NULL,'60',NULL,NULL,NULL,NULL,NULL,NULL,0,NULL,NULL,NULL,NULL,NULL,NULL,NULL,NULL,NULL,'admin',0,'N','admin','2022-11-06 01:04:03','admin',NULL,1);
INSERT INTO `oh_admission` VALUES (418,1,'N','C',4775,417,'2022-11-05 00:19:50','I',NULL,'15',NULL,NULL,NULL,NULL,NULL,NULL,0,NULL,NULL,NULL,NULL,NULL,NULL,NULL,NULL,NULL,'admin',0,'N','admin','2022-11-05 00:19:50','admin',NULL,1);
INSERT INTO `oh_admission` VALUES (419,1,'N','C',4776,418,'2022-11-05 06:26:59','I',NULL,'39',NULL,NULL,NULL,NULL,NULL,NULL,0,NULL,NULL,NULL,NULL,NULL,NULL,NULL,NULL,NULL,'admin',0,'N','admin','2022-11-05 06:26:59','admin',NULL,1);
INSERT INTO `oh_admission` VALUES (420,1,'N','C',4777,420,'2022-11-05 07:15:27','I',NULL,'39',NULL,NULL,NULL,NULL,NULL,NULL,0,NULL,NULL,NULL,NULL,NULL,NULL,NULL,NULL,NULL,'admin',0,'N','admin','2022-11-05 07:15:27','admin',NULL,1);
INSERT INTO `oh_admission` VALUES (421,1,'N','I',907,419,'2022-11-06 00:56:16','I',NULL,'90',NULL,NULL,NULL,NULL,NULL,NULL,0,NULL,NULL,NULL,NULL,NULL,NULL,NULL,NULL,NULL,'admin',0,'N','admin','2022-11-06 00:56:16','admin',NULL,1);
INSERT INTO `oh_admission` VALUES (422,1,'N','C',4778,421,'2022-11-05 06:55:00','I',NULL,'15',NULL,NULL,NULL,NULL,NULL,NULL,0,NULL,NULL,NULL,NULL,NULL,NULL,NULL,NULL,NULL,'admin',1,'N','admin','2022-11-05 06:55:00','admin',NULL,1);
INSERT INTO `oh_admission` VALUES (423,1,'N','I',908,422,'2022-11-06 07:46:15','I',NULL,'39',NULL,NULL,NULL,NULL,NULL,NULL,0,NULL,NULL,NULL,NULL,NULL,NULL,NULL,NULL,NULL,'admin',0,'N','admin','2022-11-06 07:46:15','admin',NULL,1);
INSERT INTO `oh_admission` VALUES (424,1,'N','I',909,423,'2022-11-07 02:06:13','I',NULL,'90',NULL,NULL,NULL,NULL,NULL,NULL,0,NULL,NULL,NULL,NULL,NULL,NULL,NULL,NULL,NULL,'admin',0,'N','admin','2022-11-07 02:06:13','admin',NULL,1);
INSERT INTO `oh_admission` VALUES (425,1,'N','I',910,424,'2022-11-07 03:12:22','I',NULL,'39',NULL,NULL,NULL,NULL,NULL,NULL,0,NULL,NULL,NULL,NULL,NULL,NULL,NULL,NULL,NULL,'admin',0,'N','admin','2022-11-07 03:12:22','admin',NULL,1);
INSERT INTO `oh_admission` VALUES (426,1,'N','C',4779,426,'2022-11-05 01:43:12','I',NULL,'39',NULL,NULL,NULL,NULL,NULL,NULL,0,NULL,NULL,NULL,NULL,NULL,NULL,NULL,NULL,NULL,'admin',0,'N','admin','2022-11-05 01:43:12','admin',NULL,1);
INSERT INTO `oh_admission` VALUES (427,1,'N','C',4780,427,'2022-11-05 06:58:52','I',NULL,'39',NULL,NULL,NULL,NULL,NULL,NULL,0,NULL,NULL,NULL,NULL,NULL,NULL,NULL,NULL,NULL,'admin',0,'N','admin','2022-11-05 06:58:52','admin',NULL,1);
INSERT INTO `oh_admission` VALUES (428,1,'N','C',4781,428,'2022-11-06 05:44:47','I',NULL,'39',NULL,NULL,NULL,NULL,NULL,NULL,0,NULL,NULL,NULL,NULL,NULL,NULL,NULL,NULL,NULL,'admin',0,'N','admin','2022-11-06 05:44:47','admin',NULL,1);
INSERT INTO `oh_admission` VALUES (429,1,'N','C',4782,429,'2022-11-08 07:47:17','I',NULL,'39',NULL,NULL,NULL,NULL,NULL,NULL,0,NULL,NULL,NULL,NULL,NULL,NULL,NULL,NULL,NULL,'admin',0,'N','admin','2022-11-08 07:47:17','admin',NULL,1);
INSERT INTO `oh_admission` VALUES (430,1,'N','C',4783,430,'2022-11-06 05:42:06','I',NULL,'39',NULL,NULL,NULL,NULL,NULL,NULL,0,NULL,NULL,NULL,NULL,NULL,NULL,NULL,NULL,NULL,'admin',0,'N','admin','2022-11-06 05:42:06','admin',NULL,1);
INSERT INTO `oh_admission` VALUES (431,1,'N','C',4784,431,'2022-11-06 05:08:39','I',NULL,'39',NULL,NULL,NULL,NULL,NULL,NULL,0,NULL,NULL,NULL,NULL,NULL,NULL,NULL,NULL,NULL,'admin',0,'N','admin','2022-11-06 05:08:39','admin',NULL,1);
INSERT INTO `oh_admission` VALUES (432,1,'N','C',4785,432,'2022-11-06 00:36:57','I',NULL,'39',NULL,NULL,NULL,NULL,NULL,NULL,0,NULL,NULL,NULL,NULL,NULL,NULL,NULL,NULL,NULL,'admin',0,'N','admin','2022-11-06 00:36:57','admin',NULL,1);
INSERT INTO `oh_admission` VALUES (433,1,'N','C',4786,433,'2022-11-06 03:38:47','I',NULL,'39',NULL,NULL,NULL,NULL,NULL,NULL,0,NULL,NULL,NULL,NULL,NULL,NULL,NULL,NULL,NULL,'admin',0,'N','admin','2022-11-06 03:38:47','admin',NULL,1);
INSERT INTO `oh_admission` VALUES (434,1,'N','C',4787,434,'2022-11-06 00:23:07','I',NULL,'39',NULL,NULL,NULL,NULL,NULL,NULL,0,NULL,NULL,NULL,NULL,NULL,NULL,NULL,NULL,NULL,'admin',0,'N','admin','2022-11-06 00:23:07','admin',NULL,1);
INSERT INTO `oh_admission` VALUES (435,1,'N','C',4788,435,'2022-11-06 06:59:15','I',NULL,'39',NULL,NULL,NULL,NULL,NULL,NULL,0,NULL,NULL,NULL,NULL,NULL,NULL,NULL,NULL,NULL,'admin',0,'N','admin','2022-11-06 06:59:15','admin',NULL,1);
INSERT INTO `oh_admission` VALUES (436,1,'N','C',4789,436,'2022-11-08 01:46:52','I',NULL,'39',NULL,NULL,NULL,NULL,NULL,NULL,0,NULL,NULL,NULL,NULL,NULL,NULL,NULL,NULL,NULL,'admin',0,'N','admin','2022-11-08 01:46:52','admin',NULL,1);
INSERT INTO `oh_admission` VALUES (437,1,'N','C',4790,437,'2022-11-06 03:56:38','I',NULL,'39',NULL,NULL,NULL,NULL,NULL,NULL,0,NULL,NULL,NULL,NULL,NULL,NULL,NULL,NULL,NULL,'admin',0,'N','admin','2022-11-06 03:56:38','admin',NULL,1);
INSERT INTO `oh_admission` VALUES (438,1,'N','C',4791,438,'2022-11-06 06:22:35','I',NULL,'39',NULL,NULL,NULL,NULL,NULL,NULL,0,NULL,NULL,NULL,NULL,NULL,NULL,NULL,NULL,NULL,'admin',0,'N','admin','2022-11-06 06:22:35','admin',NULL,1);
INSERT INTO `oh_admission` VALUES (439,1,'N','C',4792,439,'2022-11-06 04:02:58','I',NULL,'30',NULL,NULL,NULL,NULL,NULL,NULL,0,NULL,NULL,NULL,NULL,NULL,NULL,NULL,NULL,NULL,'admin',0,'N','admin','2022-11-06 04:02:58','admin',NULL,1);
INSERT INTO `oh_admission` VALUES (440,1,'N','C',4793,440,'2022-11-06 01:07:09','I',NULL,'39',NULL,NULL,NULL,NULL,NULL,NULL,0,NULL,NULL,NULL,NULL,NULL,NULL,NULL,NULL,NULL,'admin',0,'N','admin','2022-11-06 01:07:09','admin',NULL,1);
INSERT INTO `oh_admission` VALUES (441,1,'N','C',4794,441,'2022-11-06 01:26:51','I',NULL,'39',NULL,NULL,NULL,NULL,NULL,NULL,0,NULL,NULL,NULL,NULL,NULL,NULL,NULL,NULL,NULL,'admin',0,'N','admin','2022-11-06 01:26:51','admin',NULL,1);
INSERT INTO `oh_admission` VALUES (442,1,'N','C',4795,442,'2022-11-07 03:52:47','I',NULL,'61',NULL,NULL,NULL,NULL,NULL,NULL,0,NULL,NULL,NULL,NULL,NULL,NULL,NULL,NULL,NULL,'admin',0,'N','admin','2022-11-07 03:52:47','admin',NULL,1);
INSERT INTO `oh_admission` VALUES (443,1,'N','C',4796,443,'2022-11-07 07:03:24','I',NULL,'39',NULL,NULL,NULL,NULL,NULL,NULL,0,NULL,NULL,NULL,NULL,NULL,NULL,NULL,NULL,NULL,'admin',0,'N','admin','2022-11-07 07:03:24','admin',NULL,1);
INSERT INTO `oh_admission` VALUES (444,1,'N','C',4797,444,'2022-11-07 07:38:41','I',NULL,'30',NULL,NULL,NULL,NULL,NULL,NULL,0,NULL,NULL,NULL,NULL,NULL,NULL,NULL,NULL,NULL,'admin',0,'N','admin','2022-11-07 07:38:41','admin',NULL,1);
INSERT INTO `oh_admission` VALUES (445,1,'N','C',4798,445,'2022-11-07 01:03:10','I',NULL,'47',NULL,NULL,NULL,NULL,NULL,NULL,0,NULL,NULL,NULL,NULL,NULL,NULL,NULL,NULL,NULL,'admin',0,'N','admin','2022-11-07 01:03:10','admin',NULL,1);
INSERT INTO `oh_admission` VALUES (446,1,'N','C',4799,446,'2022-11-07 06:19:49','I',NULL,'39',NULL,NULL,NULL,NULL,NULL,NULL,0,NULL,NULL,NULL,NULL,NULL,NULL,NULL,NULL,NULL,'admin',0,'N','admin','2022-11-07 06:19:49','admin',NULL,1);
INSERT INTO `oh_admission` VALUES (447,1,'N','C',4800,447,'2022-11-07 04:29:34','I',NULL,'39',NULL,NULL,NULL,NULL,NULL,NULL,0,NULL,NULL,NULL,NULL,NULL,NULL,NULL,NULL,NULL,'admin',0,'N','admin','2022-11-07 04:29:34','admin',NULL,1);
INSERT INTO `oh_admission` VALUES (448,1,'N','C',4801,448,'2022-11-07 03:28:24','I',NULL,'39',NULL,NULL,NULL,NULL,NULL,NULL,0,NULL,NULL,NULL,NULL,NULL,NULL,NULL,NULL,NULL,'admin',0,'N','admin','2022-11-07 03:28:24','admin',NULL,1);
INSERT INTO `oh_admission` VALUES (449,1,'N','C',4802,449,'2022-11-07 03:53:17','I',NULL,'23',NULL,NULL,NULL,NULL,NULL,NULL,0,NULL,NULL,NULL,NULL,NULL,NULL,NULL,NULL,NULL,'admin',0,'N','admin','2022-11-07 03:53:17','admin',NULL,1);
INSERT INTO `oh_admission` VALUES (450,1,'N','C',4803,450,'2022-11-07 01:01:16','I',NULL,'39',NULL,NULL,NULL,NULL,NULL,NULL,0,NULL,NULL,NULL,NULL,NULL,NULL,NULL,NULL,NULL,'admin',0,'N','admin','2022-11-07 01:01:16','admin',NULL,1);
INSERT INTO `oh_admission` VALUES (451,1,'N','C',4804,451,'2022-11-07 01:26:28','I',NULL,'39',NULL,NULL,NULL,NULL,NULL,NULL,0,NULL,NULL,NULL,NULL,NULL,NULL,NULL,NULL,NULL,'admin',0,'N','admin','2022-11-07 01:26:28','admin',NULL,1);
INSERT INTO `oh_admission` VALUES (452,1,'N','C',4805,452,'2022-11-07 04:08:34','I',NULL,'39',NULL,NULL,NULL,NULL,NULL,NULL,0,NULL,NULL,NULL,NULL,NULL,NULL,NULL,NULL,NULL,'admin',0,'N','admin','2022-11-07 04:08:34','admin',NULL,1);
INSERT INTO `oh_admission` VALUES (453,1,'N','C',4806,453,'2022-11-07 00:23:25','I',NULL,'39',NULL,NULL,NULL,NULL,NULL,NULL,0,NULL,NULL,NULL,NULL,NULL,NULL,NULL,NULL,NULL,'admin',0,'N','admin','2022-11-07 00:23:25','admin',NULL,1);
INSERT INTO `oh_admission` VALUES (454,1,'N','C',4807,454,'2022-11-07 05:31:24','I',NULL,'47',NULL,NULL,NULL,NULL,NULL,NULL,0,NULL,NULL,NULL,NULL,NULL,NULL,NULL,NULL,NULL,'admin',0,'N','admin','2022-11-07 05:31:24','admin',NULL,1);
INSERT INTO `oh_admission` VALUES (455,1,'N','C',4808,455,'2022-11-07 02:26:46','I',NULL,'42',NULL,NULL,NULL,NULL,NULL,NULL,0,NULL,NULL,NULL,NULL,NULL,NULL,NULL,NULL,NULL,'admin',0,'N','admin','2022-11-07 02:26:46','admin',NULL,1);
INSERT INTO `oh_admission` VALUES (456,1,'N','C',4809,456,'2022-11-07 03:39:37','I',NULL,'58',NULL,NULL,NULL,NULL,NULL,NULL,0,NULL,NULL,NULL,NULL,NULL,NULL,NULL,NULL,NULL,'admin',0,'N','admin','2022-11-07 03:39:37','admin',NULL,1);
INSERT INTO `oh_admission` VALUES (457,1,'N','C',4810,457,'2022-11-07 02:57:46','I',NULL,'127',NULL,NULL,NULL,NULL,NULL,NULL,0,NULL,NULL,NULL,NULL,NULL,NULL,NULL,NULL,NULL,'admin',0,'N','admin','2022-11-07 02:57:46','admin',NULL,1);
INSERT INTO `oh_admission` VALUES (458,1,'N','C',4811,458,'2022-11-07 03:50:03','I',NULL,'16',NULL,NULL,NULL,NULL,NULL,NULL,0,NULL,NULL,NULL,NULL,NULL,NULL,NULL,NULL,NULL,'admin',0,'N','admin','2022-11-07 03:50:03','admin',NULL,1);
INSERT INTO `oh_admission` VALUES (459,1,'N','C',4812,459,'2022-11-08 02:16:56','I',NULL,'39',NULL,NULL,NULL,NULL,NULL,NULL,0,NULL,NULL,NULL,NULL,NULL,NULL,NULL,NULL,NULL,'admin',0,'N','admin','2022-11-08 02:16:56','admin',NULL,1);
INSERT INTO `oh_admission` VALUES (460,1,'N','C',4813,460,'2022-11-07 07:54:32','I',NULL,'39',NULL,NULL,NULL,NULL,NULL,NULL,0,NULL,NULL,NULL,NULL,NULL,NULL,NULL,NULL,NULL,'admin',0,'N','admin','2022-11-07 07:54:32','admin',NULL,1);
INSERT INTO `oh_admission` VALUES (461,1,'N','C',4814,461,'2022-11-07 00:41:51','I',NULL,'47',NULL,NULL,NULL,NULL,NULL,NULL,0,NULL,NULL,NULL,NULL,NULL,NULL,NULL,NULL,NULL,'admin',0,'N','admin','2022-11-07 00:41:51','admin',NULL,1);
INSERT INTO `oh_admission` VALUES (462,1,'N','F',778,462,'2022-11-08 03:45:39','I',NULL,'48',NULL,NULL,NULL,NULL,NULL,NULL,0,NULL,NULL,NULL,NULL,NULL,NULL,NULL,NULL,NULL,'admin',0,'N','admin','2022-11-08 03:45:39','admin',NULL,1);
INSERT INTO `oh_admission` VALUES (463,1,'N','F',779,463,'2022-11-08 00:42:45','I',NULL,'48',NULL,NULL,NULL,NULL,NULL,NULL,0,NULL,NULL,NULL,NULL,NULL,NULL,NULL,NULL,NULL,'admin',0,'N','admin','2022-11-08 00:42:45','admin',NULL,1);
INSERT INTO `oh_admission` VALUES (464,1,'N','F',780,464,'2022-11-08 00:16:46','I',NULL,'16',NULL,NULL,NULL,NULL,NULL,NULL,0,NULL,NULL,NULL,NULL,NULL,NULL,NULL,NULL,NULL,'admin',0,'N','admin','2022-11-08 00:16:46','admin',NULL,1);
INSERT INTO `oh_admission` VALUES (465,1,'N','C',912,465,'2022-11-08 07:15:35','I',NULL,'49',NULL,NULL,NULL,NULL,NULL,NULL,0,NULL,NULL,NULL,NULL,NULL,NULL,NULL,NULL,NULL,'admin',0,'N','admin','2022-11-08 07:15:35','admin',NULL,1);
INSERT INTO `oh_admission` VALUES (466,1,'N','C',4815,466,'2022-11-08 03:27:37','I',NULL,'39',NULL,NULL,NULL,NULL,NULL,NULL,0,NULL,NULL,NULL,NULL,NULL,NULL,NULL,NULL,NULL,'admin',0,'N','admin','2022-11-08 03:27:37','admin',NULL,1);
INSERT INTO `oh_admission` VALUES (467,1,'N','C',913,467,'2022-11-08 03:31:21','I',NULL,'90',NULL,NULL,NULL,NULL,NULL,NULL,0,NULL,NULL,NULL,NULL,NULL,NULL,NULL,NULL,NULL,'admin',0,'N','admin','2022-11-08 03:31:21','admin',NULL,1);
INSERT INTO `oh_admission` VALUES (468,1,'N','I',914,469,'2022-11-08 07:13:56','I',NULL,'16',NULL,NULL,NULL,NULL,NULL,NULL,0,NULL,NULL,NULL,NULL,NULL,NULL,NULL,NULL,NULL,'admin',0,'N','admin','2022-11-08 07:13:56','admin',NULL,1);
INSERT INTO `oh_admission` VALUES (469,1,'N','I',915,470,'2022-11-08 01:35:35','I',NULL,'90',NULL,NULL,NULL,NULL,NULL,NULL,0,NULL,NULL,NULL,NULL,NULL,NULL,NULL,NULL,NULL,'admin',0,'N','admin','2022-11-08 01:35:35','admin',NULL,1);
INSERT INTO `oh_admission` VALUES (470,1,'N','C',4816,471,'2022-11-08 02:16:10','I',NULL,'39',NULL,NULL,NULL,NULL,NULL,NULL,0,NULL,NULL,NULL,NULL,NULL,NULL,NULL,NULL,NULL,'admin',0,'N','admin','2022-11-08 02:16:10','admin',NULL,1);
INSERT INTO `oh_admission` VALUES (471,1,'N','C',4817,472,'2022-11-08 06:34:05','I',NULL,'39',NULL,NULL,NULL,NULL,NULL,NULL,0,NULL,NULL,NULL,NULL,NULL,NULL,NULL,NULL,NULL,'admin',0,'N','admin','2022-11-08 06:34:05','admin',NULL,1);
INSERT INTO `oh_admission` VALUES (472,1,'N','C',4818,473,'2022-11-08 02:01:57','I',NULL,'39',NULL,NULL,NULL,NULL,NULL,NULL,0,NULL,NULL,NULL,NULL,NULL,NULL,NULL,NULL,NULL,'admin',0,'N','admin','2022-11-08 02:01:57','admin',NULL,1);
INSERT INTO `oh_admission` VALUES (473,1,'N','C',4819,474,'2022-11-08 06:27:31','I',NULL,'39',NULL,NULL,NULL,NULL,NULL,NULL,0,NULL,NULL,NULL,NULL,NULL,NULL,NULL,NULL,NULL,'admin',0,'N','admin','2022-11-08 06:27:31','admin',NULL,1);
INSERT INTO `oh_admission` VALUES (474,1,'N','C',4820,475,'2022-11-08 02:11:41','I',NULL,'39',NULL,NULL,NULL,NULL,NULL,NULL,0,NULL,NULL,NULL,NULL,NULL,NULL,NULL,NULL,NULL,'admin',0,'N','admin','2022-11-08 02:11:41','admin',NULL,1);
INSERT INTO `oh_admission` VALUES (475,1,'N','C',4821,476,'2022-11-08 07:35:56','I',NULL,'39',NULL,NULL,NULL,NULL,NULL,NULL,0,NULL,NULL,NULL,NULL,NULL,NULL,NULL,NULL,NULL,'admin',0,'N','admin','2022-11-08 07:35:56','admin',NULL,1);
INSERT INTO `oh_admission` VALUES (476,1,'N','C',4822,477,'2022-11-08 07:24:35','I',NULL,'39',NULL,NULL,NULL,NULL,NULL,NULL,0,NULL,NULL,NULL,NULL,NULL,NULL,NULL,NULL,NULL,'admin',0,'N','admin','2022-11-08 07:24:35','admin',NULL,1);
INSERT INTO `oh_admission` VALUES (477,1,'N','C',4823,479,'2022-11-08 06:15:06','I',NULL,'39',NULL,NULL,NULL,NULL,NULL,NULL,0,NULL,NULL,NULL,NULL,NULL,NULL,NULL,NULL,NULL,'admin',0,'N','admin','2022-11-08 06:15:06','admin',NULL,1);
INSERT INTO `oh_admission` VALUES (478,1,'N','C',4824,480,'2022-11-08 01:01:49','I',NULL,'39',NULL,NULL,NULL,NULL,NULL,NULL,0,NULL,NULL,NULL,NULL,NULL,NULL,NULL,NULL,NULL,'admin',0,'N','admin','2022-11-08 01:01:49','admin',NULL,1);
INSERT INTO `oh_admission` VALUES (479,1,'N','C',4825,482,'2022-11-08 02:23:45','I',NULL,'39',NULL,NULL,NULL,NULL,NULL,NULL,0,NULL,NULL,NULL,NULL,NULL,NULL,NULL,NULL,NULL,'admin',0,'N','admin','2022-11-08 02:23:45','admin',NULL,1);
INSERT INTO `oh_admission` VALUES (480,0,'N','C',4555,483,'2022-10-22 00:53:21','I',NULL,'39','39',NULL,NULL,'2022-11-03 20:18:33','EQ',NULL,0,NULL,NULL,NULL,NULL,NULL,NULL,NULL,NULL,NULL,'admin',0,'N','admin','2022-10-22 00:53:21','admin','2022-11-03 20:18:33',1);
INSERT INTO `oh_admission` VALUES (481,0,'N','C',4603,484,'2022-10-25 05:15:28','I',NULL,'30','30',NULL,NULL,'2022-11-03 23:47:58','EQ',NULL,0,NULL,NULL,NULL,NULL,NULL,NULL,NULL,NULL,NULL,'admin',0,'N','admin','2022-10-25 05:15:28','admin','2022-11-03 23:47:58',1);
INSERT INTO `oh_admission` VALUES (482,0,'N','C',4655,485,'2022-10-28 07:37:16','I',NULL,'39','39',NULL,NULL,'2022-11-03 20:04:08','EQ',NULL,0,NULL,NULL,NULL,NULL,NULL,NULL,NULL,NULL,NULL,'admin',0,'N','admin','2022-10-28 07:37:16','admin','2022-11-03 20:04:08',1);
INSERT INTO `oh_admission` VALUES (483,0,'N','C',4981,486,'2022-10-30 06:20:00','I',NULL,'39','39',NULL,NULL,'2022-11-03 18:56:47','EQ',NULL,0,NULL,NULL,NULL,NULL,NULL,NULL,NULL,NULL,NULL,'admin',0,'N','admin','2022-10-30 06:20:00','admin','2022-11-03 18:56:47',1);
INSERT INTO `oh_admission` VALUES (484,0,'N','C',4666,487,'2022-10-29 00:48:09','I',NULL,'39','39',NULL,NULL,'2022-11-03 17:31:32','EQ',NULL,0,NULL,NULL,NULL,NULL,NULL,NULL,NULL,NULL,NULL,'admin',0,'N','admin','2022-10-29 00:48:09','admin','2022-11-03 17:31:32',1);
INSERT INTO `oh_admission` VALUES (485,0,'N','C',4581,488,'2022-10-24 01:00:48','I',NULL,'49','49',NULL,NULL,'2022-11-03 20:47:21','EQ',NULL,0,NULL,NULL,NULL,NULL,NULL,NULL,NULL,NULL,NULL,'admin',0,'N','admin','2022-10-24 01:00:48','admin','2022-11-03 20:47:21',1);
INSERT INTO `oh_admission` VALUES (486,0,'N','C',4875,489,'2022-10-30 02:39:35','I',NULL,'87','87',NULL,NULL,'2022-11-03 20:22:09','EQ',NULL,0,NULL,NULL,NULL,NULL,NULL,NULL,NULL,NULL,NULL,'admin',0,'N','admin','2022-10-30 02:39:35','admin','2022-11-03 20:22:09',1);
INSERT INTO `oh_admission` VALUES (487,0,'N','C',4665,490,'2022-10-29 02:15:28','I',NULL,'39','39',NULL,NULL,'2022-11-03 22:28:40','EQ',NULL,0,NULL,NULL,NULL,NULL,NULL,NULL,NULL,NULL,NULL,'admin',0,'N','admin','2022-10-29 02:15:28','admin','2022-11-03 22:28:40',1);
INSERT INTO `oh_admission` VALUES (488,0,'N','C',4642,491,'2022-10-27 03:18:38','I',NULL,'39','39',NULL,NULL,'2022-11-02 20:16:54','EQ',NULL,0,NULL,NULL,NULL,NULL,NULL,NULL,NULL,NULL,NULL,'admin',0,'N','admin','2022-10-27 03:18:38','admin','2022-11-02 20:16:54',1);
INSERT INTO `oh_admission` VALUES (489,0,'N','C',4653,492,'2022-10-28 01:46:46','I',NULL,'39','39',NULL,NULL,'2022-11-02 23:58:31','EQ',NULL,0,NULL,NULL,NULL,NULL,NULL,NULL,NULL,NULL,NULL,'admin',0,'N','admin','2022-10-28 01:46:46','admin','2022-11-02 23:58:31',1);
INSERT INTO `oh_admission` VALUES (490,0,'N','C',4636,493,'2022-01-27 06:57:57','I',NULL,'39','39',NULL,NULL,'2022-11-02 21:01:52','EQ',NULL,0,NULL,NULL,NULL,NULL,NULL,NULL,NULL,NULL,NULL,'admin',0,'N','admin','2022-01-27 06:57:57','admin','2022-11-02 21:01:52',1);
INSERT INTO `oh_admission` VALUES (491,0,'N','C',4494,494,'2022-10-19 05:29:27','I',NULL,'30','30',NULL,NULL,'2022-11-02 23:13:47','EQ',NULL,0,NULL,NULL,NULL,NULL,NULL,NULL,NULL,NULL,NULL,'admin',1,'N','admin','2022-10-19 05:29:27','admin','2022-11-02 23:13:47',1);
INSERT INTO `oh_admission` VALUES (492,0,'N','C',4586,495,'2022-10-24 06:33:23','I',NULL,'39','39',NULL,NULL,'2022-11-02 22:03:17','EQ',NULL,0,NULL,NULL,NULL,NULL,NULL,NULL,NULL,NULL,NULL,'admin',0,'N','admin','2022-10-24 06:33:23','admin','2022-11-02 22:03:17',1);
INSERT INTO `oh_admission` VALUES (493,0,'N','C',4610,496,'2022-10-25 00:18:35','I',NULL,'30','30',NULL,NULL,'2022-11-02 23:35:07','EQ',NULL,0,NULL,NULL,NULL,NULL,NULL,NULL,NULL,NULL,NULL,'admin',0,'N','admin','2022-10-25 00:18:35','admin','2022-11-02 23:35:07',1);
INSERT INTO `oh_admission` VALUES (494,0,'N','C',4986,497,'2022-10-30 05:52:47','I',NULL,'39','39',NULL,NULL,'2022-11-02 20:45:39','EQ',NULL,0,NULL,NULL,NULL,NULL,NULL,NULL,NULL,NULL,NULL,'admin',0,'N','admin','2022-10-30 05:52:47','admin','2022-11-02 20:45:39',1);
INSERT INTO `oh_admission` VALUES (495,0,'N','C',4404,498,'2022-10-15 04:28:10','I',NULL,'40','40',NULL,NULL,'2022-11-02 23:02:57','EQ',NULL,0,NULL,NULL,NULL,NULL,NULL,NULL,NULL,NULL,NULL,'admin',0,'N','admin','2022-10-15 04:28:10','admin','2022-11-02 23:02:57',1);
INSERT INTO `oh_admission` VALUES (496,0,'N','C',4650,499,'2022-10-28 04:42:29','I',NULL,'39','39',NULL,NULL,'2022-11-02 21:57:48','EQ',NULL,0,NULL,NULL,NULL,NULL,NULL,NULL,NULL,NULL,NULL,'admin',0,'N','admin','2022-10-28 04:42:29','admin','2022-11-02 21:57:48',1);
INSERT INTO `oh_admission` VALUES (497,0,'N','C',4961,500,'2022-10-29 02:07:58','I',NULL,'39','39',NULL,NULL,'2022-11-02 23:40:08','EQ',NULL,0,NULL,NULL,NULL,NULL,NULL,NULL,NULL,NULL,NULL,'admin',0,'N','admin','2022-10-29 02:07:58','admin','2022-11-02 23:40:08',1);
INSERT INTO `oh_admission` VALUES (498,0,'N','C',4713,501,'2022-11-01 04:32:21','I',NULL,'39','39',NULL,NULL,'2022-11-02 21:27:16','D',NULL,0,NULL,NULL,NULL,NULL,NULL,NULL,NULL,NULL,NULL,'admin',1,'Y','admin','2022-11-01 04:32:21','admin','2022-11-02 21:27:16',1);
INSERT INTO `oh_admission` VALUES (499,0,'N','C',4731,502,'2022-11-02 00:17:52','I',NULL,'39','39',NULL,NULL,'2022-11-02 19:15:54','D',NULL,0,NULL,NULL,NULL,NULL,NULL,NULL,NULL,NULL,NULL,'admin',0,'N','admin','2022-11-02 00:17:52','admin','2022-11-02 19:15:54',1);
INSERT INTO `oh_admission` VALUES (500,0,'N','C',4550,503,'2022-10-22 03:52:18','I',NULL,'39','39',NULL,NULL,'2022-11-03 21:57:44','EQ',NULL,0,NULL,NULL,NULL,NULL,NULL,NULL,NULL,NULL,NULL,'admin',0,'N','admin','2022-10-22 03:52:18','admin','2022-11-03 21:57:44',1);
INSERT INTO `oh_admission` VALUES (501,0,'N','C',4987,504,'2022-10-02 02:27:55','I',NULL,'81','81',NULL,NULL,'2022-11-02 21:00:56','EQ',NULL,0,NULL,NULL,NULL,NULL,NULL,NULL,NULL,NULL,NULL,'admin',0,'N','admin','2022-10-02 02:27:55','admin','2022-11-02 21:00:56',1);
INSERT INTO `oh_admission` VALUES (502,0,'N','C',4952,505,'2022-10-28 00:42:39','I',NULL,'39','39',NULL,NULL,'2022-11-02 22:11:29','EQ',NULL,0,NULL,NULL,NULL,NULL,NULL,NULL,NULL,NULL,NULL,'admin',0,'N','admin','2022-10-28 00:42:39','admin','2022-11-02 22:11:29',1);
INSERT INTO `oh_admission` VALUES (503,0,'N','C',4628,506,'2022-10-25 04:09:33','I',NULL,'39','39',NULL,NULL,'2022-11-02 23:54:38','EQ',NULL,0,NULL,NULL,NULL,NULL,NULL,NULL,NULL,NULL,NULL,'admin',0,'N','admin','2022-10-25 04:09:33','admin','2022-11-02 23:54:38',1);
INSERT INTO `oh_admission` VALUES (504,0,'N','I',757,507,'2022-10-31 02:39:49','I',NULL,'39','29',NULL,NULL,'2022-11-01 21:58:40','D',NULL,0,NULL,NULL,NULL,NULL,NULL,NULL,NULL,NULL,NULL,'admin',0,'N','admin','2022-10-31 02:39:49','admin','2022-11-01 21:58:40',1);
INSERT INTO `oh_admission` VALUES (505,0,'N','F',753,508,'2022-10-27 00:50:25','I',NULL,'12','12',NULL,NULL,'2022-11-02 21:09:28','EQ',NULL,0,NULL,NULL,NULL,NULL,NULL,NULL,NULL,NULL,NULL,'admin',0,'N','admin','2022-10-27 00:50:25','admin','2022-11-02 21:09:28',1);
INSERT INTO `oh_admission` VALUES (506,1,'N','I',916,501,'2022-11-19 01:20:25','A',NULL,'106',NULL,NULL,NULL,NULL,NULL,NULL,NULL,NULL,NULL,NULL,NULL,NULL,NULL,NULL,NULL,NULL,'admin',1,'Y','admin','2022-11-19 01:20:25','admin',NULL,1);
INSERT INTO `oh_admission` VALUES (507,1,'N','I',918,522,'2022-11-22 17:58:14','I',NULL,'58',NULL,NULL,NULL,NULL,NULL,NULL,NULL,NULL,NULL,NULL,NULL,NULL,NULL,NULL,NULL,NULL,'admin',0,'N','admin','2022-11-22 17:58:14','admin',NULL,1);
INSERT INTO `oh_admission` VALUES (508,1,'N','F',1,533,'2021-11-09 14:46:07','I',NULL,'13',NULL,NULL,NULL,NULL,NULL,NULL,NULL,NULL,NULL,NULL,NULL,NULL,NULL,NULL,NULL,NULL,'admin',0,'N','admin','2021-11-09 14:46:07','admin',NULL,1);
INSERT INTO `oh_admission` VALUES (509,1,'N','F',2,539,'2021-11-09 17:43:06','R',NULL,'28',NULL,NULL,NULL,NULL,NULL,NULL,NULL,NULL,NULL,NULL,NULL,NULL,NULL,NULL,NULL,NULL,'admin',0,'N','admin','2021-11-09 17:43:06','admin',NULL,1);
INSERT INTO `oh_admission` VALUES (510,1,'N','F',3,540,'2021-11-09 18:29:23','A',NULL,'117',NULL,NULL,NULL,NULL,NULL,NULL,NULL,NULL,NULL,NULL,NULL,NULL,NULL,NULL,NULL,NULL,'admin',0,'N','admin','2021-11-09 18:29:23','admin',NULL,1);
INSERT INTO `oh_admission` VALUES (511,1,'N','I',1,542,'2021-11-10 17:09:12','I',NULL,'49',NULL,NULL,NULL,NULL,NULL,NULL,NULL,NULL,NULL,NULL,NULL,NULL,NULL,NULL,NULL,NULL,'admin',0,'N','admin','2021-11-10 17:09:12','admin',NULL,1);
INSERT INTO `oh_admission` VALUES (512,1,'N','F',1,553,'2023-02-04 02:27:00','A',NULL,'49',NULL,NULL,NULL,NULL,NULL,NULL,NULL,NULL,NULL,NULL,NULL,NULL,NULL,NULL,NULL,NULL,'admin',0,'N','admin','2023-02-04 02:27:51','admin','2023-02-04 02:27:51',1);
INSERT INTO `oh_admission` VALUES (513,1,'N','M',1,566,'2026-01-14 17:05:00','I',NULL,'116',NULL,NULL,NULL,NULL,NULL,NULL,NULL,'2026-01-14 17:05:00',NULL,'2026-01-14 17:05:00',NULL,NULL,NULL,NULL,NULL,NULL,'admin',0,'N','admin','2026-01-14 17:06:31','admin','2026-01-14 17:06:31',1);
/*!40000 ALTER TABLE `oh_admission` ENABLE KEYS */;
UNLOCK TABLES;

--
-- Table structure for table `oh_admissiontype`
--

DROP TABLE IF EXISTS `oh_admissiontype`;
/*!40101 SET @saved_cs_client     = @@character_set_client */;
/*!40101 SET character_set_client = utf8mb4 */;
CREATE TABLE `oh_admissiontype` (
  `ADMT_ID_A` varchar(10) NOT NULL,
  `ADMT_DESC` varchar(50) NOT NULL,
  `ADMT_CREATED_BY` varchar(50) DEFAULT NULL,
  `ADMT_CREATED_DATE` datetime DEFAULT NULL,
  `ADMT_LAST_MODIFIED_BY` varchar(50) DEFAULT NULL,
  `ADMT_LAST_MODIFIED_DATE` datetime DEFAULT NULL,
  `ADMT_ACTIVE` tinyint(1) NOT NULL DEFAULT 1,
  PRIMARY KEY (`ADMT_ID_A`),
  KEY `FK_ADMISSIONTYPE_CREATED_BY_IDX` (`ADMT_CREATED_BY`),
  KEY `FK_ADMISSIONTYPE_LAST_MODIFIED_BY_IDX` (`ADMT_LAST_MODIFIED_BY`),
  CONSTRAINT `FK_ADMISSIONTYPE_CREATED_BY` FOREIGN KEY (`ADMT_CREATED_BY`) REFERENCES `oh_user` (`US_ID_A`) ON DELETE NO ACTION ON UPDATE NO ACTION,
  CONSTRAINT `FK_ADMISSIONTYPE_LAST_MODIFIED_BY` FOREIGN KEY (`ADMT_LAST_MODIFIED_BY`) REFERENCES `oh_user` (`US_ID_A`) ON DELETE NO ACTION ON UPDATE NO ACTION
) ENGINE=InnoDB DEFAULT CHARSET=utf8mb3 COLLATE=utf8mb3_general_ci;
/*!40101 SET character_set_client = @saved_cs_client */;

--
-- Dumping data for table `oh_admissiontype`
--

LOCK TABLES `oh_admissiontype` WRITE;
/*!40000 ALTER TABLE `oh_admissiontype` DISABLE KEYS */;
INSERT INTO `oh_admissiontype` VALUES ('A','AMBULANCE',NULL,NULL,NULL,NULL,1);
INSERT INTO `oh_admissiontype` VALUES ('I','SELF',NULL,NULL,NULL,NULL,1);
INSERT INTO `oh_admissiontype` VALUES ('R','REFERRAL',NULL,NULL,NULL,NULL,1);
/*!40000 ALTER TABLE `oh_admissiontype` ENABLE KEYS */;
UNLOCK TABLES;

--
-- Table structure for table `oh_agetype`
--

DROP TABLE IF EXISTS `oh_agetype`;
/*!40101 SET @saved_cs_client     = @@character_set_client */;
/*!40101 SET character_set_client = utf8mb4 */;
CREATE TABLE `oh_agetype` (
  `AT_CODE` varchar(4) NOT NULL DEFAULT '',
  `AT_FROM` int(11) NOT NULL DEFAULT 0,
  `AT_TO` int(11) NOT NULL DEFAULT 0,
  `AT_DESC` varchar(100) NOT NULL DEFAULT '',
  `AT_CREATED_BY` varchar(50) DEFAULT NULL,
  `AT_CREATED_DATE` datetime DEFAULT NULL,
  `AT_LAST_MODIFIED_BY` varchar(50) DEFAULT NULL,
  `AT_LAST_MODIFIED_DATE` datetime DEFAULT NULL,
  `AT_ACTIVE` tinyint(1) NOT NULL DEFAULT 1,
  `AT_LOCK` int(11) NOT NULL DEFAULT 0,
  PRIMARY KEY (`AT_CODE`),
  KEY `FK_AGETYPE_CREATED_BY_IDX` (`AT_CREATED_BY`),
  KEY `FK_AGETYPE_LAST_MODIFIED_BY_IDX` (`AT_LAST_MODIFIED_BY`),
  CONSTRAINT `FK_AGETYPE_CREATED_BY` FOREIGN KEY (`AT_CREATED_BY`) REFERENCES `oh_user` (`US_ID_A`) ON DELETE NO ACTION ON UPDATE NO ACTION,
  CONSTRAINT `FK_AGETYPE_LAST_MODIFIED_BY` FOREIGN KEY (`AT_LAST_MODIFIED_BY`) REFERENCES `oh_user` (`US_ID_A`) ON DELETE NO ACTION ON UPDATE NO ACTION
) ENGINE=InnoDB DEFAULT CHARSET=utf8mb3 COLLATE=utf8mb3_general_ci;
/*!40101 SET character_set_client = @saved_cs_client */;

--
-- Dumping data for table `oh_agetype`
--

LOCK TABLES `oh_agetype` WRITE;
/*!40000 ALTER TABLE `oh_agetype` DISABLE KEYS */;
INSERT INTO `oh_agetype` VALUES ('d0',0,0,'angal.agetype.newborn',NULL,NULL,NULL,NULL,1,0);
INSERT INTO `oh_agetype` VALUES ('d1',1,5,'angal.agetype.earlychildhood',NULL,NULL,NULL,NULL,1,0);
INSERT INTO `oh_agetype` VALUES ('d2',6,12,'angal.agetype.latechildhood',NULL,NULL,NULL,NULL,1,0);
INSERT INTO `oh_agetype` VALUES ('d3',13,24,'angal.agetype.adolescents',NULL,NULL,NULL,NULL,1,0);
INSERT INTO `oh_agetype` VALUES ('d4',25,59,'angal.agetype.adult',NULL,NULL,NULL,NULL,1,0);
INSERT INTO `oh_agetype` VALUES ('d5',60,99,'angal.agetype.elderly',NULL,NULL,NULL,NULL,1,0);
/*!40000 ALTER TABLE `oh_agetype` ENABLE KEYS */;
UNLOCK TABLES;

--
-- Table structure for table `oh_billitems`
--

DROP TABLE IF EXISTS `oh_billitems`;
/*!40101 SET @saved_cs_client     = @@character_set_client */;
/*!40101 SET character_set_client = utf8mb4 */;
CREATE TABLE `oh_billitems` (
  `BLI_ID` int(11) NOT NULL AUTO_INCREMENT,
  `BLI_ID_BILL` int(11) DEFAULT NULL,
  `BLI_IS_PRICE` tinyint(1) NOT NULL,
  `BLI_ID_PRICE` varchar(10) DEFAULT NULL,
  `BLI_ITEM_DESC` varchar(100) DEFAULT NULL,
  `BLI_ITEM_AMOUNT` double NOT NULL,
  `BLI_QTY` int(11) NOT NULL,
  `BLI_CREATED_BY` varchar(50) DEFAULT NULL,
  `BLI_CREATED_DATE` datetime DEFAULT NULL,
  `BLI_LAST_MODIFIED_BY` varchar(50) DEFAULT NULL,
  `BLI_LAST_MODIFIED_DATE` datetime DEFAULT NULL,
  `BLI_ACTIVE` tinyint(1) NOT NULL DEFAULT 1,
  PRIMARY KEY (`BLI_ID`),
  KEY `FK_BILLITEMS_BILLS` (`BLI_ID_BILL`),
  KEY `FK_BILLITEMS_CREATED_BY_IDX` (`BLI_CREATED_BY`),
  KEY `FK_BILLITEMS_LAST_MODIFIED_BY_IDX` (`BLI_LAST_MODIFIED_BY`),
  CONSTRAINT `FK_BILLITEMS_BILLS` FOREIGN KEY (`BLI_ID_BILL`) REFERENCES `oh_bills` (`BLL_ID`) ON DELETE CASCADE ON UPDATE CASCADE,
  CONSTRAINT `FK_BILLITEMS_CREATED_BY` FOREIGN KEY (`BLI_CREATED_BY`) REFERENCES `oh_user` (`US_ID_A`) ON DELETE NO ACTION ON UPDATE NO ACTION,
  CONSTRAINT `FK_BILLITEMS_LAST_MODIFIED_BY` FOREIGN KEY (`BLI_LAST_MODIFIED_BY`) REFERENCES `oh_user` (`US_ID_A`) ON DELETE NO ACTION ON UPDATE NO ACTION
) ENGINE=InnoDB AUTO_INCREMENT=209 DEFAULT CHARSET=utf8mb3 COLLATE=utf8mb3_general_ci;
/*!40101 SET character_set_client = @saved_cs_client */;

--
-- Dumping data for table `oh_billitems`
--

LOCK TABLES `oh_billitems` WRITE;
/*!40000 ALTER TABLE `oh_billitems` DISABLE KEYS */;
INSERT INTO `oh_billitems` VALUES (61,19,1,'EXA03.022','3.22 MICROFILARIA',12,1,'admin','2022-11-21 22:02:53','admin','2022-11-23 15:52:06',1);
INSERT INTO `oh_billitems` VALUES (62,19,1,'MED28','Trisodium Citrate',38,1,'admin','2022-11-21 22:02:53','admin','2022-11-23 15:52:06',1);
INSERT INTO `oh_billitems` VALUES (63,20,1,'MED219','Hydrocortisone 1% Ointment 15g',8,2,'admin','2022-11-21 22:05:25','admin','2022-11-23 15:49:20',1);
INSERT INTO `oh_billitems` VALUES (64,20,1,'EXA03.01','3.1 Blood Slide (Malaria)',10,1,'admin','2022-11-21 22:05:25','admin','2022-11-23 15:49:20',1);
INSERT INTO `oh_billitems` VALUES (65,21,1,'MED2','Acetic Acid Glacial 1 ltr',18,1,'admin','2022-11-21 22:08:16','admin','2022-11-23 15:49:16',1);
INSERT INTO `oh_billitems` VALUES (66,21,1,'EXA05.06','5.6 WAYSON',20,1,'admin','2022-11-21 22:08:16','admin','2022-11-23 15:49:16',1);
INSERT INTO `oh_billitems` VALUES (67,21,0,'','Special service',1,1,'admin','2022-11-21 22:08:16','admin','2022-11-21 22:08:16',1);
INSERT INTO `oh_billitems` VALUES (68,22,1,'MED111','Bendrofluazide 5mg Tab',12,2,'admin','2022-11-22 02:38:22','admin','2022-11-23 15:49:12',1);
INSERT INTO `oh_billitems` VALUES (69,22,1,'OPE15','Peritonitis',180,1,'admin','2022-11-22 02:38:22','admin','2022-11-23 15:49:12',1);
INSERT INTO `oh_billitems` VALUES (70,22,1,'OTH1','Amount per day',0,5,'admin','2022-11-22 02:38:22','admin','2022-11-22 02:38:22',1);
INSERT INTO `oh_billitems` VALUES (71,23,1,'MED127','Cimetidine 400mg Tab',60,4,'admin','2022-11-22 17:59:12','admin','2022-11-23 15:49:08',1);
INSERT INTO `oh_billitems` VALUES (72,23,1,'OPE25','uretheral stricture-bougienage',130,1,'admin','2022-11-22 17:59:12','admin','2022-11-23 19:44:50',1);
INSERT INTO `oh_billitems` VALUES (73,10,1,'MED163','Hyoscine 10mg Tab',13,1,'admin','2022-11-23 14:18:17','admin','2022-11-23 19:32:14',1);
INSERT INTO `oh_billitems` VALUES (74,10,1,'MED111','Bendrofluazide 5mg Tab',12,1,'admin','2022-11-23 14:20:53','admin','2022-11-23 19:32:14',1);
INSERT INTO `oh_billitems` VALUES (75,8,1,'OTH1','Amount per day',0,2,'admin','2022-11-23 14:33:21','admin','2022-11-23 14:33:21',1);
INSERT INTO `oh_billitems` VALUES (76,7,1,'MED412','Glucose Test Strips (Hyloguard)',0,4,'admin','2022-11-23 15:51:00','admin','2022-11-23 15:51:00',1);
INSERT INTO `oh_billitems` VALUES (77,7,1,'EXA03.01','3.1 Blood Slide (Malaria)',10,1,'admin','2022-11-23 15:51:00','admin','2022-11-23 15:51:00',1);
INSERT INTO `oh_billitems` VALUES (78,7,1,'EXA07.04.1','7.4.1 CREATININA',8,1,'admin','2022-11-23 15:51:00','admin','2022-11-23 15:51:00',1);
INSERT INTO `oh_billitems` VALUES (79,7,1,'EXA07.02','7.2 SUGAR',8,1,'admin','2022-11-23 15:51:00','admin','2022-11-23 15:51:00',1);
INSERT INTO `oh_billitems` VALUES (80,3,1,'MED77','Metoclopramide 5mg/ml 100ml Amp',0,2,'admin','2022-11-23 15:51:44','admin','2022-11-23 15:51:44',1);
INSERT INTO `oh_billitems` VALUES (81,3,1,'OPE44','Cholecystitis',0,1,'admin','2022-11-23 15:51:44','admin','2022-11-23 15:51:44',1);
INSERT INTO `oh_billitems` VALUES (82,6,1,'MED410','Creatinine 200ml (Calorimetric)',0,4,'admin','2022-11-23 15:53:07','admin','2022-11-23 15:53:07',1);
INSERT INTO `oh_billitems` VALUES (83,6,1,'EXA03.02','3.2 Blood Slide (OTHERS, E.G. TRIUPHANOSOMIAS, MICRIFILARIA, LEISHMANIA, BORRELIA)',12,1,'admin','2022-11-23 15:53:07','admin','2022-11-23 15:53:07',1);
INSERT INTO `oh_billitems` VALUES (84,5,1,'EXA01.03','1.3 Differential ',12,1,'admin','2022-11-23 15:53:46','admin','2022-11-23 15:53:46',1);
INSERT INTO `oh_billitems` VALUES (85,5,1,'MED91','Suxamethonium 500mg Vial',40,1,'admin','2022-11-23 15:53:46','admin','2022-11-23 19:41:34',1);
INSERT INTO `oh_billitems` VALUES (86,5,1,'MED388','Suture Silk (1) S595',6,2,'admin','2022-11-23 15:53:46','admin','2022-11-23 19:41:34',1);
INSERT INTO `oh_billitems` VALUES (87,4,1,'MED67','Insulin Mixtard 30/70 100IU/ml 5x3ml catridges',30,2,'admin','2022-11-23 15:54:16','admin','2022-11-23 15:54:16',1);
INSERT INTO `oh_billitems` VALUES (88,4,1,'EXA07.02','7.2 SUGAR',8,1,'admin','2022-11-23 15:54:16','admin','2022-11-23 15:54:16',1);
INSERT INTO `oh_billitems` VALUES (89,3,1,'EXA03.01','3.1 Blood Slide (Malaria)',10,1,'admin','2022-11-23 15:54:26','admin','2022-11-23 15:54:26',1);
INSERT INTO `oh_billitems` VALUES (90,26,1,'EXA03.01','3.1 Blood Slide (Malaria)',10,1,'admin','2022-11-23 16:01:45','admin','2022-11-23 16:01:45',1);
INSERT INTO `oh_billitems` VALUES (91,26,1,'MED118','Charcoal 250mg Tab',15,4,'admin','2022-11-23 16:01:45','admin','2022-11-23 19:08:42',1);
INSERT INTO `oh_billitems` VALUES (92,26,1,'MED415','Paracetamol 500 MG',22,2,'admin','2022-11-23 16:01:45','admin','2022-11-23 19:17:22',1);
INSERT INTO `oh_billitems` VALUES (93,1,1,'MED344','Nesk Support Small',20,1,'admin','2022-11-23 18:51:24','admin','2022-11-23 19:26:49',1);
INSERT INTO `oh_billitems` VALUES (94,1,1,'EXA07.03.1','7.3.1 BILIRUBIN TOTAL',8,1,'admin','2022-11-23 18:51:24','admin','2022-11-23 18:51:24',1);
INSERT INTO `oh_billitems` VALUES (95,2,1,'MED273','Adhesive Tape 2.5cm x 5m',0,1,'admin','2022-11-23 18:52:12','admin','2022-11-23 18:52:12',1);
INSERT INTO `oh_billitems` VALUES (96,2,1,'OPE51','Debridement',0,1,'admin','2022-11-23 18:52:12','admin','2022-11-23 18:52:12',1);
INSERT INTO `oh_billitems` VALUES (97,2,1,'EXA02.01','2.1 Grouping',10,1,'admin','2022-11-23 18:52:12','admin','2022-11-23 18:52:12',1);
INSERT INTO `oh_billitems` VALUES (98,2,1,'EXA04.02','4.2 C&S FOR SALMONELA TYPHI',18,1,'admin','2022-11-23 18:52:12','admin','2022-11-23 18:52:12',1);
INSERT INTO `oh_billitems` VALUES (99,24,1,'MED81','Pethidine 100mg/ml 2ml Amp',32,2,'admin','2022-11-23 18:53:11','admin','2022-11-23 19:19:16',1);
INSERT INTO `oh_billitems` VALUES (100,24,1,'EXA04.03','4.3 C&S FOR VIBRO CHOLERA',18,1,'admin','2022-11-23 18:53:11','admin','2022-11-23 18:53:11',1);
INSERT INTO `oh_billitems` VALUES (101,24,1,'MED171','Ranitidine 150mg Tab',27,2,'admin','2022-11-23 18:53:11','admin','2022-11-23 19:19:16',1);
INSERT INTO `oh_billitems` VALUES (102,25,1,'MED42','Amphotericin B 50mg Vial',0,1,'admin','2022-11-23 18:53:45','admin','2022-11-23 18:53:45',1);
INSERT INTO `oh_billitems` VALUES (103,25,1,'MED408','Anti Serum AB 10ml',8,2,'admin','2022-11-23 18:53:45','admin','2022-11-23 18:53:45',1);
INSERT INTO `oh_billitems` VALUES (104,25,1,'EXA04.01','4.1 CULTURE AND SENSITIVITY (C&S) FOR HAEMOPHILUS INFUENZA TYPE B',18,1,'admin','2022-11-23 18:53:45','admin','2022-11-23 18:53:45',1);
INSERT INTO `oh_billitems` VALUES (105,23,1,'MED4','Copper 11 Sulphate 500g',21,4,'admin','2022-11-23 19:21:25','admin','2022-11-23 19:23:43',1);
INSERT INTO `oh_billitems` VALUES (106,27,1,'MED111','Bendrofluazide 5mg Tab',12,2,'admin','2021-03-13 22:44:52','admin','2021-03-13 22:44:52',1);
INSERT INTO `oh_billitems` VALUES (107,27,1,'EXA05.05','5.5 ZN',20,1,'admin','2021-03-13 22:44:52','admin','2021-03-13 22:44:52',1);
INSERT INTO `oh_billitems` VALUES (108,28,1,'MED130','Cloxacillin 250mg Tab',0,2,'admin','2021-03-13 22:46:25','admin','2021-03-13 22:46:25',1);
INSERT INTO `oh_billitems` VALUES (109,28,1,'MED79','Morphine 15mg/ml 1ml Amp',0,1,'admin','2021-03-13 22:46:25','admin','2021-03-13 22:46:25',1);
INSERT INTO `oh_billitems` VALUES (110,28,1,'EXA07.04.2','7.4.2 UREA',8,1,'admin','2021-03-13 22:46:25','admin','2021-03-13 22:46:25',1);
INSERT INTO `oh_billitems` VALUES (111,28,0,'','test',1,1,'admin','2021-03-13 22:46:25','admin','2021-03-13 22:46:25',1);
INSERT INTO `oh_billitems` VALUES (112,29,1,'OPE34','Epigastrical Hernia',100,1,'admin','2021-03-15 00:52:24','admin','2021-03-15 00:52:24',1);
INSERT INTO `oh_billitems` VALUES (113,29,1,'MED273','Adhesive Tape 2.5cm x 5m',1,4,'admin','2021-03-15 00:52:24','admin','2021-03-15 00:52:24',1);
INSERT INTO `oh_billitems` VALUES (114,29,1,'MED94','Thiopental Sodium 500mg Vial',0,1,'admin','2021-03-15 00:52:24','admin','2021-03-15 00:52:24',1);
INSERT INTO `oh_billitems` VALUES (115,30,1,'OPE47','Upper limb',200,1,'admin','2021-03-15 00:53:12','admin','2021-03-15 00:53:12',1);
INSERT INTO `oh_billitems` VALUES (116,30,1,'MED250','Needles Luer G20 Disposable',0,2,'admin','2021-03-15 00:53:12','admin','2021-03-15 00:53:12',1);
INSERT INTO `oh_billitems` VALUES (117,30,1,'MED173','Salbutamol 4mg Tab',0,1,'admin','2021-03-15 00:53:12','admin','2021-03-15 00:53:12',1);
INSERT INTO `oh_billitems` VALUES (118,31,1,'MED96','Sodium Chloride 0.9% IV 500ml',0,1,'admin','2021-03-15 00:54:12','admin','2021-03-15 00:54:12',1);
INSERT INTO `oh_billitems` VALUES (119,31,1,'MED27','Sodium Carbonate Anhydrous',0,2,'admin','2021-03-15 00:54:12','admin','2021-03-15 00:54:12',1);
INSERT INTO `oh_billitems` VALUES (120,31,1,'EXA05.03','5.3 INDIA INK',12,1,'admin','2021-03-15 00:54:12','admin','2021-03-15 00:54:12',1);
INSERT INTO `oh_billitems` VALUES (121,32,1,'MED356','Tablet Counting Tray',0,1,'admin','2021-03-15 01:05:48','admin','2021-03-15 01:05:48',1);
INSERT INTO `oh_billitems` VALUES (122,32,1,'MED9','Iodin Crystal 100g',0,1,'admin','2021-03-15 01:05:48','admin','2021-03-15 01:05:48',1);
INSERT INTO `oh_billitems` VALUES (123,32,1,'MED28','Trisodium Citrate',38,2,'admin','2021-03-15 01:05:48','admin','2021-03-15 01:05:48',1);
INSERT INTO `oh_billitems` VALUES (124,33,1,'MED98','Acetazolamide 250mg Tab',0,4,'admin','2021-03-15 01:07:40','admin','2021-03-15 01:07:40',1);
INSERT INTO `oh_billitems` VALUES (125,33,1,'MED414','Aciclovir cream',0,2,'admin','2021-03-15 01:07:40','admin','2021-03-15 01:07:40',1);
INSERT INTO `oh_billitems` VALUES (126,34,1,'EXA04.03','4.3 C&S FOR VIBRO CHOLERA',18,1,'admin','2021-03-15 13:37:08','admin','2021-03-15 13:37:08',1);
INSERT INTO `oh_billitems` VALUES (127,35,1,'MED47','Benzyl Penicillin 5 MIU Vial',0,2,'admin','2021-03-15 13:38:46','admin','2021-03-15 13:38:46',1);
INSERT INTO `oh_billitems` VALUES (128,36,1,'OPE15','Peritonitis',180,1,'admin','2021-03-15 14:52:58','admin','2021-03-15 14:52:58',1);
INSERT INTO `oh_billitems` VALUES (129,37,1,'MED348','Apron Plastic Re-usable',0,1,'admin','2021-03-15 20:05:00','admin','2021-03-15 20:05:00',1);
INSERT INTO `oh_billitems` VALUES (130,37,1,'MED385','Suture Cutgut Chromic (2/0) RN22230TH',0,2,'admin','2021-03-15 20:05:00','admin','2021-03-15 20:05:00',1);
INSERT INTO `oh_billitems` VALUES (131,37,1,'MED165','Impramine 25mg Tab',0,2,'admin','2021-03-15 20:05:00','admin','2021-03-15 20:05:00',1);
INSERT INTO `oh_billitems` VALUES (132,37,1,'MED173','Salbutamol 4mg Tab',0,3,'admin','2021-03-15 20:05:00','admin','2021-03-15 20:05:00',1);
INSERT INTO `oh_billitems` VALUES (133,38,1,'OPE2','emergency',50,1,'admin','2021-03-15 21:55:39','admin','2021-03-15 21:55:39',1);
INSERT INTO `oh_billitems` VALUES (134,39,1,'EXA03.01','3.1 Blood Slide (Malaria)',10,1,'admin','2021-03-15 21:56:27','admin','2021-03-15 21:56:27',1);
INSERT INTO `oh_billitems` VALUES (135,39,1,'MED349','Apron Plastic Re-usable local',0,1,'admin','2021-03-15 21:56:27','admin','2021-03-15 21:56:27',1);
INSERT INTO `oh_billitems` VALUES (136,40,1,'MED201','Beclamethasone 50mcg Innhaler',0,1,'admin','2021-03-15 22:10:48','admin','2021-03-15 22:10:48',1);
INSERT INTO `oh_billitems` VALUES (137,40,1,'MED72','Lignocaine 2% 20ml Vial',0,1,'admin','2021-03-15 22:10:48','admin','2021-03-15 22:10:48',1);
INSERT INTO `oh_billitems` VALUES (138,41,1,'OPE48','Lower limb',100,1,'admin','2021-03-15 22:36:27','admin','2021-03-15 22:36:27',1);
INSERT INTO `oh_billitems` VALUES (139,42,1,'MED276','Cotton Wool 200G',0,2,'admin','2021-08-17 15:37:27','admin','2021-08-17 15:37:27',1);
INSERT INTO `oh_billitems` VALUES (140,42,1,'OPE38','Mechanical',80,1,'admin','2021-08-17 15:37:27','admin','2021-08-17 15:37:27',1);
INSERT INTO `oh_billitems` VALUES (141,42,1,'EXA02.01','2.1 Grouping',10,1,'admin','2021-08-17 15:37:27','admin','2021-08-17 15:37:27',1);
INSERT INTO `oh_billitems` VALUES (142,43,1,'MED414','Aciclovir cream',0,1,'admin','2021-11-09 15:39:34','admin','2021-11-09 15:39:34',1);
INSERT INTO `oh_billitems` VALUES (143,43,1,'OPE38','Mechanical',80,1,'admin','2021-11-09 15:39:34','admin','2021-11-09 15:39:34',1);
INSERT INTO `oh_billitems` VALUES (144,43,1,'OTH1','Amount per day',0,5,'admin','2021-11-09 15:39:34','admin','2021-11-09 15:39:34',1);
INSERT INTO `oh_billitems` VALUES (145,44,1,'MED113','Benzhexol 5mg Tab',50,3,'admin','2021-11-09 15:41:27','admin','2021-11-09 15:41:27',1);
INSERT INTO `oh_billitems` VALUES (146,44,0,'','Service',1,1,'admin','2021-11-09 15:41:27','admin','2021-11-09 15:41:27',1);
INSERT INTO `oh_billitems` VALUES (147,45,1,'MED111','Bendrofluazide 5mg Tab',12,5,'admin','2021-11-09 17:22:47','admin','2021-11-09 17:22:47',1);
INSERT INTO `oh_billitems` VALUES (148,46,1,'OPE1','Caesarian section',80,1,'admin','2021-11-09 17:44:50','admin','2021-11-09 17:44:50',1);
INSERT INTO `oh_billitems` VALUES (149,46,1,'MED98','Acetazolamide 250mg Tab',0,2,'admin','2021-11-09 17:44:50','admin','2021-11-09 17:44:50',1);
INSERT INTO `oh_billitems` VALUES (150,46,1,'MED388','Suture Silk (1) S595',6,2,'admin','2021-11-09 17:44:50','admin','2021-11-09 17:44:50',1);
INSERT INTO `oh_billitems` VALUES (151,46,1,'EXA02.01','2.1 Grouping',10,1,'admin','2021-11-09 17:44:50','admin','2021-11-09 17:44:50',1);
INSERT INTO `oh_billitems` VALUES (152,47,1,'OPE38','Mechanical',80,1,'admin','2021-11-09 18:30:24','admin','2021-11-09 18:30:24',1);
INSERT INTO `oh_billitems` VALUES (153,47,1,'MED114','Bisacodyl 5mg Tab',0,2,'admin','2021-11-09 18:30:24','admin','2021-11-09 18:30:24',1);
INSERT INTO `oh_billitems` VALUES (154,47,1,'MED398','X-Ray Film 43x35cm',0,2,'admin','2021-11-09 18:30:24','admin','2021-11-09 18:30:24',1);
INSERT INTO `oh_billitems` VALUES (155,48,1,'MED125','Chlorpromazine 25mg Tab',12,3,'admin','2021-11-10 15:51:29','admin','2021-11-10 15:51:29',1);
INSERT INTO `oh_billitems` VALUES (156,48,1,'MED9','Iodin Crystal 100g',0,1,'admin','2021-11-10 15:51:29','admin','2021-11-10 15:51:29',1);
INSERT INTO `oh_billitems` VALUES (157,49,1,'OPE53','Surgical toilet  & suture',50,1,'admin','2021-11-10 17:10:12','admin','2021-11-10 17:10:12',1);
INSERT INTO `oh_billitems` VALUES (158,49,1,'EXA03.02','3.2 Blood Slide (OTHERS, E.G. TRIUPHANOSOMIAS, MICRIFILARIA, LEISHMANIA, BORRELIA)',12,1,'admin','2021-11-10 17:10:12','admin','2021-11-10 17:10:12',1);
INSERT INTO `oh_billitems` VALUES (159,50,1,'MED346','Neck Support Large',0,1,'admin','2023-02-02 22:36:03','admin','2023-02-02 22:36:03',1);
INSERT INTO `oh_billitems` VALUES (160,51,1,'MED334','Hot water Bottle 2Ltr',0,2,'admin','2023-02-04 00:05:31','admin','2023-02-04 00:05:31',1);
INSERT INTO `oh_billitems` VALUES (161,51,1,'OPE2','emergency',50,1,'admin','2023-02-04 00:05:31','admin','2023-02-04 00:05:31',1);
INSERT INTO `oh_billitems` VALUES (162,52,1,'MED238','Anti Serum A 10ml',8,1,'admin','2023-02-04 02:26:51','admin','2023-02-04 02:26:51',1);
INSERT INTO `oh_billitems` VALUES (163,52,1,'OPE43','Appendicitis',80,1,'admin','2023-02-04 02:26:51','admin','2023-02-04 02:26:51',1);
INSERT INTO `oh_billitems` VALUES (164,52,1,'EXA03.02','3.2 Blood Slide (OTHERS, E.G. TRIUPHANOSOMIAS, MICRIFILARIA, LEISHMANIA, BORRELIA)',12,1,'admin','2023-02-04 02:26:51','admin','2023-02-04 02:26:51',1);
INSERT INTO `oh_billitems` VALUES (165,52,1,'OTH1','Amount per day',0,12,'admin','2023-02-04 02:26:51','admin','2023-02-04 02:26:51',1);
INSERT INTO `oh_billitems` VALUES (166,52,0,'','Attendance',30,1,'admin','2023-02-04 02:26:51','admin','2023-02-04 02:26:51',1);
INSERT INTO `oh_billitems` VALUES (167,53,1,'MED219','Hydrocortisone 1% Ointment 15g',8,5,'admin','2024-02-01 23:58:12','admin','2024-02-01 23:58:12',1);
INSERT INTO `oh_billitems` VALUES (168,53,1,'EXA03.01','3.1 Blood Slide (Malaria)',10,1,'admin','2024-02-01 23:58:12','admin','2024-02-01 23:58:12',1);
INSERT INTO `oh_billitems` VALUES (169,54,1,'OPE2','emergency',50,1,'admin','2024-02-02 00:01:16','admin','2024-02-02 00:01:16',1);
INSERT INTO `oh_billitems` VALUES (170,54,1,'MED357','Toilet Paper Rolls',0,5,'admin','2024-02-02 00:01:16','admin','2024-02-02 00:01:16',1);
INSERT INTO `oh_billitems` VALUES (171,54,1,'OTH1','Amount per day',0,1,'admin','2024-02-02 00:01:16','admin','2024-02-02 00:01:16',1);
INSERT INTO `oh_billitems` VALUES (172,54,1,'MED112','Benzhexol 2mg Tab',0,2,'admin','2024-02-02 00:01:16','admin','2024-02-02 00:01:16',1);
INSERT INTO `oh_billitems` VALUES (173,55,1,'MED21','Potassium Oxalate',22,1,'admin','2024-02-02 01:14:08','admin','2024-02-02 01:14:08',1);
INSERT INTO `oh_billitems` VALUES (174,56,1,'MED14','Sodium Citrate 100g',0,1,'admin','2024-02-02 17:08:05','admin','2024-02-02 17:08:05',1);
INSERT INTO `oh_billitems` VALUES (175,56,1,'MED278','Elastic Bandage 7.5cm x 4.5m',0,2,'admin','2024-02-02 17:08:05','admin','2024-02-02 17:08:05',1);
INSERT INTO `oh_billitems` VALUES (176,56,1,'MED88','Quinine Di-HCI 300mg/ml 2ml Amp',0,1,'admin','2024-02-02 17:08:05','admin','2024-02-02 17:08:05',1);
INSERT INTO `oh_billitems` VALUES (177,56,1,'OTH1','Amount per day',0,1,'admin','2024-02-02 17:08:05','admin','2024-02-02 17:08:05',1);
INSERT INTO `oh_billitems` VALUES (178,57,1,'MED179','Paracetamol 120mg/5ml Syrup',10,3,'admin','2024-02-05 18:47:16','admin','2024-02-05 18:47:16',1);
INSERT INTO `oh_billitems` VALUES (179,57,1,'EXA03.023','3.23 LEISHMANIA',12,1,'admin','2024-02-05 18:47:16','admin','2024-02-05 18:47:16',1);
INSERT INTO `oh_billitems` VALUES (180,57,1,'EXA01.03','1.3 Differential ',12,1,'admin','2024-02-05 18:47:16','admin','2024-02-05 18:47:16',1);
INSERT INTO `oh_billitems` VALUES (181,58,1,'MED138','Dextrose 30% IV 100ml',0,1,'admin','2024-02-06 11:36:16','admin','2024-02-06 11:36:16',1);
INSERT INTO `oh_billitems` VALUES (182,58,1,'MED181','Quinine 100mg/5ml Syrup 100ml',0,1,'admin','2024-02-06 11:36:16','admin','2024-02-06 11:36:16',1);
INSERT INTO `oh_billitems` VALUES (183,58,1,'OTH1','Amount per day',0,1,'admin','2024-02-06 11:36:16','admin','2024-02-06 11:36:16',1);
INSERT INTO `oh_billitems` VALUES (184,59,1,'OPE19','Uterine prolapse',120,1,'admin','2024-02-07 00:31:41','admin','2024-02-07 00:31:41',1);
INSERT INTO `oh_billitems` VALUES (185,59,1,'EXA03.02','3.2 Blood Slide (OTHERS, E.G. TRIUPHANOSOMIAS, MICRIFILARIA, LEISHMANIA, BORRELIA)',12,1,'admin','2024-02-07 00:31:41','admin','2024-02-07 00:31:41',1);
INSERT INTO `oh_billitems` VALUES (186,59,1,'EXA06.06','6.6 PREGNANCY TEST',10,1,'admin','2024-02-07 00:31:41','admin','2024-02-07 00:31:41',1);
INSERT INTO `oh_billitems` VALUES (187,59,1,'OTH1','Amount per day',0,2,'admin','2024-02-07 00:31:41','admin','2024-02-07 00:31:41',1);
INSERT INTO `oh_billitems` VALUES (188,60,1,'MED156','Folic Acid 15mg Tab',45,2,'admin','2024-02-10 18:55:09','admin','2024-02-10 18:55:09',1);
INSERT INTO `oh_billitems` VALUES (189,60,1,'MED277','Elastic Bandage 10cm x 4.5m',35,1,'admin','2024-02-10 18:55:09','admin','2024-02-10 18:55:09',1);
INSERT INTO `oh_billitems` VALUES (190,60,1,'EXA03.04','3.4 URINE MICROSCOPY',16,1,'admin','2024-02-10 18:55:09','admin','2024-02-10 18:55:09',1);
INSERT INTO `oh_billitems` VALUES (191,61,1,'EXA03.01','3.1 Blood Slide (Malaria)',10,1,'admin','2026-01-14 16:46:10','admin','2026-01-14 16:46:10',1);
INSERT INTO `oh_billitems` VALUES (192,61,1,'EXA02.01','2.1 Grouping',10,1,'admin','2026-01-14 16:46:10','admin','2026-01-14 16:46:10',1);
INSERT INTO `oh_billitems` VALUES (193,62,1,'MED106','Amoxycillin /Clavulanate 375mg Tab',30,1,'admin','2026-01-14 16:55:32','admin','2026-01-14 16:55:32',1);
INSERT INTO `oh_billitems` VALUES (194,62,1,'MED113','Benzhexol 5mg Tab',30,1,'admin','2026-01-14 16:55:32','admin','2026-01-14 16:55:32',1);
INSERT INTO `oh_billitems` VALUES (195,62,1,'MED390','Suture PGA (3/0) RN3330TF',70,5,'admin','2026-01-14 16:55:32','admin','2026-01-14 16:55:32',1);
INSERT INTO `oh_billitems` VALUES (196,62,1,'OPE38','Mechanical',80,1,'admin','2026-01-14 16:55:32','admin','2026-01-14 16:55:32',1);
INSERT INTO `oh_billitems` VALUES (197,62,1,'OTH1','Amount per day',30,15,'admin','2026-01-14 16:55:32','admin','2026-01-14 16:55:32',1);
INSERT INTO `oh_billitems` VALUES (198,63,0,'','Various',2,1,'admin','2026-01-14 18:11:49','admin','2026-01-14 18:11:49',1);
INSERT INTO `oh_billitems` VALUES (199,63,1,'EXA07.03.2','7.3.2 BILIRUBIN DIRECT',8,1,'admin','2026-01-14 18:11:49','admin','2026-01-14 18:11:49',1);
INSERT INTO `oh_billitems` VALUES (200,63,1,'EXA01.01','1.1 HB',10,1,'admin','2026-01-14 18:11:49','admin','2026-01-14 18:11:49',1);
INSERT INTO `oh_billitems` VALUES (201,63,1,'MED264','Syringe Luer 10ml With Needle Disposable',30,1,'admin','2026-01-14 18:11:49','admin','2026-01-14 18:11:49',1);
INSERT INTO `oh_billitems` VALUES (202,64,1,'MED414','Aciclovir cream',48,1,'admin','2026-01-14 18:16:09','admin','2026-01-14 18:16:09',1);
INSERT INTO `oh_billitems` VALUES (203,64,1,'MED141','Diazepam 5mg Tab',40,1,'admin','2026-01-14 18:16:09','admin','2026-01-14 18:16:09',1);
INSERT INTO `oh_billitems` VALUES (204,64,1,'MED164','Ibuprofen 200mg Tab',19,5,'admin','2026-01-14 18:16:09','admin','2026-01-14 18:16:09',1);
INSERT INTO `oh_billitems` VALUES (205,64,1,'EXA04.06','4.6 OTHER C&S ',10,1,'admin','2026-01-14 18:16:09','admin','2026-01-14 18:16:09',1);
INSERT INTO `oh_billitems` VALUES (206,65,1,'MED169','Pyridoxine 50mg Tab',34,1,'admin','2026-01-14 18:47:04','admin','2026-01-14 18:47:04',1);
INSERT INTO `oh_billitems` VALUES (207,65,1,'EXA07.03.1','7.3.1 BILIRUBIN TOTAL',8,1,'admin','2026-01-14 18:47:04','admin','2026-01-14 18:47:04',1);
INSERT INTO `oh_billitems` VALUES (208,65,1,'OTH1','Amount per day',30,1,'admin','2026-01-14 18:47:04','admin','2026-01-14 18:47:04',1);
/*!40000 ALTER TABLE `oh_billitems` ENABLE KEYS */;
UNLOCK TABLES;

--
-- Table structure for table `oh_billpayments`
--

DROP TABLE IF EXISTS `oh_billpayments`;
/*!40101 SET @saved_cs_client     = @@character_set_client */;
/*!40101 SET character_set_client = utf8mb4 */;
CREATE TABLE `oh_billpayments` (
  `BLP_ID` int(11) NOT NULL AUTO_INCREMENT,
  `BLP_ID_BILL` int(11) DEFAULT NULL,
  `BLP_DATE` datetime NOT NULL,
  `BLP_AMOUNT` double NOT NULL,
  `BLP_USR_ID_A` varchar(50) NOT NULL DEFAULT 'admin',
  `BLP_CREATED_BY` varchar(50) DEFAULT NULL,
  `BLP_CREATED_DATE` datetime DEFAULT NULL,
  `BLP_LAST_MODIFIED_BY` varchar(50) DEFAULT NULL,
  `BLP_LAST_MODIFIED_DATE` datetime DEFAULT NULL,
  `BLP_ACTIVE` tinyint(1) NOT NULL DEFAULT 1,
  PRIMARY KEY (`BLP_ID`),
  KEY `FK_BILLPAYMENTS_BILLS` (`BLP_ID_BILL`),
  KEY `FK_BILLPAYMENTS_USER_IDX` (`BLP_USR_ID_A`),
  KEY `FK_BILLPAYMENTS_CREATED_BY_IDX` (`BLP_CREATED_BY`),
  KEY `FK_BILLPAYMENTS_LAST_MODIFIED_BY_IDX` (`BLP_LAST_MODIFIED_BY`),
  CONSTRAINT `FK_BILLPAYMENTS_BILLS` FOREIGN KEY (`BLP_ID_BILL`) REFERENCES `oh_bills` (`BLL_ID`) ON DELETE CASCADE ON UPDATE CASCADE,
  CONSTRAINT `FK_BILLPAYMENTS_CREATED_BY` FOREIGN KEY (`BLP_CREATED_BY`) REFERENCES `oh_user` (`US_ID_A`) ON DELETE NO ACTION ON UPDATE NO ACTION,
  CONSTRAINT `FK_BILLPAYMENTS_LAST_MODIFIED_BY` FOREIGN KEY (`BLP_LAST_MODIFIED_BY`) REFERENCES `oh_user` (`US_ID_A`) ON DELETE NO ACTION ON UPDATE NO ACTION,
  CONSTRAINT `FK_BILLPAYMENTS_USER` FOREIGN KEY (`BLP_USR_ID_A`) REFERENCES `oh_user` (`US_ID_A`) ON DELETE NO ACTION ON UPDATE NO ACTION
) ENGINE=InnoDB AUTO_INCREMENT=314 DEFAULT CHARSET=utf8mb3 COLLATE=utf8mb3_general_ci;
/*!40101 SET character_set_client = @saved_cs_client */;

--
-- Dumping data for table `oh_billpayments`
--

LOCK TABLES `oh_billpayments` WRITE;
/*!40000 ALTER TABLE `oh_billpayments` DISABLE KEYS */;
INSERT INTO `oh_billpayments` VALUES (88,3,'2022-11-20 00:28:59',120,'admin','admin','2022-11-23 15:54:26','admin','2022-11-23 15:54:26',1);
INSERT INTO `oh_billpayments` VALUES (90,2,'2022-11-23 18:52:10',30,'admin','admin','2022-11-23 18:52:12','admin','2022-11-23 18:52:12',1);
INSERT INTO `oh_billpayments` VALUES (94,25,'2022-11-19 01:46:47',1,'admin','admin','2022-11-23 18:53:45','admin','2022-11-23 18:53:45',1);
INSERT INTO `oh_billpayments` VALUES (120,6,'2022-11-20 00:32:08',80,'admin','admin','2022-11-23 19:26:45','admin','2022-11-23 19:26:45',1);
INSERT INTO `oh_billpayments` VALUES (121,1,'2022-11-23 18:51:22',20,'admin','admin','2022-11-23 19:26:49','admin','2022-11-23 19:26:49',1);
INSERT INTO `oh_billpayments` VALUES (151,13,'2022-11-21 02:04:22',200,'admin','admin','2022-11-23 19:33:33','admin','2022-11-23 19:33:33',1);
INSERT INTO `oh_billpayments` VALUES (152,13,'2022-11-21 02:04:27',-200,'admin','admin','2022-11-23 19:33:33','admin','2022-11-23 19:33:33',1);
INSERT INTO `oh_billpayments` VALUES (162,5,'2022-11-20 00:31:14',180,'admin','admin','2022-11-23 19:41:34','admin','2022-11-23 19:41:34',1);
INSERT INTO `oh_billpayments` VALUES (163,5,'2022-11-20 02:13:51',-180,'admin','admin','2022-11-23 19:41:34','admin','2022-11-23 19:41:34',1);
INSERT INTO `oh_billpayments` VALUES (164,8,'2022-11-20 00:38:16',500,'admin','admin','2022-11-23 19:42:23','admin','2022-11-23 19:42:23',1);
INSERT INTO `oh_billpayments` VALUES (165,8,'2022-11-23 14:33:33',-250,'admin','admin','2022-11-23 19:42:23','admin','2022-11-23 19:42:23',1);
INSERT INTO `oh_billpayments` VALUES (166,9,'2022-11-20 00:43:59',80,'admin','admin','2022-11-23 19:43:42','admin','2022-11-23 19:43:42',1);
INSERT INTO `oh_billpayments` VALUES (167,10,'2022-11-20 00:45:05',50,'admin','admin','2022-11-23 19:43:48','admin','2022-11-23 19:43:48',1);
INSERT INTO `oh_billpayments` VALUES (168,10,'2022-11-23 14:20:13',-50,'admin','admin','2022-11-23 19:43:48','admin','2022-11-23 19:43:48',1);
INSERT INTO `oh_billpayments` VALUES (169,11,'2022-11-20 02:10:08',175,'admin','admin','2022-11-23 19:43:53','admin','2022-11-23 19:43:53',1);
INSERT INTO `oh_billpayments` VALUES (170,11,'2022-11-20 02:10:13',-25,'admin','admin','2022-11-23 19:43:53','admin','2022-11-23 19:43:53',1);
INSERT INTO `oh_billpayments` VALUES (171,12,'2022-11-20 02:41:17',250,'admin','admin','2022-11-23 19:43:57','admin','2022-11-23 19:43:57',1);
INSERT INTO `oh_billpayments` VALUES (172,12,'2022-11-20 02:41:22',-250,'admin','admin','2022-11-23 19:43:57','admin','2022-11-23 19:43:57',1);
INSERT INTO `oh_billpayments` VALUES (173,15,'2022-11-21 03:31:00',250,'admin','admin','2022-11-23 19:44:13','admin','2022-11-23 19:44:13',1);
INSERT INTO `oh_billpayments` VALUES (174,15,'2022-11-21 03:31:06',-300,'admin','admin','2022-11-23 19:44:13','admin','2022-11-23 19:44:13',1);
INSERT INTO `oh_billpayments` VALUES (175,16,'2022-11-21 03:37:37',100,'admin','admin','2022-11-23 19:44:18','admin','2022-11-23 19:44:18',1);
INSERT INTO `oh_billpayments` VALUES (176,16,'2022-11-21 03:37:41',-100,'admin','admin','2022-11-23 19:44:18','admin','2022-11-23 19:44:18',1);
INSERT INTO `oh_billpayments` VALUES (177,17,'2022-11-21 21:59:41',50,'admin','admin','2022-11-23 19:44:22','admin','2022-11-23 19:44:22',1);
INSERT INTO `oh_billpayments` VALUES (178,17,'2022-11-21 21:59:46',-60,'admin','admin','2022-11-23 19:44:22','admin','2022-11-23 19:44:22',1);
INSERT INTO `oh_billpayments` VALUES (179,17,'2022-11-21 21:59:49',10,'admin','admin','2022-11-23 19:44:22','admin','2022-11-23 19:44:22',1);
INSERT INTO `oh_billpayments` VALUES (180,18,'2022-11-21 22:01:25',280,'admin','admin','2022-11-23 19:44:28','admin','2022-11-23 19:44:28',1);
INSERT INTO `oh_billpayments` VALUES (181,18,'2022-11-21 22:01:47',-200,'admin','admin','2022-11-23 19:44:28','admin','2022-11-23 19:44:28',1);
INSERT INTO `oh_billpayments` VALUES (182,19,'2022-11-21 22:02:47',100,'admin','admin','2022-11-23 19:44:32','admin','2022-11-23 19:44:32',1);
INSERT INTO `oh_billpayments` VALUES (183,19,'2022-11-21 22:03:13',-100,'admin','admin','2022-11-23 19:44:32','admin','2022-11-23 19:44:32',1);
INSERT INTO `oh_billpayments` VALUES (184,20,'2022-11-21 22:05:23',80,'admin','admin','2022-11-23 19:44:36','admin','2022-11-23 19:44:36',1);
INSERT INTO `oh_billpayments` VALUES (185,22,'2022-11-22 02:38:10',100,'admin','admin','2022-11-23 19:44:45','admin','2022-11-23 19:44:45',1);
INSERT INTO `oh_billpayments` VALUES (186,22,'2022-11-22 02:38:15',-120,'admin','admin','2022-11-23 19:44:45','admin','2022-11-23 19:44:45',1);
INSERT INTO `oh_billpayments` VALUES (187,23,'2022-11-22 17:59:11',250,'admin','admin','2022-11-23 19:44:50','admin','2022-11-23 19:44:50',1);
INSERT INTO `oh_billpayments` VALUES (188,24,'2022-11-20 00:26:33',100,'admin','admin','2022-11-23 19:44:56','admin','2022-11-23 19:44:56',1);
INSERT INTO `oh_billpayments` VALUES (189,24,'2022-11-20 02:11:34',200,'admin','admin','2022-11-23 19:44:56','admin','2022-11-23 19:44:56',1);
INSERT INTO `oh_billpayments` VALUES (190,24,'2022-11-20 02:13:11',-300,'admin','admin','2022-11-23 19:44:56','admin','2022-11-23 19:44:56',1);
INSERT INTO `oh_billpayments` VALUES (191,27,'2021-03-13 22:44:45',20,'admin','admin','2021-03-13 22:44:52','admin','2021-03-13 22:44:52',1);
INSERT INTO `oh_billpayments` VALUES (192,27,'2021-03-13 22:44:50',-30,'admin','admin','2021-03-13 22:44:52','admin','2021-03-13 22:44:52',1);
INSERT INTO `oh_billpayments` VALUES (193,27,'2021-03-13 22:44:52',54,'admin','admin','2021-03-13 22:44:52','admin','2021-03-13 22:44:52',1);
INSERT INTO `oh_billpayments` VALUES (194,28,'2021-03-13 22:46:19',80,'admin','admin','2021-03-13 22:46:25','admin','2021-03-13 22:46:25',1);
INSERT INTO `oh_billpayments` VALUES (195,28,'2021-03-13 22:46:24',-60,'admin','admin','2021-03-13 22:46:25','admin','2021-03-13 22:46:25',1);
INSERT INTO `oh_billpayments` VALUES (196,29,'2021-03-15 00:52:09',100,'admin','admin','2021-03-15 00:52:24','admin','2021-03-15 00:52:24',1);
INSERT INTO `oh_billpayments` VALUES (197,29,'2021-03-15 00:52:14',-100,'admin','admin','2021-03-15 00:52:24','admin','2021-03-15 00:52:24',1);
INSERT INTO `oh_billpayments` VALUES (198,29,'2021-03-15 00:52:23',104,'admin','admin','2021-03-15 00:52:24','admin','2021-03-15 00:52:24',1);
INSERT INTO `oh_billpayments` VALUES (199,30,'2021-03-15 00:53:08',200,'admin','admin','2021-03-15 00:53:12','admin','2021-03-15 00:53:12',1);
INSERT INTO `oh_billpayments` VALUES (200,31,'2021-03-15 00:54:10',50,'admin','admin','2021-03-15 00:54:12','admin','2021-03-15 00:54:12',1);
INSERT INTO `oh_billpayments` VALUES (204,32,'2021-03-15 01:05:25',45,'admin','admin','2021-03-15 01:06:58','admin','2021-03-15 01:06:58',1);
INSERT INTO `oh_billpayments` VALUES (205,32,'2021-03-15 01:05:43',-50,'admin','admin','2021-03-15 01:06:58','admin','2021-03-15 01:06:58',1);
INSERT INTO `oh_billpayments` VALUES (206,32,'2021-03-15 01:05:47',81,'admin','admin','2021-03-15 01:06:58','admin','2021-03-15 01:06:58',1);
INSERT INTO `oh_billpayments` VALUES (227,33,'2021-03-15 01:07:38',25,'admin','admin','2021-03-15 01:09:31','admin','2021-03-15 01:09:31',1);
INSERT INTO `oh_billpayments` VALUES (228,33,'2021-03-15 01:08:01',-20,'admin','admin','2021-03-15 01:09:31','admin','2021-03-15 01:09:31',1);
INSERT INTO `oh_billpayments` VALUES (229,33,'2021-03-15 01:08:28',10,'admin','admin','2021-03-15 01:09:31','admin','2021-03-15 01:09:31',1);
INSERT INTO `oh_billpayments` VALUES (230,33,'2021-03-15 01:08:45',-50,'admin','admin','2021-03-15 01:09:31','admin','2021-03-15 01:09:31',1);
INSERT INTO `oh_billpayments` VALUES (231,33,'2021-03-15 01:08:59',35,'admin','admin','2021-03-15 01:09:31','admin','2021-03-15 01:09:31',1);
INSERT INTO `oh_billpayments` VALUES (232,34,'2021-03-15 13:36:51',18,'admin','admin','2021-03-15 13:37:08','admin','2021-03-15 13:37:08',1);
INSERT INTO `oh_billpayments` VALUES (233,35,'2021-03-15 13:37:57',20,'admin','admin','2021-03-15 13:38:46','admin','2021-03-15 13:38:46',1);
INSERT INTO `oh_billpayments` VALUES (234,35,'2021-03-15 13:38:37',-20,'admin','admin','2021-03-15 13:38:46','admin','2021-03-15 13:38:46',1);
INSERT INTO `oh_billpayments` VALUES (235,36,'2021-03-15 14:52:42',180,'admin','admin','2021-03-15 14:52:58','admin','2021-03-15 14:52:58',1);
INSERT INTO `oh_billpayments` VALUES (238,37,'2021-03-15 20:04:47',85,'admin','admin','2021-03-15 20:05:36','admin','2021-03-15 20:05:36',1);
INSERT INTO `oh_billpayments` VALUES (239,37,'2021-03-15 20:04:59',-85,'admin','admin','2021-03-15 20:05:36','admin','2021-03-15 20:05:36',1);
INSERT INTO `oh_billpayments` VALUES (240,38,'2021-03-15 21:55:27',50,'admin','admin','2021-03-15 21:55:39','admin','2021-03-15 21:55:39',1);
INSERT INTO `oh_billpayments` VALUES (241,38,'2021-03-15 21:55:33',-40,'admin','admin','2021-03-15 21:55:39','admin','2021-03-15 21:55:39',1);
INSERT INTO `oh_billpayments` VALUES (242,38,'2021-03-15 21:55:38',40,'admin','admin','2021-03-15 21:55:39','admin','2021-03-15 21:55:39',1);
INSERT INTO `oh_billpayments` VALUES (243,39,'2021-03-15 21:56:23',10,'admin','admin','2021-03-15 21:56:27','admin','2021-03-15 21:56:27',1);
INSERT INTO `oh_billpayments` VALUES (244,40,'2021-03-15 22:10:23',22,'admin','admin','2021-03-15 22:10:48','admin','2021-03-15 22:10:48',1);
INSERT INTO `oh_billpayments` VALUES (245,40,'2021-03-15 22:10:44',-20,'admin','admin','2021-03-15 22:10:48','admin','2021-03-15 22:10:48',1);
INSERT INTO `oh_billpayments` VALUES (246,40,'2021-03-15 22:10:46',-2,'admin','admin','2021-03-15 22:10:48','admin','2021-03-15 22:10:48',1);
INSERT INTO `oh_billpayments` VALUES (247,41,'2021-03-15 22:36:23',100,'admin','admin','2021-03-15 22:36:27','admin','2021-03-15 22:36:27',1);
INSERT INTO `oh_billpayments` VALUES (280,42,'2021-08-17 15:37:20',100,'admin','admin','2021-08-17 15:41:24','admin','2021-08-17 15:41:24',1);
INSERT INTO `oh_billpayments` VALUES (281,42,'2021-08-17 15:37:25',-100,'admin','admin','2021-08-17 15:41:24','admin','2021-08-17 15:41:24',1);
INSERT INTO `oh_billpayments` VALUES (282,42,'2021-08-17 15:38:11',90,'admin','admin','2021-08-17 15:41:24','admin','2021-08-17 15:41:24',1);
INSERT INTO `oh_billpayments` VALUES (283,43,'2021-11-09 15:39:31',50,'admin','admin','2021-11-09 15:39:34','admin','2021-11-09 15:39:34',1);
INSERT INTO `oh_billpayments` VALUES (284,44,'2021-11-09 15:41:26',151,'admin','admin','2021-11-09 15:41:27','admin','2021-11-09 15:41:27',1);
INSERT INTO `oh_billpayments` VALUES (285,45,'2021-11-09 17:22:43',60,'admin','admin','2021-11-09 17:22:47','admin','2021-11-09 17:22:47',1);
INSERT INTO `oh_billpayments` VALUES (286,46,'2021-11-09 17:44:37',110,'admin','admin','2021-11-09 17:44:50','admin','2021-11-09 17:44:50',1);
INSERT INTO `oh_billpayments` VALUES (287,46,'2021-11-09 17:44:47',-80,'admin','admin','2021-11-09 17:44:50','admin','2021-11-09 17:44:50',1);
INSERT INTO `oh_billpayments` VALUES (288,47,'2021-11-09 18:30:15',100,'admin','admin','2021-11-09 18:30:24','admin','2021-11-09 18:30:24',1);
INSERT INTO `oh_billpayments` VALUES (289,47,'2021-11-09 18:30:19',-100,'admin','admin','2021-11-09 18:30:24','admin','2021-11-09 18:30:24',1);
INSERT INTO `oh_billpayments` VALUES (290,47,'2021-11-09 18:30:23',80,'admin','admin','2021-11-09 18:30:24','admin','2021-11-09 18:30:24',1);
INSERT INTO `oh_billpayments` VALUES (291,48,'2021-11-10 15:51:18',40,'admin','admin','2021-11-10 15:51:29','admin','2021-11-10 15:51:29',1);
INSERT INTO `oh_billpayments` VALUES (292,49,'2021-11-10 17:10:08',-62,'admin','admin','2021-11-10 17:10:12','admin','2021-11-10 17:10:12',1);
INSERT INTO `oh_billpayments` VALUES (293,49,'2021-11-10 17:10:11',124,'admin','admin','2021-11-10 17:10:12','admin','2021-11-10 17:10:12',1);
INSERT INTO `oh_billpayments` VALUES (294,50,'2023-02-02 22:36:01',120,'admin','admin','2023-02-02 22:36:03','admin','2023-02-02 22:36:03',1);
INSERT INTO `oh_billpayments` VALUES (295,51,'2023-02-04 00:05:26',35,'admin','admin','2023-02-04 00:05:31','admin','2023-02-04 00:05:31',1);
INSERT INTO `oh_billpayments` VALUES (296,51,'2023-02-04 00:05:30',15,'admin','admin','2023-02-04 00:05:31','admin','2023-02-04 00:05:31',1);
INSERT INTO `oh_billpayments` VALUES (298,52,'2023-02-04 02:26:50',100,'admin','admin','2023-02-04 02:28:56','admin','2023-02-04 02:28:56',1);
INSERT INTO `oh_billpayments` VALUES (299,53,'2024-02-01 23:58:08',50,'admin','admin','2024-02-01 23:58:12','admin','2024-02-01 23:58:12',1);
INSERT INTO `oh_billpayments` VALUES (302,54,'2024-02-02 00:00:00',75,'admin','admin','2024-02-02 00:01:33','admin','2024-02-02 00:01:33',1);
INSERT INTO `oh_billpayments` VALUES (303,54,'2024-02-02 00:01:00',-25,'admin','admin','2024-02-02 00:01:33','admin','2024-02-02 00:01:33',1);
INSERT INTO `oh_billpayments` VALUES (304,55,'2024-02-02 01:14:06',22,'admin','admin','2024-02-02 01:14:08','admin','2024-02-02 01:14:08',1);
INSERT INTO `oh_billpayments` VALUES (305,57,'2024-02-05 18:47:13',54,'admin','admin','2024-02-05 18:47:16','admin','2024-02-05 18:47:16',1);
INSERT INTO `oh_billpayments` VALUES (306,59,'2024-02-07 00:31:33',140,'admin','admin','2024-02-07 00:31:41','admin','2024-02-07 00:31:41',1);
INSERT INTO `oh_billpayments` VALUES (307,59,'2024-02-07 00:31:38',-10,'admin','admin','2024-02-07 00:31:41','admin','2024-02-07 00:31:41',1);
INSERT INTO `oh_billpayments` VALUES (308,60,'2024-02-10 18:54:58',145,'admin','admin','2024-02-10 18:55:09','admin','2024-02-10 18:55:09',1);
INSERT INTO `oh_billpayments` VALUES (309,61,'2026-01-14 16:46:07',20,'admin','admin','2026-01-14 16:46:10','admin','2026-01-14 16:46:10',1);
INSERT INTO `oh_billpayments` VALUES (310,62,'2026-01-14 16:55:00',400,'admin','admin','2026-01-14 16:55:32','admin','2026-01-14 16:55:32',1);
INSERT INTO `oh_billpayments` VALUES (311,63,'2026-01-14 18:11:46',50,'admin','admin','2026-01-14 18:11:49','admin','2026-01-14 18:11:49',1);
INSERT INTO `oh_billpayments` VALUES (312,64,'2026-01-14 18:15:00',200,'admin','admin','2026-01-14 18:16:09','admin','2026-01-14 18:16:09',1);
INSERT INTO `oh_billpayments` VALUES (313,65,'2026-01-14 18:47:01',72,'admin','admin','2026-01-14 18:47:04','admin','2026-01-14 18:47:04',1);
/*!40000 ALTER TABLE `oh_billpayments` ENABLE KEYS */;
UNLOCK TABLES;

--
-- Table structure for table `oh_bills`
--

DROP TABLE IF EXISTS `oh_bills`;
/*!40101 SET @saved_cs_client     = @@character_set_client */;
/*!40101 SET character_set_client = utf8mb4 */;
CREATE TABLE `oh_bills` (
  `BLL_ID` int(11) NOT NULL AUTO_INCREMENT,
  `BLL_DATE` datetime NOT NULL,
  `BLL_UPDATE` datetime NOT NULL,
  `BLL_IS_LST` tinyint(1) NOT NULL,
  `BLL_ID_LST` int(11) DEFAULT NULL,
  `BLL_LST_NAME` varchar(50) DEFAULT NULL,
  `BLL_IS_PAT` tinyint(1) NOT NULL,
  `BLL_ID_PAT` int(11) DEFAULT NULL,
  `BLL_PAT_NAME` varchar(100) DEFAULT NULL,
  `BLL_STATUS` varchar(1) DEFAULT NULL,
  `BLL_AMOUNT` double DEFAULT NULL,
  `BLL_BALANCE` double DEFAULT NULL,
  `BLL_USR_ID_A` varchar(50) NOT NULL DEFAULT 'admin',
  `BLL_ADM_ID` int(11) DEFAULT NULL,
  `BLL_CREATED_BY` varchar(50) DEFAULT NULL,
  `BLL_CREATED_DATE` datetime DEFAULT NULL,
  `BLL_LAST_MODIFIED_BY` varchar(50) DEFAULT NULL,
  `BLL_LAST_MODIFIED_DATE` datetime DEFAULT NULL,
  `BLL_ACTIVE` tinyint(1) NOT NULL DEFAULT 1,
  `BLL_LOCK` int(11) NOT NULL DEFAULT 0,
  PRIMARY KEY (`BLL_ID`),
  KEY `FK_BILLS_PATIENT` (`BLL_ID_PAT`),
  KEY `FK_BILLS_PRICELISTS` (`BLL_ID_LST`),
  KEY `FK_BILLS_ADMISSION_idx` (`BLL_ADM_ID`),
  KEY `FK_BILLS_USER_IDX` (`BLL_USR_ID_A`),
  KEY `FK_BILLS_CREATED_BY_IDX` (`BLL_CREATED_BY`),
  KEY `FK_BILLS_LAST_MODIFIED_BY_IDX` (`BLL_LAST_MODIFIED_BY`),
  CONSTRAINT `FK_BILLS_ADMISSION` FOREIGN KEY (`BLL_ADM_ID`) REFERENCES `oh_admission` (`ADM_ID`) ON DELETE NO ACTION ON UPDATE NO ACTION,
  CONSTRAINT `FK_BILLS_CREATED_BY` FOREIGN KEY (`BLL_CREATED_BY`) REFERENCES `oh_user` (`US_ID_A`) ON DELETE NO ACTION ON UPDATE NO ACTION,
  CONSTRAINT `FK_BILLS_LAST_MODIFIED_BY` FOREIGN KEY (`BLL_LAST_MODIFIED_BY`) REFERENCES `oh_user` (`US_ID_A`) ON DELETE NO ACTION ON UPDATE NO ACTION,
  CONSTRAINT `FK_BILLS_PATIENT` FOREIGN KEY (`BLL_ID_PAT`) REFERENCES `oh_patient` (`PAT_ID`) ON DELETE CASCADE ON UPDATE CASCADE,
  CONSTRAINT `FK_BILLS_PRICELISTS` FOREIGN KEY (`BLL_ID_LST`) REFERENCES `oh_pricelists` (`LST_ID`) ON DELETE NO ACTION ON UPDATE NO ACTION,
  CONSTRAINT `FK_BILLS_USER` FOREIGN KEY (`BLL_USR_ID_A`) REFERENCES `oh_user` (`US_ID_A`) ON DELETE NO ACTION ON UPDATE NO ACTION
) ENGINE=InnoDB AUTO_INCREMENT=66 DEFAULT CHARSET=utf8mb3 COLLATE=utf8mb3_general_ci;
/*!40101 SET character_set_client = @saved_cs_client */;

--
-- Dumping data for table `oh_bills`
--

LOCK TABLES `oh_bills` WRITE;
/*!40000 ALTER TABLE `oh_bills` DISABLE KEYS */;
INSERT INTO `oh_bills` VALUES (1,'2022-11-19 01:45:33','2022-11-23 18:51:22',1,1,'Basic',1,514,'Mario Rossi','O',28,8,'admin',NULL,NULL,NULL,'admin','2022-11-23 19:26:49',1,0);
INSERT INTO `oh_bills` VALUES (2,'2022-11-20 00:26:01','2022-11-23 18:52:10',1,1,'Basic',1,245,'Vanish Katrina','O',28,-2,'admin',244,NULL,NULL,'admin','2022-11-23 18:52:12',1,0);
INSERT INTO `oh_bills` VALUES (3,'2022-11-20 00:28:30','2022-11-20 00:28:59',1,1,'Basic',1,503,'Charlie Sturgeon','O',10,-110,'admin',NULL,NULL,NULL,'admin','2022-11-23 15:54:26',1,0);
INSERT INTO `oh_bills` VALUES (4,'2022-11-20 00:30:23','2022-11-20 00:30:23',1,1,'Basic',1,445,'Rodolfo Scoggins','O',68,68,'admin',445,NULL,NULL,'admin','2022-11-23 15:54:16',1,0);
INSERT INTO `oh_bills` VALUES (5,'2022-11-20 00:30:47','2022-11-20 02:13:51',1,1,'Basic',1,125,'Kristie Muldoon','O',64,64,'admin',NULL,NULL,NULL,'admin','2022-11-23 19:41:34',1,0);
INSERT INTO `oh_bills` VALUES (6,'2022-11-20 00:31:44','2022-11-20 00:32:08',1,1,'Basic',1,301,'Noe Kruse','O',12,-68,'admin',NULL,NULL,NULL,'admin','2022-11-23 19:26:45',1,0);
INSERT INTO `oh_bills` VALUES (7,'2022-11-20 00:36:56','2022-11-20 00:36:56',1,1,'Basic',1,167,'Richard Gauldin','O',26,26,'admin',NULL,NULL,NULL,'admin','2022-11-23 15:52:19',1,0);
INSERT INTO `oh_bills` VALUES (8,'2022-11-20 00:37:45','2022-11-23 14:33:33',1,1,'Basic',1,141,'Brandie Lutz','O',180,-70,'admin',NULL,NULL,NULL,'admin','2022-11-23 19:42:23',1,0);
INSERT INTO `oh_bills` VALUES (9,'2022-11-20 00:43:04','2022-11-20 00:43:59',1,1,'Basic',1,191,'Leonard Badgett','O',46,-34,'admin',193,NULL,NULL,'admin','2022-11-23 19:43:42',1,0);
INSERT INTO `oh_bills` VALUES (10,'2022-11-20 00:44:37','2022-11-23 14:20:13',1,1,'Basic',1,180,'Brock Boyter','O',145,145,'admin',NULL,NULL,NULL,'admin','2022-11-23 19:43:48',1,0);
INSERT INTO `oh_bills` VALUES (11,'2022-11-20 02:09:17','2022-11-20 02:10:13',1,1,'Basic',1,189,'Jake Tibbetts','O',224,74,'admin',191,NULL,NULL,'admin','2022-11-23 19:43:53',1,0);
INSERT INTO `oh_bills` VALUES (12,'2022-11-20 02:40:44','2022-11-20 02:41:22',1,1,'Basic',1,514,'Mario Rossi','O',46,46,'admin',NULL,NULL,NULL,'admin','2022-11-23 19:43:57',1,0);
INSERT INTO `oh_bills` VALUES (13,'2022-11-21 02:03:41','2022-11-21 02:04:27',1,1,'Basic',1,515,'Alvaro Robertson','O',42,42,'admin',NULL,NULL,NULL,'admin','2022-11-23 19:33:33',1,0);
INSERT INTO `oh_bills` VALUES (14,'2022-11-21 02:21:07','2022-11-21 02:21:07',1,1,'Basic',1,516,'Genna Susterlind','O',16,16,'admin',NULL,NULL,NULL,'admin','2022-11-23 19:33:30',1,0);
INSERT INTO `oh_bills` VALUES (15,'2022-11-21 03:30:23','2022-11-21 03:31:06',1,1,'Basic',1,373,'Eleanora Albrecht','O',144,194,'admin',372,NULL,NULL,'admin','2022-11-23 19:44:13',1,0);
INSERT INTO `oh_bills` VALUES (16,'2022-11-21 03:37:14','2022-11-21 03:37:41',1,1,'Basic',1,169,'Darrell Mondy','O',308,308,'admin',NULL,NULL,NULL,'admin','2022-11-23 19:44:18',1,0);
INSERT INTO `oh_bills` VALUES (17,'2022-11-21 21:59:18','2022-11-21 21:59:49',1,1,'Basic',1,519,'Jeanna Rickember','O',18,18,'admin',NULL,NULL,NULL,'admin','2022-11-23 19:44:22',1,0);
INSERT INTO `oh_bills` VALUES (18,'2022-11-21 22:00:18','2022-11-21 22:01:47',1,1,'Basic',1,319,'Solomon Stackpole','O',146,66,'admin',NULL,NULL,NULL,'admin','2022-11-23 19:44:28',1,0);
INSERT INTO `oh_bills` VALUES (19,'2022-11-21 22:02:01','2022-11-21 22:03:13',1,1,'Basic',1,130,'Otha Duer','O',135,135,'admin',134,NULL,NULL,'admin','2022-11-23 19:44:32',1,0);
INSERT INTO `oh_bills` VALUES (20,'2022-11-21 22:05:03','2022-11-21 22:05:23',1,1,'Basic',1,187,'Bethel Booker','O',26,-54,'admin',NULL,NULL,NULL,'admin','2022-11-23 19:44:36',1,0);
INSERT INTO `oh_bills` VALUES (21,'2022-11-21 22:07:15','2022-11-21 22:07:15',1,1,'Basic',1,512,'Enriquetta Millman','O',39,39,'admin',NULL,NULL,NULL,'admin','2022-11-23 19:44:41',1,0);
INSERT INTO `oh_bills` VALUES (22,'2022-11-22 02:37:34','2022-11-22 02:38:15',1,1,'Basic',1,521,'Betta Jamison','O',204,224,'admin',NULL,NULL,NULL,'admin','2022-11-23 19:44:45',1,0);
INSERT INTO `oh_bills` VALUES (23,'2022-11-22 17:58:46','2022-11-22 17:59:11',1,1,'Basic',1,522,'Harry Colterson','O',454,204,'admin',507,NULL,NULL,'admin','2022-11-23 19:44:50',1,0);
INSERT INTO `oh_bills` VALUES (24,'2022-11-20 00:26:01','2022-11-20 02:13:11',1,1,'Basic',1,151,'Lien Notter','O',136,136,'admin',NULL,NULL,NULL,'admin','2022-11-23 19:44:56',1,0);
INSERT INTO `oh_bills` VALUES (25,'2022-11-19 01:45:33','2022-11-19 01:46:47',1,1,'Basic',1,217,'Mcsherry Mortimer','O',34,33,'admin',216,NULL,NULL,'admin','2022-11-23 18:53:45',1,0);
INSERT INTO `oh_bills` VALUES (26,'2022-11-19 16:01:16','2022-11-19 16:01:16',1,1,'Basic',1,523,'Quinlan Coors','O',114,114,'admin',NULL,NULL,NULL,'admin','2022-11-23 19:17:22',1,0);
INSERT INTO `oh_bills` VALUES (27,'2021-03-13 22:44:24','2021-03-13 22:44:52',1,1,'Basic',1,524,'Geremia Dickinson','C',44,0,'admin',NULL,'admin','2021-03-13 22:44:52','admin','2021-03-13 22:44:52',1,0);
INSERT INTO `oh_bills` VALUES (28,'2021-03-13 22:45:47','2021-03-13 22:46:24',1,1,'Basic',1,409,'Anibal Gillon','O',9,-11,'admin',412,'admin','2021-03-13 22:46:25','admin','2021-03-13 22:46:25',1,0);
INSERT INTO `oh_bills` VALUES (29,'2021-03-13 00:51:11','2021-03-15 00:52:23',1,1,'Basic',1,179,'Jetter Stanley','C',104,0,'admin',NULL,'admin','2021-03-15 00:52:24','admin','2021-03-15 00:52:24',1,0);
INSERT INTO `oh_bills` VALUES (30,'2021-03-13 00:52:34','2021-03-15 00:53:08',1,1,'Basic',1,236,'Andra Devilbiss','C',200,0,'admin',235,'admin','2021-03-15 00:53:12','admin','2021-03-15 00:53:12',1,0);
INSERT INTO `oh_bills` VALUES (31,'2021-03-13 00:53:41','2021-03-15 00:54:10',1,1,'Basic',1,288,'Sowers Yevette','O',12,-38,'admin',NULL,'admin','2021-03-15 00:54:12','admin','2021-03-15 00:54:12',1,0);
INSERT INTO `oh_bills` VALUES (32,'2021-03-13 01:04:48','2021-03-15 01:05:47',1,1,'Basic',1,527,'Marcus Kellop','C',76,0,'admin',NULL,NULL,NULL,'admin','2021-03-15 01:06:58',1,0);
INSERT INTO `oh_bills` VALUES (33,'2021-03-13 01:07:12','2021-03-15 01:08:59',1,1,'Basic',1,98,'Claris Grund','C',0,0,'admin',103,NULL,NULL,'admin','2021-03-15 01:09:31',1,0);
INSERT INTO `oh_bills` VALUES (34,'2021-03-15 13:36:32','2021-03-15 13:36:51',1,1,'Basic',1,153,'Carie Geissler','C',18,0,'admin',NULL,'admin','2021-03-15 13:37:07','admin','2021-03-15 13:37:07',1,0);
INSERT INTO `oh_bills` VALUES (35,'2021-03-15 13:37:31','2021-03-15 13:38:37',1,1,'Basic',1,205,'Wilmer Stanislawski','O',0,0,'admin',207,'admin','2021-03-15 13:38:46','admin','2021-03-15 13:38:46',1,0);
INSERT INTO `oh_bills` VALUES (36,'2021-03-15 14:52:15','2021-03-15 14:52:42',1,1,'Basic',1,150,'Keasler Shakia','C',180,0,'admin',NULL,'admin','2021-03-15 14:52:58','admin','2021-03-15 14:52:58',1,0);
INSERT INTO `oh_bills` VALUES (37,'2021-03-15 20:03:56','2021-03-15 20:04:59',1,1,'Basic',1,198,'Noble Basye','C',0,0,'admin',200,NULL,NULL,'admin','2021-03-15 20:05:36',1,0);
INSERT INTO `oh_bills` VALUES (38,'2021-03-15 21:54:57','2021-03-15 21:55:38',1,1,'Basic',1,158,'Kenneth Waring','C',50,0,'admin',161,'admin','2021-03-15 21:55:39','admin','2021-03-15 21:55:39',1,0);
INSERT INTO `oh_bills` VALUES (39,'2021-03-15 21:56:05','2021-03-15 21:56:23',1,1,'Basic',1,165,'Maxwell Lockamy','C',10,0,'admin',NULL,'admin','2021-03-15 21:56:27','admin','2021-03-15 21:56:27',1,0);
INSERT INTO `oh_bills` VALUES (40,'2021-03-15 22:09:47','2021-03-15 22:10:46',1,1,'Basic',1,515,'Alvaro Robertson','C',0,0,'admin',NULL,'admin','2021-03-15 22:10:48','admin','2021-03-15 22:10:48',1,0);
INSERT INTO `oh_bills` VALUES (41,'2021-03-15 22:36:07','2021-03-15 22:36:23',1,1,'Basic',1,305,'Grose Rosalba','C',100,0,'admin',NULL,'admin','2021-03-15 22:36:27','admin','2021-03-15 22:36:27',1,0);
INSERT INTO `oh_bills` VALUES (42,'2021-08-17 15:36:48','2021-08-17 15:38:11',1,1,'Basic',1,531,'Maximilian Huntis','C',90,0,'admin',NULL,NULL,NULL,'admin','2021-08-17 15:41:24',1,0);
INSERT INTO `oh_bills` VALUES (43,'2021-11-09 15:39:06','2021-11-09 15:39:31',1,1,'Basic',1,534,'Mirta Veluma','O',80,30,'admin',NULL,'admin','2021-11-09 15:39:34','admin','2021-11-09 15:39:34',1,0);
INSERT INTO `oh_bills` VALUES (44,'2021-11-09 15:40:58','2021-11-09 15:41:26',1,1,'Basic',1,535,'Kenny Flanagan','C',151,0,'admin',NULL,'admin','2021-11-09 15:41:27','admin','2021-11-09 15:41:27',1,0);
INSERT INTO `oh_bills` VALUES (45,'2021-11-09 17:22:31','2021-11-09 17:22:43',1,1,'Basic',1,537,'Wally Simpsons','C',60,0,'admin',NULL,'admin','2021-11-09 17:22:47','admin','2021-11-09 17:22:47',1,0);
INSERT INTO `oh_bills` VALUES (46,'2021-11-09 17:44:01','2021-11-09 17:44:47',1,1,'Basic',1,539,'Philomena Redondo','O',102,72,'admin',509,'admin','2021-11-09 17:44:50','admin','2021-11-09 17:44:50',1,0);
INSERT INTO `oh_bills` VALUES (47,'2021-11-09 18:29:46','2021-11-09 18:30:23',1,1,'Basic',1,540,'Redy Villen','C',80,0,'admin',510,'admin','2021-11-09 18:30:24','admin','2021-11-09 18:30:24',1,0);
INSERT INTO `oh_bills` VALUES (48,'2021-11-10 15:50:58','2021-11-10 15:51:18',1,1,'Basic',1,541,'Philomena Jenkins','O',36,-4,'admin',NULL,'admin','2021-11-10 15:51:29','admin','2021-11-10 15:51:29',1,0);
INSERT INTO `oh_bills` VALUES (49,'2021-11-10 17:09:38','2021-11-10 17:10:11',1,1,'Basic',1,542,'Jeff Buskey','C',62,0,'admin',511,'admin','2021-11-10 17:10:12','admin','2021-11-10 17:10:12',1,0);
INSERT INTO `oh_bills` VALUES (50,'2023-02-02 22:35:52','2023-02-02 22:36:01',1,1,'Basic',1,543,'Jeremy Keenan','O',0,-120,'admin',NULL,'admin','2023-02-02 22:36:02','admin','2023-02-02 22:36:02',1,0);
INSERT INTO `oh_bills` VALUES (51,'2023-02-04 00:04:46','2023-02-04 00:05:30',1,1,'Basic',1,542,'Jeff Buskey','C',50,0,'admin',511,'admin','2023-02-04 00:05:31','admin','2023-02-04 00:05:31',1,0);
INSERT INTO `oh_bills` VALUES (52,'2023-02-04 02:26:06','2023-02-04 02:26:50',1,1,'Basic',1,553,'Yellen Unison','O',130,30,'admin',512,NULL,NULL,'admin','2023-02-04 02:28:56',1,0);
INSERT INTO `oh_bills` VALUES (53,'2024-02-01 23:57:50','2024-02-01 23:58:08',1,1,'Basic',1,554,'Stephen Gemison','O',50,0,'admin',NULL,'admin','2024-02-01 23:58:12','admin','2024-02-01 23:58:12',1,0);
INSERT INTO `oh_bills` VALUES (54,'2024-02-01 23:57:50','2024-02-02 00:01:00',1,1,'Basic',1,555,'Mary Killian','C',50,0,'admin',NULL,'admin','2024-02-02 00:01:16','admin','2024-02-02 00:01:33',1,0);
INSERT INTO `oh_bills` VALUES (55,'2024-02-02 01:13:49','2024-02-02 01:14:06',1,1,'Basic',1,556,'Rose Gentle','C',22,0,'admin',NULL,'admin','2024-02-02 01:14:08','admin','2024-02-02 01:14:08',1,0);
INSERT INTO `oh_bills` VALUES (56,'2024-02-02 17:07:16','2024-02-02 17:07:16',1,1,'Basic',1,557,'Karen Cunningham','O',0,0,'admin',NULL,'admin','2024-02-02 17:08:05','admin','2024-02-02 17:08:05',1,0);
INSERT INTO `oh_bills` VALUES (57,'2024-02-05 18:46:34','2024-02-05 18:47:13',1,1,'Basic',1,559,'Jonathan Smitherson','C',54,0,'admin',NULL,'admin','2024-02-05 18:47:16','admin','2024-02-05 18:47:16',1,0);
INSERT INTO `oh_bills` VALUES (58,'2024-02-06 11:35:33','2024-02-06 11:35:33',1,1,'Basic',1,560,'Rosaline Jeffrey','O',0,0,'admin',NULL,'admin','2024-02-06 11:36:16','admin','2024-02-06 11:36:16',1,0);
INSERT INTO `oh_bills` VALUES (59,'2024-02-07 00:30:49','2024-02-07 00:31:38',1,1,'Basic',1,561,'Georgina Urguanu','O',142,12,'admin',NULL,'admin','2024-02-07 00:31:41','admin','2024-02-07 00:31:41',1,0);
INSERT INTO `oh_bills` VALUES (60,'2024-02-10 18:54:14','2024-02-10 18:54:58',1,1,'Basic',1,562,'Julian Freeman','O',141,-4,'admin',NULL,'admin','2024-02-10 18:55:08','admin','2024-02-10 18:55:08',1,0);
INSERT INTO `oh_bills` VALUES (61,'2026-01-14 16:45:55','2026-01-14 16:46:07',1,1,'Basic',1,563,'John Okoche','C',20,0,'admin',NULL,'admin','2026-01-14 16:46:10','admin','2026-01-14 16:46:10',1,0);
INSERT INTO `oh_bills` VALUES (62,'2026-01-14 16:45:55','2026-01-14 16:55:00',1,1,'Basic',1,565,'George Simland','O',940,540,'admin',NULL,'admin','2026-01-14 16:55:32','admin','2026-01-14 16:55:32',1,0);
INSERT INTO `oh_bills` VALUES (63,'2026-01-14 18:10:45','2026-01-14 18:11:46',1,1,'Basic',1,567,'Melissa Reboy','C',50,0,'admin',NULL,'admin','2026-01-14 18:11:49','admin','2026-01-14 18:11:49',1,0);
INSERT INTO `oh_bills` VALUES (64,'2026-01-14 18:10:45','2026-01-14 18:15:00',1,1,'Basic',1,568,'Morris Bariold','O',193,-7,'admin',NULL,'admin','2026-01-14 18:16:09','admin','2026-01-14 18:16:09',1,0);
INSERT INTO `oh_bills` VALUES (65,'2026-01-14 18:46:27','2026-01-14 18:47:01',1,1,'Basic',1,569,'Reny Velin','C',72,0,'admin',NULL,'admin','2026-01-14 18:47:04','admin','2026-01-14 18:47:04',1,0);
/*!40000 ALTER TABLE `oh_bills` ENABLE KEYS */;
UNLOCK TABLES;

--
-- Table structure for table `oh_deliveryresulttype`
--

DROP TABLE IF EXISTS `oh_deliveryresulttype`;
/*!40101 SET @saved_cs_client     = @@character_set_client */;
/*!40101 SET character_set_client = utf8mb4 */;
CREATE TABLE `oh_deliveryresulttype` (
  `DRT_ID_A` char(1) NOT NULL,
  `DRT_DESC` varchar(50) NOT NULL,
  `DRT_CREATED_BY` varchar(50) DEFAULT NULL,
  `DRT_CREATED_DATE` datetime DEFAULT NULL,
  `DRT_LAST_MODIFIED_BY` varchar(50) DEFAULT NULL,
  `DRT_LAST_MODIFIED_DATE` datetime DEFAULT NULL,
  `DRT_ACTIVE` tinyint(1) NOT NULL DEFAULT 1,
  PRIMARY KEY (`DRT_ID_A`),
  KEY `FK_DELIVERYRESULTTYPE_CREATED_BY_IDX` (`DRT_CREATED_BY`),
  KEY `FK_DELIVERYRESULTTYPE_LAST_MODIFIED_BY_IDX` (`DRT_LAST_MODIFIED_BY`),
  CONSTRAINT `FK_DELIVERYRESULTTYPE_CREATED_BY` FOREIGN KEY (`DRT_CREATED_BY`) REFERENCES `oh_user` (`US_ID_A`) ON DELETE NO ACTION ON UPDATE NO ACTION,
  CONSTRAINT `FK_DELIVERYRESULTTYPE_LAST_MODIFIED_BY` FOREIGN KEY (`DRT_LAST_MODIFIED_BY`) REFERENCES `oh_user` (`US_ID_A`) ON DELETE NO ACTION ON UPDATE NO ACTION
) ENGINE=InnoDB DEFAULT CHARSET=utf8mb3 COLLATE=utf8mb3_general_ci;
/*!40101 SET character_set_client = @saved_cs_client */;

--
-- Dumping data for table `oh_deliveryresulttype`
--

LOCK TABLES `oh_deliveryresulttype` WRITE;
/*!40000 ALTER TABLE `oh_deliveryresulttype` DISABLE KEYS */;
INSERT INTO `oh_deliveryresulttype` VALUES ('A','LIVE BIRTH',NULL,NULL,NULL,NULL,1);
INSERT INTO `oh_deliveryresulttype` VALUES ('B','MASTERATED STILL BIRTH',NULL,NULL,NULL,NULL,1);
INSERT INTO `oh_deliveryresulttype` VALUES ('M','MATERNAL DEATH',NULL,NULL,NULL,NULL,1);
INSERT INTO `oh_deliveryresulttype` VALUES ('N','NEWBORN DEATH',NULL,NULL,NULL,NULL,1);
INSERT INTO `oh_deliveryresulttype` VALUES ('S','FRESH STILL BIRTH',NULL,NULL,NULL,NULL,1);
/*!40000 ALTER TABLE `oh_deliveryresulttype` ENABLE KEYS */;
UNLOCK TABLES;

--
-- Table structure for table `oh_deliverytype`
--

DROP TABLE IF EXISTS `oh_deliverytype`;
/*!40101 SET @saved_cs_client     = @@character_set_client */;
/*!40101 SET character_set_client = utf8mb4 */;
CREATE TABLE `oh_deliverytype` (
  `DLT_ID_A` char(1) NOT NULL,
  `DLT_DESC` varchar(50) NOT NULL,
  `DLT_CREATED_BY` varchar(50) DEFAULT NULL,
  `DLT_CREATED_DATE` datetime DEFAULT NULL,
  `DLT_LAST_MODIFIED_BY` varchar(50) DEFAULT NULL,
  `DLT_LAST_MODIFIED_DATE` datetime DEFAULT NULL,
  `DLT_ACTIVE` tinyint(1) NOT NULL DEFAULT 1,
  PRIMARY KEY (`DLT_ID_A`),
  KEY `FK_DELIVERYTYPE_CREATED_BY_IDX` (`DLT_CREATED_BY`),
  KEY `FK_DELIVERYTYPE_LAST_MODIFIED_BY_IDX` (`DLT_LAST_MODIFIED_BY`),
  CONSTRAINT `FK_DELIVERYTYPE_CREATED_BY` FOREIGN KEY (`DLT_CREATED_BY`) REFERENCES `oh_user` (`US_ID_A`) ON DELETE NO ACTION ON UPDATE NO ACTION,
  CONSTRAINT `FK_DELIVERYTYPE_LAST_MODIFIED_BY` FOREIGN KEY (`DLT_LAST_MODIFIED_BY`) REFERENCES `oh_user` (`US_ID_A`) ON DELETE NO ACTION ON UPDATE NO ACTION
) ENGINE=InnoDB DEFAULT CHARSET=utf8mb3 COLLATE=utf8mb3_general_ci;
/*!40101 SET character_set_client = @saved_cs_client */;

--
-- Dumping data for table `oh_deliverytype`
--

LOCK TABLES `oh_deliverytype` WRITE;
/*!40000 ALTER TABLE `oh_deliverytype` DISABLE KEYS */;
INSERT INTO `oh_deliverytype` VALUES ('C','DELIVERY ASSISTED BY CESARIAN SECTION',NULL,NULL,NULL,NULL,1);
INSERT INTO `oh_deliverytype` VALUES ('N','NORMAL DELIVERY',NULL,NULL,NULL,NULL,1);
INSERT INTO `oh_deliverytype` VALUES ('V','DELIVERY ASSISTED BY VACUUM EXTRACTION',NULL,NULL,NULL,NULL,1);
/*!40000 ALTER TABLE `oh_deliverytype` ENABLE KEYS */;
UNLOCK TABLES;

--
-- Table structure for table `oh_dicom`
--

DROP TABLE IF EXISTS `oh_dicom`;
/*!40101 SET @saved_cs_client     = @@character_set_client */;
/*!40101 SET character_set_client = utf8mb4 */;
CREATE TABLE `oh_dicom` (
  `DM_PAT_ID` int(11) NOT NULL,
  `DM_FILE_ID` bigint(20) NOT NULL AUTO_INCREMENT,
  `DM_FILE_NOME` varchar(255) NOT NULL,
  `DM_FILE_ACCESSION_NUMBER` varchar(255) DEFAULT NULL,
  `DM_FILE_INSTITUTION_NAME` varchar(255) DEFAULT NULL,
  `DM_FILE_PAT_UID` varchar(255) DEFAULT NULL,
  `DM_FILE_PAT_NAME` varchar(255) DEFAULT NULL,
  `DM_FILE_PAT_ADDR` varchar(255) DEFAULT NULL,
  `DM_FILE_PAT_AGE` varchar(255) DEFAULT NULL,
  `DM_FILE_PAT_SEX` varchar(255) DEFAULT NULL,
  `DM_FILE_PAT_BIRTHDATE` varchar(255) DEFAULT NULL,
  `DM_FILE_ST_UID` varchar(255) NOT NULL,
  `DM_FILE_ST_DATE` datetime DEFAULT NULL,
  `DM_FILE_ST_DESCR` varchar(255) DEFAULT NULL,
  `DM_FILE_SER_UID` varchar(255) NOT NULL,
  `DM_FILE_SER_INST_UID` varchar(255) NOT NULL,
  `DM_FILE_SER_NUMBER` varchar(255) DEFAULT NULL,
  `DM_FILE_SER_DESC_COD_SEQ` varchar(255) DEFAULT NULL,
  `DM_FILE_SER_DATE` datetime DEFAULT NULL,
  `DM_FILE_SER_DESC` varchar(255) DEFAULT NULL,
  `DM_FILE_INST_UID` varchar(255) NOT NULL,
  `DM_FILE_MODALIITY` varchar(255) DEFAULT NULL,
  `DM_THUMBNAIL` blob DEFAULT NULL,
  `DM_DCMT_ID` varchar(3) DEFAULT NULL,
  `DM_CREATED_BY` varchar(50) DEFAULT NULL,
  `DM_CREATED_DATE` datetime DEFAULT NULL,
  `DM_LAST_MODIFIED_BY` varchar(50) DEFAULT NULL,
  `DM_LAST_MODIFIED_DATE` datetime DEFAULT NULL,
  `DM_ACTIVE` tinyint(1) NOT NULL DEFAULT 1,
  PRIMARY KEY (`DM_FILE_ID`),
  KEY `FK_DICOM_DICOMTYPE_idx` (`DM_DCMT_ID`),
  KEY `FK_DICOM_CREATED_BY_IDX` (`DM_CREATED_BY`),
  KEY `FK_DICOM_LAST_MODIFIED_BY_IDX` (`DM_LAST_MODIFIED_BY`),
  CONSTRAINT `FK_DICOM_CREATED_BY` FOREIGN KEY (`DM_CREATED_BY`) REFERENCES `oh_user` (`US_ID_A`) ON DELETE NO ACTION ON UPDATE NO ACTION,
  CONSTRAINT `FK_DICOM_DICOMTYPE` FOREIGN KEY (`DM_DCMT_ID`) REFERENCES `oh_dicomtype` (`DCMT_ID`) ON DELETE NO ACTION ON UPDATE NO ACTION,
  CONSTRAINT `FK_DICOM_LAST_MODIFIED_BY` FOREIGN KEY (`DM_LAST_MODIFIED_BY`) REFERENCES `oh_user` (`US_ID_A`) ON DELETE NO ACTION ON UPDATE NO ACTION
) ENGINE=InnoDB DEFAULT CHARSET=utf8mb3 COLLATE=utf8mb3_general_ci;
/*!40101 SET character_set_client = @saved_cs_client */;

--
-- Dumping data for table `oh_dicom`
--

LOCK TABLES `oh_dicom` WRITE;
/*!40000 ALTER TABLE `oh_dicom` DISABLE KEYS */;
/*!40000 ALTER TABLE `oh_dicom` ENABLE KEYS */;
UNLOCK TABLES;

--
-- Table structure for table `oh_dicom_data`
--

DROP TABLE IF EXISTS `oh_dicom_data`;
/*!40101 SET @saved_cs_client     = @@character_set_client */;
/*!40101 SET character_set_client = utf8mb4 */;
CREATE TABLE `oh_dicom_data` (
  `DMD_DATA_ID` bigint(20) NOT NULL AUTO_INCREMENT,
  `DMD_FILE_ID` bigint(20) DEFAULT NULL,
  `DMD_DATA` longblob DEFAULT NULL,
  `DMD_CREATED_BY` varchar(50) DEFAULT NULL,
  `DMD_CREATED_DATE` datetime DEFAULT NULL,
  `DMD_LAST_MODIFIED_BY` varchar(50) DEFAULT NULL,
  `DMD_LAST_MODIFIED_DATE` datetime DEFAULT NULL,
  `DMD_ACTIVE` tinyint(1) NOT NULL DEFAULT 1,
  PRIMARY KEY (`DMD_DATA_ID`),
  KEY `FK_DICOM_DATA_DICOM` (`DMD_FILE_ID`),
  CONSTRAINT `FK_DICOM_DATA_DICOM` FOREIGN KEY (`DMD_FILE_ID`) REFERENCES `oh_dicom` (`DM_FILE_ID`) ON DELETE CASCADE ON UPDATE CASCADE
) ENGINE=InnoDB DEFAULT CHARSET=utf8mb3 COLLATE=utf8mb3_general_ci;
/*!40101 SET character_set_client = @saved_cs_client */;

--
-- Dumping data for table `oh_dicom_data`
--

LOCK TABLES `oh_dicom_data` WRITE;
/*!40000 ALTER TABLE `oh_dicom_data` DISABLE KEYS */;
/*!40000 ALTER TABLE `oh_dicom_data` ENABLE KEYS */;
UNLOCK TABLES;

--
-- Table structure for table `oh_dicomtype`
--

DROP TABLE IF EXISTS `oh_dicomtype`;
/*!40101 SET @saved_cs_client     = @@character_set_client */;
/*!40101 SET character_set_client = utf8mb4 */;
CREATE TABLE `oh_dicomtype` (
  `DCMT_ID` varchar(3) NOT NULL,
  `DCMT_DESC` varchar(50) NOT NULL,
  `DCMT_CREATED_BY` varchar(50) DEFAULT NULL,
  `DCMT_CREATED_DATE` datetime DEFAULT NULL,
  `DCMT_LAST_MODIFIED_BY` varchar(50) DEFAULT NULL,
  `DCMT_LAST_MODIFIED_DATE` datetime DEFAULT NULL,
  `DCMT_ACTIVE` tinyint(1) NOT NULL DEFAULT 1,
  PRIMARY KEY (`DCMT_ID`)
) ENGINE=InnoDB DEFAULT CHARSET=utf8mb3 COLLATE=utf8mb3_general_ci;
/*!40101 SET character_set_client = @saved_cs_client */;

--
-- Dumping data for table `oh_dicomtype`
--

LOCK TABLES `oh_dicomtype` WRITE;
/*!40000 ALTER TABLE `oh_dicomtype` DISABLE KEYS */;
INSERT INTO `oh_dicomtype` VALUES ('CTS','CT-Scan',NULL,NULL,NULL,NULL,1);
INSERT INTO `oh_dicomtype` VALUES ('DEF','Default',NULL,NULL,NULL,NULL,1);
INSERT INTO `oh_dicomtype` VALUES ('GEN','General',NULL,NULL,NULL,NULL,1);
INSERT INTO `oh_dicomtype` VALUES ('NRM','NM Resonance',NULL,NULL,NULL,NULL,1);
INSERT INTO `oh_dicomtype` VALUES ('XRA','X-Ray',NULL,NULL,NULL,NULL,1);
/*!40000 ALTER TABLE `oh_dicomtype` ENABLE KEYS */;
UNLOCK TABLES;

--
-- Table structure for table `oh_dischargetype`
--

DROP TABLE IF EXISTS `oh_dischargetype`;
/*!40101 SET @saved_cs_client     = @@character_set_client */;
/*!40101 SET character_set_client = utf8mb4 */;
CREATE TABLE `oh_dischargetype` (
  `DIST_ID_A` varchar(10) NOT NULL,
  `DIST_DESC` varchar(50) NOT NULL,
  `DIST_CREATED_BY` varchar(50) DEFAULT NULL,
  `DIST_CREATED_DATE` datetime DEFAULT NULL,
  `DIST_LAST_MODIFIED_BY` varchar(50) DEFAULT NULL,
  `DIST_LAST_MODIFIED_DATE` datetime DEFAULT NULL,
  `DIST_ACTIVE` tinyint(1) NOT NULL DEFAULT 1,
  PRIMARY KEY (`DIST_ID_A`),
  KEY `FK_DISCHARGETYPE_CREATED_BY_IDX` (`DIST_CREATED_BY`),
  KEY `FK_DISCHARGETYPE_LAST_MODIFIED_BY_IDX` (`DIST_LAST_MODIFIED_BY`),
  CONSTRAINT `FK_DISCHARGETYPE_CREATED_BY` FOREIGN KEY (`DIST_CREATED_BY`) REFERENCES `oh_user` (`US_ID_A`) ON DELETE NO ACTION ON UPDATE NO ACTION,
  CONSTRAINT `FK_DISCHARGETYPE_LAST_MODIFIED_BY` FOREIGN KEY (`DIST_LAST_MODIFIED_BY`) REFERENCES `oh_user` (`US_ID_A`) ON DELETE NO ACTION ON UPDATE NO ACTION
) ENGINE=InnoDB DEFAULT CHARSET=utf8mb3 COLLATE=utf8mb3_general_ci;
/*!40101 SET character_set_client = @saved_cs_client */;

--
-- Dumping data for table `oh_dischargetype`
--

LOCK TABLES `oh_dischargetype` WRITE;
/*!40000 ALTER TABLE `oh_dischargetype` DISABLE KEYS */;
INSERT INTO `oh_dischargetype` VALUES ('B','REFERRED',NULL,NULL,NULL,NULL,1);
INSERT INTO `oh_dischargetype` VALUES ('D','DEAD',NULL,NULL,NULL,NULL,1);
INSERT INTO `oh_dischargetype` VALUES ('EQ','NORMAL DISCHARGE',NULL,NULL,NULL,NULL,1);
INSERT INTO `oh_dischargetype` VALUES ('ES','ESCAPE',NULL,NULL,NULL,NULL,1);
/*!40000 ALTER TABLE `oh_dischargetype` ENABLE KEYS */;
UNLOCK TABLES;

--
-- Table structure for table `oh_disease`
--

DROP TABLE IF EXISTS `oh_disease`;
/*!40101 SET @saved_cs_client     = @@character_set_client */;
/*!40101 SET character_set_client = utf8mb4 */;
CREATE TABLE `oh_disease` (
  `DIS_ID_A` varchar(10) NOT NULL,
  `DIS_DESC` varchar(160) NOT NULL,
  `DIS_DCL_ID_A` char(2) NOT NULL,
  `DIS_LOCK` int(11) NOT NULL DEFAULT 0,
  `DIS_OPD_INCLUDE` int(11) NOT NULL DEFAULT 0,
  `DIS_IPD_IN_INCLUDE` int(11) NOT NULL DEFAULT 0,
  `DIS_IPD_OUT_INCLUDE` int(11) NOT NULL DEFAULT 0,
  `DIS_CREATED_BY` varchar(50) DEFAULT NULL,
  `DIS_CREATED_DATE` datetime DEFAULT NULL,
  `DIS_LAST_MODIFIED_BY` varchar(50) DEFAULT NULL,
  `DIS_LAST_MODIFIED_DATE` datetime DEFAULT NULL,
  `DIS_ACTIVE` tinyint(1) NOT NULL DEFAULT 1,
  PRIMARY KEY (`DIS_ID_A`),
  KEY `FK_DISEASE_DISEASETYPE` (`DIS_DCL_ID_A`),
  KEY `FK_DISEASE_CREATED_BY_IDX` (`DIS_CREATED_BY`),
  KEY `FK_DISEASE_LAST_MODIFIED_BY_IDX` (`DIS_LAST_MODIFIED_BY`),
  CONSTRAINT `FK_DISEASE_CREATED_BY` FOREIGN KEY (`DIS_CREATED_BY`) REFERENCES `oh_user` (`US_ID_A`) ON DELETE NO ACTION ON UPDATE NO ACTION,
  CONSTRAINT `FK_DISEASE_DISEASETYPE` FOREIGN KEY (`DIS_DCL_ID_A`) REFERENCES `oh_diseasetype` (`DCL_ID_A`) ON DELETE NO ACTION ON UPDATE CASCADE,
  CONSTRAINT `FK_DISEASE_LAST_MODIFIED_BY` FOREIGN KEY (`DIS_LAST_MODIFIED_BY`) REFERENCES `oh_user` (`US_ID_A`) ON DELETE NO ACTION ON UPDATE NO ACTION
) ENGINE=InnoDB DEFAULT CHARSET=utf8mb3 COLLATE=utf8mb3_general_ci;
/*!40101 SET character_set_client = @saved_cs_client */;

--
-- Dumping data for table `oh_disease`
--

LOCK TABLES `oh_disease` WRITE;
/*!40000 ALTER TABLE `oh_disease` DISABLE KEYS */;
INSERT INTO `oh_disease` VALUES ('1','Acute Flaccid Paralysis','ND',0,1,1,1,NULL,NULL,NULL,NULL,1);
INSERT INTO `oh_disease` VALUES ('10','Viral Haemorragic Fever','ND',0,1,1,1,NULL,NULL,NULL,NULL,1);
INSERT INTO `oh_disease` VALUES ('100','Other malignant neoplasm','NC',0,1,1,1,NULL,NULL,NULL,NULL,1);
INSERT INTO `oh_disease` VALUES ('101','Curable Ulcers','NC',0,1,1,1,NULL,NULL,NULL,NULL,1);
INSERT INTO `oh_disease` VALUES ('102','Cerebro-vascular event','NC',0,1,1,1,NULL,NULL,NULL,NULL,1);
INSERT INTO `oh_disease` VALUES ('103','Cardiac arrest','NC',0,1,1,1,NULL,NULL,NULL,NULL,1);
INSERT INTO `oh_disease` VALUES ('104','Gastro-intestinal bleeding','NC',0,1,1,1,NULL,NULL,NULL,NULL,1);
INSERT INTO `oh_disease` VALUES ('105','Respiratory distress','NC',0,1,1,1,NULL,NULL,NULL,NULL,1);
INSERT INTO `oh_disease` VALUES ('106','Acute renal failure','NC',1,0,1,1,NULL,NULL,NULL,NULL,1);
INSERT INTO `oh_disease` VALUES ('107','Acute sepsis','NC',1,0,1,1,NULL,NULL,NULL,NULL,1);
INSERT INTO `oh_disease` VALUES ('108','Schostosomiasis','NC',0,1,1,1,NULL,NULL,NULL,NULL,1);
INSERT INTO `oh_disease` VALUES ('11','Yellow Fever','ND',0,1,1,1,NULL,NULL,NULL,NULL,1);
INSERT INTO `oh_disease` VALUES ('110','Pelvic Inflammatory DISEASEs (PID)','OC',0,1,1,1,NULL,NULL,NULL,NULL,1);
INSERT INTO `oh_disease` VALUES ('111','Tetanus (over 28 days age)','OC',1,1,1,1,NULL,NULL,NULL,NULL,1);
INSERT INTO `oh_disease` VALUES ('112','Obstructed Labour','MP',0,1,1,1,NULL,NULL,NULL,NULL,1);
INSERT INTO `oh_disease` VALUES ('113','Other types of meningitis','OC',0,1,1,1,NULL,NULL,NULL,NULL,1);
INSERT INTO `oh_disease` VALUES ('114','Schistosomiasis','OC',0,1,1,1,NULL,NULL,NULL,NULL,1);
INSERT INTO `oh_disease` VALUES ('115','Sleeping sickness','OC',0,1,1,1,NULL,NULL,NULL,NULL,1);
INSERT INTO `oh_disease` VALUES ('116','Malaria in pregnancy','MP',0,1,1,1,NULL,NULL,NULL,NULL,1);
INSERT INTO `oh_disease` VALUES ('117','Injuries - (road traffic accident)','NC',0,1,1,1,NULL,NULL,NULL,NULL,1);
INSERT INTO `oh_disease` VALUES ('12','Anaemia','NC',0,1,1,1,NULL,NULL,NULL,NULL,1);
INSERT INTO `oh_disease` VALUES ('127','Covid-19','ND',0,1,1,0,'admin','2022-11-22 02:56:26','admin','2022-11-22 02:56:26',1);
INSERT INTO `oh_disease` VALUES ('13','Dental DISEASE and conditions','NC',0,1,1,1,NULL,NULL,NULL,NULL,1);
INSERT INTO `oh_disease` VALUES ('14','Diabetes Mellitus','NC',0,1,1,1,NULL,NULL,NULL,NULL,1);
INSERT INTO `oh_disease` VALUES ('15','Gastro-intestinal DISEASEss (non infective)','NC',1,1,1,1,NULL,NULL,NULL,NULL,1);
INSERT INTO `oh_disease` VALUES ('16','Hypertension','NC',0,1,1,1,NULL,NULL,NULL,NULL,1);
INSERT INTO `oh_disease` VALUES ('17','Mental Illness','NC',0,1,1,1,NULL,NULL,NULL,NULL,1);
INSERT INTO `oh_disease` VALUES ('18','Epilepsy','NC',0,1,1,1,NULL,NULL,NULL,NULL,1);
INSERT INTO `oh_disease` VALUES ('19','Other cardio-vascular DISEASEs','NC',0,1,1,1,NULL,NULL,NULL,NULL,1);
INSERT INTO `oh_disease` VALUES ('2','Cholera','ND',0,1,1,1,NULL,NULL,NULL,NULL,1);
INSERT INTO `oh_disease` VALUES ('20','Severe malnutrition (marasmus,kwashiorkor,marasmic-kwash)','NC',6,1,0,0,NULL,NULL,NULL,NULL,1);
INSERT INTO `oh_disease` VALUES ('22','Trauma-Domestic Violence','NC',0,1,1,1,NULL,NULL,NULL,NULL,1);
INSERT INTO `oh_disease` VALUES ('23','Trauma-other intensional','NC',0,1,1,1,NULL,NULL,NULL,NULL,1);
INSERT INTO `oh_disease` VALUES ('24','Trauma Road traffic accidents','NC',0,1,1,1,NULL,NULL,NULL,NULL,1);
INSERT INTO `oh_disease` VALUES ('25','Trauma Other Non intensional','NC',0,1,1,1,NULL,NULL,NULL,NULL,1);
INSERT INTO `oh_disease` VALUES ('26','Other complications of pregnancy','MP',1,0,1,1,NULL,NULL,NULL,NULL,1);
INSERT INTO `oh_disease` VALUES ('27','Perinatal conditions','MP',0,1,1,1,NULL,NULL,NULL,NULL,1);
INSERT INTO `oh_disease` VALUES ('28','Abortions','MP',0,1,1,1,NULL,NULL,NULL,NULL,1);
INSERT INTO `oh_disease` VALUES ('29','AIDS','OC',0,1,1,1,NULL,NULL,NULL,NULL,1);
INSERT INTO `oh_disease` VALUES ('3','Diarrhoea-Dysentry','ND',2,1,1,1,NULL,NULL,NULL,NULL,1);
INSERT INTO `oh_disease` VALUES ('30','Diarrhoea-Not bloody','OC',0,1,1,1,NULL,NULL,NULL,NULL,1);
INSERT INTO `oh_disease` VALUES ('31','Diarrhoea-Persistent','OC',0,1,1,1,NULL,NULL,NULL,NULL,1);
INSERT INTO `oh_disease` VALUES ('32','Ear Infection','OC',1,0,1,1,NULL,NULL,NULL,NULL,1);
INSERT INTO `oh_disease` VALUES ('33','Eye Infection','OC',0,1,1,1,NULL,NULL,NULL,NULL,1);
INSERT INTO `oh_disease` VALUES ('34','Genital Inf.-Urethral discharge','OC',1,0,1,1,NULL,NULL,NULL,NULL,1);
INSERT INTO `oh_disease` VALUES ('35','Genital Inf.-Vaginal discharge','OC',1,0,1,1,NULL,NULL,NULL,NULL,1);
INSERT INTO `oh_disease` VALUES ('36','Genital Inf.-Ulcerative','OC',1,0,1,1,NULL,NULL,NULL,NULL,1);
INSERT INTO `oh_disease` VALUES ('37','Intestinal Worms','OC',0,1,1,1,NULL,NULL,NULL,NULL,1);
INSERT INTO `oh_disease` VALUES ('38','Leprosy','OC',0,1,1,1,NULL,NULL,NULL,NULL,1);
INSERT INTO `oh_disease` VALUES ('39','Malaria','OC',0,1,1,1,NULL,NULL,NULL,NULL,1);
INSERT INTO `oh_disease` VALUES ('4','Guinea Worm','ND',0,1,1,1,NULL,NULL,NULL,NULL,1);
INSERT INTO `oh_disease` VALUES ('40','No pneumonia-cold or cough','OC',0,1,1,1,NULL,NULL,NULL,NULL,1);
INSERT INTO `oh_disease` VALUES ('41','Onchocerciasis','OC',0,1,1,1,NULL,NULL,NULL,NULL,1);
INSERT INTO `oh_disease` VALUES ('42','Pneumonia','OC',0,1,1,1,NULL,NULL,NULL,NULL,1);
INSERT INTO `oh_disease` VALUES ('43','Skin DISEASEs','OC',0,1,1,1,NULL,NULL,NULL,NULL,1);
INSERT INTO `oh_disease` VALUES ('44','Tuberculosis','OC',2,1,1,1,NULL,NULL,NULL,NULL,1);
INSERT INTO `oh_disease` VALUES ('46','Typhoid Fever','OC',0,1,1,1,NULL,NULL,NULL,NULL,1);
INSERT INTO `oh_disease` VALUES ('47','Urinary Tract Infections (UTI)','OC',2,1,1,1,NULL,NULL,NULL,NULL,1);
INSERT INTO `oh_disease` VALUES ('48','Others(non specified)','OC',1,0,1,1,NULL,NULL,NULL,NULL,1);
INSERT INTO `oh_disease` VALUES ('49','All Other DISEASEs','AO',2,1,1,1,NULL,NULL,NULL,NULL,1);
INSERT INTO `oh_disease` VALUES ('5','Measles','ND',0,1,1,1,NULL,NULL,NULL,NULL,1);
INSERT INTO `oh_disease` VALUES ('50','Other emerging infectious DISEASE','ND',0,1,1,1,NULL,NULL,NULL,NULL,1);
INSERT INTO `oh_disease` VALUES ('56','Death in OPD','OC',0,1,1,1,NULL,NULL,NULL,NULL,1);
INSERT INTO `oh_disease` VALUES ('57','ENT Conditions','OC',0,1,1,1,NULL,NULL,NULL,NULL,1);
INSERT INTO `oh_disease` VALUES ('58','Eye Conditions','OC',0,1,1,1,NULL,NULL,NULL,NULL,1);
INSERT INTO `oh_disease` VALUES ('59','Sexually transmited infections (STI)','OC',1,1,1,1,NULL,NULL,NULL,NULL,1);
INSERT INTO `oh_disease` VALUES ('6','Meningitis','ND',0,1,1,1,NULL,NULL,NULL,NULL,1);
INSERT INTO `oh_disease` VALUES ('60','Hepatitis','OC',1,0,1,1,NULL,NULL,NULL,NULL,1);
INSERT INTO `oh_disease` VALUES ('61','Osteomyelitis','OC',1,0,1,1,NULL,NULL,NULL,NULL,1);
INSERT INTO `oh_disease` VALUES ('62','Peritonitis','OC',1,0,1,1,NULL,NULL,NULL,NULL,1);
INSERT INTO `oh_disease` VALUES ('63','Pyrexiaof unknown origin (PUO)','OC',1,0,1,1,NULL,NULL,NULL,NULL,1);
INSERT INTO `oh_disease` VALUES ('64','Septicaemia','OC',1,0,1,1,NULL,NULL,NULL,NULL,1);
INSERT INTO `oh_disease` VALUES ('65','High blood pressure in pregnancy','MP',0,1,1,1,NULL,NULL,NULL,NULL,1);
INSERT INTO `oh_disease` VALUES ('66','Haemorrhage related to pregnancy (APH/PPH)','MP',0,1,1,1,NULL,NULL,NULL,NULL,1);
INSERT INTO `oh_disease` VALUES ('67','Sepsis related to pregnancy','MP',1,0,1,1,NULL,NULL,NULL,NULL,1);
INSERT INTO `oh_disease` VALUES ('68','Asthma','NC',0,1,1,1,NULL,NULL,NULL,NULL,1);
INSERT INTO `oh_disease` VALUES ('69','Oral DISEASEs and condition','NC',0,1,1,1,NULL,NULL,NULL,NULL,1);
INSERT INTO `oh_disease` VALUES ('7','Tetanus neonatal (less 28 days age)','ND',3,1,1,1,NULL,NULL,NULL,NULL,1);
INSERT INTO `oh_disease` VALUES ('70','Endocrine and metabolic disorders (other)','NC',0,1,1,1,NULL,NULL,NULL,NULL,1);
INSERT INTO `oh_disease` VALUES ('71','Anxiety disorders','NC',0,1,1,1,NULL,NULL,NULL,NULL,1);
INSERT INTO `oh_disease` VALUES ('72','Mania','NC',0,1,1,1,NULL,NULL,NULL,NULL,1);
INSERT INTO `oh_disease` VALUES ('73','Depression','NC',0,1,1,1,NULL,NULL,NULL,NULL,1);
INSERT INTO `oh_disease` VALUES ('74','Schizophrenia','NC',0,1,1,1,NULL,NULL,NULL,NULL,1);
INSERT INTO `oh_disease` VALUES ('75','Alcohol and drug abuse','NC',0,1,1,1,NULL,NULL,NULL,NULL,1);
INSERT INTO `oh_disease` VALUES ('76','Childhood and mentle disorders','NC',0,1,1,1,NULL,NULL,NULL,NULL,1);
INSERT INTO `oh_disease` VALUES ('77','Severe malnutrition (kwashiorkor)','NC',2,0,1,1,NULL,NULL,NULL,NULL,1);
INSERT INTO `oh_disease` VALUES ('78','Severe malnutrition (marasmus)','NC',3,0,1,1,NULL,NULL,NULL,NULL,1);
INSERT INTO `oh_disease` VALUES ('79','Severe malnutrition (marasmic-kwash)','NC',2,0,1,1,NULL,NULL,NULL,NULL,1);
INSERT INTO `oh_disease` VALUES ('8','Plague','ND',0,1,1,1,NULL,NULL,NULL,NULL,1);
INSERT INTO `oh_disease` VALUES ('80','Low weight for age','NC',0,1,1,1,NULL,NULL,NULL,NULL,1);
INSERT INTO `oh_disease` VALUES ('81','Injuries - (trauma due to other causes)','NC',0,1,1,1,NULL,NULL,NULL,NULL,1);
INSERT INTO `oh_disease` VALUES ('82','Animal/snake bite','NC',0,1,1,1,NULL,NULL,NULL,NULL,1);
INSERT INTO `oh_disease` VALUES ('83','Poisoning','NC',1,0,1,1,NULL,NULL,NULL,NULL,1);
INSERT INTO `oh_disease` VALUES ('84','Liver cirrhosis','NC',0,1,1,1,NULL,NULL,NULL,NULL,1);
INSERT INTO `oh_disease` VALUES ('85','Hepatocellular carcinoma','NC',0,1,1,1,NULL,NULL,NULL,NULL,1);
INSERT INTO `oh_disease` VALUES ('86','Liver DISEASE s (other)','NC',0,1,1,1,NULL,NULL,NULL,NULL,1);
INSERT INTO `oh_disease` VALUES ('87','Hernias','NC',0,1,1,1,NULL,NULL,NULL,NULL,1);
INSERT INTO `oh_disease` VALUES ('88','DISEASEs of the appendix','NC',0,1,1,1,NULL,NULL,NULL,NULL,1);
INSERT INTO `oh_disease` VALUES ('89','Musculo skeletal and connective tissue DISEASE','NC',0,1,1,1,NULL,NULL,NULL,NULL,1);
INSERT INTO `oh_disease` VALUES ('9','Rabies','ND',0,1,1,1,NULL,NULL,NULL,NULL,1);
INSERT INTO `oh_disease` VALUES ('90','Genitourinary system DISEASEs ( non infective )','NC',0,1,1,1,NULL,NULL,NULL,NULL,1);
INSERT INTO `oh_disease` VALUES ('91','Congenital malformations and chromosome abnormalities','ND',1,0,1,1,NULL,NULL,NULL,NULL,1);
INSERT INTO `oh_disease` VALUES ('92','Complication and surgical care','NC',0,1,1,1,NULL,NULL,NULL,NULL,1);
INSERT INTO `oh_disease` VALUES ('93','Benine neoplasm\"s ( all type )','NC',0,1,1,1,NULL,NULL,NULL,NULL,1);
INSERT INTO `oh_disease` VALUES ('94','Cancer of the breast','NC',0,1,1,1,NULL,NULL,NULL,NULL,1);
INSERT INTO `oh_disease` VALUES ('95','Cancer of the prostate','ND',1,0,1,1,NULL,NULL,NULL,NULL,1);
INSERT INTO `oh_disease` VALUES ('96','Malignant neoplasm of the digestive organs','NC',0,1,1,1,NULL,NULL,NULL,NULL,1);
INSERT INTO `oh_disease` VALUES ('97','Malignant of the lungs','NC',0,1,1,1,NULL,NULL,NULL,NULL,1);
INSERT INTO `oh_disease` VALUES ('98','Caposis and other skin cancers','NC',0,1,1,1,NULL,NULL,NULL,NULL,1);
INSERT INTO `oh_disease` VALUES ('99','Malignant neoplasm of Haemopoetic tissue','NC',0,1,1,1,NULL,NULL,NULL,NULL,1);
/*!40000 ALTER TABLE `oh_disease` ENABLE KEYS */;
UNLOCK TABLES;

--
-- Table structure for table `oh_diseasetype`
--

DROP TABLE IF EXISTS `oh_diseasetype`;
/*!40101 SET @saved_cs_client     = @@character_set_client */;
/*!40101 SET character_set_client = utf8mb4 */;
CREATE TABLE `oh_diseasetype` (
  `DCL_ID_A` char(2) NOT NULL,
  `DCL_DESC` varchar(110) NOT NULL,
  `DCL_CREATED_BY` varchar(50) DEFAULT NULL,
  `DCL_CREATED_DATE` datetime DEFAULT NULL,
  `DCL_LAST_MODIFIED_BY` varchar(50) DEFAULT NULL,
  `DCL_LAST_MODIFIED_DATE` datetime DEFAULT NULL,
  `DCL_ACTIVE` tinyint(1) NOT NULL DEFAULT 1,
  PRIMARY KEY (`DCL_ID_A`),
  KEY `FK_DISEASETYPE_CREATED_BY_IDX` (`DCL_CREATED_BY`),
  KEY `FK_DISEASETYPE_LAST_MODIFIED_BY_IDX` (`DCL_LAST_MODIFIED_BY`),
  CONSTRAINT `FK_DISEASETYPE_CREATED_BY` FOREIGN KEY (`DCL_CREATED_BY`) REFERENCES `oh_user` (`US_ID_A`) ON DELETE NO ACTION ON UPDATE NO ACTION,
  CONSTRAINT `FK_DISEASETYPE_LAST_MODIFIED_BY` FOREIGN KEY (`DCL_LAST_MODIFIED_BY`) REFERENCES `oh_user` (`US_ID_A`) ON DELETE NO ACTION ON UPDATE NO ACTION
) ENGINE=InnoDB DEFAULT CHARSET=utf8mb3 COLLATE=utf8mb3_general_ci;
/*!40101 SET character_set_client = @saved_cs_client */;

--
-- Dumping data for table `oh_diseasetype`
--

LOCK TABLES `oh_diseasetype` WRITE;
/*!40000 ALTER TABLE `oh_diseasetype` DISABLE KEYS */;
INSERT INTO `oh_diseasetype` VALUES ('AO','5. All Other',NULL,NULL,NULL,NULL,1);
INSERT INTO `oh_diseasetype` VALUES ('MP','3.MATERNAL AND PERINATAL DISEASES',NULL,NULL,NULL,NULL,1);
INSERT INTO `oh_diseasetype` VALUES ('NC','4.NON-COMMUNICABLE DISEASES',NULL,NULL,NULL,NULL,1);
INSERT INTO `oh_diseasetype` VALUES ('ND','1.NOTIFIABLE DISEASES',NULL,NULL,NULL,NULL,1);
INSERT INTO `oh_diseasetype` VALUES ('OC','2.OTHER INFECTIOUS/COMMUNICABLE DISEASES',NULL,NULL,NULL,NULL,1);
/*!40000 ALTER TABLE `oh_diseasetype` ENABLE KEYS */;
UNLOCK TABLES;

--
-- Table structure for table `oh_exam`
--

DROP TABLE IF EXISTS `oh_exam`;
/*!40101 SET @saved_cs_client     = @@character_set_client */;
/*!40101 SET character_set_client = utf8mb4 */;
CREATE TABLE `oh_exam` (
  `EXA_ID_A` varchar(10) NOT NULL,
  `EXA_DESC` varchar(100) NOT NULL,
  `EXA_EXC_ID_A` char(2) NOT NULL,
  `EXA_PROC` int(11) NOT NULL,
  `EXA_DEFAULT` varchar(50) DEFAULT NULL,
  `EXA_LOCK` int(11) NOT NULL DEFAULT 0,
  `EXA_CREATED_BY` varchar(50) DEFAULT NULL,
  `EXA_CREATED_DATE` datetime DEFAULT NULL,
  `EXA_LAST_MODIFIED_BY` varchar(50) DEFAULT NULL,
  `EXA_LAST_MODIFIED_DATE` datetime DEFAULT NULL,
  `EXA_ACTIVE` tinyint(1) NOT NULL DEFAULT 1,
  PRIMARY KEY (`EXA_ID_A`),
  KEY `FK_EXAM_EXAMTYPE` (`EXA_EXC_ID_A`),
  KEY `FK_EXAM_CREATED_BY_IDX` (`EXA_CREATED_BY`),
  KEY `FK_EXAM_LAST_MODIFIED_BY_IDX` (`EXA_LAST_MODIFIED_BY`),
  CONSTRAINT `FK_EXAM_CREATED_BY` FOREIGN KEY (`EXA_CREATED_BY`) REFERENCES `oh_user` (`US_ID_A`) ON DELETE NO ACTION ON UPDATE NO ACTION,
  CONSTRAINT `FK_EXAM_EXAMTYPE` FOREIGN KEY (`EXA_EXC_ID_A`) REFERENCES `oh_examtype` (`EXC_ID_A`) ON DELETE NO ACTION ON UPDATE CASCADE,
  CONSTRAINT `FK_EXAM_LAST_MODIFIED_BY` FOREIGN KEY (`EXA_LAST_MODIFIED_BY`) REFERENCES `oh_user` (`US_ID_A`) ON DELETE NO ACTION ON UPDATE NO ACTION
) ENGINE=InnoDB DEFAULT CHARSET=utf8mb3 COLLATE=utf8mb3_general_ci;
/*!40101 SET character_set_client = @saved_cs_client */;

--
-- Dumping data for table `oh_exam`
--

LOCK TABLES `oh_exam` WRITE;
/*!40000 ALTER TABLE `oh_exam` DISABLE KEYS */;
INSERT INTO `oh_exam` VALUES ('01.01','1.1 HB','HB',1,'>=12 (NORMAL)',1,NULL,NULL,NULL,NULL,1);
INSERT INTO `oh_exam` VALUES ('01.02','1.2 WBC Count','HB',1,'4000 - 7000 (NORMAL)',1,NULL,NULL,NULL,NULL,1);
INSERT INTO `oh_exam` VALUES ('01.03','1.3 Differential ','HB',1,'',0,NULL,NULL,NULL,NULL,1);
INSERT INTO `oh_exam` VALUES ('01.04','1.4 Film Comment','HB',1,'0',1,NULL,NULL,'admin','2022-11-21 22:40:11',1);
INSERT INTO `oh_exam` VALUES ('01.05','1.5 ESR','HB',1,'NORMAL',1,NULL,NULL,NULL,NULL,1);
INSERT INTO `oh_exam` VALUES ('01.06','1.6 Sickling Test','HB',1,'NEGATIVE',1,NULL,NULL,NULL,NULL,1);
INSERT INTO `oh_exam` VALUES ('02.01','2.1 Grouping','BT',1,'',2,NULL,NULL,NULL,NULL,1);
INSERT INTO `oh_exam` VALUES ('02.02','2.2 Comb\'s Test','BT',1,'NEGATIVE',3,NULL,NULL,NULL,NULL,1);
INSERT INTO `oh_exam` VALUES ('03.01','3.1 Blood Slide (Malaria)','PA',1,'NEGATIVE',1,NULL,NULL,NULL,NULL,1);
INSERT INTO `oh_exam` VALUES ('03.02','3.2 Blood Slide (OTHERS, E.G. TRIUPHANOSOMIAS, MICRIFILARIA, LEISHMANIA, BORRELIA)','PA',1,'NEGATIVE',2,NULL,NULL,NULL,NULL,1);
INSERT INTO `oh_exam` VALUES ('03.021','3.21 Trypanosomiasis','PA',1,'NEGATIVE',2,NULL,NULL,NULL,NULL,1);
INSERT INTO `oh_exam` VALUES ('03.022','3.22 MICROFILARIA','PA',1,'NEGATIVE',1,NULL,NULL,NULL,NULL,1);
INSERT INTO `oh_exam` VALUES ('03.023','3.23 LEISHMANIA','PA',1,'NEGATIVE',1,NULL,NULL,NULL,NULL,1);
INSERT INTO `oh_exam` VALUES ('03.024','3.24 BORRELIA','PA',1,'NEGATIVE',1,NULL,NULL,NULL,NULL,1);
INSERT INTO `oh_exam` VALUES ('03.03','3.3 STOOL MICROSCOPY','PA',2,'',2,NULL,NULL,NULL,NULL,1);
INSERT INTO `oh_exam` VALUES ('03.04','3.4 URINE MICROSCOPY','PA',1,'NEGATIVE',1,NULL,NULL,NULL,NULL,1);
INSERT INTO `oh_exam` VALUES ('03.05','3.5 TISSUE MICROSCOPY','PA',1,'NEGATIVE',1,NULL,NULL,NULL,NULL,1);
INSERT INTO `oh_exam` VALUES ('03.06','3.6 CSF WET PREP','PA',1,'NEGATIVE',1,NULL,NULL,NULL,NULL,1);
INSERT INTO `oh_exam` VALUES ('04.01','4.1 CULTURE AND SENSITIVITY (C&S) FOR HAEMOPHILUS INFUENZA TYPE B','BA',1,'NEGATIVE',2,NULL,NULL,NULL,NULL,1);
INSERT INTO `oh_exam` VALUES ('04.02','4.2 C&S FOR SALMONELA TYPHI','BA',1,'NEGATIVE',1,NULL,NULL,NULL,NULL,1);
INSERT INTO `oh_exam` VALUES ('04.03','4.3 C&S FOR VIBRO CHOLERA','BA',1,'NEGATIVE',1,NULL,NULL,NULL,NULL,1);
INSERT INTO `oh_exam` VALUES ('04.04','4.4 C&S FOR SHIGELLA DYSENTERIAE','BA',1,'NEGATIVE',1,NULL,NULL,NULL,NULL,1);
INSERT INTO `oh_exam` VALUES ('04.05','4.5 C&S FOR NEISSERIA MENINGITIDES','BA',1,'NEGATIVE',1,NULL,NULL,NULL,NULL,1);
INSERT INTO `oh_exam` VALUES ('04.06','4.6 OTHER C&S ','BA',1,'NEGATIVE',1,NULL,NULL,NULL,NULL,1);
INSERT INTO `oh_exam` VALUES ('05.01','5.1 WET PREP','MC',1,'NEGATIVE',1,NULL,NULL,NULL,NULL,1);
INSERT INTO `oh_exam` VALUES ('05.02','5.2 GRAM STAIN','MC',1,'NEGATIVE',1,NULL,NULL,NULL,NULL,1);
INSERT INTO `oh_exam` VALUES ('05.03','5.3 INDIA INK','MC',1,'NEGATIVE',1,NULL,NULL,NULL,NULL,1);
INSERT INTO `oh_exam` VALUES ('05.04','5.4 LEISMANIA','MC',1,'NEGATIVE',1,NULL,NULL,NULL,NULL,1);
INSERT INTO `oh_exam` VALUES ('05.05','5.5 ZN','MC',1,'NEGATIVE',1,NULL,NULL,NULL,NULL,1);
INSERT INTO `oh_exam` VALUES ('05.06','5.6 WAYSON','MC',1,'NEGATIVE',1,NULL,NULL,NULL,NULL,1);
INSERT INTO `oh_exam` VALUES ('05.07','5.7 PAP SMEAR','MC',1,'NEGATIVE',1,NULL,NULL,NULL,NULL,1);
INSERT INTO `oh_exam` VALUES ('06.01','6.1 VDRL/RPR','SE',1,'NEGATIVE',1,NULL,NULL,NULL,NULL,1);
INSERT INTO `oh_exam` VALUES ('06.02','6.2 TPHA','SE',1,'NEGATIVE',1,NULL,NULL,NULL,NULL,1);
INSERT INTO `oh_exam` VALUES ('06.03','6.3 HIV','SE',1,'NEGATIVE',1,NULL,NULL,NULL,NULL,1);
INSERT INTO `oh_exam` VALUES ('06.04','6.4 HEPATITIS','SE',1,'NEGATIVE',1,NULL,NULL,NULL,NULL,1);
INSERT INTO `oh_exam` VALUES ('06.05','6.5 OTHERS E.G BRUCELLA, RHEUMATOID FACTOR, WEIL FELIX','SE',1,'NEGATIVE',1,NULL,NULL,NULL,NULL,1);
INSERT INTO `oh_exam` VALUES ('06.06','6.6 PREGNANCY TEST','SE',1,'NEGATIVE',2,NULL,NULL,'admin','2022-11-23 15:55:50',1);
INSERT INTO `oh_exam` VALUES ('07.01','7.1 PROTEIN','CH',1,'NEGATIVE',1,NULL,NULL,NULL,NULL,1);
INSERT INTO `oh_exam` VALUES ('07.02','7.2 SUGAR','CH',1,'NORMAL',1,NULL,NULL,NULL,NULL,1);
INSERT INTO `oh_exam` VALUES ('07.03','7.3 LFTS','CH',1,'NORMAL',1,NULL,NULL,NULL,NULL,1);
INSERT INTO `oh_exam` VALUES ('07.03.1','7.3.1 BILIRUBIN TOTAL','CH',1,'< 1.2 (NORMAL)',3,NULL,NULL,NULL,NULL,1);
INSERT INTO `oh_exam` VALUES ('07.03.2','7.3.2 BILIRUBIN DIRECT','CH',1,'< 1.2 (NORMAL)',7,NULL,NULL,NULL,NULL,1);
INSERT INTO `oh_exam` VALUES ('07.03.3','7.3.3 GOT','CH',1,'<= 50 (NORMAL)',2,NULL,NULL,NULL,NULL,1);
INSERT INTO `oh_exam` VALUES ('07.03.4','7.3.4 ALT/GPT','CH',1,'<= 50 (NORMAL)',1,NULL,NULL,NULL,NULL,1);
INSERT INTO `oh_exam` VALUES ('07.04','7.4 RFTS','CH',1,'NORMAL',1,NULL,NULL,NULL,NULL,1);
INSERT INTO `oh_exam` VALUES ('07.04.1','7.4.1 CREATININA','CH',1,'< 1.4 (NORMAL)',1,NULL,NULL,NULL,NULL,1);
INSERT INTO `oh_exam` VALUES ('07.04.2','7.4.2 UREA','CH',1,'10-55 (NORMAL)',1,NULL,NULL,NULL,NULL,1);
INSERT INTO `oh_exam` VALUES ('08.01','8.1 OCCULT BLOOD','OC',1,'NEGATIVE',1,NULL,NULL,NULL,NULL,1);
INSERT INTO `oh_exam` VALUES ('URI','URINALYSIS','OT',2,'',1,NULL,NULL,NULL,NULL,1);
/*!40000 ALTER TABLE `oh_exam` ENABLE KEYS */;
UNLOCK TABLES;

--
-- Table structure for table `oh_examrow`
--

DROP TABLE IF EXISTS `oh_examrow`;
/*!40101 SET @saved_cs_client     = @@character_set_client */;
/*!40101 SET character_set_client = utf8mb4 */;
CREATE TABLE `oh_examrow` (
  `EXR_ID` int(11) NOT NULL AUTO_INCREMENT,
  `EXR_EXA_ID_A` varchar(10) NOT NULL,
  `EXR_DESC` varchar(50) NOT NULL,
  `EXR_CREATED_BY` varchar(50) DEFAULT NULL,
  `EXR_CREATED_DATE` datetime DEFAULT NULL,
  `EXR_LAST_MODIFIED_BY` varchar(50) DEFAULT NULL,
  `EXR_LAST_MODIFIED_DATE` datetime DEFAULT NULL,
  `EXR_ACTIVE` tinyint(1) NOT NULL DEFAULT 1,
  PRIMARY KEY (`EXR_ID`),
  KEY `FK_EXAMROW_EXAM` (`EXR_EXA_ID_A`),
  KEY `FK_EXAMROW_CREATED_BY_IDX` (`EXR_CREATED_BY`),
  KEY `FK_EXAMROW_LAST_MODIFIED_BY_IDX` (`EXR_LAST_MODIFIED_BY`),
  CONSTRAINT `FK_EXAMROW_CREATED_BY` FOREIGN KEY (`EXR_CREATED_BY`) REFERENCES `oh_user` (`US_ID_A`) ON DELETE NO ACTION ON UPDATE NO ACTION,
  CONSTRAINT `FK_EXAMROW_EXAM` FOREIGN KEY (`EXR_EXA_ID_A`) REFERENCES `oh_exam` (`EXA_ID_A`) ON DELETE NO ACTION ON UPDATE CASCADE,
  CONSTRAINT `FK_EXAMROW_LAST_MODIFIED_BY` FOREIGN KEY (`EXR_LAST_MODIFIED_BY`) REFERENCES `oh_user` (`US_ID_A`) ON DELETE NO ACTION ON UPDATE NO ACTION
) ENGINE=InnoDB AUTO_INCREMENT=213 DEFAULT CHARSET=utf8mb3 COLLATE=utf8mb3_general_ci;
/*!40101 SET character_set_client = @saved_cs_client */;

--
-- Dumping data for table `oh_examrow`
--

LOCK TABLES `oh_examrow` WRITE;
/*!40000 ALTER TABLE `oh_examrow` DISABLE KEYS */;
INSERT INTO `oh_examrow` VALUES (14,'05.02','NEGATIVE',NULL,NULL,NULL,NULL,1);
INSERT INTO `oh_examrow` VALUES (15,'05.02','PNEUMOCOCCI',NULL,NULL,NULL,NULL,1);
INSERT INTO `oh_examrow` VALUES (16,'05.02','MENINGOCOCCI',NULL,NULL,NULL,NULL,1);
INSERT INTO `oh_examrow` VALUES (17,'05.02','HEMOPHILLUS INFL.',NULL,NULL,NULL,NULL,1);
INSERT INTO `oh_examrow` VALUES (18,'05.02','CRYPTOCOCCI',NULL,NULL,NULL,NULL,1);
INSERT INTO `oh_examrow` VALUES (19,'05.02','PLEAMORPHIC BACILLI',NULL,NULL,NULL,NULL,1);
INSERT INTO `oh_examrow` VALUES (20,'05.02','STAPHYLOCOCCI',NULL,NULL,NULL,NULL,1);
INSERT INTO `oh_examrow` VALUES (48,'07.03.1','<1.2 (NORMAL)',NULL,NULL,NULL,NULL,1);
INSERT INTO `oh_examrow` VALUES (49,'07.03.1','1.2 - 5',NULL,NULL,NULL,NULL,1);
INSERT INTO `oh_examrow` VALUES (50,'07.03.1','> 5',NULL,NULL,NULL,NULL,1);
INSERT INTO `oh_examrow` VALUES (51,'07.04.1','< 1.4 (NORMAL)',NULL,NULL,NULL,NULL,1);
INSERT INTO `oh_examrow` VALUES (52,'07.04.1','1.4 - 2.5',NULL,NULL,NULL,NULL,1);
INSERT INTO `oh_examrow` VALUES (53,'07.04.1','> 2.5',NULL,NULL,NULL,NULL,1);
INSERT INTO `oh_examrow` VALUES (56,'07.03.3','<= 50 (NORMAL)',NULL,NULL,NULL,NULL,1);
INSERT INTO `oh_examrow` VALUES (57,'07.03.3','> 50',NULL,NULL,NULL,NULL,1);
INSERT INTO `oh_examrow` VALUES (60,'01.02','4000 - 7000 (NORMAL)',NULL,NULL,NULL,NULL,1);
INSERT INTO `oh_examrow` VALUES (61,'01.02','> 7000 (HIGH)',NULL,NULL,NULL,NULL,1);
INSERT INTO `oh_examrow` VALUES (62,'01.02','< 4000 (LOW)',NULL,NULL,NULL,NULL,1);
INSERT INTO `oh_examrow` VALUES (76,'URI','SEDIMENTS',NULL,NULL,NULL,NULL,1);
INSERT INTO `oh_examrow` VALUES (77,'URI','SUGAR',NULL,NULL,NULL,NULL,1);
INSERT INTO `oh_examrow` VALUES (78,'URI','UROBILINOGEN',NULL,NULL,NULL,NULL,1);
INSERT INTO `oh_examrow` VALUES (79,'URI','BILIRUBIN',NULL,NULL,NULL,NULL,1);
INSERT INTO `oh_examrow` VALUES (80,'URI','PROTEIN',NULL,NULL,NULL,NULL,1);
INSERT INTO `oh_examrow` VALUES (81,'URI','HCG',NULL,NULL,NULL,NULL,1);
INSERT INTO `oh_examrow` VALUES (83,'07.04.2','> 10',NULL,NULL,NULL,NULL,1);
INSERT INTO `oh_examrow` VALUES (84,'07.04.2','10-55 (NORMAL)',NULL,NULL,NULL,NULL,1);
INSERT INTO `oh_examrow` VALUES (85,'07.04.2','< 55',NULL,NULL,NULL,NULL,1);
INSERT INTO `oh_examrow` VALUES (87,'01.01','6 - 12',NULL,NULL,NULL,NULL,1);
INSERT INTO `oh_examrow` VALUES (88,'01.01','< 6',NULL,NULL,NULL,NULL,1);
INSERT INTO `oh_examrow` VALUES (89,'01.01','>=12 (NORMAL)',NULL,NULL,NULL,NULL,1);
INSERT INTO `oh_examrow` VALUES (90,'01.05','HIGH',NULL,NULL,NULL,NULL,1);
INSERT INTO `oh_examrow` VALUES (91,'01.05','NORMAL',NULL,NULL,NULL,NULL,1);
INSERT INTO `oh_examrow` VALUES (92,'01.05','LOW',NULL,NULL,NULL,NULL,1);
INSERT INTO `oh_examrow` VALUES (93,'01.06','POSITIVE',NULL,NULL,NULL,NULL,1);
INSERT INTO `oh_examrow` VALUES (94,'01.06','NEGATIVE',NULL,NULL,NULL,NULL,1);
INSERT INTO `oh_examrow` VALUES (96,'02.01','A RH+',NULL,NULL,NULL,NULL,1);
INSERT INTO `oh_examrow` VALUES (97,'02.01','A RH-',NULL,NULL,NULL,NULL,1);
INSERT INTO `oh_examrow` VALUES (98,'02.01','B RH+',NULL,NULL,NULL,NULL,1);
INSERT INTO `oh_examrow` VALUES (99,'02.01','B RH-',NULL,NULL,NULL,NULL,1);
INSERT INTO `oh_examrow` VALUES (100,'02.01','AB RH+',NULL,NULL,NULL,NULL,1);
INSERT INTO `oh_examrow` VALUES (101,'02.01','AB RH-',NULL,NULL,NULL,NULL,1);
INSERT INTO `oh_examrow` VALUES (102,'02.01','O RH+',NULL,NULL,NULL,NULL,1);
INSERT INTO `oh_examrow` VALUES (103,'02.01','O RH-',NULL,NULL,NULL,NULL,1);
INSERT INTO `oh_examrow` VALUES (104,'02.02','NEGATIVE',NULL,NULL,NULL,NULL,1);
INSERT INTO `oh_examrow` VALUES (105,'02.02','POSITIVE',NULL,NULL,NULL,NULL,1);
INSERT INTO `oh_examrow` VALUES (106,'03.01','NEGATIVE',NULL,NULL,NULL,NULL,1);
INSERT INTO `oh_examrow` VALUES (107,'03.01','FEW',NULL,NULL,NULL,NULL,1);
INSERT INTO `oh_examrow` VALUES (109,'03.01','+',NULL,NULL,NULL,NULL,1);
INSERT INTO `oh_examrow` VALUES (110,'03.01','++',NULL,NULL,NULL,NULL,1);
INSERT INTO `oh_examrow` VALUES (111,'03.01','+++',NULL,NULL,NULL,NULL,1);
INSERT INTO `oh_examrow` VALUES (112,'03.01','++++',NULL,NULL,NULL,NULL,1);
INSERT INTO `oh_examrow` VALUES (113,'03.02','POSITIVE',NULL,NULL,NULL,NULL,1);
INSERT INTO `oh_examrow` VALUES (114,'03.02','NEGATIVE',NULL,NULL,NULL,NULL,1);
INSERT INTO `oh_examrow` VALUES (116,'03.021','NEGATIVE',NULL,NULL,NULL,NULL,1);
INSERT INTO `oh_examrow` VALUES (117,'03.022','POSITIVE',NULL,NULL,NULL,NULL,1);
INSERT INTO `oh_examrow` VALUES (118,'03.022','NEGATIVE',NULL,NULL,NULL,NULL,1);
INSERT INTO `oh_examrow` VALUES (119,'03.023','NEGATIVE',NULL,NULL,NULL,NULL,1);
INSERT INTO `oh_examrow` VALUES (120,'03.023','POSITIVE',NULL,NULL,NULL,NULL,1);
INSERT INTO `oh_examrow` VALUES (121,'03.024','NEGATIVE',NULL,NULL,NULL,NULL,1);
INSERT INTO `oh_examrow` VALUES (122,'03.024','POSITIVE',NULL,NULL,NULL,NULL,1);
INSERT INTO `oh_examrow` VALUES (125,'03.05','POSITIVE',NULL,NULL,NULL,NULL,1);
INSERT INTO `oh_examrow` VALUES (126,'03.05','NEGATIVE',NULL,NULL,NULL,NULL,1);
INSERT INTO `oh_examrow` VALUES (127,'03.06','POSITIVE',NULL,NULL,NULL,NULL,1);
INSERT INTO `oh_examrow` VALUES (128,'03.06','NEGATIVE',NULL,NULL,NULL,NULL,1);
INSERT INTO `oh_examrow` VALUES (129,'04.01','POSITIVE',NULL,NULL,NULL,NULL,1);
INSERT INTO `oh_examrow` VALUES (130,'04.01','NEGATIVE',NULL,NULL,NULL,NULL,1);
INSERT INTO `oh_examrow` VALUES (131,'04.02','POSITIVE',NULL,NULL,NULL,NULL,1);
INSERT INTO `oh_examrow` VALUES (132,'04.02','NEGATIVE',NULL,NULL,NULL,NULL,1);
INSERT INTO `oh_examrow` VALUES (133,'04.03','POSITIVE',NULL,NULL,NULL,NULL,1);
INSERT INTO `oh_examrow` VALUES (134,'04.03','NEGATIVE',NULL,NULL,NULL,NULL,1);
INSERT INTO `oh_examrow` VALUES (135,'04.04','POSITIVE',NULL,NULL,NULL,NULL,1);
INSERT INTO `oh_examrow` VALUES (136,'04.04','NEGATIVE',NULL,NULL,NULL,NULL,1);
INSERT INTO `oh_examrow` VALUES (137,'04.05','POSITIVE',NULL,NULL,NULL,NULL,1);
INSERT INTO `oh_examrow` VALUES (138,'04.05','NEGATIVE',NULL,NULL,NULL,NULL,1);
INSERT INTO `oh_examrow` VALUES (139,'05.01','POSITIVE',NULL,NULL,NULL,NULL,1);
INSERT INTO `oh_examrow` VALUES (140,'05.01','NEGATIVE',NULL,NULL,NULL,NULL,1);
INSERT INTO `oh_examrow` VALUES (143,'05.03','POSITIVE',NULL,NULL,NULL,NULL,1);
INSERT INTO `oh_examrow` VALUES (144,'05.03','NEGATIVE',NULL,NULL,NULL,NULL,1);
INSERT INTO `oh_examrow` VALUES (145,'05.04','POSITIVE',NULL,NULL,NULL,NULL,1);
INSERT INTO `oh_examrow` VALUES (146,'05.04','NEGATIVE',NULL,NULL,NULL,NULL,1);
INSERT INTO `oh_examrow` VALUES (148,'05.05','NEGATIVE',NULL,NULL,NULL,NULL,1);
INSERT INTO `oh_examrow` VALUES (149,'05.06','POSITIVE',NULL,NULL,NULL,NULL,1);
INSERT INTO `oh_examrow` VALUES (150,'05.06','NEGATIVE',NULL,NULL,NULL,NULL,1);
INSERT INTO `oh_examrow` VALUES (151,'05.07','POSITIVE ',NULL,NULL,NULL,NULL,1);
INSERT INTO `oh_examrow` VALUES (152,'05.07','NEGATIVE',NULL,NULL,NULL,NULL,1);
INSERT INTO `oh_examrow` VALUES (153,'06.01','POSITIVE',NULL,NULL,NULL,NULL,1);
INSERT INTO `oh_examrow` VALUES (154,'06.01','NEGATIVE',NULL,NULL,NULL,NULL,1);
INSERT INTO `oh_examrow` VALUES (155,'06.02','POSITIVE',NULL,NULL,NULL,NULL,1);
INSERT INTO `oh_examrow` VALUES (156,'06.02','NEGATIVE',NULL,NULL,NULL,NULL,1);
INSERT INTO `oh_examrow` VALUES (157,'06.03','POSITIVE',NULL,NULL,NULL,NULL,1);
INSERT INTO `oh_examrow` VALUES (158,'06.03','NEGATIVE',NULL,NULL,NULL,NULL,1);
INSERT INTO `oh_examrow` VALUES (159,'06.04','POSITIVE',NULL,NULL,NULL,NULL,1);
INSERT INTO `oh_examrow` VALUES (160,'06.04','NEGATIVE',NULL,NULL,NULL,NULL,1);
INSERT INTO `oh_examrow` VALUES (161,'06.05','POSITIVE',NULL,NULL,NULL,NULL,1);
INSERT INTO `oh_examrow` VALUES (162,'06.05','NEGATIVE',NULL,NULL,NULL,NULL,1);
INSERT INTO `oh_examrow` VALUES (163,'06.06','POSITIVE',NULL,NULL,NULL,NULL,1);
INSERT INTO `oh_examrow` VALUES (164,'06.06','NEGATIVE',NULL,NULL,NULL,NULL,1);
INSERT INTO `oh_examrow` VALUES (165,'07.01','POSITIVE',NULL,NULL,NULL,NULL,1);
INSERT INTO `oh_examrow` VALUES (166,'07.01','NEGATIVE',NULL,NULL,NULL,NULL,1);
INSERT INTO `oh_examrow` VALUES (169,'07.03','HIGH',NULL,NULL,NULL,NULL,1);
INSERT INTO `oh_examrow` VALUES (170,'07.03','LOW',NULL,NULL,NULL,NULL,1);
INSERT INTO `oh_examrow` VALUES (171,'07.03','NORMAL',NULL,NULL,NULL,NULL,1);
INSERT INTO `oh_examrow` VALUES (172,'07.04','HIGH',NULL,NULL,NULL,NULL,1);
INSERT INTO `oh_examrow` VALUES (173,'07.04','LOW',NULL,NULL,NULL,NULL,1);
INSERT INTO `oh_examrow` VALUES (174,'07.04','NORMAL',NULL,NULL,NULL,NULL,1);
INSERT INTO `oh_examrow` VALUES (175,'08.01','POSITIVE',NULL,NULL,NULL,NULL,1);
INSERT INTO `oh_examrow` VALUES (176,'08.01','NEGATIVE',NULL,NULL,NULL,NULL,1);
INSERT INTO `oh_examrow` VALUES (185,'04.06','NORMAL',NULL,NULL,NULL,NULL,1);
INSERT INTO `oh_examrow` VALUES (186,'05.05','+',NULL,NULL,NULL,NULL,1);
INSERT INTO `oh_examrow` VALUES (187,'05.05','++',NULL,NULL,NULL,NULL,1);
INSERT INTO `oh_examrow` VALUES (188,'05.05','+++',NULL,NULL,NULL,NULL,1);
INSERT INTO `oh_examrow` VALUES (189,'03.03','A..LUMBRICOIDES',NULL,NULL,NULL,NULL,1);
INSERT INTO `oh_examrow` VALUES (190,'03.03','E.COLI CYSTS',NULL,NULL,NULL,NULL,1);
INSERT INTO `oh_examrow` VALUES (191,'03.03','E.HISTOLYTICA',NULL,NULL,NULL,NULL,1);
INSERT INTO `oh_examrow` VALUES (192,'03.03','E.VERMICULARIS',NULL,NULL,NULL,NULL,1);
INSERT INTO `oh_examrow` VALUES (193,'03.03','G.LAMBLIA',NULL,NULL,NULL,NULL,1);
INSERT INTO `oh_examrow` VALUES (194,'03.03','T.HOMINIS',NULL,NULL,NULL,NULL,1);
INSERT INTO `oh_examrow` VALUES (195,'03.03','HOOK WORM',NULL,NULL,NULL,NULL,1);
INSERT INTO `oh_examrow` VALUES (196,'03.03','S.MANSONI',NULL,NULL,NULL,NULL,1);
INSERT INTO `oh_examrow` VALUES (197,'03.03','S.STERCORALIS',NULL,NULL,NULL,NULL,1);
INSERT INTO `oh_examrow` VALUES (198,'03.03','TAENIA SAGINATA',NULL,NULL,NULL,NULL,1);
INSERT INTO `oh_examrow` VALUES (199,'03.03','TAENIA SOLIUM',NULL,NULL,NULL,NULL,1);
INSERT INTO `oh_examrow` VALUES (200,'03.03','TRICHURISI TRICHURA',NULL,NULL,NULL,NULL,1);
INSERT INTO `oh_examrow` VALUES (201,'07.03.2','< 1.2 (NORMAL)',NULL,NULL,NULL,NULL,1);
INSERT INTO `oh_examrow` VALUES (202,'07.03.2','1.2 - 5',NULL,NULL,NULL,NULL,1);
INSERT INTO `oh_examrow` VALUES (203,'07.03.2','> 5',NULL,NULL,NULL,NULL,1);
INSERT INTO `oh_examrow` VALUES (204,'07.03.4','<= 50 (NORMAL)',NULL,NULL,NULL,NULL,1);
INSERT INTO `oh_examrow` VALUES (205,'07.03.4','> 50',NULL,NULL,NULL,NULL,1);
INSERT INTO `oh_examrow` VALUES (206,'07.02','HIGH',NULL,NULL,NULL,NULL,1);
INSERT INTO `oh_examrow` VALUES (207,'07.02','LOW',NULL,NULL,NULL,NULL,1);
INSERT INTO `oh_examrow` VALUES (208,'07.02','NORMAL',NULL,NULL,NULL,NULL,1);
INSERT INTO `oh_examrow` VALUES (209,'03.04','POSITIVE',NULL,NULL,NULL,NULL,1);
INSERT INTO `oh_examrow` VALUES (210,'03.04','NEGATIVE',NULL,NULL,NULL,NULL,1);
INSERT INTO `oh_examrow` VALUES (211,'03.021','POSITIVE',NULL,NULL,NULL,NULL,1);
INSERT INTO `oh_examrow` VALUES (212,'03.03','HYMENOLEPIS NANA',NULL,NULL,NULL,NULL,1);
/*!40000 ALTER TABLE `oh_examrow` ENABLE KEYS */;
UNLOCK TABLES;

--
-- Table structure for table `oh_examtype`
--

DROP TABLE IF EXISTS `oh_examtype`;
/*!40101 SET @saved_cs_client     = @@character_set_client */;
/*!40101 SET character_set_client = utf8mb4 */;
CREATE TABLE `oh_examtype` (
  `EXC_ID_A` char(2) NOT NULL,
  `EXC_DESC` varchar(50) NOT NULL,
  `EXC_CREATED_BY` varchar(50) DEFAULT NULL,
  `EXC_CREATED_DATE` datetime DEFAULT NULL,
  `EXC_LAST_MODIFIED_BY` varchar(50) DEFAULT NULL,
  `EXC_LAST_MODIFIED_DATE` datetime DEFAULT NULL,
  `EXC_ACTIVE` tinyint(1) NOT NULL DEFAULT 1,
  PRIMARY KEY (`EXC_ID_A`),
  KEY `FK_EXAMTYPE_CREATED_BY_IDX` (`EXC_CREATED_BY`),
  KEY `FK_EXAMTYPE_LAST_MODIFIED_BY_IDX` (`EXC_LAST_MODIFIED_BY`),
  CONSTRAINT `FK_EXAMTYPE_CREATED_BY` FOREIGN KEY (`EXC_CREATED_BY`) REFERENCES `oh_user` (`US_ID_A`) ON DELETE NO ACTION ON UPDATE NO ACTION,
  CONSTRAINT `FK_EXAMTYPE_LAST_MODIFIED_BY` FOREIGN KEY (`EXC_LAST_MODIFIED_BY`) REFERENCES `oh_user` (`US_ID_A`) ON DELETE NO ACTION ON UPDATE NO ACTION
) ENGINE=InnoDB DEFAULT CHARSET=utf8mb3 COLLATE=utf8mb3_general_ci;
/*!40101 SET character_set_client = @saved_cs_client */;

--
-- Dumping data for table `oh_examtype`
--

LOCK TABLES `oh_examtype` WRITE;
/*!40000 ALTER TABLE `oh_examtype` DISABLE KEYS */;
INSERT INTO `oh_examtype` VALUES ('BA','4.Bacteriology',NULL,NULL,NULL,NULL,1);
INSERT INTO `oh_examtype` VALUES ('BT','2.Blood transfusion',NULL,NULL,NULL,NULL,1);
INSERT INTO `oh_examtype` VALUES ('CH','7. Chemistry',NULL,NULL,NULL,NULL,1);
INSERT INTO `oh_examtype` VALUES ('HB','1.Haematology',NULL,NULL,NULL,NULL,1);
INSERT INTO `oh_examtype` VALUES ('MC','5.Microscopy',NULL,NULL,NULL,NULL,1);
INSERT INTO `oh_examtype` VALUES ('OC','8.Occult Blood',NULL,NULL,NULL,NULL,1);
INSERT INTO `oh_examtype` VALUES ('OL','OLD EXAMS',NULL,NULL,NULL,NULL,1);
INSERT INTO `oh_examtype` VALUES ('OT','OTHER',NULL,NULL,NULL,NULL,1);
INSERT INTO `oh_examtype` VALUES ('PA','3.Parasitology',NULL,NULL,NULL,NULL,1);
INSERT INTO `oh_examtype` VALUES ('SE','6. Serology',NULL,NULL,NULL,NULL,1);
INSERT INTO `oh_examtype` VALUES ('SP','STOOLPARASITES',NULL,NULL,NULL,NULL,1);
INSERT INTO `oh_examtype` VALUES ('UR','URINALYSIS',NULL,NULL,NULL,NULL,1);
/*!40000 ALTER TABLE `oh_examtype` ENABLE KEYS */;
UNLOCK TABLES;

--
-- Table structure for table `oh_groupmenu`
--

DROP TABLE IF EXISTS `oh_groupmenu`;
/*!40101 SET @saved_cs_client     = @@character_set_client */;
/*!40101 SET character_set_client = utf8mb4 */;
CREATE TABLE `oh_groupmenu` (
  `GM_ID` int(11) NOT NULL AUTO_INCREMENT,
  `GM_UG_ID_A` varchar(50) NOT NULL DEFAULT '',
  `GM_MNI_ID_A` varchar(50) NOT NULL DEFAULT '',
  `GM_ACTIVE` tinyint(1) NOT NULL DEFAULT 1,
  `GM_CREATED_BY` varchar(50) DEFAULT NULL,
  `GM_CREATED_DATE` datetime DEFAULT NULL,
  `GM_LAST_MODIFIED_BY` varchar(50) DEFAULT NULL,
  `GM_LAST_MODIFIED_DATE` datetime DEFAULT NULL,
  PRIMARY KEY (`GM_ID`),
  KEY `FK_GROUPMENU_CREATED_BY_IDX` (`GM_CREATED_BY`),
  KEY `FK_GROUPMENU_LAST_MODIFIED_BY_IDX` (`GM_LAST_MODIFIED_BY`),
  CONSTRAINT `FK_GROUPMENU_CREATED_BY` FOREIGN KEY (`GM_CREATED_BY`) REFERENCES `oh_user` (`US_ID_A`) ON DELETE NO ACTION ON UPDATE NO ACTION,
  CONSTRAINT `FK_GROUPMENU_LAST_MODIFIED_BY` FOREIGN KEY (`GM_LAST_MODIFIED_BY`) REFERENCES `oh_user` (`US_ID_A`) ON DELETE NO ACTION ON UPDATE NO ACTION
) ENGINE=InnoDB AUTO_INCREMENT=349 DEFAULT CHARSET=utf8mb3 COLLATE=utf8mb3_general_ci;
/*!40101 SET character_set_client = @saved_cs_client */;

--
-- Dumping data for table `oh_groupmenu`
--

LOCK TABLES `oh_groupmenu` WRITE;
/*!40000 ALTER TABLE `oh_groupmenu` DISABLE KEYS */;
INSERT INTO `oh_groupmenu` VALUES (1,'admin','admtype',1,NULL,NULL,NULL,NULL);
INSERT INTO `oh_groupmenu` VALUES (2,'admin','disctype',1,NULL,NULL,NULL,NULL);
INSERT INTO `oh_groupmenu` VALUES (4,'admin','admission',1,NULL,NULL,NULL,NULL);
INSERT INTO `oh_groupmenu` VALUES (7,'admin','disease',1,NULL,NULL,NULL,NULL);
INSERT INTO `oh_groupmenu` VALUES (8,'admin','exams',1,NULL,NULL,NULL,NULL);
INSERT INTO `oh_groupmenu` VALUES (9,'admin','exit',1,NULL,NULL,NULL,NULL);
INSERT INTO `oh_groupmenu` VALUES (10,'admin','file',1,NULL,NULL,NULL,NULL);
INSERT INTO `oh_groupmenu` VALUES (11,'admin','generaldata',1,NULL,NULL,NULL,NULL);
INSERT INTO `oh_groupmenu` VALUES (12,'admin','groups',1,NULL,NULL,NULL,NULL);
INSERT INTO `oh_groupmenu` VALUES (13,'admin','help',1,NULL,NULL,NULL,NULL);
INSERT INTO `oh_groupmenu` VALUES (14,'admin','hospital',1,NULL,NULL,NULL,NULL);
INSERT INTO `oh_groupmenu` VALUES (16,'admin','laboratory',1,NULL,NULL,NULL,NULL);
INSERT INTO `oh_groupmenu` VALUES (17,'admin','medicals',1,NULL,NULL,NULL,NULL);
INSERT INTO `oh_groupmenu` VALUES (18,'admin','medicalstock',1,NULL,NULL,NULL,NULL);
INSERT INTO `oh_groupmenu` VALUES (19,'admin','operation',1,NULL,NULL,NULL,NULL);
INSERT INTO `oh_groupmenu` VALUES (21,'admin','pharmacy',1,NULL,NULL,NULL,NULL);
INSERT INTO `oh_groupmenu` VALUES (22,'admin','statistics',1,NULL,NULL,NULL,NULL);
INSERT INTO `oh_groupmenu` VALUES (26,'admin','opd',1,NULL,NULL,NULL,NULL);
INSERT INTO `oh_groupmenu` VALUES (27,'admin','users',1,NULL,NULL,NULL,NULL);
INSERT INTO `oh_groupmenu` VALUES (28,'admin','usersusers',1,NULL,NULL,NULL,NULL);
INSERT INTO `oh_groupmenu` VALUES (29,'admin','vaccine',1,NULL,NULL,NULL,NULL);
INSERT INTO `oh_groupmenu` VALUES (30,'admin','ward',1,NULL,NULL,NULL,NULL);
INSERT INTO `oh_groupmenu` VALUES (31,'admin','types',1,NULL,NULL,NULL,NULL);
INSERT INTO `oh_groupmenu` VALUES (32,'admin','pretreatmenttype',1,NULL,NULL,NULL,NULL);
INSERT INTO `oh_groupmenu` VALUES (33,'admin','diseasetype',1,NULL,NULL,NULL,NULL);
INSERT INTO `oh_groupmenu` VALUES (34,'admin','medstockmovtype',1,NULL,NULL,NULL,NULL);
INSERT INTO `oh_groupmenu` VALUES (35,'admin','examtype',1,NULL,NULL,NULL,NULL);
INSERT INTO `oh_groupmenu` VALUES (36,'admin','operationtype',1,NULL,NULL,NULL,NULL);
INSERT INTO `oh_groupmenu` VALUES (37,'admin','deliverytype',1,NULL,NULL,NULL,NULL);
INSERT INTO `oh_groupmenu` VALUES (38,'admin','medicalstype',1,NULL,NULL,NULL,NULL);
INSERT INTO `oh_groupmenu` VALUES (39,'admin','delresulttype',1,NULL,NULL,NULL,NULL);
INSERT INTO `oh_groupmenu` VALUES (40,'admin','printing',1,NULL,NULL,NULL,NULL);
INSERT INTO `oh_groupmenu` VALUES (41,'admin','examlist1',1,NULL,NULL,NULL,NULL);
INSERT INTO `oh_groupmenu` VALUES (42,'admin','diseaselist',1,NULL,NULL,NULL,NULL);
INSERT INTO `oh_groupmenu` VALUES (43,'admin','agetype',1,NULL,NULL,NULL,NULL);
INSERT INTO `oh_groupmenu` VALUES (44,'admin','medicalsward',1,NULL,NULL,NULL,NULL);
INSERT INTO `oh_groupmenu` VALUES (45,'admin','priceslists',1,NULL,NULL,NULL,NULL);
INSERT INTO `oh_groupmenu` VALUES (46,'admin','otherprices',1,NULL,NULL,NULL,NULL);
INSERT INTO `oh_groupmenu` VALUES (47,'admin','accounting',1,NULL,NULL,NULL,NULL);
INSERT INTO `oh_groupmenu` VALUES (48,'admin','newbill',1,NULL,NULL,NULL,NULL);
INSERT INTO `oh_groupmenu` VALUES (49,'admin','billsmanager',1,NULL,NULL,NULL,NULL);
INSERT INTO `oh_groupmenu` VALUES (50,'admin','data',1,NULL,NULL,NULL,NULL);
INSERT INTO `oh_groupmenu` VALUES (51,'admin','btnadmdel',1,NULL,NULL,NULL,NULL);
INSERT INTO `oh_groupmenu` VALUES (52,'admin','btnadmadm',1,NULL,NULL,NULL,NULL);
INSERT INTO `oh_groupmenu` VALUES (53,'admin','btnadmedit',1,NULL,NULL,NULL,NULL);
INSERT INTO `oh_groupmenu` VALUES (54,'admin','btnadmnew',1,NULL,NULL,NULL,NULL);
INSERT INTO `oh_groupmenu` VALUES (55,'admin','btnadmopd',1,NULL,NULL,NULL,NULL);
INSERT INTO `oh_groupmenu` VALUES (56,'admin','btnadmmer',1,NULL,NULL,NULL,NULL);
INSERT INTO `oh_groupmenu` VALUES (57,'admin','btnlaboratorydel',1,NULL,NULL,NULL,NULL);
INSERT INTO `oh_groupmenu` VALUES (58,'admin','btnlaboratoryedit',1,NULL,NULL,NULL,NULL);
INSERT INTO `oh_groupmenu` VALUES (59,'admin','btnlaboratorynew',1,NULL,NULL,NULL,NULL);
INSERT INTO `oh_groupmenu` VALUES (60,'admin','btnopdedit',1,NULL,NULL,NULL,NULL);
INSERT INTO `oh_groupmenu` VALUES (61,'admin','btnopddel',1,NULL,NULL,NULL,NULL);
INSERT INTO `oh_groupmenu` VALUES (62,'admin','btnopdnew',1,NULL,NULL,NULL,NULL);
INSERT INTO `oh_groupmenu` VALUES (63,'admin','btndatamalnut',1,NULL,NULL,NULL,NULL);
INSERT INTO `oh_groupmenu` VALUES (64,'admin','btndatadel',1,NULL,NULL,NULL,NULL);
INSERT INTO `oh_groupmenu` VALUES (65,'admin','btndataedit',1,NULL,NULL,NULL,NULL);
INSERT INTO `oh_groupmenu` VALUES (66,'admin','btndataeditpat',1,NULL,NULL,NULL,NULL);
INSERT INTO `oh_groupmenu` VALUES (67,'admin','btnpharmaceuticaldel',1,NULL,NULL,NULL,NULL);
INSERT INTO `oh_groupmenu` VALUES (68,'admin','btnpharmaceuticaledit',1,NULL,NULL,NULL,NULL);
INSERT INTO `oh_groupmenu` VALUES (69,'admin','btnpharmaceuticalnew',1,NULL,NULL,NULL,NULL);
INSERT INTO `oh_groupmenu` VALUES (70,'guest','admtype',0,NULL,NULL,NULL,NULL);
INSERT INTO `oh_groupmenu` VALUES (71,'guest','disctype',0,NULL,NULL,NULL,NULL);
INSERT INTO `oh_groupmenu` VALUES (72,'guest','admission',1,NULL,NULL,NULL,NULL);
INSERT INTO `oh_groupmenu` VALUES (73,'guest','disease',0,NULL,NULL,NULL,NULL);
INSERT INTO `oh_groupmenu` VALUES (74,'guest','exams',0,NULL,NULL,NULL,NULL);
INSERT INTO `oh_groupmenu` VALUES (75,'guest','exit',1,NULL,NULL,NULL,NULL);
INSERT INTO `oh_groupmenu` VALUES (76,'guest','file',1,NULL,NULL,NULL,NULL);
INSERT INTO `oh_groupmenu` VALUES (77,'guest','generaldata',0,NULL,NULL,NULL,NULL);
INSERT INTO `oh_groupmenu` VALUES (78,'guest','groups',0,NULL,NULL,NULL,NULL);
INSERT INTO `oh_groupmenu` VALUES (79,'guest','help',0,NULL,NULL,NULL,NULL);
INSERT INTO `oh_groupmenu` VALUES (80,'guest','hospital',0,NULL,NULL,NULL,NULL);
INSERT INTO `oh_groupmenu` VALUES (81,'guest','laboratory',1,NULL,NULL,NULL,NULL);
INSERT INTO `oh_groupmenu` VALUES (82,'guest','medicals',1,NULL,NULL,NULL,NULL);
INSERT INTO `oh_groupmenu` VALUES (83,'guest','medicalstock',0,NULL,NULL,NULL,NULL);
INSERT INTO `oh_groupmenu` VALUES (84,'guest','operation',0,NULL,NULL,NULL,NULL);
INSERT INTO `oh_groupmenu` VALUES (85,'guest','pharmacy',1,NULL,NULL,NULL,NULL);
INSERT INTO `oh_groupmenu` VALUES (86,'guest','statistics',1,NULL,NULL,NULL,NULL);
INSERT INTO `oh_groupmenu` VALUES (87,'guest','opd',1,NULL,NULL,NULL,NULL);
INSERT INTO `oh_groupmenu` VALUES (88,'guest','users',0,NULL,NULL,NULL,NULL);
INSERT INTO `oh_groupmenu` VALUES (89,'guest','usersusers',0,NULL,NULL,NULL,NULL);
INSERT INTO `oh_groupmenu` VALUES (90,'guest','vaccine',0,NULL,NULL,NULL,NULL);
INSERT INTO `oh_groupmenu` VALUES (91,'guest','ward',0,NULL,NULL,NULL,NULL);
INSERT INTO `oh_groupmenu` VALUES (92,'guest','types',0,NULL,NULL,NULL,NULL);
INSERT INTO `oh_groupmenu` VALUES (93,'guest','pretreatmenttype',0,NULL,NULL,NULL,NULL);
INSERT INTO `oh_groupmenu` VALUES (94,'guest','diseasetype',0,NULL,NULL,NULL,NULL);
INSERT INTO `oh_groupmenu` VALUES (95,'guest','medstockmovtype',0,NULL,NULL,NULL,NULL);
INSERT INTO `oh_groupmenu` VALUES (96,'guest','examtype',0,NULL,NULL,NULL,NULL);
INSERT INTO `oh_groupmenu` VALUES (97,'guest','operationtype',0,NULL,NULL,NULL,NULL);
INSERT INTO `oh_groupmenu` VALUES (98,'guest','deliverytype',0,NULL,NULL,NULL,NULL);
INSERT INTO `oh_groupmenu` VALUES (99,'guest','medicalstype',0,NULL,NULL,NULL,NULL);
INSERT INTO `oh_groupmenu` VALUES (100,'guest','delresulttype',0,NULL,NULL,NULL,NULL);
INSERT INTO `oh_groupmenu` VALUES (101,'guest','printing',1,NULL,NULL,NULL,NULL);
INSERT INTO `oh_groupmenu` VALUES (102,'guest','examlist1',1,NULL,NULL,NULL,NULL);
INSERT INTO `oh_groupmenu` VALUES (103,'guest','diseaselist',1,NULL,NULL,NULL,NULL);
INSERT INTO `oh_groupmenu` VALUES (104,'admin','btnadmtherapy',1,NULL,NULL,NULL,NULL);
INSERT INTO `oh_groupmenu` VALUES (105,'admin','btnbillnew',1,NULL,NULL,NULL,NULL);
INSERT INTO `oh_groupmenu` VALUES (106,'admin','btnbilledit',1,NULL,NULL,NULL,NULL);
INSERT INTO `oh_groupmenu` VALUES (107,'admin','btnbilldelete',1,NULL,NULL,NULL,NULL);
INSERT INTO `oh_groupmenu` VALUES (108,'admin','btnbillreport',1,NULL,NULL,NULL,NULL);
INSERT INTO `oh_groupmenu` VALUES (109,'admin','vaccinetype',1,NULL,NULL,NULL,NULL);
INSERT INTO `oh_groupmenu` VALUES (110,'admin','patientvaccine',1,NULL,NULL,NULL,NULL);
INSERT INTO `oh_groupmenu` VALUES (111,'admin','btnpatientvaccinenew',1,NULL,NULL,NULL,NULL);
INSERT INTO `oh_groupmenu` VALUES (112,'admin','btnpatientvaccineedit',1,NULL,NULL,NULL,NULL);
INSERT INTO `oh_groupmenu` VALUES (113,'admin','btnpatientvaccinedel',1,NULL,NULL,NULL,NULL);
INSERT INTO `oh_groupmenu` VALUES (115,'admin','communication',1,NULL,NULL,NULL,NULL);
INSERT INTO `oh_groupmenu` VALUES (116,'guest','communication',1,NULL,NULL,NULL,NULL);
INSERT INTO `oh_groupmenu` VALUES (117,'admin','btnadmbill',1,NULL,NULL,NULL,NULL);
INSERT INTO `oh_groupmenu` VALUES (118,'admin','btnbillreceipt',1,NULL,NULL,NULL,NULL);
INSERT INTO `oh_groupmenu` VALUES (119,'admin','btnadmpatientfolder',1,NULL,NULL,NULL,NULL);
INSERT INTO `oh_groupmenu` VALUES (120,'admin','btnopdnewexamination',1,NULL,NULL,NULL,NULL);
INSERT INTO `oh_groupmenu` VALUES (121,'admin','btnopdeditexamination',1,NULL,NULL,NULL,NULL);
INSERT INTO `oh_groupmenu` VALUES (122,'admin','btnadmadmexamination',1,NULL,NULL,NULL,NULL);
INSERT INTO `oh_groupmenu` VALUES (123,'admin','btnadmexamination',1,NULL,NULL,NULL,NULL);
INSERT INTO `oh_groupmenu` VALUES (124,'admin','supplier',1,NULL,NULL,NULL,NULL);
INSERT INTO `oh_groupmenu` VALUES (125,'admin','btnpatfoldopdrpt',1,NULL,NULL,NULL,NULL);
INSERT INTO `oh_groupmenu` VALUES (126,'admin','btnpatfoldadmrpt',1,NULL,NULL,NULL,NULL);
INSERT INTO `oh_groupmenu` VALUES (127,'admin','btnpatfoldpatrpt',1,NULL,NULL,NULL,NULL);
INSERT INTO `oh_groupmenu` VALUES (128,'admin','btnpatfolddicom',1,NULL,NULL,NULL,NULL);
INSERT INTO `oh_groupmenu` VALUES (129,'admin','smsmanager',1,NULL,NULL,NULL,NULL);
INSERT INTO `oh_groupmenu` VALUES (130,'admin','btnpharmstockcharge',1,NULL,NULL,NULL,NULL);
INSERT INTO `oh_groupmenu` VALUES (131,'admin','btnpharmstockdischarge',1,NULL,NULL,NULL,NULL);
INSERT INTO `oh_groupmenu` VALUES (132,'admin','btnmedicalswardreport',1,NULL,NULL,NULL,NULL);
INSERT INTO `oh_groupmenu` VALUES (133,'admin','btnmedicalswardexcel',1,NULL,NULL,NULL,NULL);
INSERT INTO `oh_groupmenu` VALUES (134,'admin','btnmedicalswardrectify',1,NULL,NULL,NULL,NULL);
INSERT INTO `oh_groupmenu` VALUES (135,'admin','dicomtype',1,NULL,NULL,NULL,NULL);
INSERT INTO `oh_groupmenu` VALUES (136,'admin','btnopdnewoperation',1,NULL,NULL,NULL,NULL);
INSERT INTO `oh_groupmenu` VALUES (137,'admin','btnopdeditoperation',1,NULL,NULL,NULL,NULL);
INSERT INTO `oh_groupmenu` VALUES (138,'admin','worksheet',1,NULL,NULL,NULL,NULL);
INSERT INTO `oh_groupmenu` VALUES (139,'admin','cashiersfilter',1,NULL,NULL,NULL,NULL);
INSERT INTO `oh_groupmenu` VALUES (140,'admin','editclosedbills',1,NULL,NULL,NULL,NULL);
INSERT INTO `oh_groupmenu` VALUES (141,'admin','btnadmdicom',1,NULL,NULL,NULL,NULL);
INSERT INTO `oh_groupmenu` VALUES (142,'admin','btnadmlab',1,NULL,NULL,NULL,NULL);
INSERT INTO `oh_groupmenu` VALUES (143,'laboratorist','opd',0,NULL,NULL,NULL,NULL);
INSERT INTO `oh_groupmenu` VALUES (144,'laboratorist','admission',0,NULL,NULL,NULL,NULL);
INSERT INTO `oh_groupmenu` VALUES (145,'laboratorist','laboratory',1,NULL,NULL,NULL,NULL);
INSERT INTO `oh_groupmenu` VALUES (146,'laboratorist','pharmacy',0,NULL,NULL,NULL,NULL);
INSERT INTO `oh_groupmenu` VALUES (147,'laboratorist','patientvaccine',0,NULL,NULL,NULL,NULL);
INSERT INTO `oh_groupmenu` VALUES (148,'laboratorist','accounting',0,NULL,NULL,NULL,NULL);
INSERT INTO `oh_groupmenu` VALUES (149,'laboratorist','worksheet',0,NULL,NULL,NULL,NULL);
INSERT INTO `oh_groupmenu` VALUES (150,'laboratorist','statistics',0,NULL,NULL,NULL,NULL);
INSERT INTO `oh_groupmenu` VALUES (151,'laboratorist','printing',0,NULL,NULL,NULL,NULL);
INSERT INTO `oh_groupmenu` VALUES (152,'laboratorist','communication',0,NULL,NULL,NULL,NULL);
INSERT INTO `oh_groupmenu` VALUES (153,'laboratorist','generaldata',0,NULL,NULL,NULL,NULL);
INSERT INTO `oh_groupmenu` VALUES (154,'laboratorist','help',0,NULL,NULL,NULL,NULL);
INSERT INTO `oh_groupmenu` VALUES (155,'laboratorist','btnopdnew',0,NULL,NULL,NULL,NULL);
INSERT INTO `oh_groupmenu` VALUES (156,'laboratorist','btnopdedit',0,NULL,NULL,NULL,NULL);
INSERT INTO `oh_groupmenu` VALUES (157,'laboratorist','btnopddel',0,NULL,NULL,NULL,NULL);
INSERT INTO `oh_groupmenu` VALUES (158,'laboratorist','btnadmnew',0,NULL,NULL,NULL,NULL);
INSERT INTO `oh_groupmenu` VALUES (159,'laboratorist','btnadmexamination',0,NULL,NULL,NULL,NULL);
INSERT INTO `oh_groupmenu` VALUES (160,'laboratorist','btnadmedit',0,NULL,NULL,NULL,NULL);
INSERT INTO `oh_groupmenu` VALUES (161,'laboratorist','btnadmdel',0,NULL,NULL,NULL,NULL);
INSERT INTO `oh_groupmenu` VALUES (162,'laboratorist','btnadmmer',0,NULL,NULL,NULL,NULL);
INSERT INTO `oh_groupmenu` VALUES (163,'laboratorist','data',0,NULL,NULL,NULL,NULL);
INSERT INTO `oh_groupmenu` VALUES (164,'laboratorist','btnadmlab',0,NULL,NULL,NULL,NULL);
INSERT INTO `oh_groupmenu` VALUES (165,'laboratorist','btnadmdicom',0,NULL,NULL,NULL,NULL);
INSERT INTO `oh_groupmenu` VALUES (166,'laboratorist','btnadmadm',0,NULL,NULL,NULL,NULL);
INSERT INTO `oh_groupmenu` VALUES (167,'laboratorist','btnadmbill',0,NULL,NULL,NULL,NULL);
INSERT INTO `oh_groupmenu` VALUES (168,'laboratorist','btnadmopd',0,NULL,NULL,NULL,NULL);
INSERT INTO `oh_groupmenu` VALUES (169,'laboratorist','btnadmpatientfolder',0,NULL,NULL,NULL,NULL);
INSERT INTO `oh_groupmenu` VALUES (170,'laboratorist','btnadmtherapy',0,NULL,NULL,NULL,NULL);
INSERT INTO `oh_groupmenu` VALUES (171,'laboratorist','btnlaboratorynew',0,NULL,NULL,NULL,NULL);
INSERT INTO `oh_groupmenu` VALUES (172,'laboratorist','btnlaboratoryedit',0,NULL,NULL,NULL,NULL);
INSERT INTO `oh_groupmenu` VALUES (173,'laboratorist','btnlaboratorydel',0,NULL,NULL,NULL,NULL);
INSERT INTO `oh_groupmenu` VALUES (174,'laboratorist','medicals',0,NULL,NULL,NULL,NULL);
INSERT INTO `oh_groupmenu` VALUES (175,'laboratorist','medicalstock',0,NULL,NULL,NULL,NULL);
INSERT INTO `oh_groupmenu` VALUES (176,'laboratorist','medicalsward',0,NULL,NULL,NULL,NULL);
INSERT INTO `oh_groupmenu` VALUES (177,'laboratorist','btnpatientvaccinenew',0,NULL,NULL,NULL,NULL);
INSERT INTO `oh_groupmenu` VALUES (178,'laboratorist','btnpatientvaccineedit',0,NULL,NULL,NULL,NULL);
INSERT INTO `oh_groupmenu` VALUES (179,'laboratorist','btnpatientvaccinedel',0,NULL,NULL,NULL,NULL);
INSERT INTO `oh_groupmenu` VALUES (180,'laboratorist','newbill',0,NULL,NULL,NULL,NULL);
INSERT INTO `oh_groupmenu` VALUES (181,'laboratorist','billsmanager',0,NULL,NULL,NULL,NULL);
INSERT INTO `oh_groupmenu` VALUES (182,'laboratorist','examlist1',0,NULL,NULL,NULL,NULL);
INSERT INTO `oh_groupmenu` VALUES (183,'laboratorist','diseaselist',0,NULL,NULL,NULL,NULL);
INSERT INTO `oh_groupmenu` VALUES (184,'laboratorist','types',0,NULL,NULL,NULL,NULL);
INSERT INTO `oh_groupmenu` VALUES (185,'laboratorist','hospital',0,NULL,NULL,NULL,NULL);
INSERT INTO `oh_groupmenu` VALUES (186,'laboratorist','ward',0,NULL,NULL,NULL,NULL);
INSERT INTO `oh_groupmenu` VALUES (187,'laboratorist','disease',0,NULL,NULL,NULL,NULL);
INSERT INTO `oh_groupmenu` VALUES (188,'laboratorist','exams',0,NULL,NULL,NULL,NULL);
INSERT INTO `oh_groupmenu` VALUES (189,'laboratorist','operation',0,NULL,NULL,NULL,NULL);
INSERT INTO `oh_groupmenu` VALUES (190,'laboratorist','vaccine',0,NULL,NULL,NULL,NULL);
INSERT INTO `oh_groupmenu` VALUES (191,'laboratorist','priceslist',0,NULL,NULL,NULL,NULL);
INSERT INTO `oh_groupmenu` VALUES (192,'laboratorist','supplier',0,NULL,NULL,NULL,NULL);
INSERT INTO `oh_groupmenu` VALUES (193,'laboratorist','smsmanager',0,NULL,NULL,NULL,NULL);
INSERT INTO `oh_groupmenu` VALUES (194,'laboratorist','users',0,NULL,NULL,NULL,NULL);
INSERT INTO `oh_groupmenu` VALUES (195,'laboratorist','btnopdnewexamination',0,NULL,NULL,NULL,NULL);
INSERT INTO `oh_groupmenu` VALUES (196,'laboratorist','btnopdnewoperation',0,NULL,NULL,NULL,NULL);
INSERT INTO `oh_groupmenu` VALUES (197,'laboratorist','btnopdeditexamination',0,NULL,NULL,NULL,NULL);
INSERT INTO `oh_groupmenu` VALUES (198,'laboratorist','btnopdeditoperation',0,NULL,NULL,NULL,NULL);
INSERT INTO `oh_groupmenu` VALUES (199,'laboratorist','btndataeditpat',0,NULL,NULL,NULL,NULL);
INSERT INTO `oh_groupmenu` VALUES (200,'laboratorist','btndataedit',0,NULL,NULL,NULL,NULL);
INSERT INTO `oh_groupmenu` VALUES (201,'laboratorist','btndatadel',0,NULL,NULL,NULL,NULL);
INSERT INTO `oh_groupmenu` VALUES (202,'laboratorist','btndatamalnut',0,NULL,NULL,NULL,NULL);
INSERT INTO `oh_groupmenu` VALUES (203,'laboratorist','btnadmadmexamination',0,NULL,NULL,NULL,NULL);
INSERT INTO `oh_groupmenu` VALUES (204,'laboratorist','btnpatfoldopdrpt',0,NULL,NULL,NULL,NULL);
INSERT INTO `oh_groupmenu` VALUES (205,'laboratorist','btnpatfoldadmrpt',0,NULL,NULL,NULL,NULL);
INSERT INTO `oh_groupmenu` VALUES (206,'laboratorist','btnpatfoldpatrpt',0,NULL,NULL,NULL,NULL);
INSERT INTO `oh_groupmenu` VALUES (207,'laboratorist','btnpatfolddicom',0,NULL,NULL,NULL,NULL);
INSERT INTO `oh_groupmenu` VALUES (208,'laboratorist','btnpharmaceuticalnew',0,NULL,NULL,NULL,NULL);
INSERT INTO `oh_groupmenu` VALUES (209,'laboratorist','btnpharmaceuticaledit',0,NULL,NULL,NULL,NULL);
INSERT INTO `oh_groupmenu` VALUES (210,'laboratorist','btnpharmaceuticaldel',0,NULL,NULL,NULL,NULL);
INSERT INTO `oh_groupmenu` VALUES (211,'laboratorist','btnpharmstockcharge',0,NULL,NULL,NULL,NULL);
INSERT INTO `oh_groupmenu` VALUES (212,'laboratorist','btnpharmstockdischarge',0,NULL,NULL,NULL,NULL);
INSERT INTO `oh_groupmenu` VALUES (213,'laboratorist','btnmedicalswardrectify',0,NULL,NULL,NULL,NULL);
INSERT INTO `oh_groupmenu` VALUES (214,'laboratorist','btnmedicalswardreport',0,NULL,NULL,NULL,NULL);
INSERT INTO `oh_groupmenu` VALUES (215,'laboratorist','btnmedicalswardexcel',0,NULL,NULL,NULL,NULL);
INSERT INTO `oh_groupmenu` VALUES (216,'laboratorist','cashiersfilter',0,NULL,NULL,NULL,NULL);
INSERT INTO `oh_groupmenu` VALUES (217,'laboratorist','btnbillnew',0,NULL,NULL,NULL,NULL);
INSERT INTO `oh_groupmenu` VALUES (218,'laboratorist','btnbilledit',0,NULL,NULL,NULL,NULL);
INSERT INTO `oh_groupmenu` VALUES (219,'laboratorist','editclosedbills',0,NULL,NULL,NULL,NULL);
INSERT INTO `oh_groupmenu` VALUES (220,'laboratorist','btnbilldelete',0,NULL,NULL,NULL,NULL);
INSERT INTO `oh_groupmenu` VALUES (221,'laboratorist','btnbillreport',0,NULL,NULL,NULL,NULL);
INSERT INTO `oh_groupmenu` VALUES (222,'laboratorist','btnbillreceipt',0,NULL,NULL,NULL,NULL);
INSERT INTO `oh_groupmenu` VALUES (223,'laboratorist','admtype',0,NULL,NULL,NULL,NULL);
INSERT INTO `oh_groupmenu` VALUES (224,'laboratorist','disctype',0,NULL,NULL,NULL,NULL);
INSERT INTO `oh_groupmenu` VALUES (225,'laboratorist','deliverytype',0,NULL,NULL,NULL,NULL);
INSERT INTO `oh_groupmenu` VALUES (226,'laboratorist','delresulttype',0,NULL,NULL,NULL,NULL);
INSERT INTO `oh_groupmenu` VALUES (227,'laboratorist','diseasetype',0,NULL,NULL,NULL,NULL);
INSERT INTO `oh_groupmenu` VALUES (228,'laboratorist','examtype',0,NULL,NULL,NULL,NULL);
INSERT INTO `oh_groupmenu` VALUES (229,'laboratorist','medstockmovtype',0,NULL,NULL,NULL,NULL);
INSERT INTO `oh_groupmenu` VALUES (230,'laboratorist','medicalstype',0,NULL,NULL,NULL,NULL);
INSERT INTO `oh_groupmenu` VALUES (231,'laboratorist','operationtype',0,NULL,NULL,NULL,NULL);
INSERT INTO `oh_groupmenu` VALUES (232,'laboratorist','pretreatmenttype',0,NULL,NULL,NULL,NULL);
INSERT INTO `oh_groupmenu` VALUES (233,'laboratorist','otherprices',0,NULL,NULL,NULL,NULL);
INSERT INTO `oh_groupmenu` VALUES (234,'laboratorist','agetype',0,NULL,NULL,NULL,NULL);
INSERT INTO `oh_groupmenu` VALUES (235,'laboratorist','vaccinetype',0,NULL,NULL,NULL,NULL);
INSERT INTO `oh_groupmenu` VALUES (236,'laboratorist','dicomtype',0,NULL,NULL,NULL,NULL);
INSERT INTO `oh_groupmenu` VALUES (237,'laboratorist','usersusers',0,NULL,NULL,NULL,NULL);
INSERT INTO `oh_groupmenu` VALUES (238,'laboratorist','groups',0,NULL,NULL,NULL,NULL);
INSERT INTO `oh_groupmenu` VALUES (239,'doctor','opd',1,NULL,NULL,NULL,NULL);
INSERT INTO `oh_groupmenu` VALUES (240,'doctor','admission',1,NULL,NULL,NULL,NULL);
INSERT INTO `oh_groupmenu` VALUES (241,'doctor','laboratory',0,NULL,NULL,NULL,NULL);
INSERT INTO `oh_groupmenu` VALUES (242,'doctor','pharmacy',0,NULL,NULL,NULL,NULL);
INSERT INTO `oh_groupmenu` VALUES (243,'doctor','patientvaccine',1,NULL,NULL,NULL,NULL);
INSERT INTO `oh_groupmenu` VALUES (244,'doctor','accounting',0,NULL,NULL,NULL,NULL);
INSERT INTO `oh_groupmenu` VALUES (245,'doctor','worksheet',1,NULL,NULL,NULL,NULL);
INSERT INTO `oh_groupmenu` VALUES (246,'doctor','statistics',1,NULL,NULL,NULL,NULL);
INSERT INTO `oh_groupmenu` VALUES (247,'doctor','printing',1,NULL,NULL,NULL,NULL);
INSERT INTO `oh_groupmenu` VALUES (248,'doctor','communication',0,NULL,NULL,NULL,NULL);
INSERT INTO `oh_groupmenu` VALUES (249,'doctor','generaldata',0,NULL,NULL,NULL,NULL);
INSERT INTO `oh_groupmenu` VALUES (250,'doctor','help',1,NULL,NULL,NULL,NULL);
INSERT INTO `oh_groupmenu` VALUES (251,'doctor','btnopdnew',1,NULL,NULL,NULL,NULL);
INSERT INTO `oh_groupmenu` VALUES (252,'doctor','btnopdedit',1,NULL,NULL,NULL,NULL);
INSERT INTO `oh_groupmenu` VALUES (253,'doctor','btnopddel',1,NULL,NULL,NULL,NULL);
INSERT INTO `oh_groupmenu` VALUES (254,'doctor','btnadmnew',1,NULL,NULL,NULL,NULL);
INSERT INTO `oh_groupmenu` VALUES (255,'doctor','btnadmexamination',1,NULL,NULL,NULL,NULL);
INSERT INTO `oh_groupmenu` VALUES (256,'doctor','btnadmedit',1,NULL,NULL,NULL,NULL);
INSERT INTO `oh_groupmenu` VALUES (257,'doctor','btnadmdel',1,NULL,NULL,NULL,NULL);
INSERT INTO `oh_groupmenu` VALUES (258,'doctor','btnadmmer',0,NULL,NULL,NULL,NULL);
INSERT INTO `oh_groupmenu` VALUES (259,'doctor','data',0,NULL,NULL,NULL,NULL);
INSERT INTO `oh_groupmenu` VALUES (260,'doctor','btnadmlab',0,NULL,NULL,NULL,NULL);
INSERT INTO `oh_groupmenu` VALUES (261,'doctor','btnadmdicom',1,NULL,NULL,NULL,NULL);
INSERT INTO `oh_groupmenu` VALUES (262,'doctor','btnadmadm',1,NULL,NULL,NULL,NULL);
INSERT INTO `oh_groupmenu` VALUES (263,'doctor','btnadmbill',0,NULL,NULL,NULL,NULL);
INSERT INTO `oh_groupmenu` VALUES (264,'doctor','btnadmopd',1,NULL,NULL,NULL,NULL);
INSERT INTO `oh_groupmenu` VALUES (265,'doctor','btnadmpatientfolder',1,NULL,NULL,NULL,NULL);
INSERT INTO `oh_groupmenu` VALUES (266,'doctor','btnadmtherapy',1,NULL,NULL,NULL,NULL);
INSERT INTO `oh_groupmenu` VALUES (267,'doctor','btnlaboratorynew',0,NULL,NULL,NULL,NULL);
INSERT INTO `oh_groupmenu` VALUES (268,'doctor','btnlaboratoryedit',0,NULL,NULL,NULL,NULL);
INSERT INTO `oh_groupmenu` VALUES (269,'doctor','btnlaboratorydel',0,NULL,NULL,NULL,NULL);
INSERT INTO `oh_groupmenu` VALUES (270,'doctor','medicals',0,NULL,NULL,NULL,NULL);
INSERT INTO `oh_groupmenu` VALUES (271,'doctor','medicalstock',0,NULL,NULL,NULL,NULL);
INSERT INTO `oh_groupmenu` VALUES (272,'doctor','medicalsward',0,NULL,NULL,NULL,NULL);
INSERT INTO `oh_groupmenu` VALUES (273,'doctor','btnpatientvaccinenew',1,NULL,NULL,NULL,NULL);
INSERT INTO `oh_groupmenu` VALUES (274,'doctor','btnpatientvaccineedit',1,NULL,NULL,NULL,NULL);
INSERT INTO `oh_groupmenu` VALUES (275,'doctor','btnpatientvaccinedel',1,NULL,NULL,NULL,NULL);
INSERT INTO `oh_groupmenu` VALUES (276,'doctor','newbill',0,NULL,NULL,NULL,NULL);
INSERT INTO `oh_groupmenu` VALUES (277,'doctor','billsmanager',0,NULL,NULL,NULL,NULL);
INSERT INTO `oh_groupmenu` VALUES (278,'doctor','examlist1',1,NULL,NULL,NULL,NULL);
INSERT INTO `oh_groupmenu` VALUES (279,'doctor','diseaselist',1,NULL,NULL,NULL,NULL);
INSERT INTO `oh_groupmenu` VALUES (280,'doctor','types',0,NULL,NULL,NULL,NULL);
INSERT INTO `oh_groupmenu` VALUES (281,'doctor','hospital',0,NULL,NULL,NULL,NULL);
INSERT INTO `oh_groupmenu` VALUES (282,'doctor','ward',0,NULL,NULL,NULL,NULL);
INSERT INTO `oh_groupmenu` VALUES (283,'doctor','disease',0,NULL,NULL,NULL,NULL);
INSERT INTO `oh_groupmenu` VALUES (284,'doctor','exams',0,NULL,NULL,NULL,NULL);
INSERT INTO `oh_groupmenu` VALUES (285,'doctor','operation',0,NULL,NULL,NULL,NULL);
INSERT INTO `oh_groupmenu` VALUES (286,'doctor','vaccine',0,NULL,NULL,NULL,NULL);
INSERT INTO `oh_groupmenu` VALUES (287,'doctor','priceslist',0,NULL,NULL,NULL,NULL);
INSERT INTO `oh_groupmenu` VALUES (288,'doctor','supplier',0,NULL,NULL,NULL,NULL);
INSERT INTO `oh_groupmenu` VALUES (289,'doctor','smsmanager',0,NULL,NULL,NULL,NULL);
INSERT INTO `oh_groupmenu` VALUES (290,'doctor','users',0,NULL,NULL,NULL,NULL);
INSERT INTO `oh_groupmenu` VALUES (291,'doctor','btnopdnewexamination',1,NULL,NULL,NULL,NULL);
INSERT INTO `oh_groupmenu` VALUES (292,'doctor','btnopdnewoperation',1,NULL,NULL,NULL,NULL);
INSERT INTO `oh_groupmenu` VALUES (293,'doctor','btnopdeditexamination',1,NULL,NULL,NULL,NULL);
INSERT INTO `oh_groupmenu` VALUES (294,'doctor','btnopdeditoperation',1,NULL,NULL,NULL,NULL);
INSERT INTO `oh_groupmenu` VALUES (295,'doctor','btndataeditpat',0,NULL,NULL,NULL,NULL);
INSERT INTO `oh_groupmenu` VALUES (296,'doctor','btndataedit',0,NULL,NULL,NULL,NULL);
INSERT INTO `oh_groupmenu` VALUES (297,'doctor','btndatadel',0,NULL,NULL,NULL,NULL);
INSERT INTO `oh_groupmenu` VALUES (298,'doctor','btndatamalnut',0,NULL,NULL,NULL,NULL);
INSERT INTO `oh_groupmenu` VALUES (299,'doctor','btnadmadmexamination',1,NULL,NULL,NULL,NULL);
INSERT INTO `oh_groupmenu` VALUES (300,'doctor','btnpatfoldopdrpt',1,NULL,NULL,NULL,NULL);
INSERT INTO `oh_groupmenu` VALUES (301,'doctor','btnpatfoldadmrpt',1,NULL,NULL,NULL,NULL);
INSERT INTO `oh_groupmenu` VALUES (302,'doctor','btnpatfoldpatrpt',1,NULL,NULL,NULL,NULL);
INSERT INTO `oh_groupmenu` VALUES (303,'doctor','btnpatfolddicom',1,NULL,NULL,NULL,NULL);
INSERT INTO `oh_groupmenu` VALUES (304,'doctor','btnpharmaceuticalnew',0,NULL,NULL,NULL,NULL);
INSERT INTO `oh_groupmenu` VALUES (305,'doctor','btnpharmaceuticaledit',0,NULL,NULL,NULL,NULL);
INSERT INTO `oh_groupmenu` VALUES (306,'doctor','btnpharmaceuticaldel',0,NULL,NULL,NULL,NULL);
INSERT INTO `oh_groupmenu` VALUES (307,'doctor','btnpharmstockcharge',0,NULL,NULL,NULL,NULL);
INSERT INTO `oh_groupmenu` VALUES (308,'doctor','btnpharmstockdischarge',0,NULL,NULL,NULL,NULL);
INSERT INTO `oh_groupmenu` VALUES (309,'doctor','btnmedicalswardrectify',0,NULL,NULL,NULL,NULL);
INSERT INTO `oh_groupmenu` VALUES (310,'doctor','btnmedicalswardreport',0,NULL,NULL,NULL,NULL);
INSERT INTO `oh_groupmenu` VALUES (311,'doctor','btnmedicalswardexcel',0,NULL,NULL,NULL,NULL);
INSERT INTO `oh_groupmenu` VALUES (312,'doctor','cashiersfilter',0,NULL,NULL,NULL,NULL);
INSERT INTO `oh_groupmenu` VALUES (313,'doctor','btnbillnew',0,NULL,NULL,NULL,NULL);
INSERT INTO `oh_groupmenu` VALUES (314,'doctor','btnbilledit',0,NULL,NULL,NULL,NULL);
INSERT INTO `oh_groupmenu` VALUES (315,'doctor','editclosedbills',0,NULL,NULL,NULL,NULL);
INSERT INTO `oh_groupmenu` VALUES (316,'doctor','btnbilldelete',0,NULL,NULL,NULL,NULL);
INSERT INTO `oh_groupmenu` VALUES (317,'doctor','btnbillreport',0,NULL,NULL,NULL,NULL);
INSERT INTO `oh_groupmenu` VALUES (318,'doctor','btnbillreceipt',0,NULL,NULL,NULL,NULL);
INSERT INTO `oh_groupmenu` VALUES (319,'doctor','admtype',0,NULL,NULL,NULL,NULL);
INSERT INTO `oh_groupmenu` VALUES (320,'doctor','disctype',0,NULL,NULL,NULL,NULL);
INSERT INTO `oh_groupmenu` VALUES (321,'doctor','deliverytype',0,NULL,NULL,NULL,NULL);
INSERT INTO `oh_groupmenu` VALUES (322,'doctor','delresulttype',0,NULL,NULL,NULL,NULL);
INSERT INTO `oh_groupmenu` VALUES (323,'doctor','diseasetype',0,NULL,NULL,NULL,NULL);
INSERT INTO `oh_groupmenu` VALUES (324,'doctor','examtype',0,NULL,NULL,NULL,NULL);
INSERT INTO `oh_groupmenu` VALUES (325,'doctor','medstockmovtype',0,NULL,NULL,NULL,NULL);
INSERT INTO `oh_groupmenu` VALUES (326,'doctor','medicalstype',0,NULL,NULL,NULL,NULL);
INSERT INTO `oh_groupmenu` VALUES (327,'doctor','operationtype',0,NULL,NULL,NULL,NULL);
INSERT INTO `oh_groupmenu` VALUES (328,'doctor','pretreatmenttype',0,NULL,NULL,NULL,NULL);
INSERT INTO `oh_groupmenu` VALUES (329,'doctor','otherprices',0,NULL,NULL,NULL,NULL);
INSERT INTO `oh_groupmenu` VALUES (330,'doctor','agetype',0,NULL,NULL,NULL,NULL);
INSERT INTO `oh_groupmenu` VALUES (331,'doctor','vaccinetype',0,NULL,NULL,NULL,NULL);
INSERT INTO `oh_groupmenu` VALUES (332,'doctor','dicomtype',0,NULL,NULL,NULL,NULL);
INSERT INTO `oh_groupmenu` VALUES (333,'doctor','usersusers',0,NULL,NULL,NULL,NULL);
INSERT INTO `oh_groupmenu` VALUES (334,'doctor','groups',0,NULL,NULL,NULL,NULL);
INSERT INTO `oh_groupmenu` VALUES (335,'admin','telemetry',1,NULL,NULL,NULL,NULL);
INSERT INTO `oh_groupmenu` VALUES (336,'admin','doc',1,NULL,NULL,NULL,NULL);
INSERT INTO `oh_groupmenu` VALUES (337,'admin','logfile',1,NULL,NULL,NULL,NULL);
INSERT INTO `oh_groupmenu` VALUES (338,'doctor','doc',1,NULL,NULL,NULL,NULL);
INSERT INTO `oh_groupmenu` VALUES (339,'doctor','logfile',1,NULL,NULL,NULL,NULL);
INSERT INTO `oh_groupmenu` VALUES (340,'laboratorist','doc',1,NULL,NULL,NULL,NULL);
INSERT INTO `oh_groupmenu` VALUES (341,'laboratorist','logfile',1,NULL,NULL,NULL,NULL);
INSERT INTO `oh_groupmenu` VALUES (342,'laboratorist','help',1,NULL,NULL,NULL,NULL);
INSERT INTO `oh_groupmenu` VALUES (343,'admin','btnpharmstockcmovdelete',1,NULL,NULL,NULL,NULL);
INSERT INTO `oh_groupmenu` VALUES (344,'admin','btnmedicalswarddelete',1,NULL,NULL,NULL,NULL);
INSERT INTO `oh_groupmenu` VALUES (345,'admin','inventory',1,NULL,NULL,NULL,NULL);
INSERT INTO `oh_groupmenu` VALUES (346,'admin','inventoryward',1,NULL,NULL,NULL,NULL);
INSERT INTO `oh_groupmenu` VALUES (347,'laboratorist','btnlaboratorynew',1,NULL,NULL,NULL,NULL);
INSERT INTO `oh_groupmenu` VALUES (348,'laboratorist','btnlaboratoryedit',1,NULL,NULL,NULL,NULL);
/*!40000 ALTER TABLE `oh_groupmenu` ENABLE KEYS */;
UNLOCK TABLES;

--
-- Table structure for table `oh_grouppermission`
--

DROP TABLE IF EXISTS `oh_grouppermission`;
/*!40101 SET @saved_cs_client     = @@character_set_client */;
/*!40101 SET character_set_client = utf8mb4 */;
CREATE TABLE `oh_grouppermission` (
  `GP_ID` int(11) NOT NULL AUTO_INCREMENT,
  `GP_UG_ID_A` varchar(50) NOT NULL DEFAULT '',
  `GP_P_ID_A` int(11) NOT NULL,
  `GP_ACTIVE` char(1) NOT NULL DEFAULT '',
  `GP_CREATED_BY` varchar(50) DEFAULT NULL,
  `GP_CREATED_DATE` datetime DEFAULT NULL,
  `GP_LAST_MODIFIED_BY` varchar(50) DEFAULT NULL,
  `GP_LAST_MODIFIED_DATE` datetime DEFAULT NULL,
  PRIMARY KEY (`GP_ID`),
  KEY `FK_GROUPPERMISSION_CREATED_BY_IDX` (`GP_CREATED_BY`),
  KEY `FK_GROUPPERMISSION_LAST_MODIFIED_BY_IDX` (`GP_LAST_MODIFIED_BY`),
  CONSTRAINT `FK_GROUPPERMISSION_CREATED_BY` FOREIGN KEY (`GP_CREATED_BY`) REFERENCES `oh_user` (`US_ID_A`) ON DELETE NO ACTION ON UPDATE NO ACTION,
  CONSTRAINT `FK_GROUPPERMISSION_LAST_MODIFIED_BY` FOREIGN KEY (`GP_LAST_MODIFIED_BY`) REFERENCES `oh_user` (`US_ID_A`) ON DELETE NO ACTION ON UPDATE NO ACTION
) ENGINE=InnoDB AUTO_INCREMENT=318 DEFAULT CHARSET=utf8mb3 COLLATE=utf8mb3_general_ci;
/*!40101 SET character_set_client = @saved_cs_client */;

--
-- Dumping data for table `oh_grouppermission`
--

LOCK TABLES `oh_grouppermission` WRITE;
/*!40000 ALTER TABLE `oh_grouppermission` DISABLE KEYS */;
INSERT INTO `oh_grouppermission` VALUES (1,'admin',1,'1',NULL,NULL,NULL,NULL);
INSERT INTO `oh_grouppermission` VALUES (2,'admin',2,'1',NULL,NULL,NULL,NULL);
INSERT INTO `oh_grouppermission` VALUES (3,'admin',3,'1',NULL,NULL,NULL,NULL);
INSERT INTO `oh_grouppermission` VALUES (4,'admin',4,'1',NULL,NULL,NULL,NULL);
INSERT INTO `oh_grouppermission` VALUES (5,'admin',5,'1',NULL,NULL,NULL,NULL);
INSERT INTO `oh_grouppermission` VALUES (6,'admin',6,'1',NULL,NULL,NULL,NULL);
INSERT INTO `oh_grouppermission` VALUES (7,'admin',7,'1',NULL,NULL,NULL,NULL);
INSERT INTO `oh_grouppermission` VALUES (8,'admin',8,'1',NULL,NULL,NULL,NULL);
INSERT INTO `oh_grouppermission` VALUES (9,'admin',9,'1',NULL,NULL,NULL,NULL);
INSERT INTO `oh_grouppermission` VALUES (10,'admin',10,'1',NULL,NULL,NULL,NULL);
INSERT INTO `oh_grouppermission` VALUES (11,'admin',11,'1',NULL,NULL,NULL,NULL);
INSERT INTO `oh_grouppermission` VALUES (12,'admin',12,'1',NULL,NULL,NULL,NULL);
INSERT INTO `oh_grouppermission` VALUES (13,'admin',13,'1',NULL,NULL,NULL,NULL);
INSERT INTO `oh_grouppermission` VALUES (14,'admin',14,'1',NULL,NULL,NULL,NULL);
INSERT INTO `oh_grouppermission` VALUES (15,'admin',15,'1',NULL,NULL,NULL,NULL);
INSERT INTO `oh_grouppermission` VALUES (16,'admin',16,'1',NULL,NULL,NULL,NULL);
INSERT INTO `oh_grouppermission` VALUES (17,'admin',17,'1',NULL,NULL,NULL,NULL);
INSERT INTO `oh_grouppermission` VALUES (18,'admin',18,'1',NULL,NULL,NULL,NULL);
INSERT INTO `oh_grouppermission` VALUES (19,'admin',19,'1',NULL,NULL,NULL,NULL);
INSERT INTO `oh_grouppermission` VALUES (20,'admin',20,'1',NULL,NULL,NULL,NULL);
INSERT INTO `oh_grouppermission` VALUES (21,'admin',21,'1',NULL,NULL,NULL,NULL);
INSERT INTO `oh_grouppermission` VALUES (22,'admin',22,'1',NULL,NULL,NULL,NULL);
INSERT INTO `oh_grouppermission` VALUES (23,'admin',23,'1',NULL,NULL,NULL,NULL);
INSERT INTO `oh_grouppermission` VALUES (24,'admin',24,'1',NULL,NULL,NULL,NULL);
INSERT INTO `oh_grouppermission` VALUES (25,'admin',25,'1',NULL,NULL,NULL,NULL);
INSERT INTO `oh_grouppermission` VALUES (26,'admin',26,'1',NULL,NULL,NULL,NULL);
INSERT INTO `oh_grouppermission` VALUES (27,'admin',27,'1',NULL,NULL,NULL,NULL);
INSERT INTO `oh_grouppermission` VALUES (28,'admin',28,'1',NULL,NULL,NULL,NULL);
INSERT INTO `oh_grouppermission` VALUES (29,'admin',29,'1',NULL,NULL,NULL,NULL);
INSERT INTO `oh_grouppermission` VALUES (30,'admin',30,'1',NULL,NULL,NULL,NULL);
INSERT INTO `oh_grouppermission` VALUES (31,'admin',31,'1',NULL,NULL,NULL,NULL);
INSERT INTO `oh_grouppermission` VALUES (32,'admin',32,'1',NULL,NULL,NULL,NULL);
INSERT INTO `oh_grouppermission` VALUES (33,'admin',33,'1',NULL,NULL,NULL,NULL);
INSERT INTO `oh_grouppermission` VALUES (34,'admin',34,'1',NULL,NULL,NULL,NULL);
INSERT INTO `oh_grouppermission` VALUES (35,'admin',35,'1',NULL,NULL,NULL,NULL);
INSERT INTO `oh_grouppermission` VALUES (36,'admin',36,'1',NULL,NULL,NULL,NULL);
INSERT INTO `oh_grouppermission` VALUES (37,'admin',37,'1',NULL,NULL,NULL,NULL);
INSERT INTO `oh_grouppermission` VALUES (38,'admin',38,'1',NULL,NULL,NULL,NULL);
INSERT INTO `oh_grouppermission` VALUES (39,'admin',39,'1',NULL,NULL,NULL,NULL);
INSERT INTO `oh_grouppermission` VALUES (40,'admin',40,'1',NULL,NULL,NULL,NULL);
INSERT INTO `oh_grouppermission` VALUES (41,'admin',41,'1',NULL,NULL,NULL,NULL);
INSERT INTO `oh_grouppermission` VALUES (42,'admin',42,'1',NULL,NULL,NULL,NULL);
INSERT INTO `oh_grouppermission` VALUES (43,'admin',43,'1',NULL,NULL,NULL,NULL);
INSERT INTO `oh_grouppermission` VALUES (44,'admin',44,'1',NULL,NULL,NULL,NULL);
INSERT INTO `oh_grouppermission` VALUES (45,'admin',45,'1',NULL,NULL,NULL,NULL);
INSERT INTO `oh_grouppermission` VALUES (46,'admin',46,'1',NULL,NULL,NULL,NULL);
INSERT INTO `oh_grouppermission` VALUES (47,'admin',47,'1',NULL,NULL,NULL,NULL);
INSERT INTO `oh_grouppermission` VALUES (48,'admin',48,'1',NULL,NULL,NULL,NULL);
INSERT INTO `oh_grouppermission` VALUES (49,'admin',49,'1',NULL,NULL,NULL,NULL);
INSERT INTO `oh_grouppermission` VALUES (50,'admin',50,'1',NULL,NULL,NULL,NULL);
INSERT INTO `oh_grouppermission` VALUES (51,'admin',51,'1',NULL,NULL,NULL,NULL);
INSERT INTO `oh_grouppermission` VALUES (52,'admin',52,'1',NULL,NULL,NULL,NULL);
INSERT INTO `oh_grouppermission` VALUES (53,'admin',53,'1',NULL,NULL,NULL,NULL);
INSERT INTO `oh_grouppermission` VALUES (54,'admin',54,'1',NULL,NULL,NULL,NULL);
INSERT INTO `oh_grouppermission` VALUES (55,'admin',55,'1',NULL,NULL,NULL,NULL);
INSERT INTO `oh_grouppermission` VALUES (56,'admin',56,'1',NULL,NULL,NULL,NULL);
INSERT INTO `oh_grouppermission` VALUES (57,'admin',57,'1',NULL,NULL,NULL,NULL);
INSERT INTO `oh_grouppermission` VALUES (58,'admin',58,'1',NULL,NULL,NULL,NULL);
INSERT INTO `oh_grouppermission` VALUES (59,'admin',59,'1',NULL,NULL,NULL,NULL);
INSERT INTO `oh_grouppermission` VALUES (60,'admin',60,'1',NULL,NULL,NULL,NULL);
INSERT INTO `oh_grouppermission` VALUES (61,'admin',61,'1',NULL,NULL,NULL,NULL);
INSERT INTO `oh_grouppermission` VALUES (62,'admin',62,'1',NULL,NULL,NULL,NULL);
INSERT INTO `oh_grouppermission` VALUES (63,'admin',63,'1',NULL,NULL,NULL,NULL);
INSERT INTO `oh_grouppermission` VALUES (64,'admin',64,'1',NULL,NULL,NULL,NULL);
INSERT INTO `oh_grouppermission` VALUES (65,'admin',65,'1',NULL,NULL,NULL,NULL);
INSERT INTO `oh_grouppermission` VALUES (66,'admin',66,'1',NULL,NULL,NULL,NULL);
INSERT INTO `oh_grouppermission` VALUES (67,'admin',67,'1',NULL,NULL,NULL,NULL);
INSERT INTO `oh_grouppermission` VALUES (68,'admin',68,'1',NULL,NULL,NULL,NULL);
INSERT INTO `oh_grouppermission` VALUES (69,'admin',69,'1',NULL,NULL,NULL,NULL);
INSERT INTO `oh_grouppermission` VALUES (70,'admin',70,'1',NULL,NULL,NULL,NULL);
INSERT INTO `oh_grouppermission` VALUES (71,'admin',71,'1',NULL,NULL,NULL,NULL);
INSERT INTO `oh_grouppermission` VALUES (72,'admin',72,'1',NULL,NULL,NULL,NULL);
INSERT INTO `oh_grouppermission` VALUES (73,'admin',73,'1',NULL,NULL,NULL,NULL);
INSERT INTO `oh_grouppermission` VALUES (74,'admin',74,'1',NULL,NULL,NULL,NULL);
INSERT INTO `oh_grouppermission` VALUES (75,'admin',75,'1',NULL,NULL,NULL,NULL);
INSERT INTO `oh_grouppermission` VALUES (76,'admin',76,'1',NULL,NULL,NULL,NULL);
INSERT INTO `oh_grouppermission` VALUES (77,'admin',77,'1',NULL,NULL,NULL,NULL);
INSERT INTO `oh_grouppermission` VALUES (78,'admin',78,'1',NULL,NULL,NULL,NULL);
INSERT INTO `oh_grouppermission` VALUES (79,'admin',79,'1',NULL,NULL,NULL,NULL);
INSERT INTO `oh_grouppermission` VALUES (80,'admin',80,'1',NULL,NULL,NULL,NULL);
INSERT INTO `oh_grouppermission` VALUES (81,'admin',81,'1',NULL,NULL,NULL,NULL);
INSERT INTO `oh_grouppermission` VALUES (82,'admin',82,'1',NULL,NULL,NULL,NULL);
INSERT INTO `oh_grouppermission` VALUES (83,'admin',83,'1',NULL,NULL,NULL,NULL);
INSERT INTO `oh_grouppermission` VALUES (84,'admin',84,'1',NULL,NULL,NULL,NULL);
INSERT INTO `oh_grouppermission` VALUES (85,'admin',85,'1',NULL,NULL,NULL,NULL);
INSERT INTO `oh_grouppermission` VALUES (86,'admin',86,'1',NULL,NULL,NULL,NULL);
INSERT INTO `oh_grouppermission` VALUES (87,'admin',87,'1',NULL,NULL,NULL,NULL);
INSERT INTO `oh_grouppermission` VALUES (88,'admin',88,'1',NULL,NULL,NULL,NULL);
INSERT INTO `oh_grouppermission` VALUES (89,'admin',89,'1',NULL,NULL,NULL,NULL);
INSERT INTO `oh_grouppermission` VALUES (90,'admin',90,'1',NULL,NULL,NULL,NULL);
INSERT INTO `oh_grouppermission` VALUES (91,'admin',91,'1',NULL,NULL,NULL,NULL);
INSERT INTO `oh_grouppermission` VALUES (92,'admin',92,'1',NULL,NULL,NULL,NULL);
INSERT INTO `oh_grouppermission` VALUES (93,'admin',93,'1',NULL,NULL,NULL,NULL);
INSERT INTO `oh_grouppermission` VALUES (94,'admin',94,'1',NULL,NULL,NULL,NULL);
INSERT INTO `oh_grouppermission` VALUES (95,'admin',95,'1',NULL,NULL,NULL,NULL);
INSERT INTO `oh_grouppermission` VALUES (96,'admin',96,'1',NULL,NULL,NULL,NULL);
INSERT INTO `oh_grouppermission` VALUES (97,'admin',97,'1',NULL,NULL,NULL,NULL);
INSERT INTO `oh_grouppermission` VALUES (98,'admin',98,'1',NULL,NULL,NULL,NULL);
INSERT INTO `oh_grouppermission` VALUES (99,'admin',99,'1',NULL,NULL,NULL,NULL);
INSERT INTO `oh_grouppermission` VALUES (100,'admin',100,'1',NULL,NULL,NULL,NULL);
INSERT INTO `oh_grouppermission` VALUES (101,'admin',101,'1',NULL,NULL,NULL,NULL);
INSERT INTO `oh_grouppermission` VALUES (102,'admin',102,'1',NULL,NULL,NULL,NULL);
INSERT INTO `oh_grouppermission` VALUES (103,'admin',103,'1',NULL,NULL,NULL,NULL);
INSERT INTO `oh_grouppermission` VALUES (104,'admin',104,'1',NULL,NULL,NULL,NULL);
INSERT INTO `oh_grouppermission` VALUES (105,'admin',105,'1',NULL,NULL,NULL,NULL);
INSERT INTO `oh_grouppermission` VALUES (106,'admin',106,'1',NULL,NULL,NULL,NULL);
INSERT INTO `oh_grouppermission` VALUES (107,'admin',107,'1',NULL,NULL,NULL,NULL);
INSERT INTO `oh_grouppermission` VALUES (108,'admin',108,'1',NULL,NULL,NULL,NULL);
INSERT INTO `oh_grouppermission` VALUES (109,'admin',109,'1',NULL,NULL,NULL,NULL);
INSERT INTO `oh_grouppermission` VALUES (110,'admin',110,'1',NULL,NULL,NULL,NULL);
INSERT INTO `oh_grouppermission` VALUES (111,'admin',111,'1',NULL,NULL,NULL,NULL);
INSERT INTO `oh_grouppermission` VALUES (112,'admin',112,'1',NULL,NULL,NULL,NULL);
INSERT INTO `oh_grouppermission` VALUES (113,'admin',113,'1',NULL,NULL,NULL,NULL);
INSERT INTO `oh_grouppermission` VALUES (114,'admin',114,'1',NULL,NULL,NULL,NULL);
INSERT INTO `oh_grouppermission` VALUES (115,'admin',115,'1',NULL,NULL,NULL,NULL);
INSERT INTO `oh_grouppermission` VALUES (116,'admin',116,'1',NULL,NULL,NULL,NULL);
INSERT INTO `oh_grouppermission` VALUES (117,'admin',117,'1',NULL,NULL,NULL,NULL);
INSERT INTO `oh_grouppermission` VALUES (118,'admin',118,'1',NULL,NULL,NULL,NULL);
INSERT INTO `oh_grouppermission` VALUES (119,'admin',119,'1',NULL,NULL,NULL,NULL);
INSERT INTO `oh_grouppermission` VALUES (120,'admin',120,'1',NULL,NULL,NULL,NULL);
INSERT INTO `oh_grouppermission` VALUES (121,'admin',121,'1',NULL,NULL,NULL,NULL);
INSERT INTO `oh_grouppermission` VALUES (122,'admin',122,'1',NULL,NULL,NULL,NULL);
INSERT INTO `oh_grouppermission` VALUES (123,'admin',123,'1',NULL,NULL,NULL,NULL);
INSERT INTO `oh_grouppermission` VALUES (124,'admin',124,'1',NULL,NULL,NULL,NULL);
INSERT INTO `oh_grouppermission` VALUES (125,'admin',125,'1',NULL,NULL,NULL,NULL);
INSERT INTO `oh_grouppermission` VALUES (126,'admin',126,'1',NULL,NULL,NULL,NULL);
INSERT INTO `oh_grouppermission` VALUES (127,'admin',127,'1',NULL,NULL,NULL,NULL);
INSERT INTO `oh_grouppermission` VALUES (128,'admin',128,'1',NULL,NULL,NULL,NULL);
INSERT INTO `oh_grouppermission` VALUES (129,'admin',129,'1',NULL,NULL,NULL,NULL);
INSERT INTO `oh_grouppermission` VALUES (130,'admin',130,'1',NULL,NULL,NULL,NULL);
INSERT INTO `oh_grouppermission` VALUES (131,'admin',131,'1',NULL,NULL,NULL,NULL);
INSERT INTO `oh_grouppermission` VALUES (132,'admin',132,'1',NULL,NULL,NULL,NULL);
INSERT INTO `oh_grouppermission` VALUES (133,'admin',133,'1',NULL,NULL,NULL,NULL);
INSERT INTO `oh_grouppermission` VALUES (134,'admin',134,'1',NULL,NULL,NULL,NULL);
INSERT INTO `oh_grouppermission` VALUES (135,'admin',135,'1',NULL,NULL,NULL,NULL);
INSERT INTO `oh_grouppermission` VALUES (136,'admin',136,'1',NULL,NULL,NULL,NULL);
INSERT INTO `oh_grouppermission` VALUES (137,'admin',137,'1',NULL,NULL,NULL,NULL);
INSERT INTO `oh_grouppermission` VALUES (138,'admin',138,'1',NULL,NULL,NULL,NULL);
INSERT INTO `oh_grouppermission` VALUES (139,'admin',139,'1',NULL,NULL,NULL,NULL);
INSERT INTO `oh_grouppermission` VALUES (140,'admin',140,'1',NULL,NULL,NULL,NULL);
INSERT INTO `oh_grouppermission` VALUES (141,'admin',141,'1',NULL,NULL,NULL,NULL);
INSERT INTO `oh_grouppermission` VALUES (142,'admin',142,'1',NULL,NULL,NULL,NULL);
INSERT INTO `oh_grouppermission` VALUES (143,'admin',143,'1',NULL,NULL,NULL,NULL);
INSERT INTO `oh_grouppermission` VALUES (144,'admin',144,'1',NULL,NULL,NULL,NULL);
INSERT INTO `oh_grouppermission` VALUES (145,'admin',145,'1',NULL,NULL,NULL,NULL);
INSERT INTO `oh_grouppermission` VALUES (146,'admin',146,'1',NULL,NULL,NULL,NULL);
INSERT INTO `oh_grouppermission` VALUES (147,'admin',147,'1',NULL,NULL,NULL,NULL);
INSERT INTO `oh_grouppermission` VALUES (148,'admin',148,'1',NULL,NULL,NULL,NULL);
INSERT INTO `oh_grouppermission` VALUES (149,'admin',149,'1',NULL,NULL,NULL,NULL);
INSERT INTO `oh_grouppermission` VALUES (150,'admin',150,'1',NULL,NULL,NULL,NULL);
INSERT INTO `oh_grouppermission` VALUES (151,'admin',151,'1',NULL,NULL,NULL,NULL);
INSERT INTO `oh_grouppermission` VALUES (152,'admin',152,'1',NULL,NULL,NULL,NULL);
INSERT INTO `oh_grouppermission` VALUES (153,'admin',153,'1',NULL,NULL,NULL,NULL);
INSERT INTO `oh_grouppermission` VALUES (154,'admin',154,'1',NULL,NULL,NULL,NULL);
INSERT INTO `oh_grouppermission` VALUES (155,'admin',155,'1',NULL,NULL,NULL,NULL);
INSERT INTO `oh_grouppermission` VALUES (156,'admin',156,'1',NULL,NULL,NULL,NULL);
INSERT INTO `oh_grouppermission` VALUES (157,'admin',157,'1',NULL,NULL,NULL,NULL);
INSERT INTO `oh_grouppermission` VALUES (158,'admin',158,'1',NULL,NULL,NULL,NULL);
INSERT INTO `oh_grouppermission` VALUES (159,'admin',159,'1',NULL,NULL,NULL,NULL);
INSERT INTO `oh_grouppermission` VALUES (160,'admin',160,'1',NULL,NULL,NULL,NULL);
INSERT INTO `oh_grouppermission` VALUES (161,'admin',161,'1',NULL,NULL,NULL,NULL);
INSERT INTO `oh_grouppermission` VALUES (162,'admin',162,'1',NULL,NULL,NULL,NULL);
INSERT INTO `oh_grouppermission` VALUES (163,'admin',163,'1',NULL,NULL,NULL,NULL);
INSERT INTO `oh_grouppermission` VALUES (164,'admin',164,'1',NULL,NULL,NULL,NULL);
INSERT INTO `oh_grouppermission` VALUES (165,'admin',165,'1',NULL,NULL,NULL,NULL);
INSERT INTO `oh_grouppermission` VALUES (166,'admin',166,'1',NULL,NULL,NULL,NULL);
INSERT INTO `oh_grouppermission` VALUES (167,'guest',2,'1',NULL,NULL,NULL,NULL);
INSERT INTO `oh_grouppermission` VALUES (168,'guest',6,'1',NULL,NULL,NULL,NULL);
INSERT INTO `oh_grouppermission` VALUES (169,'guest',9,'1',NULL,NULL,NULL,NULL);
INSERT INTO `oh_grouppermission` VALUES (170,'guest',12,'1',NULL,NULL,NULL,NULL);
INSERT INTO `oh_grouppermission` VALUES (171,'guest',16,'1',NULL,NULL,NULL,NULL);
INSERT INTO `oh_grouppermission` VALUES (172,'guest',20,'1',NULL,NULL,NULL,NULL);
INSERT INTO `oh_grouppermission` VALUES (173,'guest',24,'1',NULL,NULL,NULL,NULL);
INSERT INTO `oh_grouppermission` VALUES (174,'guest',28,'1',NULL,NULL,NULL,NULL);
INSERT INTO `oh_grouppermission` VALUES (175,'guest',32,'1',NULL,NULL,NULL,NULL);
INSERT INTO `oh_grouppermission` VALUES (176,'guest',36,'1',NULL,NULL,NULL,NULL);
INSERT INTO `oh_grouppermission` VALUES (177,'guest',40,'1',NULL,NULL,NULL,NULL);
INSERT INTO `oh_grouppermission` VALUES (178,'guest',44,'1',NULL,NULL,NULL,NULL);
INSERT INTO `oh_grouppermission` VALUES (179,'guest',48,'1',NULL,NULL,NULL,NULL);
INSERT INTO `oh_grouppermission` VALUES (180,'guest',52,'1',NULL,NULL,NULL,NULL);
INSERT INTO `oh_grouppermission` VALUES (181,'guest',56,'1',NULL,NULL,NULL,NULL);
INSERT INTO `oh_grouppermission` VALUES (182,'guest',60,'1',NULL,NULL,NULL,NULL);
INSERT INTO `oh_grouppermission` VALUES (183,'guest',64,'1',NULL,NULL,NULL,NULL);
INSERT INTO `oh_grouppermission` VALUES (184,'guest',68,'1',NULL,NULL,NULL,NULL);
INSERT INTO `oh_grouppermission` VALUES (185,'guest',72,'1',NULL,NULL,NULL,NULL);
INSERT INTO `oh_grouppermission` VALUES (186,'guest',76,'1',NULL,NULL,NULL,NULL);
INSERT INTO `oh_grouppermission` VALUES (187,'guest',80,'1',NULL,NULL,NULL,NULL);
INSERT INTO `oh_grouppermission` VALUES (188,'guest',84,'1',NULL,NULL,NULL,NULL);
INSERT INTO `oh_grouppermission` VALUES (189,'guest',88,'1',NULL,NULL,NULL,NULL);
INSERT INTO `oh_grouppermission` VALUES (190,'guest',92,'1',NULL,NULL,NULL,NULL);
INSERT INTO `oh_grouppermission` VALUES (191,'guest',96,'1',NULL,NULL,NULL,NULL);
INSERT INTO `oh_grouppermission` VALUES (192,'guest',100,'1',NULL,NULL,NULL,NULL);
INSERT INTO `oh_grouppermission` VALUES (193,'guest',104,'1',NULL,NULL,NULL,NULL);
INSERT INTO `oh_grouppermission` VALUES (194,'guest',108,'1',NULL,NULL,NULL,NULL);
INSERT INTO `oh_grouppermission` VALUES (196,'guest',115,'1',NULL,NULL,NULL,NULL);
INSERT INTO `oh_grouppermission` VALUES (197,'guest',116,'1',NULL,NULL,NULL,NULL);
INSERT INTO `oh_grouppermission` VALUES (198,'guest',117,'1',NULL,NULL,NULL,NULL);
INSERT INTO `oh_grouppermission` VALUES (199,'guest',120,'1',NULL,NULL,NULL,NULL);
INSERT INTO `oh_grouppermission` VALUES (200,'guest',121,'1',NULL,NULL,NULL,NULL);
INSERT INTO `oh_grouppermission` VALUES (201,'guest',124,'1',NULL,NULL,NULL,NULL);
INSERT INTO `oh_grouppermission` VALUES (202,'guest',128,'1',NULL,NULL,NULL,NULL);
INSERT INTO `oh_grouppermission` VALUES (203,'guest',132,'1',NULL,NULL,NULL,NULL);
INSERT INTO `oh_grouppermission` VALUES (204,'guest',136,'1',NULL,NULL,NULL,NULL);
INSERT INTO `oh_grouppermission` VALUES (205,'guest',140,'1',NULL,NULL,NULL,NULL);
INSERT INTO `oh_grouppermission` VALUES (206,'guest',144,'1',NULL,NULL,NULL,NULL);
INSERT INTO `oh_grouppermission` VALUES (207,'guest',148,'1',NULL,NULL,NULL,NULL);
INSERT INTO `oh_grouppermission` VALUES (208,'guest',152,'1',NULL,NULL,NULL,NULL);
INSERT INTO `oh_grouppermission` VALUES (209,'guest',156,'1',NULL,NULL,NULL,NULL);
INSERT INTO `oh_grouppermission` VALUES (210,'guest',160,'1',NULL,NULL,NULL,NULL);
INSERT INTO `oh_grouppermission` VALUES (211,'guest',163,'1',NULL,NULL,NULL,NULL);
INSERT INTO `oh_grouppermission` VALUES (212,'guest',164,'1',NULL,NULL,NULL,NULL);
INSERT INTO `oh_grouppermission` VALUES (213,'guest',165,'1',NULL,NULL,NULL,NULL);
INSERT INTO `oh_grouppermission` VALUES (214,'guest',166,'1',NULL,NULL,NULL,NULL);
INSERT INTO `oh_grouppermission` VALUES (215,'doctor',1,'1',NULL,NULL,NULL,NULL);
INSERT INTO `oh_grouppermission` VALUES (216,'doctor',2,'1',NULL,NULL,NULL,NULL);
INSERT INTO `oh_grouppermission` VALUES (217,'doctor',3,'1',NULL,NULL,NULL,NULL);
INSERT INTO `oh_grouppermission` VALUES (218,'doctor',4,'1',NULL,NULL,NULL,NULL);
INSERT INTO `oh_grouppermission` VALUES (219,'doctor',6,'1',NULL,NULL,NULL,NULL);
INSERT INTO `oh_grouppermission` VALUES (220,'doctor',9,'1',NULL,NULL,NULL,NULL);
INSERT INTO `oh_grouppermission` VALUES (221,'doctor',12,'1',NULL,NULL,NULL,NULL);
INSERT INTO `oh_grouppermission` VALUES (222,'doctor',16,'1',NULL,NULL,NULL,NULL);
INSERT INTO `oh_grouppermission` VALUES (223,'doctor',20,'1',NULL,NULL,NULL,NULL);
INSERT INTO `oh_grouppermission` VALUES (224,'doctor',24,'1',NULL,NULL,NULL,NULL);
INSERT INTO `oh_grouppermission` VALUES (225,'doctor',28,'1',NULL,NULL,NULL,NULL);
INSERT INTO `oh_grouppermission` VALUES (226,'doctor',32,'1',NULL,NULL,NULL,NULL);
INSERT INTO `oh_grouppermission` VALUES (227,'doctor',35,'1',NULL,NULL,NULL,NULL);
INSERT INTO `oh_grouppermission` VALUES (228,'doctor',36,'1',NULL,NULL,NULL,NULL);
INSERT INTO `oh_grouppermission` VALUES (229,'doctor',39,'1',NULL,NULL,NULL,NULL);
INSERT INTO `oh_grouppermission` VALUES (230,'doctor',40,'1',NULL,NULL,NULL,NULL);
INSERT INTO `oh_grouppermission` VALUES (231,'doctor',41,'1',NULL,NULL,NULL,NULL);
INSERT INTO `oh_grouppermission` VALUES (232,'doctor',42,'1',NULL,NULL,NULL,NULL);
INSERT INTO `oh_grouppermission` VALUES (233,'doctor',44,'1',NULL,NULL,NULL,NULL);
INSERT INTO `oh_grouppermission` VALUES (234,'doctor',48,'1',NULL,NULL,NULL,NULL);
INSERT INTO `oh_grouppermission` VALUES (235,'doctor',51,'1',NULL,NULL,NULL,NULL);
INSERT INTO `oh_grouppermission` VALUES (236,'doctor',52,'1',NULL,NULL,NULL,NULL);
INSERT INTO `oh_grouppermission` VALUES (237,'doctor',53,'1',NULL,NULL,NULL,NULL);
INSERT INTO `oh_grouppermission` VALUES (238,'doctor',54,'1',NULL,NULL,NULL,NULL);
INSERT INTO `oh_grouppermission` VALUES (239,'doctor',55,'1',NULL,NULL,NULL,NULL);
INSERT INTO `oh_grouppermission` VALUES (240,'doctor',56,'1',NULL,NULL,NULL,NULL);
INSERT INTO `oh_grouppermission` VALUES (241,'doctor',57,'1',NULL,NULL,NULL,NULL);
INSERT INTO `oh_grouppermission` VALUES (242,'doctor',58,'1',NULL,NULL,NULL,NULL);
INSERT INTO `oh_grouppermission` VALUES (243,'doctor',60,'1',NULL,NULL,NULL,NULL);
INSERT INTO `oh_grouppermission` VALUES (244,'doctor',64,'1',NULL,NULL,NULL,NULL);
INSERT INTO `oh_grouppermission` VALUES (245,'doctor',68,'1',NULL,NULL,NULL,NULL);
INSERT INTO `oh_grouppermission` VALUES (246,'doctor',72,'1',NULL,NULL,NULL,NULL);
INSERT INTO `oh_grouppermission` VALUES (247,'doctor',76,'1',NULL,NULL,NULL,NULL);
INSERT INTO `oh_grouppermission` VALUES (248,'doctor',79,'1',NULL,NULL,NULL,NULL);
INSERT INTO `oh_grouppermission` VALUES (249,'doctor',80,'1',NULL,NULL,NULL,NULL);
INSERT INTO `oh_grouppermission` VALUES (250,'doctor',81,'1',NULL,NULL,NULL,NULL);
INSERT INTO `oh_grouppermission` VALUES (251,'doctor',83,'1',NULL,NULL,NULL,NULL);
INSERT INTO `oh_grouppermission` VALUES (252,'doctor',84,'1',NULL,NULL,NULL,NULL);
INSERT INTO `oh_grouppermission` VALUES (253,'doctor',85,'1',NULL,NULL,NULL,NULL);
INSERT INTO `oh_grouppermission` VALUES (254,'doctor',88,'1',NULL,NULL,NULL,NULL);
INSERT INTO `oh_grouppermission` VALUES (255,'doctor',91,'1',NULL,NULL,NULL,NULL);
INSERT INTO `oh_grouppermission` VALUES (256,'doctor',92,'1',NULL,NULL,NULL,NULL);
INSERT INTO `oh_grouppermission` VALUES (257,'doctor',93,'1',NULL,NULL,NULL,NULL);
INSERT INTO `oh_grouppermission` VALUES (258,'doctor',95,'1',NULL,NULL,NULL,NULL);
INSERT INTO `oh_grouppermission` VALUES (259,'doctor',96,'1',NULL,NULL,NULL,NULL);
INSERT INTO `oh_grouppermission` VALUES (260,'doctor',97,'1',NULL,NULL,NULL,NULL);
INSERT INTO `oh_grouppermission` VALUES (261,'doctor',99,'1',NULL,NULL,NULL,NULL);
INSERT INTO `oh_grouppermission` VALUES (262,'doctor',100,'1',NULL,NULL,NULL,NULL);
INSERT INTO `oh_grouppermission` VALUES (263,'doctor',101,'1',NULL,NULL,NULL,NULL);
INSERT INTO `oh_grouppermission` VALUES (264,'doctor',102,'1',NULL,NULL,NULL,NULL);
INSERT INTO `oh_grouppermission` VALUES (265,'doctor',104,'1',NULL,NULL,NULL,NULL);
INSERT INTO `oh_grouppermission` VALUES (266,'doctor',108,'1',NULL,NULL,NULL,NULL);
INSERT INTO `oh_grouppermission` VALUES (269,'doctor',115,'1',NULL,NULL,NULL,NULL);
INSERT INTO `oh_grouppermission` VALUES (270,'doctor',116,'1',NULL,NULL,NULL,NULL);
INSERT INTO `oh_grouppermission` VALUES (271,'doctor',117,'1',NULL,NULL,NULL,NULL);
INSERT INTO `oh_grouppermission` VALUES (272,'doctor',120,'1',NULL,NULL,NULL,NULL);
INSERT INTO `oh_grouppermission` VALUES (273,'doctor',121,'1',NULL,NULL,NULL,NULL);
INSERT INTO `oh_grouppermission` VALUES (274,'doctor',124,'1',NULL,NULL,NULL,NULL);
INSERT INTO `oh_grouppermission` VALUES (275,'doctor',128,'1',NULL,NULL,NULL,NULL);
INSERT INTO `oh_grouppermission` VALUES (276,'doctor',132,'1',NULL,NULL,NULL,NULL);
INSERT INTO `oh_grouppermission` VALUES (277,'doctor',135,'1',NULL,NULL,NULL,NULL);
INSERT INTO `oh_grouppermission` VALUES (278,'doctor',136,'1',NULL,NULL,NULL,NULL);
INSERT INTO `oh_grouppermission` VALUES (279,'doctor',137,'1',NULL,NULL,NULL,NULL);
INSERT INTO `oh_grouppermission` VALUES (280,'doctor',138,'1',NULL,NULL,NULL,NULL);
INSERT INTO `oh_grouppermission` VALUES (281,'doctor',140,'1',NULL,NULL,NULL,NULL);
INSERT INTO `oh_grouppermission` VALUES (282,'doctor',143,'1',NULL,NULL,NULL,NULL);
INSERT INTO `oh_grouppermission` VALUES (283,'doctor',144,'1',NULL,NULL,NULL,NULL);
INSERT INTO `oh_grouppermission` VALUES (284,'doctor',145,'1',NULL,NULL,NULL,NULL);
INSERT INTO `oh_grouppermission` VALUES (285,'doctor',146,'1',NULL,NULL,NULL,NULL);
INSERT INTO `oh_grouppermission` VALUES (286,'doctor',148,'1',NULL,NULL,NULL,NULL);
INSERT INTO `oh_grouppermission` VALUES (287,'doctor',152,'1',NULL,NULL,NULL,NULL);
INSERT INTO `oh_grouppermission` VALUES (288,'doctor',155,'1',NULL,NULL,NULL,NULL);
INSERT INTO `oh_grouppermission` VALUES (289,'doctor',156,'1',NULL,NULL,NULL,NULL);
INSERT INTO `oh_grouppermission` VALUES (290,'doctor',157,'1',NULL,NULL,NULL,NULL);
INSERT INTO `oh_grouppermission` VALUES (291,'doctor',158,'1',NULL,NULL,NULL,NULL);
INSERT INTO `oh_grouppermission` VALUES (292,'doctor',160,'1',NULL,NULL,NULL,NULL);
INSERT INTO `oh_grouppermission` VALUES (293,'doctor',163,'1',NULL,NULL,NULL,NULL);
INSERT INTO `oh_grouppermission` VALUES (294,'doctor',165,'1',NULL,NULL,NULL,NULL);
INSERT INTO `oh_grouppermission` VALUES (295,'doctor',166,'1',NULL,NULL,NULL,NULL);
INSERT INTO `oh_grouppermission` VALUES (296,'laboratorist',32,'1',NULL,NULL,NULL,NULL);
INSERT INTO `oh_grouppermission` VALUES (297,'laboratorist',36,'1',NULL,NULL,NULL,NULL);
INSERT INTO `oh_grouppermission` VALUES (298,'laboratorist',44,'1',NULL,NULL,NULL,NULL);
INSERT INTO `oh_grouppermission` VALUES (299,'laboratorist',51,'1',NULL,NULL,NULL,NULL);
INSERT INTO `oh_grouppermission` VALUES (300,'laboratorist',52,'1',NULL,NULL,NULL,NULL);
INSERT INTO `oh_grouppermission` VALUES (301,'laboratorist',53,'1',NULL,NULL,NULL,NULL);
INSERT INTO `oh_grouppermission` VALUES (302,'laboratorist',54,'1',NULL,NULL,NULL,NULL);
INSERT INTO `oh_grouppermission` VALUES (305,'laboratorist',115,'1',NULL,NULL,NULL,NULL);
INSERT INTO `oh_grouppermission` VALUES (306,'laboratorist',116,'1',NULL,NULL,NULL,NULL);
INSERT INTO `oh_grouppermission` VALUES (307,'laboratorist',117,'1',NULL,NULL,NULL,NULL);
INSERT INTO `oh_grouppermission` VALUES (308,'laboratorist',132,'1',NULL,NULL,NULL,NULL);
INSERT INTO `oh_grouppermission` VALUES (309,'laboratorist',156,'1',NULL,NULL,NULL,NULL);
INSERT INTO `oh_grouppermission` VALUES (310,'laboratorist',163,'1',NULL,NULL,NULL,NULL);
INSERT INTO `oh_grouppermission` VALUES (311,'laboratorist',164,'1',NULL,NULL,NULL,NULL);
INSERT INTO `oh_grouppermission` VALUES (312,'admin',167,'1',NULL,NULL,NULL,NULL);
INSERT INTO `oh_grouppermission` VALUES (313,'admin',168,'1',NULL,NULL,NULL,NULL);
INSERT INTO `oh_grouppermission` VALUES (314,'admin',169,'1',NULL,NULL,NULL,NULL);
INSERT INTO `oh_grouppermission` VALUES (315,'admin',170,'1',NULL,NULL,NULL,NULL);
INSERT INTO `oh_grouppermission` VALUES (316,'admin',171,'1',NULL,NULL,NULL,NULL);
INSERT INTO `oh_grouppermission` VALUES (317,'laboratorist',96,'1',NULL,NULL,NULL,NULL);
/*!40000 ALTER TABLE `oh_grouppermission` ENABLE KEYS */;
UNLOCK TABLES;

--
-- Table structure for table `oh_help`
--

DROP TABLE IF EXISTS `oh_help`;
/*!40101 SET @saved_cs_client     = @@character_set_client */;
/*!40101 SET character_set_client = utf8mb4 */;
CREATE TABLE `oh_help` (
  `HL_ID` int(11) NOT NULL AUTO_INCREMENT,
  `HL_MASK` int(11) NOT NULL,
  `HL_FIELD` int(11) NOT NULL,
  `HL_LANG` char(2) DEFAULT NULL,
  `HL_MSG` varchar(255) DEFAULT NULL,
  PRIMARY KEY (`HL_ID`)
) ENGINE=InnoDB DEFAULT CHARSET=utf8mb3 COLLATE=utf8mb3_general_ci;
/*!40101 SET character_set_client = @saved_cs_client */;

--
-- Dumping data for table `oh_help`
--

LOCK TABLES `oh_help` WRITE;
/*!40000 ALTER TABLE `oh_help` DISABLE KEYS */;
/*!40000 ALTER TABLE `oh_help` ENABLE KEYS */;
UNLOCK TABLES;

--
-- Table structure for table `oh_hospital`
--

DROP TABLE IF EXISTS `oh_hospital`;
/*!40101 SET @saved_cs_client     = @@character_set_client */;
/*!40101 SET character_set_client = utf8mb4 */;
CREATE TABLE `oh_hospital` (
  `HOS_ID_A` varchar(10) NOT NULL,
  `HOS_NAME` varchar(255) NOT NULL,
  `HOS_ADDR` varchar(255) NOT NULL,
  `HOS_CITY` varchar(255) NOT NULL,
  `HOS_TELE` varchar(50) DEFAULT NULL,
  `HOS_FAX` varchar(50) DEFAULT NULL,
  `HOS_EMAIL` varchar(50) DEFAULT NULL,
  `HOS_CURR_COD` varchar(3) DEFAULT NULL,
  `HOS_VISIT_START` time NOT NULL DEFAULT '06:30:00',
  `HOS_VISIT_END` time NOT NULL DEFAULT '20:00:00',
  `HOS_VISIT_INCREMENT` int(11) NOT NULL DEFAULT 15,
  `HOS_VISIT_DURATION` int(11) NOT NULL DEFAULT 30,
  `HOS_LOCK` int(11) NOT NULL DEFAULT 0,
  `HOS_CREATED_BY` varchar(50) DEFAULT NULL,
  `HOS_CREATED_DATE` datetime DEFAULT NULL,
  `HOS_LAST_MODIFIED_BY` varchar(50) DEFAULT NULL,
  `HOS_LAST_MODIFIED_DATE` datetime DEFAULT NULL,
  `HOS_ACTIVE` tinyint(1) NOT NULL DEFAULT 1,
  PRIMARY KEY (`HOS_ID_A`),
  KEY `FK_HOSPITAL_CREATED_BY_IDX` (`HOS_CREATED_BY`),
  KEY `FK_HOSPITAL_LAST_MODIFIED_BY_IDX` (`HOS_LAST_MODIFIED_BY`),
  CONSTRAINT `FK_HOSPITAL_CREATED_BY` FOREIGN KEY (`HOS_CREATED_BY`) REFERENCES `oh_user` (`US_ID_A`) ON DELETE NO ACTION ON UPDATE NO ACTION,
  CONSTRAINT `FK_HOSPITAL_LAST_MODIFIED_BY` FOREIGN KEY (`HOS_LAST_MODIFIED_BY`) REFERENCES `oh_user` (`US_ID_A`) ON DELETE NO ACTION ON UPDATE NO ACTION
) ENGINE=InnoDB DEFAULT CHARSET=utf8mb3 COLLATE=utf8mb3_general_ci;
/*!40101 SET character_set_client = @saved_cs_client */;

--
-- Dumping data for table `oh_hospital`
--

LOCK TABLES `oh_hospital` WRITE;
/*!40000 ALTER TABLE `oh_hospital` DISABLE KEYS */;
INSERT INTO `oh_hospital` VALUES ('STLUKE','St. Luke HOSPITAL - Angal','P.O. BOX 85 - NEBBI','ANGAL','+256 0472621076','+256 0','angal@ucmb.ug.co.','UGX','06:30:00','20:00:00',15,30,1,NULL,NULL,'admin','2022-11-19 02:08:10',1);
/*!40000 ALTER TABLE `oh_hospital` ENABLE KEYS */;
UNLOCK TABLES;

--
-- Table structure for table `oh_laboratory`
--

DROP TABLE IF EXISTS `oh_laboratory`;
/*!40101 SET @saved_cs_client     = @@character_set_client */;
/*!40101 SET character_set_client = utf8mb4 */;
CREATE TABLE `oh_laboratory` (
  `LAB_ID` int(11) NOT NULL AUTO_INCREMENT,
  `LAB_EXA_ID_A` varchar(10) NOT NULL,
  `LAB_DATE` datetime NOT NULL,
  `LAB_RES` varchar(50) NOT NULL,
  `LAB_NOTE` varchar(255) DEFAULT NULL,
  `LAB_PAT_ID` int(11) DEFAULT NULL,
  `LAB_PAT_NAME` varchar(100) DEFAULT NULL,
  `LAB_CROSS1` int(11) DEFAULT NULL,
  `LAB_CROSS2` int(11) DEFAULT NULL,
  `LAB_CROSS3` int(11) DEFAULT NULL,
  `LAB_CROSS4` int(11) DEFAULT NULL,
  `LAB_CROSS5` int(11) DEFAULT NULL,
  `LAB_CROSS6` int(11) DEFAULT NULL,
  `LAB_CROSS7` int(11) DEFAULT NULL,
  `LAB_CROSS8` int(11) DEFAULT NULL,
  `LAB_CROSS9` int(11) DEFAULT NULL,
  `LAB_CROSS10` int(11) DEFAULT NULL,
  `LAB_CROSS11` int(11) DEFAULT NULL,
  `LAB_CROSS12` int(11) DEFAULT NULL,
  `LAB_CROSS13` int(11) DEFAULT NULL,
  `LAB_LOCK` int(11) NOT NULL DEFAULT 0,
  `LAB_AGE` int(11) DEFAULT NULL,
  `LAB_SEX` char(1) DEFAULT NULL,
  `LAB_MATERIAL` varchar(25) DEFAULT NULL,
  `LAB_PAT_INOUT` char(1) DEFAULT NULL,
  `LAB_CREATED_BY` varchar(50) DEFAULT NULL,
  `LAB_CREATED_DATE` datetime DEFAULT NULL,
  `LAB_LAST_MODIFIED_BY` varchar(50) DEFAULT NULL,
  `LAB_LAST_MODIFIED_DATE` datetime DEFAULT NULL,
  `LAB_ACTIVE` tinyint(1) NOT NULL DEFAULT 1,
  `LAB_STATUS` varchar(7) DEFAULT 'draft',
  PRIMARY KEY (`LAB_ID`),
  KEY `FK_LABORATORY_EXAM` (`LAB_EXA_ID_A`),
  KEY `FK_LABORATORY_PATIENT` (`LAB_PAT_ID`),
  KEY `FK_LABORATORY_CREATED_BY_IDX` (`LAB_CREATED_BY`),
  KEY `FK_LABORATORY_LAST_MODIFIED_BY_IDX` (`LAB_LAST_MODIFIED_BY`),
  CONSTRAINT `FK_LABORATORY_CREATED_BY` FOREIGN KEY (`LAB_CREATED_BY`) REFERENCES `oh_user` (`US_ID_A`) ON DELETE NO ACTION ON UPDATE NO ACTION,
  CONSTRAINT `FK_LABORATORY_EXAM` FOREIGN KEY (`LAB_EXA_ID_A`) REFERENCES `oh_exam` (`EXA_ID_A`) ON DELETE NO ACTION ON UPDATE NO ACTION,
  CONSTRAINT `FK_LABORATORY_LAST_MODIFIED_BY` FOREIGN KEY (`LAB_LAST_MODIFIED_BY`) REFERENCES `oh_user` (`US_ID_A`) ON DELETE NO ACTION ON UPDATE NO ACTION,
  CONSTRAINT `FK_LABORATORY_PATIENT` FOREIGN KEY (`LAB_PAT_ID`) REFERENCES `oh_patient` (`PAT_ID`) ON DELETE CASCADE ON UPDATE CASCADE
) ENGINE=InnoDB AUTO_INCREMENT=350 DEFAULT CHARSET=utf8mb3 COLLATE=utf8mb3_general_ci;
/*!40101 SET character_set_client = @saved_cs_client */;

--
-- Dumping data for table `oh_laboratory`
--

LOCK TABLES `oh_laboratory` WRITE;
/*!40000 ALTER TABLE `oh_laboratory` DISABLE KEYS */;
INSERT INTO `oh_laboratory` VALUES (15,'03.01','2022-11-02 00:50:40','NEGATIVE','',364,'Georgette Tsuji',NULL,NULL,NULL,NULL,NULL,NULL,NULL,NULL,NULL,NULL,NULL,NULL,NULL,1,20,'F','undefined','I','admin','2022-11-02 00:50:40','admin','2022-11-21 00:50:40',1,'done');
INSERT INTO `oh_laboratory` VALUES (16,'01.02','2022-11-02 00:49:12','> 7000 (HIGH)','',336,'Emery Moreles',NULL,NULL,NULL,NULL,NULL,NULL,NULL,NULL,NULL,NULL,NULL,NULL,NULL,1,38,'M','undefined','O','admin','2022-11-02 00:49:12','admin','2022-11-21 00:49:12',1,'done');
INSERT INTO `oh_laboratory` VALUES (17,'URI','2022-11-02 00:50:14','Multiple results','',182,'Tod Baldonado',NULL,NULL,NULL,NULL,NULL,NULL,NULL,NULL,NULL,NULL,NULL,NULL,NULL,1,15,'M','undefined','I','admin','2022-11-02 00:50:14','admin','2022-11-21 00:50:14',1,'done');
INSERT INTO `oh_laboratory` VALUES (18,'03.01','2022-11-02 00:37:32','FEW','4months old',341,'Keneth Bryden',NULL,NULL,NULL,NULL,NULL,NULL,NULL,NULL,NULL,NULL,NULL,NULL,NULL,1,2,'M','undefined','I','admin','2022-11-02 00:37:32','admin','2022-11-21 00:37:32',1,'done');
INSERT INTO `oh_laboratory` VALUES (19,'03.01','2022-11-02 00:42:33','FEW','6months 0ld',404,'Genevie Stermer',NULL,NULL,NULL,NULL,NULL,NULL,NULL,NULL,NULL,NULL,NULL,NULL,NULL,1,2,'F','undefined','I','admin','2022-11-02 00:42:33','admin','2022-11-21 00:42:33',1,'done');
INSERT INTO `oh_laboratory` VALUES (20,'03.022','2022-11-02 00:49:08','NEGATIVE','',348,'Carlo Meche',NULL,NULL,NULL,NULL,NULL,NULL,NULL,NULL,NULL,NULL,NULL,NULL,NULL,1,42,'F','undefined','I','admin','2022-11-02 00:49:08','admin','2022-11-21 00:49:08',1,'done');
INSERT INTO `oh_laboratory` VALUES (21,'03.01','2022-11-02 00:49:53','NEGATIVE','',215,'Mickie Farquhar',NULL,NULL,NULL,NULL,NULL,NULL,NULL,NULL,NULL,NULL,NULL,NULL,NULL,1,41,'M','undefined','I','admin','2022-11-02 00:49:53','admin','2022-11-21 00:49:53',1,'done');
INSERT INTO `oh_laboratory` VALUES (22,'01.02','2022-11-02 00:46:05','> 7000 (HIGH)','',317,'Isaiah Isabelle',NULL,NULL,NULL,NULL,NULL,NULL,NULL,NULL,NULL,NULL,NULL,NULL,NULL,1,74,'M','undefined','O','admin','2022-11-02 00:46:05','admin','2022-11-21 00:46:05',1,'done');
INSERT INTO `oh_laboratory` VALUES (23,'03.01','2022-11-02 00:46:30','NEGATIVE','',204,'Curt Nowak',NULL,NULL,NULL,NULL,NULL,NULL,NULL,NULL,NULL,NULL,NULL,NULL,NULL,1,84,'F','undefined','I','admin','2022-11-02 00:46:30','admin','2022-11-21 00:46:30',1,'done');
INSERT INTO `oh_laboratory` VALUES (24,'03.01','2022-11-02 00:43:17','NEGATIVE','',226,'Chance Hemsley',NULL,NULL,NULL,NULL,NULL,NULL,NULL,NULL,NULL,NULL,NULL,NULL,NULL,1,4,'M','undefined','I','admin','2022-11-02 00:43:17','admin','2022-11-21 00:43:17',1,'done');
INSERT INTO `oh_laboratory` VALUES (25,'03.01','2022-11-02 00:42:38','+++','',393,'Hortense Saucedo',NULL,NULL,NULL,NULL,NULL,NULL,NULL,NULL,NULL,NULL,NULL,NULL,NULL,1,43,'F','undefined','I','admin','2022-11-02 00:42:38','admin','2022-11-21 00:42:38',1,'done');
INSERT INTO `oh_laboratory` VALUES (26,'03.01','2022-11-02 00:43:42','NEGATIVE','',426,'Lemmer Chance',NULL,NULL,NULL,NULL,NULL,NULL,NULL,NULL,NULL,NULL,NULL,NULL,NULL,1,4,'M','undefined','I','admin','2022-11-02 00:43:42','admin','2022-11-21 00:43:42',1,'done');
INSERT INTO `oh_laboratory` VALUES (27,'03.01','2022-11-02 00:46:20','+','',262,'Dean Criger',NULL,NULL,NULL,NULL,NULL,NULL,NULL,NULL,NULL,NULL,NULL,NULL,NULL,1,5,'M','undefined','I','admin','2022-11-02 00:46:20','admin','2022-11-21 00:46:20',1,'done');
INSERT INTO `oh_laboratory` VALUES (28,'03.01','2022-11-02 00:37:36','++','',384,'Astrid Kreiger',NULL,NULL,NULL,NULL,NULL,NULL,NULL,NULL,NULL,NULL,NULL,NULL,NULL,1,21,'F','undefined','I','admin','2022-11-02 00:37:36','admin','2022-11-21 00:37:36',1,'done');
INSERT INTO `oh_laboratory` VALUES (29,'03.01','2022-11-02 00:45:13','+++','',239,'Marylyn Reynold',NULL,NULL,NULL,NULL,NULL,NULL,NULL,NULL,NULL,NULL,NULL,NULL,NULL,1,11,'M','undefined','I','admin','2022-11-02 00:45:13','admin','2022-11-21 00:45:13',1,'done');
INSERT INTO `oh_laboratory` VALUES (30,'URI','2022-11-02 00:45:23','Multiple results','',149,'Glenda Selley',NULL,NULL,NULL,NULL,NULL,NULL,NULL,NULL,NULL,NULL,NULL,NULL,NULL,1,52,'M','undefined','O','admin','2022-11-02 00:45:23','admin','2022-11-21 00:45:23',1,'done');
INSERT INTO `oh_laboratory` VALUES (31,'01.01','2022-11-02 00:44:41','< 6','',347,'Jere Hutcheson',NULL,NULL,NULL,NULL,NULL,NULL,NULL,NULL,NULL,NULL,NULL,NULL,NULL,1,42,'F','undefined','I','admin','2022-11-02 00:44:41','admin','2022-11-21 00:44:41',1,'done');
INSERT INTO `oh_laboratory` VALUES (32,'02.01','2022-11-02 00:43:12','O RH+','',290,'Kenna Joesph',NULL,NULL,NULL,NULL,NULL,NULL,NULL,NULL,NULL,NULL,NULL,NULL,NULL,1,63,'M','undefined','O','admin','2022-11-02 00:43:12','admin','2022-11-21 00:43:12',1,'done');
INSERT INTO `oh_laboratory` VALUES (33,'URI','2022-11-02 00:42:03','Multiple results','',42,'Geremy Anthon',NULL,NULL,NULL,NULL,NULL,NULL,NULL,NULL,NULL,NULL,NULL,NULL,NULL,1,36,'M','undefined','O','admin','2022-11-02 00:42:03','admin','2022-11-21 00:42:03',1,'done');
INSERT INTO `oh_laboratory` VALUES (34,'01.02','2022-11-02 00:43:02','4000 - 7000 (NORMAL)','',326,'Nathanael Raborn',NULL,NULL,NULL,NULL,NULL,NULL,NULL,NULL,NULL,NULL,NULL,NULL,NULL,1,38,'M','undefined','O','admin','2022-11-02 00:43:02','admin','2022-11-21 00:43:02',1,'done');
INSERT INTO `oh_laboratory` VALUES (35,'03.01','2022-11-02 00:37:40','+','6 month old',242,'Ferdinand Bumpers',NULL,NULL,NULL,NULL,NULL,NULL,NULL,NULL,NULL,NULL,NULL,NULL,NULL,1,8,'M','undefined','I','admin','2022-11-02 00:37:40','admin','2022-11-21 00:37:40',1,'done');
INSERT INTO `oh_laboratory` VALUES (36,'03.01','2022-11-02 00:37:28','++','9months old',284,'Denita Allard',NULL,NULL,NULL,NULL,NULL,NULL,NULL,NULL,NULL,NULL,NULL,NULL,NULL,1,2,'M','undefined','I','admin','2022-11-02 00:37:28','admin','2022-11-21 00:37:28',1,'done');
INSERT INTO `oh_laboratory` VALUES (37,'03.01','2022-11-02 00:42:48','NEGATIVE','',228,'Jaqueline Davila',NULL,NULL,NULL,NULL,NULL,NULL,NULL,NULL,NULL,NULL,NULL,NULL,NULL,1,3,'F','undefined','I','admin','2022-11-02 00:42:48','admin','2022-11-21 00:42:48',1,'done');
INSERT INTO `oh_laboratory` VALUES (38,'03.01','2022-11-02 00:43:33','+','',326,'Nathanael Raborn',NULL,NULL,NULL,NULL,NULL,NULL,NULL,NULL,NULL,NULL,NULL,NULL,NULL,1,38,'M','undefined','O','admin','2022-11-02 00:43:33','admin','2022-11-21 00:43:33',1,'done');
INSERT INTO `oh_laboratory` VALUES (39,'03.01','2022-11-02 00:42:57','FEW','',314,'Shon Dark',NULL,NULL,NULL,NULL,NULL,NULL,NULL,NULL,NULL,NULL,NULL,NULL,NULL,1,43,'M','undefined','O','admin','2022-11-02 00:42:57','admin','2022-11-21 00:42:57',1,'done');
INSERT INTO `oh_laboratory` VALUES (40,'03.01','2022-11-02 00:45:40','+','',338,'Raul Koski',NULL,NULL,NULL,NULL,NULL,NULL,NULL,NULL,NULL,NULL,NULL,NULL,NULL,1,35,'M','undefined','O','admin','2022-11-02 00:45:40','admin','2022-11-21 00:45:40',1,'done');
INSERT INTO `oh_laboratory` VALUES (41,'01.01','2022-11-02 00:42:08','6 - 12','2 Years and 4 Months',265,'Mable Keefe',NULL,NULL,NULL,NULL,NULL,NULL,NULL,NULL,NULL,NULL,NULL,NULL,NULL,1,4,'F','undefined','I','admin','2022-11-02 00:42:08','admin','2022-11-21 00:42:08',1,'done');
INSERT INTO `oh_laboratory` VALUES (42,'01.01','2022-11-02 00:43:48','< 6','',222,'Hans Judd',NULL,NULL,NULL,NULL,NULL,NULL,NULL,NULL,NULL,NULL,NULL,NULL,NULL,1,35,'M','undefined','I','admin','2022-11-02 00:43:48','admin','2022-11-21 00:43:48',1,'done');
INSERT INTO `oh_laboratory` VALUES (43,'02.01','2022-11-02 00:44:26','O RH+','',306,'Ahmad Nantz',NULL,NULL,NULL,NULL,NULL,NULL,NULL,NULL,NULL,NULL,NULL,NULL,NULL,1,30,'M','undefined','O','admin','2022-11-02 00:44:26','admin','2022-11-21 00:44:26',1,'done');
INSERT INTO `oh_laboratory` VALUES (44,'03.01','2022-11-02 00:37:45','++','',206,'Fredrick Marsden',NULL,NULL,NULL,NULL,NULL,NULL,NULL,NULL,NULL,NULL,NULL,NULL,NULL,1,41,'F','undefined','I','admin','2022-11-02 00:37:45','admin','2022-11-21 00:37:45',1,'done');
INSERT INTO `oh_laboratory` VALUES (45,'03.01','2022-11-02 00:44:04','NEGATIVE','',218,'Jenni Kinlaw',NULL,NULL,NULL,NULL,NULL,NULL,NULL,NULL,NULL,NULL,NULL,NULL,NULL,1,46,'M','undefined','I','admin','2022-11-02 00:44:04','admin','2022-11-21 00:44:04',1,'done');
INSERT INTO `oh_laboratory` VALUES (46,'01.01','2022-11-02 00:44:58','< 6','',249,'Renna Konieczny',NULL,NULL,NULL,NULL,NULL,NULL,NULL,NULL,NULL,NULL,NULL,NULL,NULL,1,2,'M','undefined','I','admin','2022-11-02 00:44:58','admin','2022-11-21 00:44:58',1,'done');
INSERT INTO `oh_laboratory` VALUES (47,'03.01','2022-11-02 00:43:22','+','',216,'Ellie Jen',NULL,NULL,NULL,NULL,NULL,NULL,NULL,NULL,NULL,NULL,NULL,NULL,NULL,1,37,'M','undefined','I','admin','2022-11-02 00:43:22','admin','2022-11-21 00:43:22',1,'done');
INSERT INTO `oh_laboratory` VALUES (48,'02.01','2022-11-02 00:42:43','A RH+','',437,'Hagwood Velma',NULL,NULL,NULL,NULL,NULL,NULL,NULL,NULL,NULL,NULL,NULL,NULL,NULL,1,9,'F','undefined','I','admin','2022-11-02 00:42:43','admin','2022-11-21 00:42:43',1,'done');
INSERT INTO `oh_laboratory` VALUES (49,'03.01','2022-11-02 00:42:14','NEGATIVE','',226,'Chance Hemsley',NULL,NULL,NULL,NULL,NULL,NULL,NULL,NULL,NULL,NULL,NULL,NULL,NULL,1,4,'M','undefined','I','admin','2022-11-02 00:42:14','admin','2022-11-21 00:42:14',1,'done');
INSERT INTO `oh_laboratory` VALUES (50,'URI','2022-11-02 00:37:50','Multiple results','',44,'Ossie Chick',NULL,NULL,NULL,NULL,NULL,NULL,NULL,NULL,NULL,NULL,NULL,NULL,NULL,1,60,'M','undefined','I','admin','2022-11-02 00:37:50','admin','2022-11-21 00:37:50',1,'done');
INSERT INTO `oh_laboratory` VALUES (51,'01.01','2022-11-02 00:42:53','< 6','Five months',507,'Westermann Fred',NULL,NULL,NULL,NULL,NULL,NULL,NULL,NULL,NULL,NULL,NULL,NULL,NULL,1,23,'M','undefined','O','admin','2022-11-02 00:42:53','admin','2022-11-21 00:42:53',1,'done');
INSERT INTO `oh_laboratory` VALUES (52,'03.01','2022-11-02 00:50:03','NEGATIVE','',147,'Norah Audia',NULL,NULL,NULL,NULL,NULL,NULL,NULL,NULL,NULL,NULL,NULL,NULL,NULL,1,41,'M','undefined','O','admin','2022-11-02 00:50:03','admin','2022-11-21 00:50:03',1,'done');
INSERT INTO `oh_laboratory` VALUES (53,'URI','2022-11-02 00:38:00','Multiple results','',66,'Trudie Liller',NULL,NULL,NULL,NULL,NULL,NULL,NULL,NULL,NULL,NULL,NULL,NULL,NULL,1,47,'M','undefined','I','admin','2022-11-02 00:38:00','admin','2022-11-21 00:38:00',1,'done');
INSERT INTO `oh_laboratory` VALUES (54,'03.01','2022-11-02 00:43:08','NEGATIVE','',55,'Julietta Eslinger',NULL,NULL,NULL,NULL,NULL,NULL,NULL,NULL,NULL,NULL,NULL,NULL,NULL,1,31,'M','undefined','O','admin','2022-11-02 00:43:08','admin','2022-11-21 00:43:08',1,'done');
INSERT INTO `oh_laboratory` VALUES (55,'03.01','2022-11-02 00:43:38','NEGATIVE','',344,'Manual Rowse',NULL,NULL,NULL,NULL,NULL,NULL,NULL,NULL,NULL,NULL,NULL,NULL,NULL,1,45,'M','undefined','O','admin','2022-11-02 00:43:38','admin','2022-11-21 00:43:38',1,'done');
INSERT INTO `oh_laboratory` VALUES (56,'URI','2022-11-02 00:43:53','Multiple results','',239,'Marylyn Reynold',NULL,NULL,NULL,NULL,NULL,NULL,NULL,NULL,NULL,NULL,NULL,NULL,NULL,1,11,'M','undefined','I','admin','2022-11-02 00:43:53','admin','2022-11-21 00:43:53',1,'done');
INSERT INTO `oh_laboratory` VALUES (57,'03.01','2022-11-02 00:47:02','NEGATIVE','',348,'Carlo Meche',NULL,NULL,NULL,NULL,NULL,NULL,NULL,NULL,NULL,NULL,NULL,NULL,NULL,1,42,'F','undefined','I','admin','2022-11-02 00:47:02','admin','2022-11-21 00:47:02',1,'done');
INSERT INTO `oh_laboratory` VALUES (58,'01.02','2022-11-02 00:45:58','4000 - 7000 (NORMAL)','',222,'Hans Judd',NULL,NULL,NULL,NULL,NULL,NULL,NULL,NULL,NULL,NULL,NULL,NULL,NULL,1,35,'M','undefined','I','admin','2022-11-02 00:45:58','admin','2022-11-21 00:45:58',1,'done');
INSERT INTO `oh_laboratory` VALUES (59,'03.01','2022-11-02 00:44:52','FEW','',418,'Basil Berta',NULL,NULL,NULL,NULL,NULL,NULL,NULL,NULL,NULL,NULL,NULL,NULL,NULL,1,3,'F','undefined','I','admin','2022-11-02 00:44:52','admin','2022-11-21 00:44:52',1,'done');
INSERT INTO `oh_laboratory` VALUES (60,'01.01','2022-11-02 00:44:15','< 6','5months old',395,'Analisa Mccutchan',NULL,NULL,NULL,NULL,NULL,NULL,NULL,NULL,NULL,NULL,NULL,NULL,NULL,1,2,'F','undefined','I','admin','2022-11-02 00:44:15','admin','2022-11-21 00:44:15',1,'done');
INSERT INTO `oh_laboratory` VALUES (61,'01.02','2022-11-02 00:38:05','> 7000 (HIGH)','',46,'Zenaida Bardsley',NULL,NULL,NULL,NULL,NULL,NULL,NULL,NULL,NULL,NULL,NULL,NULL,NULL,1,52,'M','undefined','I','admin','2022-11-02 00:38:05','admin','2022-11-21 00:38:05',1,'done');
INSERT INTO `oh_laboratory` VALUES (63,'01.06','2022-11-02 00:43:28','NEGATIVE','',228,'Jaqueline Davila',NULL,NULL,NULL,NULL,NULL,NULL,NULL,NULL,NULL,NULL,NULL,NULL,NULL,1,3,'F','undefined','I','admin','2022-11-02 00:43:28','admin','2022-11-21 00:43:28',1,'done');
INSERT INTO `oh_laboratory` VALUES (64,'03.01','2022-11-02 00:44:31','NEGATIVE','',309,'Deangelo Necessary',NULL,NULL,NULL,NULL,NULL,NULL,NULL,NULL,NULL,NULL,NULL,NULL,NULL,1,49,'M','undefined','O','admin','2022-11-02 00:44:31','admin','2022-11-21 00:44:31',1,'done');
INSERT INTO `oh_laboratory` VALUES (65,'03.01','2022-11-02 00:46:16','NEGATIVE','',392,'Blanca Villanova',NULL,NULL,NULL,NULL,NULL,NULL,NULL,NULL,NULL,NULL,NULL,NULL,NULL,1,4,'M','undefined','I','admin','2022-11-02 00:46:16','admin','2022-11-21 00:46:16',1,'done');
INSERT INTO `oh_laboratory` VALUES (66,'03.01','2022-11-02 00:38:09','FEW','',67,'Tobias Dimaggio',NULL,NULL,NULL,NULL,NULL,NULL,NULL,NULL,NULL,NULL,NULL,NULL,NULL,1,30,'M','undefined','I','admin','2022-11-02 00:38:09','admin','2022-11-21 00:38:09',1,'done');
INSERT INTO `oh_laboratory` VALUES (67,'03.01','2022-11-02 00:44:00','NEGATIVE','',371,'Terrilyn Lara',NULL,NULL,NULL,NULL,NULL,NULL,NULL,NULL,NULL,NULL,NULL,NULL,NULL,1,32,'F','undefined','I','admin','2022-11-02 00:44:00','admin','2022-11-21 00:44:00',1,'done');
INSERT INTO `oh_laboratory` VALUES (68,'URI','2022-11-02 00:45:09','Multiple results','',206,'Fredrick Marsden',NULL,NULL,NULL,NULL,NULL,NULL,NULL,NULL,NULL,NULL,NULL,NULL,NULL,1,41,'F','undefined','I','admin','2022-11-02 00:45:09','admin','2022-11-21 00:45:09',1,'done');
INSERT INTO `oh_laboratory` VALUES (69,'03.01','2022-11-02 00:49:01','NEGATIVE','',130,'Otha Duer',NULL,NULL,NULL,NULL,NULL,NULL,NULL,NULL,NULL,NULL,NULL,NULL,NULL,1,27,'F','undefined','I','admin','2022-11-02 00:49:01','admin','2022-11-21 00:49:01',1,'done');
INSERT INTO `oh_laboratory` VALUES (70,'01.01','2022-11-02 00:42:25','6 - 12','',66,'Trudie Liller',NULL,NULL,NULL,NULL,NULL,NULL,NULL,NULL,NULL,NULL,NULL,NULL,NULL,1,47,'M','undefined','I','admin','2022-11-02 00:42:25','admin','2022-11-21 00:42:25',1,'done');
INSERT INTO `oh_laboratory` VALUES (71,'01.02','2022-11-02 00:44:10','4000 - 7000 (NORMAL)','',274,'Denise Mingo',NULL,NULL,NULL,NULL,NULL,NULL,NULL,NULL,NULL,NULL,NULL,NULL,NULL,1,61,'F','undefined','I','admin','2022-11-02 00:44:10','admin','2022-11-21 00:44:10',1,'done');
INSERT INTO `oh_laboratory` VALUES (72,'01.01','2022-11-02 00:44:21','< 6','Seven months',452,'Aja Agosto',NULL,NULL,NULL,NULL,NULL,NULL,NULL,NULL,NULL,NULL,NULL,NULL,NULL,1,2,'F','undefined','I','admin','2022-11-02 00:44:21','admin','2022-11-21 00:44:21',1,'done');
INSERT INTO `oh_laboratory` VALUES (73,'01.01','2022-11-02 00:38:20','6 - 12','',374,'Lavera Janusz',NULL,NULL,NULL,NULL,NULL,NULL,NULL,NULL,NULL,NULL,NULL,NULL,NULL,1,72,'F','undefined','I','admin','2022-11-02 00:38:20','admin','2022-11-21 00:38:20',1,'done');
INSERT INTO `oh_laboratory` VALUES (74,'01.02','2022-11-02 00:49:28','> 7000 (HIGH)','',217,'Anamaria Mcsherry',NULL,NULL,NULL,NULL,NULL,NULL,NULL,NULL,NULL,NULL,NULL,NULL,NULL,1,14,'M','undefined','I','admin','2022-11-02 00:49:28','admin','2022-11-21 00:49:28',1,'done');
INSERT INTO `oh_laboratory` VALUES (75,'URI','2022-11-02 00:45:17','Multiple results','',321,'Roscoe Jemison',NULL,NULL,NULL,NULL,NULL,NULL,NULL,NULL,NULL,NULL,NULL,NULL,NULL,1,68,'M','undefined','O','admin','2022-11-02 00:45:17','admin','2022-11-21 00:45:17',1,'done');
INSERT INTO `oh_laboratory` VALUES (76,'URI','2022-11-02 00:44:46','Multiple results','11months old',270,'Belle Cerny',NULL,NULL,NULL,NULL,NULL,NULL,NULL,NULL,NULL,NULL,NULL,NULL,NULL,1,2,'M','undefined','I','admin','2022-11-02 00:44:46','admin','2022-11-21 00:44:46',1,'done');
INSERT INTO `oh_laboratory` VALUES (77,'01.02','2022-11-02 00:45:32','4000 - 7000 (NORMAL)','',201,'Kelly Varien',NULL,NULL,NULL,NULL,NULL,NULL,NULL,NULL,NULL,NULL,NULL,NULL,NULL,1,70,'F','undefined','O','admin','2022-11-02 00:45:32','admin','2022-11-21 00:45:32',1,'done');
INSERT INTO `oh_laboratory` VALUES (78,'03.01','2022-11-02 00:45:45','NEGATIVE','',331,'Philip Raven',NULL,NULL,NULL,NULL,NULL,NULL,NULL,NULL,NULL,NULL,NULL,NULL,NULL,1,29,'M','undefined','O','admin','2022-11-02 00:45:45','admin','2022-11-21 00:45:45',1,'done');
INSERT INTO `oh_laboratory` VALUES (79,'01.02','2022-11-02 00:44:37','> 7000 (HIGH)','',337,'John Emberton',NULL,NULL,NULL,NULL,NULL,NULL,NULL,NULL,NULL,NULL,NULL,NULL,NULL,1,41,'M','undefined','O','admin','2022-11-02 00:44:37','admin','2022-11-21 00:44:37',1,'done');
INSERT INTO `oh_laboratory` VALUES (80,'07.02','2022-11-02 00:38:15','HIGH','',399,'Shannan Matias',NULL,NULL,NULL,NULL,NULL,NULL,NULL,NULL,NULL,NULL,NULL,NULL,NULL,1,69,'F','undefined','I','admin','2022-11-02 00:38:15','admin','2022-11-21 00:38:15',1,'done');
INSERT INTO `oh_laboratory` VALUES (81,'URI','2022-11-02 00:49:47','Multiple results','',427,'Knoblock Winston',NULL,NULL,NULL,NULL,NULL,NULL,NULL,NULL,NULL,NULL,NULL,NULL,NULL,1,3,'M','undefined','I','admin','2022-11-02 00:49:47','admin','2022-11-21 00:49:47',1,'done');
INSERT INTO `oh_laboratory` VALUES (82,'01.01','2022-11-02 00:39:09','6 - 12','9months old',284,'Denita Allard',NULL,NULL,NULL,NULL,NULL,NULL,NULL,NULL,NULL,NULL,NULL,NULL,NULL,1,2,'M','undefined','I','admin','2022-11-02 00:39:09','admin','2022-11-21 00:39:09',1,'done');
INSERT INTO `oh_laboratory` VALUES (83,'03.01','2022-11-02 00:41:02','++','',374,'Lavera Janusz',NULL,NULL,NULL,NULL,NULL,NULL,NULL,NULL,NULL,NULL,NULL,NULL,NULL,1,72,'F','undefined','I','admin','2022-11-02 00:41:02','admin','2022-11-21 00:41:02',1,'done');
INSERT INTO `oh_laboratory` VALUES (84,'07.02','2022-11-02 00:40:34','NORMAL','2 Years and 4 Months',265,'Mable Keefe',NULL,NULL,NULL,NULL,NULL,NULL,NULL,NULL,NULL,NULL,NULL,NULL,NULL,1,4,'F','undefined','I','admin','2022-11-02 00:40:34','admin','2022-11-21 00:40:34',1,'done');
INSERT INTO `oh_laboratory` VALUES (85,'03.01','2022-11-02 00:40:53','NEGATIVE','',294,'Keltner Josefina',NULL,NULL,NULL,NULL,NULL,NULL,NULL,NULL,NULL,NULL,NULL,NULL,NULL,1,32,'F','undefined','O','admin','2022-11-02 00:40:53','admin','2022-11-21 00:40:53',1,'done');
INSERT INTO `oh_laboratory` VALUES (86,'03.01','2022-11-02 00:40:18','+++','',437,'Hagwood Velma',NULL,NULL,NULL,NULL,NULL,NULL,NULL,NULL,NULL,NULL,NULL,NULL,NULL,1,9,'F','undefined','I','admin','2022-11-02 00:40:18','admin','2022-11-21 00:40:18',1,'done');
INSERT INTO `oh_laboratory` VALUES (87,'03.03','2022-11-02 00:39:41','Multiple results','6years and 8months',279,'Vernell Delnero',NULL,NULL,NULL,NULL,NULL,NULL,NULL,NULL,NULL,NULL,NULL,NULL,NULL,1,2,'F','undefined','I','admin','2022-11-02 00:39:41','admin','2022-11-21 00:39:41',1,'done');
INSERT INTO `oh_laboratory` VALUES (88,'03.03','2022-11-02 00:38:26','Multiple results','',348,'Carlo Meche',NULL,NULL,NULL,NULL,NULL,NULL,NULL,NULL,NULL,NULL,NULL,NULL,NULL,1,42,'F','undefined','I','admin','2022-11-02 00:38:26','admin','2022-11-21 00:38:26',1,'done');
INSERT INTO `oh_laboratory` VALUES (89,'03.03','2022-11-02 00:41:42','Multiple results','',335,'Branden Provenzano',NULL,NULL,NULL,NULL,NULL,NULL,NULL,NULL,NULL,NULL,NULL,NULL,NULL,1,77,'M','undefined','O','admin','2022-11-02 00:41:42','admin','2022-11-21 00:41:42',1,'done');
INSERT INTO `oh_laboratory` VALUES (90,'01.02','2022-11-02 00:40:44','4000 - 7000 (NORMAL)','',298,'Crystal Venessa',NULL,NULL,NULL,NULL,NULL,NULL,NULL,NULL,NULL,NULL,NULL,NULL,NULL,1,61,'F','undefined','O','admin','2022-11-02 00:40:44','admin','2022-11-21 00:40:44',1,'done');
INSERT INTO `oh_laboratory` VALUES (92,'03.01','2022-11-02 00:49:17','NEGATIVE','',222,'Hans Judd',NULL,NULL,NULL,NULL,NULL,NULL,NULL,NULL,NULL,NULL,NULL,NULL,NULL,1,35,'M','undefined','I','admin','2022-11-02 00:49:17','admin','2022-11-21 00:49:17',1,'done');
INSERT INTO `oh_laboratory` VALUES (94,'01.01','2022-11-02 00:39:35','< 6','',378,'Jayson Estep',NULL,NULL,NULL,NULL,NULL,NULL,NULL,NULL,NULL,NULL,NULL,NULL,NULL,1,31,'M','undefined','I','admin','2022-11-02 00:39:35','admin','2022-11-21 00:39:35',1,'done');
INSERT INTO `oh_laboratory` VALUES (95,'01.02','2022-11-02 00:46:11','> 7000 (HIGH)','',218,'Jenni Kinlaw',NULL,NULL,NULL,NULL,NULL,NULL,NULL,NULL,NULL,NULL,NULL,NULL,NULL,1,46,'M','undefined','I','admin','2022-11-02 00:46:11','admin','2022-11-21 00:46:11',1,'done');
INSERT INTO `oh_laboratory` VALUES (96,'03.01','2022-11-02 00:46:25','+','',408,'Fyock Ashley',NULL,NULL,NULL,NULL,NULL,NULL,NULL,NULL,NULL,NULL,NULL,NULL,NULL,1,49,'F','undefined','I','admin','2022-11-02 00:46:25','admin','2022-11-21 00:46:25',1,'done');
INSERT INTO `oh_laboratory` VALUES (97,'03.01','2022-11-02 00:39:14','++','',246,'Denna Fredrickson',NULL,NULL,NULL,NULL,NULL,NULL,NULL,NULL,NULL,NULL,NULL,NULL,NULL,1,13,'M','undefined','I','admin','2022-11-02 00:39:14','admin','2022-11-21 00:39:14',1,'done');
INSERT INTO `oh_laboratory` VALUES (98,'03.01','2022-11-02 00:41:11','FEW','7months with Maiaria.',473,'Roxane Taplin',NULL,NULL,NULL,NULL,NULL,NULL,NULL,NULL,NULL,NULL,NULL,NULL,NULL,1,4,'M','undefined','I','admin','2022-11-02 00:41:11','admin','2022-11-21 00:41:11',1,'done');
INSERT INTO `oh_laboratory` VALUES (99,'03.03','2022-11-02 00:38:33','Multiple results','',258,'Carmelina Rauch',NULL,NULL,NULL,NULL,NULL,NULL,NULL,NULL,NULL,NULL,NULL,NULL,NULL,1,7,'M','undefined','I','admin','2022-11-02 00:38:33','admin','2022-11-21 00:38:33',1,'done');
INSERT INTO `oh_laboratory` VALUES (100,'03.01','2022-11-02 00:34:45','++','',45,'Arden Pickford',NULL,NULL,NULL,NULL,NULL,NULL,NULL,NULL,NULL,NULL,NULL,NULL,NULL,1,52,'M','undefined','O','admin','2022-11-02 00:34:45','admin','2022-11-21 00:34:45',1,'done');
INSERT INTO `oh_laboratory` VALUES (101,'03.01','2022-11-02 00:40:13','NEGATIVE','',358,'Tania Maxton',NULL,NULL,NULL,NULL,NULL,NULL,NULL,NULL,NULL,NULL,NULL,NULL,NULL,1,18,'F','undefined','I','admin','2022-11-02 00:40:13','admin','2022-11-21 00:40:13',1,'done');
INSERT INTO `oh_laboratory` VALUES (102,'03.01','2022-11-02 00:40:48','NEGATIVE','',221,'Mervin Altom',NULL,NULL,NULL,NULL,NULL,NULL,NULL,NULL,NULL,NULL,NULL,NULL,NULL,1,35,'M','undefined','I','admin','2022-11-02 00:40:48','admin','2022-11-21 00:40:48',1,'done');
INSERT INTO `oh_laboratory` VALUES (103,'03.01','2022-11-02 00:38:55','NEGATIVE','1year and 10months',268,'Alexis Rinke',NULL,NULL,NULL,NULL,NULL,NULL,NULL,NULL,NULL,NULL,NULL,NULL,NULL,1,2,'F','undefined','I','admin','2022-11-02 00:38:55','admin','2022-11-21 00:38:55',1,'done');
INSERT INTO `oh_laboratory` VALUES (104,'01.02','2022-11-02 00:41:51','> 7000 (HIGH)','',172,'Eddy Rambin',NULL,NULL,NULL,NULL,NULL,NULL,NULL,NULL,NULL,NULL,NULL,NULL,NULL,1,24,'F','blood','I','admin','2022-11-02 00:41:51','admin','2022-11-21 00:41:51',1,'done');
INSERT INTO `oh_laboratory` VALUES (105,'02.02','2022-11-02 00:50:26','NEGATIVE','6months 0ld',404,'Genevie Stermer',NULL,NULL,NULL,NULL,NULL,NULL,NULL,NULL,NULL,NULL,NULL,NULL,NULL,1,2,'F','undefined','I','admin','2022-11-02 00:50:26','admin','2022-11-21 00:50:26',1,'done');
INSERT INTO `oh_laboratory` VALUES (106,'03.01','2022-11-02 00:39:20','NEGATIVE','',381,'Marna Linwood',NULL,NULL,NULL,NULL,NULL,NULL,NULL,NULL,NULL,NULL,NULL,NULL,NULL,1,24,'M','undefined','I','admin','2022-11-02 00:39:20','admin','2022-11-21 00:39:20',1,'done');
INSERT INTO `oh_laboratory` VALUES (107,'03.01','2022-11-02 00:39:46','+++','',472,'Tod Rodrigues',NULL,NULL,NULL,NULL,NULL,NULL,NULL,NULL,NULL,NULL,NULL,NULL,NULL,1,3,'F','undefined','I','admin','2022-11-02 00:39:46','admin','2022-11-21 00:39:46',1,'done');
INSERT INTO `oh_laboratory` VALUES (108,'03.01','2022-11-02 00:40:58','++++','',258,'Carmelina Rauch',NULL,NULL,NULL,NULL,NULL,NULL,NULL,NULL,NULL,NULL,NULL,NULL,NULL,1,7,'M','undefined','I','admin','2022-11-02 00:40:58','admin','2022-11-21 00:40:58',1,'done');
INSERT INTO `oh_laboratory` VALUES (109,'03.01','2022-11-02 00:38:39','++','',45,'Arden Pickford',NULL,NULL,NULL,NULL,NULL,NULL,NULL,NULL,NULL,NULL,NULL,NULL,NULL,1,52,'M','undefined','O','admin','2022-11-02 00:38:39','admin','2022-11-21 00:38:39',1,'done');
INSERT INTO `oh_laboratory` VALUES (110,'03.01','2022-11-02 00:40:22','NEGATIVE','',319,'Solomon Stackpole',NULL,NULL,NULL,NULL,NULL,NULL,NULL,NULL,NULL,NULL,NULL,NULL,NULL,1,19,'M','undefined','O','admin','2022-11-02 00:40:22','admin','2022-11-21 00:40:22',1,'done');
INSERT INTO `oh_laboratory` VALUES (111,'03.01','2022-11-02 00:39:59','++','',69,'Arica Sherwood',NULL,NULL,NULL,NULL,NULL,NULL,NULL,NULL,NULL,NULL,NULL,NULL,NULL,1,37,'M','undefined','I','admin','2022-11-02 00:39:59','admin','2022-11-21 00:39:59',1,'done');
INSERT INTO `oh_laboratory` VALUES (112,'03.01','2022-11-02 00:39:31','NEGATIVE','1year and 10months',268,'Alexis Rinke',NULL,NULL,NULL,NULL,NULL,NULL,NULL,NULL,NULL,NULL,NULL,NULL,NULL,1,2,'F','undefined','I','admin','2022-11-02 00:39:31','admin','2022-11-21 00:39:31',1,'done');
INSERT INTO `oh_laboratory` VALUES (113,'03.01','2022-11-02 00:38:48','FEW','',430,'Hemsley Mohammad',NULL,NULL,NULL,NULL,NULL,NULL,NULL,NULL,NULL,NULL,NULL,NULL,NULL,1,3,'M','undefined','I','admin','2022-11-02 00:38:48','admin','2022-11-21 00:38:48',1,'done');
INSERT INTO `oh_laboratory` VALUES (114,'03.01','2022-11-02 00:41:20','NEGATIVE','',181,'Stuart Batts',NULL,NULL,NULL,NULL,NULL,NULL,NULL,NULL,NULL,NULL,NULL,NULL,NULL,1,78,'M','undefined','O','admin','2022-11-02 00:41:20','admin','2022-11-21 00:41:20',1,'done');
INSERT INTO `oh_laboratory` VALUES (115,'03.01','2022-11-02 00:40:39','+++','',224,'Daphine Mclendon',NULL,NULL,NULL,NULL,NULL,NULL,NULL,NULL,NULL,NULL,NULL,NULL,NULL,1,36,'M','undefined','I','admin','2022-11-02 00:40:39','admin','2022-11-21 00:40:39',1,'done');
INSERT INTO `oh_laboratory` VALUES (116,'07.03.4','2022-11-02 00:39:53','Multiple Results','',67,'Tobias Dimaggio',NULL,NULL,NULL,NULL,NULL,NULL,NULL,NULL,NULL,NULL,NULL,NULL,NULL,1,30,'M','undefined','I','admin','2022-11-02 00:39:53','admin','2022-11-21 00:39:53',1,'done');
INSERT INTO `oh_laboratory` VALUES (117,'03.01','2022-11-02 00:45:52','++','',252,'Laquita Stefano',NULL,NULL,NULL,NULL,NULL,NULL,NULL,NULL,NULL,NULL,NULL,NULL,NULL,1,3,'M','undefined','I','admin','2022-11-02 00:45:52','admin','2022-11-21 00:45:52',1,'done');
INSERT INTO `oh_laboratory` VALUES (118,'01.01','2022-11-02 00:49:32','6 - 12','',354,'Kurt Beckmann',NULL,NULL,NULL,NULL,NULL,NULL,NULL,NULL,NULL,NULL,NULL,NULL,NULL,1,40,'F','undefined','I','admin','2022-11-02 00:49:32','admin','2022-11-21 00:49:32',1,'done');
INSERT INTO `oh_laboratory` VALUES (119,'03.01','2022-11-02 00:48:57','+++','',367,'Katrice Alderson',NULL,NULL,NULL,NULL,NULL,NULL,NULL,NULL,NULL,NULL,NULL,NULL,NULL,1,19,'F','undefined','I','admin','2022-11-02 00:48:57','admin','2022-11-21 00:48:57',1,'done');
INSERT INTO `oh_laboratory` VALUES (120,'URI','2022-11-02 00:40:06','Multiple results','',247,'Jestine Dacruz',NULL,NULL,NULL,NULL,NULL,NULL,NULL,NULL,NULL,NULL,NULL,NULL,NULL,1,3,'F','undefined','I','admin','2022-11-02 00:40:06','admin','2022-11-21 00:40:06',1,'done');
INSERT INTO `oh_laboratory` VALUES (121,'01.01','2022-11-02 00:41:25','6 - 12','',297,'Synthia Drakeford',NULL,NULL,NULL,NULL,NULL,NULL,NULL,NULL,NULL,NULL,NULL,NULL,NULL,1,21,'M','undefined','O','admin','2022-11-02 00:41:25','admin','2022-11-21 00:41:25',1,'done');
INSERT INTO `oh_laboratory` VALUES (122,'03.03','2022-11-02 00:40:29','Multiple results','',463,'Anissa Jorgensen',NULL,NULL,NULL,NULL,NULL,NULL,NULL,NULL,NULL,NULL,NULL,NULL,NULL,1,49,'F','undefined','I','admin','2022-11-02 00:40:29','admin','2022-11-21 00:40:29',1,'done');
INSERT INTO `oh_laboratory` VALUES (123,'03.01','2022-11-02 00:39:02','NEGATIVE','',403,'Moua Faustino',NULL,NULL,NULL,NULL,NULL,NULL,NULL,NULL,NULL,NULL,NULL,NULL,NULL,1,62,'M','undefined','I','admin','2022-11-02 00:39:02','admin','2022-11-21 00:39:02',1,'done');
INSERT INTO `oh_laboratory` VALUES (124,'URI','2022-11-02 00:41:15','Multiple results','',68,'Forrest Cripe',NULL,NULL,NULL,NULL,NULL,NULL,NULL,NULL,NULL,NULL,NULL,NULL,NULL,1,34,'M','undefined','O','admin','2022-11-02 00:41:15','admin','2022-11-21 00:41:15',1,'done');
INSERT INTO `oh_laboratory` VALUES (125,'06.01','2022-11-02 00:41:07','NEGATIVE','',427,'Knoblock Winston',NULL,NULL,NULL,NULL,NULL,NULL,NULL,NULL,NULL,NULL,NULL,NULL,NULL,1,3,'M','undefined','I','admin','2022-11-02 00:41:07','admin','2022-11-21 00:41:07',1,'done');
INSERT INTO `oh_laboratory` VALUES (129,'01.02','2022-11-02 00:49:22','> 7000 (HIGH)','10 months old',232,'Jaeger Laureen',NULL,NULL,NULL,NULL,NULL,NULL,NULL,NULL,NULL,NULL,NULL,NULL,NULL,1,12,'F','undefined','I','admin','2022-11-02 00:49:22','admin','2022-11-21 00:49:22',1,'done');
INSERT INTO `oh_laboratory` VALUES (130,'06.02','2022-11-03 01:41:32','POSITIVE','',399,'Shannan Matias',NULL,NULL,NULL,NULL,NULL,NULL,NULL,NULL,NULL,NULL,NULL,NULL,NULL,1,69,'F','undefined','I','admin','2022-11-03 01:41:32','admin','2022-11-21 01:41:32',1,'done');
INSERT INTO `oh_laboratory` VALUES (131,'01.01','2022-11-03 01:31:12','6 - 12','',289,'Karen Dewall',NULL,NULL,NULL,NULL,NULL,NULL,NULL,NULL,NULL,NULL,NULL,NULL,NULL,1,72,'M','undefined','O','admin','2022-11-03 01:31:12','admin','2022-11-21 01:31:12',1,'done');
INSERT INTO `oh_laboratory` VALUES (132,'03.01','2022-11-03 01:41:02','NEGATIVE','',305,'Grose Rosalba',NULL,NULL,NULL,NULL,NULL,NULL,NULL,NULL,NULL,NULL,NULL,NULL,NULL,1,59,'F','undefined','O','admin','2022-11-03 01:41:02','admin','2022-11-21 01:41:02',1,'done');
INSERT INTO `oh_laboratory` VALUES (133,'01.01','2022-11-03 01:16:44','< 6','',422,'Etherton Hong',NULL,NULL,NULL,NULL,NULL,NULL,NULL,NULL,NULL,NULL,NULL,NULL,NULL,1,22,'M','undefined','I','admin','2022-11-03 01:16:44','admin','2022-11-21 01:16:44',1,'done');
INSERT INTO `oh_laboratory` VALUES (134,'01.02','2022-11-03 01:40:38','4000 - 7000 (NORMAL)','',331,'Philip Raven',NULL,NULL,NULL,NULL,NULL,NULL,NULL,NULL,NULL,NULL,NULL,NULL,NULL,1,29,'M','undefined','O','admin','2022-11-03 01:40:38','admin','2022-11-21 01:40:38',1,'done');
INSERT INTO `oh_laboratory` VALUES (135,'06.04','2022-11-03 01:00:47','NEGATIVE','',399,'Shannan Matias',NULL,NULL,NULL,NULL,NULL,NULL,NULL,NULL,NULL,NULL,NULL,NULL,NULL,1,69,'F','undefined','I','admin','2022-11-03 01:00:47','admin','2022-11-21 01:00:47',1,'done');
INSERT INTO `oh_laboratory` VALUES (136,'03.01','2022-11-03 01:23:27','++','10 months old',232,'Jaeger Laureen',NULL,NULL,NULL,NULL,NULL,NULL,NULL,NULL,NULL,NULL,NULL,NULL,NULL,1,12,'F','undefined','I','admin','2022-11-03 01:23:27','admin','2022-11-21 01:23:27',1,'done');
INSERT INTO `oh_laboratory` VALUES (137,'06.04','2022-11-03 00:53:20','NEGATIVE','',219,'Jerrie Meares',NULL,NULL,NULL,NULL,NULL,NULL,NULL,NULL,NULL,NULL,NULL,NULL,NULL,1,78,'M','undefined','I','admin','2022-11-03 00:53:20','admin','2022-11-21 00:53:20',1,'done');
INSERT INTO `oh_laboratory` VALUES (138,'01.02','2022-11-03 01:30:50','> 7000 (HIGH)','',170,'Cary Shell',NULL,NULL,NULL,NULL,NULL,NULL,NULL,NULL,NULL,NULL,NULL,NULL,NULL,1,20,'F','undefined','O','admin','2022-11-03 01:30:50','admin','2022-11-21 01:30:50',1,'done');
INSERT INTO `oh_laboratory` VALUES (139,'01.01','2022-11-03 01:00:36','< 6','',316,'Jerrod Vitela',NULL,NULL,NULL,NULL,NULL,NULL,NULL,NULL,NULL,NULL,NULL,NULL,NULL,1,77,'M','undefined','O','admin','2022-11-03 01:00:36','admin','2022-11-21 01:00:36',1,'done');
INSERT INTO `oh_laboratory` VALUES (140,'03.03','2022-11-03 01:31:33','Multiple results','',237,'Aurora Ritenour',NULL,NULL,NULL,NULL,NULL,NULL,NULL,NULL,NULL,NULL,NULL,NULL,NULL,1,3,'M','undefined','I','admin','2022-11-03 01:31:33','admin','2022-11-21 01:31:33',1,'done');
INSERT INTO `oh_laboratory` VALUES (141,'03.01','2022-11-03 01:30:25','NEGATIVE','Seven months',447,'Amos Crooks',NULL,NULL,NULL,NULL,NULL,NULL,NULL,NULL,NULL,NULL,NULL,NULL,NULL,1,1,'M','undefined','I','admin','2022-11-03 01:30:25','admin','2022-11-21 01:30:25',1,'done');
INSERT INTO `oh_laboratory` VALUES (142,'05.07','2022-11-03 00:53:07','NEGATIVE','',82,'Outlaw Kerry',NULL,NULL,NULL,NULL,NULL,NULL,NULL,NULL,NULL,NULL,NULL,NULL,NULL,1,63,'F','undefined','O','admin','2022-11-03 00:53:07','admin','2022-11-21 00:53:07',1,'done');
INSERT INTO `oh_laboratory` VALUES (143,'01.01','2022-11-03 01:16:26','6 - 12','',311,'Vincent Arata',NULL,NULL,NULL,NULL,NULL,NULL,NULL,NULL,NULL,NULL,NULL,NULL,NULL,1,84,'M','undefined','O','admin','2022-11-03 01:16:26','admin','2022-11-21 01:16:26',1,'done');
INSERT INTO `oh_laboratory` VALUES (145,'03.01','2022-11-03 01:16:18','FEW','',111,'Torie Roberto',NULL,NULL,NULL,NULL,NULL,NULL,NULL,NULL,NULL,NULL,NULL,NULL,NULL,1,42,'F','undefined','I','admin','2022-11-03 01:16:18','admin','2022-11-21 01:16:18',1,'done');
INSERT INTO `oh_laboratory` VALUES (146,'03.01','2022-11-03 00:52:41','NEGATIVE','',320,'Hauger Stacy',NULL,NULL,NULL,NULL,NULL,NULL,NULL,NULL,NULL,NULL,NULL,NULL,NULL,1,49,'F','undefined','O','admin','2022-11-03 00:52:41','admin','2022-11-21 00:52:41',1,'done');
INSERT INTO `oh_laboratory` VALUES (147,'03.024','2022-11-03 01:00:28','NEGATIVE','',399,'Shannan Matias',NULL,NULL,NULL,NULL,NULL,NULL,NULL,NULL,NULL,NULL,NULL,NULL,NULL,1,69,'F','undefined','I','admin','2022-11-03 01:00:28','admin','2022-11-21 01:00:28',1,'done');
INSERT INTO `oh_laboratory` VALUES (148,'03.01','2022-11-03 01:17:21','++++','',299,'Annie Junior',NULL,NULL,NULL,NULL,NULL,NULL,NULL,NULL,NULL,NULL,NULL,NULL,NULL,1,37,'M','undefined','O','admin','2022-11-03 01:17:21','admin','2022-11-21 01:17:21',1,'done');
INSERT INTO `oh_laboratory` VALUES (149,'01.01','2022-11-03 00:34:34','< 6','',399,'Shannan Matias',NULL,NULL,NULL,NULL,NULL,NULL,NULL,NULL,NULL,NULL,NULL,NULL,NULL,1,69,'F','sputum','I','admin','2022-11-03 00:34:34','admin','2022-11-21 00:34:34',1,'done');
INSERT INTO `oh_laboratory` VALUES (150,'06.04','2022-11-03 00:53:33','++++','',488,'Glennis Isabelle',NULL,NULL,NULL,NULL,NULL,NULL,NULL,NULL,NULL,NULL,NULL,NULL,NULL,1,8,'F','undefined','O','admin','2022-11-03 00:53:33','admin','2022-11-21 00:53:33',1,'done');
INSERT INTO `oh_laboratory` VALUES (151,'01.01','2022-11-03 01:16:38','6 - 12','',59,'Gertha Winkel',NULL,NULL,NULL,NULL,NULL,NULL,NULL,NULL,NULL,NULL,NULL,NULL,NULL,1,17,'M','undefined','O','admin','2022-11-03 01:16:38','admin','2022-11-21 01:16:38',1,'done');
INSERT INTO `oh_laboratory` VALUES (152,'07.04.2','2022-11-03 01:01:00','NEGATIVE','1year and 7months',342,'Hyman Ellard',NULL,NULL,NULL,NULL,NULL,NULL,NULL,NULL,NULL,NULL,NULL,NULL,NULL,1,3,'M','undefined','I','admin','2022-11-03 01:01:00','admin','2022-11-21 01:01:00',1,'done');
INSERT INTO `oh_laboratory` VALUES (153,'03.03','2022-11-03 00:51:47','Multiple results','',82,'Outlaw Kerry',NULL,NULL,NULL,NULL,NULL,NULL,NULL,NULL,NULL,NULL,NULL,NULL,NULL,1,63,'F','undefined','O','admin','2022-11-03 00:51:47','admin','2022-11-21 00:51:47',1,'done');
INSERT INTO `oh_laboratory` VALUES (154,'06.05','2022-11-03 00:52:34','NEGATIVE','',117,'Rickie Natera',NULL,NULL,NULL,NULL,NULL,NULL,NULL,NULL,NULL,NULL,NULL,NULL,NULL,1,26,'F','undefined','I','admin','2022-11-03 00:52:34','admin','2022-11-21 00:52:34',1,'done');
INSERT INTO `oh_laboratory` VALUES (155,'06.04','2022-11-03 01:01:20','+++','',352,'Dean Jarvis',NULL,NULL,NULL,NULL,NULL,NULL,NULL,NULL,NULL,NULL,NULL,NULL,NULL,1,41,'F','undefined','I','admin','2022-11-03 01:01:20','admin','2022-11-21 01:01:20',1,'done');
INSERT INTO `oh_laboratory` VALUES (156,'05.06','2022-11-03 00:52:55','+','',250,'Krystina Deville',NULL,NULL,NULL,NULL,NULL,NULL,NULL,NULL,NULL,NULL,NULL,NULL,NULL,1,2,'M','tissues','I','admin','2022-11-03 00:52:55','admin','2022-11-21 00:52:55',1,'done');
INSERT INTO `oh_laboratory` VALUES (157,'03.01','2022-11-03 01:16:52','FEW','',329,'Santo Rausch',NULL,NULL,NULL,NULL,NULL,NULL,NULL,NULL,NULL,NULL,NULL,NULL,NULL,1,47,'M','undefined','O','admin','2022-11-03 01:16:52','admin','2022-11-21 01:16:52',1,'done');
INSERT INTO `oh_laboratory` VALUES (158,'07.02','2022-11-03 01:23:13','LOW','',121,'Michiko Rathke',NULL,NULL,NULL,NULL,NULL,NULL,NULL,NULL,NULL,NULL,NULL,NULL,NULL,1,62,'F','undefined','I','admin','2022-11-03 01:23:13','admin','2022-11-21 01:23:13',1,'done');
INSERT INTO `oh_laboratory` VALUES (159,'01.01','2022-11-03 01:17:02','6 - 12','',290,'Kenna Joesph',NULL,NULL,NULL,NULL,NULL,NULL,NULL,NULL,NULL,NULL,NULL,NULL,NULL,1,63,'M','undefined','O','admin','2022-11-03 01:17:02','admin','2022-11-21 01:17:02',1,'done');
INSERT INTO `oh_laboratory` VALUES (160,'01.06','2022-11-03 01:27:25','NEGATIVE','',214,'Ken Wicker',NULL,NULL,NULL,NULL,NULL,NULL,NULL,NULL,NULL,NULL,NULL,NULL,NULL,1,54,'M','tissues','I','admin','2022-11-03 01:27:25','admin','2022-11-21 01:27:25',1,'done');
INSERT INTO `oh_laboratory` VALUES (161,'URI','2022-11-03 01:27:37','Multiple results','',263,'Artie Beebe',NULL,NULL,NULL,NULL,NULL,NULL,NULL,NULL,NULL,NULL,NULL,NULL,NULL,1,10,'M','undefined','I','admin','2022-11-03 01:27:37','admin','2022-11-21 01:27:37',1,'done');
INSERT INTO `oh_laboratory` VALUES (162,'01.01','2022-11-03 01:28:11','< 6','',244,'Emmanuel Schanz',NULL,NULL,NULL,NULL,NULL,NULL,NULL,NULL,NULL,NULL,NULL,NULL,NULL,1,2,'M','undefined','I','admin','2022-11-03 01:28:11','admin','2022-11-21 01:28:11',1,'done');
INSERT INTO `oh_laboratory` VALUES (163,'02.01','2022-11-03 01:23:22','A RH+','Five months',497,'Reklin Vernon',NULL,NULL,NULL,NULL,NULL,NULL,NULL,NULL,NULL,NULL,NULL,NULL,NULL,1,2,'F','blood','O','admin','2022-11-03 01:23:22','admin','2022-11-21 01:23:22',1,'done');
INSERT INTO `oh_laboratory` VALUES (164,'03.01','2022-11-03 01:23:40','NEGATIVE','5months old',388,'Suellen Merkel',NULL,NULL,NULL,NULL,NULL,NULL,NULL,NULL,NULL,NULL,NULL,NULL,NULL,1,2,'F','undefined','I','admin','2022-11-03 01:23:40','admin','2022-11-21 01:23:40',1,'done');
INSERT INTO `oh_laboratory` VALUES (165,'01.01','2022-11-03 01:16:57','6 - 12','',306,'Ahmad Nantz',NULL,NULL,NULL,NULL,NULL,NULL,NULL,NULL,NULL,NULL,NULL,NULL,NULL,1,30,'M','undefined','O','admin','2022-11-03 01:16:57','admin','2022-11-21 01:16:57',1,'done');
INSERT INTO `oh_laboratory` VALUES (166,'02.01','2022-11-03 01:17:08','B RH+','Five months',507,'Westermann Fred',NULL,NULL,NULL,NULL,NULL,NULL,NULL,NULL,NULL,NULL,NULL,NULL,NULL,1,23,'M','undefined','O','admin','2022-11-03 01:17:08','admin','2022-11-21 01:17:08',1,'done');
INSERT INTO `oh_laboratory` VALUES (167,'01.01','2022-11-03 01:16:33','< 6','',264,'Raquel Every',NULL,NULL,NULL,NULL,NULL,NULL,NULL,NULL,NULL,NULL,NULL,NULL,NULL,1,32,'F','undefined','I','admin','2022-11-03 01:16:33','admin','2022-11-21 01:16:33',1,'done');
INSERT INTO `oh_laboratory` VALUES (168,'02.01','2022-11-03 01:29:08','O RH+','',226,'Chance Hemsley',NULL,NULL,NULL,NULL,NULL,NULL,NULL,NULL,NULL,NULL,NULL,NULL,NULL,1,4,'M','blood','I','admin','2022-11-03 01:29:08','admin','2022-11-21 01:29:08',1,'done');
INSERT INTO `oh_laboratory` VALUES (169,'03.01','2022-11-03 01:24:31','NEGATIVE','',201,'Kelly Varien',NULL,NULL,NULL,NULL,NULL,NULL,NULL,NULL,NULL,NULL,NULL,NULL,NULL,1,70,'F','undefined','O','admin','2022-11-03 01:24:31','admin','2022-11-21 01:24:31',1,'done');
INSERT INTO `oh_laboratory` VALUES (170,'03.01','2022-11-03 01:24:14','NEGATIVE','',353,'Michale Ciancio',NULL,NULL,NULL,NULL,NULL,NULL,NULL,NULL,NULL,NULL,NULL,NULL,NULL,1,30,'F','undefined','O','admin','2022-11-03 01:24:14','admin','2022-11-21 01:24:14',1,'done');
INSERT INTO `oh_laboratory` VALUES (172,'03.03','2022-11-03 01:23:35','Multiple results','',384,'Astrid Kreiger',NULL,NULL,NULL,NULL,NULL,NULL,NULL,NULL,NULL,NULL,NULL,NULL,NULL,1,21,'F','undefined','I','admin','2022-11-03 01:23:35','admin','2022-11-21 01:23:35',1,'done');
INSERT INTO `oh_laboratory` VALUES (173,'03.01','2022-11-03 01:23:54','NEGATIVE','',132,'Eckhart Idalia',NULL,NULL,NULL,NULL,NULL,NULL,NULL,NULL,NULL,NULL,NULL,NULL,NULL,1,42,'M','sputum','O','admin','2022-11-03 01:23:54','admin','2022-11-21 01:23:54',1,'done');
INSERT INTO `oh_laboratory` VALUES (174,'01.01','2022-11-03 01:25:13','< 6','',143,'Amee Dedmon',NULL,NULL,NULL,NULL,NULL,NULL,NULL,NULL,NULL,NULL,NULL,NULL,NULL,1,49,'M','swabs','O','admin','2022-11-03 01:25:13','admin','2022-11-21 01:25:13',1,'done');
INSERT INTO `oh_laboratory` VALUES (175,'02.01','2022-11-03 01:27:03','O RH+','',427,'Knoblock Winston',NULL,NULL,NULL,NULL,NULL,NULL,NULL,NULL,NULL,NULL,NULL,NULL,NULL,1,3,'M','urine','I','admin','2022-11-03 01:27:03','admin','2022-11-21 01:27:03',1,'done');
INSERT INTO `oh_laboratory` VALUES (176,'03.01','2022-11-03 01:17:14','NEGATIVE','',398,'Marhta Divito',NULL,NULL,NULL,NULL,NULL,NULL,NULL,NULL,NULL,NULL,NULL,NULL,NULL,1,14,'M','undefined','I','admin','2022-11-03 01:17:14','admin','2022-11-21 01:17:14',1,'done');
INSERT INTO `oh_laboratory` VALUES (177,'03.03','2022-11-03 01:40:26','Multiple results','',350,'Martin Deforge',NULL,NULL,NULL,NULL,NULL,NULL,NULL,NULL,NULL,NULL,NULL,NULL,NULL,1,20,'F','undefined','I','admin','2022-11-03 01:40:26','admin','2022-11-21 01:40:26',1,'done');
INSERT INTO `oh_laboratory` VALUES (178,'URI','2022-11-03 01:30:39','Multiple results','',258,'Carmelina Rauch',NULL,NULL,NULL,NULL,NULL,NULL,NULL,NULL,NULL,NULL,NULL,NULL,NULL,1,7,'M','undefined','I','admin','2022-11-03 01:30:39','admin','2022-11-21 01:30:39',1,'done');
INSERT INTO `oh_laboratory` VALUES (179,'07.02','2022-11-03 01:25:04','LOW','',169,'Darrell Mondy',NULL,NULL,NULL,NULL,NULL,NULL,NULL,NULL,NULL,NULL,NULL,NULL,NULL,1,22,'F','undefined','O','admin','2022-11-03 01:25:04','admin','2022-11-21 01:25:04',1,'done');
INSERT INTO `oh_laboratory` VALUES (180,'URI','2022-11-03 01:24:25','Multiple results','',347,'Jere Hutcheson',NULL,NULL,NULL,NULL,NULL,NULL,NULL,NULL,NULL,NULL,NULL,NULL,NULL,1,42,'F','undefined','I','admin','2022-11-03 01:24:25','admin','2022-11-21 01:24:25',1,'done');
INSERT INTO `oh_laboratory` VALUES (181,'03.03','2022-11-03 01:24:08','Multiple results','6 months old',235,'Royce Lease',NULL,NULL,NULL,NULL,NULL,NULL,NULL,NULL,NULL,NULL,NULL,NULL,NULL,1,2,'F','undefined','I','admin','2022-11-03 01:24:08','admin','2022-11-21 01:24:08',1,'done');
INSERT INTO `oh_laboratory` VALUES (184,'URI','2022-11-03 01:23:47','Multiple results','',368,'Alleen Axtell',NULL,NULL,NULL,NULL,NULL,NULL,NULL,NULL,NULL,NULL,NULL,NULL,NULL,1,37,'F','tissues','I','admin','2022-11-03 01:23:47','admin','2022-11-21 01:23:47',1,'done');
INSERT INTO `oh_laboratory` VALUES (185,'URI','2022-11-03 00:36:14','Multiple results','',57,'Celsa Demeter',NULL,NULL,NULL,NULL,NULL,NULL,NULL,NULL,NULL,NULL,NULL,NULL,NULL,1,58,'M','undefined','O','admin','2022-11-03 00:36:14','admin','2022-11-21 00:36:14',1,'done');
INSERT INTO `oh_laboratory` VALUES (187,'URI','2022-11-03 00:36:09','Multiple results','',58,'Ashlyn Nesmith',NULL,NULL,NULL,NULL,NULL,NULL,NULL,NULL,NULL,NULL,NULL,NULL,NULL,1,40,'M','undefined','O','admin','2022-11-03 00:36:09','admin','2022-11-21 00:36:09',1,'done');
INSERT INTO `oh_laboratory` VALUES (188,'03.01','2022-11-03 01:31:06','FEW','',359,'Twanda Kruse',NULL,NULL,NULL,NULL,NULL,NULL,NULL,NULL,NULL,NULL,NULL,NULL,NULL,1,29,'F','undefined','I','admin','2022-11-03 01:31:06','admin','2022-11-21 01:31:06',1,'done');
INSERT INTO `oh_laboratory` VALUES (189,'03.01','2022-11-03 01:27:32','+++','1year and 5months',278,'Eliana Louque',NULL,NULL,NULL,NULL,NULL,NULL,NULL,NULL,NULL,NULL,NULL,NULL,NULL,1,2,'M','undefined','I','admin','2022-11-03 01:27:32','admin','2022-11-21 01:27:32',1,'done');
INSERT INTO `oh_laboratory` VALUES (190,'03.01','2022-11-03 01:30:31','+++','',274,'Denise Mingo',NULL,NULL,NULL,NULL,NULL,NULL,NULL,NULL,NULL,NULL,NULL,NULL,NULL,1,61,'F','undefined','I','admin','2022-11-03 01:30:31','admin','2022-11-21 01:30:31',1,'done');
INSERT INTO `oh_laboratory` VALUES (191,'URI','2022-11-03 00:34:15','Multiple results','',264,'Raquel Every',NULL,NULL,NULL,NULL,NULL,NULL,NULL,NULL,NULL,NULL,NULL,NULL,NULL,1,32,'F','undefined','I','admin','2022-11-03 00:34:15','admin','2022-11-21 00:34:15',1,'done');
INSERT INTO `oh_laboratory` VALUES (193,'URI','2022-11-03 00:36:04','Multiple results','Five months',510,'Scottie Racuba',NULL,NULL,NULL,NULL,NULL,NULL,NULL,NULL,NULL,NULL,NULL,NULL,NULL,1,44,'F','undefined','O','admin','2022-11-03 00:36:04','admin','2022-11-21 00:36:04',1,'done');
INSERT INTO `oh_laboratory` VALUES (194,'01.06','2022-11-03 00:36:43','NEGATIVE','',352,'Dean Jarvis',NULL,NULL,NULL,NULL,NULL,NULL,NULL,NULL,NULL,NULL,NULL,NULL,NULL,1,41,'F','undefined','I','admin','2022-11-03 00:36:43','admin','2022-11-21 00:36:43',1,'done');
INSERT INTO `oh_laboratory` VALUES (195,'URI','2022-11-03 00:36:28','Multiple results','',315,'Hobert Kittelson',NULL,NULL,NULL,NULL,NULL,NULL,NULL,NULL,NULL,NULL,NULL,NULL,NULL,1,50,'M','undefined','O','admin','2022-11-03 00:36:28','admin','2022-11-21 00:36:28',1,'done');
INSERT INTO `oh_laboratory` VALUES (196,'03.01','2022-11-03 01:27:45','+++','',359,'Twanda Kruse',NULL,NULL,NULL,NULL,NULL,NULL,NULL,NULL,NULL,NULL,NULL,NULL,NULL,1,29,'F','undefined','I','admin','2022-11-03 01:27:45','admin','2022-11-21 01:27:45',1,'done');
INSERT INTO `oh_laboratory` VALUES (197,'03.01','2022-11-03 01:27:15','NEGATIVE','',191,'Leonard Badgett',NULL,NULL,NULL,NULL,NULL,NULL,NULL,NULL,NULL,NULL,NULL,NULL,NULL,1,58,'M','tissues','I','admin','2022-11-03 01:27:15','admin','2022-11-21 01:27:15',1,'done');
INSERT INTO `oh_laboratory` VALUES (198,'03.04','2022-11-03 00:51:13','NEGATIVE','',316,'Jerrod Vitela',NULL,NULL,NULL,NULL,NULL,NULL,NULL,NULL,NULL,NULL,NULL,NULL,NULL,1,77,'M','undefined','O','admin','2022-11-03 00:51:13','admin','2022-11-21 00:51:13',1,'done');
INSERT INTO `oh_laboratory` VALUES (199,'03.01','2022-11-03 00:37:16','NEGATIVE','',64,'Ezra Niccum',NULL,NULL,NULL,NULL,NULL,NULL,NULL,NULL,NULL,NULL,NULL,NULL,NULL,1,14,'M','undefined','I','admin','2022-11-03 00:37:16','admin','2022-11-21 00:37:16',1,'done');
INSERT INTO `oh_laboratory` VALUES (200,'04.03','2022-11-03 01:00:12','NEGATIVE','',274,'Denise Mingo',NULL,NULL,NULL,NULL,NULL,NULL,NULL,NULL,NULL,NULL,NULL,NULL,NULL,1,61,'F','undefined','I','admin','2022-11-03 01:00:12','admin','2022-11-21 01:00:12',1,'done');
INSERT INTO `oh_laboratory` VALUES (201,'06.06','2022-11-03 00:51:35','NEGATIVE','6months old',412,'Jonah Shannon',NULL,NULL,NULL,NULL,NULL,NULL,NULL,NULL,NULL,NULL,NULL,NULL,NULL,1,2,'F','undefined','I','admin','2022-11-03 00:51:35','admin','2022-11-21 00:51:35',1,'done');
INSERT INTO `oh_laboratory` VALUES (202,'03.01','2022-11-03 01:24:37','NEGATIVE','',151,'Lien Notter',NULL,NULL,NULL,NULL,NULL,NULL,NULL,NULL,NULL,NULL,NULL,NULL,NULL,1,38,'M','undefined','O','admin','2022-11-03 01:24:37','admin','2022-11-21 01:24:37',1,'done');
INSERT INTO `oh_laboratory` VALUES (204,'03.03','2022-11-03 00:36:22','Multiple results','',66,'Trudie Liller',NULL,NULL,NULL,NULL,NULL,NULL,NULL,NULL,NULL,NULL,NULL,NULL,NULL,1,47,'M','undefined','I','admin','2022-11-03 00:36:22','admin','2022-11-21 00:36:22',1,'done');
INSERT INTO `oh_laboratory` VALUES (205,'03.01','2022-11-03 00:35:47','NEGATIVE','',373,'Eleanora Albrecht',NULL,NULL,NULL,NULL,NULL,NULL,NULL,NULL,NULL,NULL,NULL,NULL,NULL,1,42,'F','undefined','I','admin','2022-11-03 00:35:47','admin','2022-11-21 00:35:47',1,'done');
INSERT INTO `oh_laboratory` VALUES (206,'03.01','2022-11-03 00:36:51','+++','',258,'Carmelina Rauch',NULL,NULL,NULL,NULL,NULL,NULL,NULL,NULL,NULL,NULL,NULL,NULL,NULL,1,7,'M','undefined','I','admin','2022-11-03 00:36:51','admin','2022-11-21 00:36:51',1,'done');
INSERT INTO `oh_laboratory` VALUES (207,'03.01','2022-11-03 01:25:22','NEGATIVE','',111,'Torie Roberto',NULL,NULL,NULL,NULL,NULL,NULL,NULL,NULL,NULL,NULL,NULL,NULL,NULL,1,42,'F','blood','I','admin','2022-11-03 01:25:22','admin','2022-11-21 01:25:22',1,'done');
INSERT INTO `oh_laboratory` VALUES (208,'03.01','2022-11-03 01:26:51','NEGATIVE','',86,'Veronique Fountaine',NULL,NULL,NULL,NULL,NULL,NULL,NULL,NULL,NULL,NULL,NULL,NULL,NULL,1,62,'F','undefined','I','admin','2022-11-03 01:26:51','admin','2022-11-21 01:26:51',1,'done');
INSERT INTO `oh_laboratory` VALUES (209,'03.01','2022-11-03 00:36:34','NEGATIVE','',415,'Yonts Dee',NULL,NULL,NULL,NULL,NULL,NULL,NULL,NULL,NULL,NULL,NULL,NULL,NULL,1,8,'F','undefined','I','admin','2022-11-03 00:36:34','admin','2022-11-21 00:36:34',1,'done');
INSERT INTO `oh_laboratory` VALUES (211,'07.04.1','2022-11-03 00:54:01','1.4 - 2.5','',365,'Mora Reardon',NULL,NULL,NULL,NULL,NULL,NULL,NULL,NULL,NULL,NULL,NULL,NULL,NULL,1,25,'F','undefined','I','admin','2022-11-03 00:54:01','admin','2022-11-21 00:54:01',1,'done');
INSERT INTO `oh_laboratory` VALUES (212,'01.01','2022-11-03 00:51:19','6 - 12','',354,'Kurt Beckmann',NULL,NULL,NULL,NULL,NULL,NULL,NULL,NULL,NULL,NULL,NULL,NULL,NULL,1,40,'F','undefined','I','admin','2022-11-03 00:51:19','admin','2022-11-21 00:51:19',1,'done');
INSERT INTO `oh_laboratory` VALUES (213,'01.02','2022-11-03 01:31:19','4000 - 7000 (NORMAL)','',305,'Grose Rosalba',NULL,NULL,NULL,NULL,NULL,NULL,NULL,NULL,NULL,NULL,NULL,NULL,NULL,1,59,'F','undefined','O','admin','2022-11-03 01:31:19','admin','2022-11-21 01:31:19',1,'done');
INSERT INTO `oh_laboratory` VALUES (214,'03.01','2022-11-03 00:36:58','NEGATIVE','',43,'Fredericka Leavell',NULL,NULL,NULL,NULL,NULL,NULL,NULL,NULL,NULL,NULL,NULL,NULL,NULL,1,37,'M','undefined','I','admin','2022-11-03 00:36:58','admin','2022-11-21 00:36:58',1,'done');
INSERT INTO `oh_laboratory` VALUES (215,'03.03','2022-11-03 01:28:04','Multiple results','',249,'Renna Konieczny',NULL,NULL,NULL,NULL,NULL,NULL,NULL,NULL,NULL,NULL,NULL,NULL,NULL,1,2,'M','undefined','I','admin','2022-11-03 01:28:04','admin','2022-11-21 01:28:04',1,'done');
INSERT INTO `oh_laboratory` VALUES (216,'03.01','2022-11-03 01:40:50','FEW','',273,'Auzenne Lashunda',NULL,NULL,NULL,NULL,NULL,NULL,NULL,NULL,NULL,NULL,NULL,NULL,NULL,1,69,'F','undefined','I','admin','2022-11-03 01:40:50','admin','2022-11-21 01:40:50',1,'done');
INSERT INTO `oh_laboratory` VALUES (217,'03.01','2022-11-03 01:41:08','+++','',369,'Jazmine Gwyn',NULL,NULL,NULL,NULL,NULL,NULL,NULL,NULL,NULL,NULL,NULL,NULL,NULL,1,38,'F','undefined','I','admin','2022-11-03 01:41:08','admin','2022-11-21 01:41:08',1,'done');
INSERT INTO `oh_laboratory` VALUES (218,'03.022','2022-11-03 00:51:07','FEW','',348,'Carlo Meche',NULL,NULL,NULL,NULL,NULL,NULL,NULL,NULL,NULL,NULL,NULL,NULL,NULL,1,42,'F','undefined','I','admin','2022-11-03 00:51:07','admin','2022-11-21 00:51:07',1,'done');
INSERT INTO `oh_laboratory` VALUES (219,'03.01','2022-11-03 00:01:15','NEGATIVE','',64,'Ezra Niccum',NULL,NULL,NULL,NULL,NULL,NULL,NULL,NULL,NULL,NULL,NULL,NULL,NULL,1,14,'M','undefined','I','admin','2022-11-03 00:01:15','admin','2022-11-20 00:01:15',1,'done');
INSERT INTO `oh_laboratory` VALUES (220,'08.01','2022-11-03 00:35:41','POSITIVE','cv',500,'Matthews Ruth',NULL,NULL,NULL,NULL,NULL,NULL,NULL,NULL,NULL,NULL,NULL,NULL,NULL,1,4,'F','undefined','O','admin','2022-11-03 00:35:41','admin','2022-11-21 00:35:41',1,'done');
INSERT INTO `oh_laboratory` VALUES (221,'01.01','2022-11-03 01:27:53','>=12 (NORMAL)','',194,'Scheff Benjamin',NULL,NULL,NULL,NULL,NULL,NULL,NULL,NULL,NULL,NULL,NULL,NULL,NULL,1,16,'M','undefined','I','admin','2022-11-03 01:27:53','admin','2022-11-21 01:27:53',1,'done');
INSERT INTO `oh_laboratory` VALUES (222,'01.01','2022-11-03 01:29:34','>=12 (NORMAL)','',200,'Son Dahm',NULL,NULL,NULL,NULL,NULL,NULL,NULL,NULL,NULL,NULL,NULL,NULL,NULL,1,80,'M','tissues','O','admin','2022-11-03 01:29:34','admin','2022-11-21 01:29:34',1,'done');
INSERT INTO `oh_laboratory` VALUES (223,'01.01','2022-11-03 01:29:47','>=12 (NORMAL)','',316,'Jerrod Vitela',NULL,NULL,NULL,NULL,NULL,NULL,NULL,NULL,NULL,NULL,NULL,NULL,NULL,1,77,'M','undefined','O','admin','2022-11-03 01:29:47','admin','2022-11-21 01:29:47',1,'done');
INSERT INTO `oh_laboratory` VALUES (224,'01.01','2022-11-03 00:37:02','>=12 (NORMAL)','',200,'Son Dahm',NULL,NULL,NULL,NULL,NULL,NULL,NULL,NULL,NULL,NULL,NULL,NULL,NULL,1,80,'M','undefined','O','admin','2022-11-03 00:37:02','admin','2022-11-21 00:37:02',1,'done');
INSERT INTO `oh_laboratory` VALUES (225,'05.05','2022-11-03 01:29:22','>=12 (NORMAL)','',200,'Son Dahm',NULL,NULL,NULL,NULL,NULL,NULL,NULL,NULL,NULL,NULL,NULL,NULL,NULL,1,80,'M','stool','O','admin','2022-11-03 01:29:22','admin','2022-11-21 01:29:22',1,'done');
INSERT INTO `oh_laboratory` VALUES (226,'06.04','2022-11-03 00:53:46','NEGATIVE','',291,'Benard Cynthia',NULL,NULL,NULL,NULL,NULL,NULL,NULL,NULL,NULL,NULL,NULL,NULL,NULL,1,35,'F','undefined','O','admin','2022-11-03 00:53:46','admin','2022-11-21 00:53:46',1,'done');
INSERT INTO `oh_laboratory` VALUES (227,'03.01','2022-11-03 01:30:45','NEGATIVE','',159,'Domingo Koons',NULL,NULL,NULL,NULL,NULL,NULL,NULL,NULL,NULL,NULL,NULL,NULL,NULL,1,56,'M','undefined','O','admin','2022-11-03 01:30:45','admin','2022-11-21 01:30:45',1,'done');
INSERT INTO `oh_laboratory` VALUES (228,'02.01','2022-11-03 01:30:11','O RH+','',196,'Madere Dana',NULL,NULL,NULL,NULL,NULL,NULL,NULL,NULL,NULL,NULL,NULL,NULL,NULL,1,27,'M','undefined','I','admin','2022-11-03 01:30:11','admin','2022-11-21 01:30:11',1,'done');
INSERT INTO `oh_laboratory` VALUES (229,'01.01','2022-11-03 01:30:58','< 6','',263,'Artie Beebe',NULL,NULL,NULL,NULL,NULL,NULL,NULL,NULL,NULL,NULL,NULL,NULL,NULL,1,10,'M','undefined','I','admin','2022-11-03 01:30:58','admin','2022-11-21 01:30:58',1,'done');
INSERT INTO `oh_laboratory` VALUES (230,'02.01','2022-11-03 00:37:10','B RH+','',263,'Artie Beebe',NULL,NULL,NULL,NULL,NULL,NULL,NULL,NULL,NULL,NULL,NULL,NULL,NULL,1,10,'M','undefined','I','admin','2022-11-03 00:37:10','admin','2022-11-21 00:37:10',1,'done');
INSERT INTO `oh_laboratory` VALUES (231,'01.06','2022-11-03 01:31:41','6 - 12','1year and7 months',380,'Lady Amos',NULL,NULL,NULL,NULL,NULL,NULL,NULL,NULL,NULL,NULL,NULL,NULL,NULL,1,3,'F','undefined','I','admin','2022-11-03 01:31:41','admin','2022-11-21 01:31:41',1,'done');
INSERT INTO `oh_laboratory` VALUES (232,'01.01','2022-11-03 01:30:18','< 6','2 Years and 4 Months',265,'Mable Keefe',NULL,NULL,NULL,NULL,NULL,NULL,NULL,NULL,NULL,NULL,NULL,NULL,NULL,1,4,'F','undefined','I','admin','2022-11-03 01:30:18','admin','2022-11-21 01:30:18',1,'done');
INSERT INTO `oh_laboratory` VALUES (233,'URI','2022-11-03 01:31:24','Multiple results','',378,'Jayson Estep',NULL,NULL,NULL,NULL,NULL,NULL,NULL,NULL,NULL,NULL,NULL,NULL,NULL,1,31,'M','undefined','I','admin','2022-11-03 01:31:24','admin','2022-11-21 01:31:24',1,'done');
INSERT INTO `oh_laboratory` VALUES (234,'01.06','2022-11-03 01:40:45','NEGATIVE','',424,'Hayden Tiedemann',NULL,NULL,NULL,NULL,NULL,NULL,NULL,NULL,NULL,NULL,NULL,NULL,NULL,1,24,'M','undefined','I','admin','2022-11-03 01:40:45','admin','2022-11-21 01:40:45',1,'done');
INSERT INTO `oh_laboratory` VALUES (235,'01.01','2022-11-03 01:40:32','6 - 12','',347,'Jere Hutcheson',NULL,NULL,NULL,NULL,NULL,NULL,NULL,NULL,NULL,NULL,NULL,NULL,NULL,1,42,'F','undefined','I','admin','2022-11-03 01:40:32','admin','2022-11-21 01:40:32',1,'done');
INSERT INTO `oh_laboratory` VALUES (236,'07.02','2022-11-03 01:40:55','LOW','',394,'Dominic Nazario',NULL,NULL,NULL,NULL,NULL,NULL,NULL,NULL,NULL,NULL,NULL,NULL,NULL,1,18,'M','undefined','I','admin','2022-11-03 01:40:55','admin','2022-11-21 01:40:55',1,'done');
INSERT INTO `oh_laboratory` VALUES (237,'07.04.1','2022-11-03 01:41:18','NEGATIVE','',172,'Eddy Rambin',NULL,NULL,NULL,NULL,NULL,NULL,NULL,NULL,NULL,NULL,NULL,NULL,NULL,1,24,'F','undefined','I','admin','2022-11-03 01:41:18','admin','2022-11-21 01:41:18',1,'done');
INSERT INTO `oh_laboratory` VALUES (238,'03.01','2022-11-03 00:35:14','+++','',409,'Anibal Gillon',NULL,NULL,NULL,NULL,NULL,NULL,NULL,NULL,NULL,NULL,NULL,NULL,NULL,1,69,'M','undefined','I','admin','2022-11-03 00:35:14','admin','2022-11-21 00:35:14',1,'done');
INSERT INTO `oh_laboratory` VALUES (239,'03.01','2022-11-02 00:50:08','+++','',155,'Nagata Kory',NULL,NULL,NULL,NULL,NULL,NULL,NULL,NULL,NULL,NULL,NULL,NULL,NULL,1,15,'M','undefined','O','admin','2022-11-02 00:50:08','admin','2022-11-21 00:50:08',1,'done');
INSERT INTO `oh_laboratory` VALUES (240,'03.01','2022-11-02 00:49:39','+++','',168,'Rod Muldrow',NULL,NULL,NULL,NULL,NULL,NULL,NULL,NULL,NULL,NULL,NULL,NULL,NULL,1,21,'F','undefined','O','admin','2022-11-02 00:49:39','admin','2022-11-21 00:49:39',1,'done');
INSERT INTO `oh_laboratory` VALUES (241,'03.01','2022-11-02 00:41:30','NEGATIVE','',300,'Golden Andrepont',NULL,NULL,NULL,NULL,NULL,NULL,NULL,NULL,NULL,NULL,NULL,NULL,NULL,1,17,'M','undefined','O','admin','2022-11-02 00:41:30','admin','2022-11-21 00:41:30',1,'done');
INSERT INTO `oh_laboratory` VALUES (242,'03.01','2022-11-02 00:50:34','+','',442,'Kenneth Valderas',NULL,NULL,NULL,NULL,NULL,NULL,NULL,NULL,NULL,NULL,NULL,NULL,NULL,1,6,'F','undefined','I','admin','2022-11-02 00:50:34','admin','2022-11-21 00:50:34',1,'done');
INSERT INTO `oh_laboratory` VALUES (243,'03.01','2022-11-02 00:49:58','NEGATIVE','',111,'Torie Roberto',NULL,NULL,NULL,NULL,NULL,NULL,NULL,NULL,NULL,NULL,NULL,NULL,NULL,1,42,'F','undefined','I','admin','2022-11-02 00:49:58','admin','2022-11-21 00:49:58',1,'done');
INSERT INTO `oh_laboratory` VALUES (245,'03.01','2022-11-03 00:01:03','NEGATIVE','',5,'Pamila Merrihew',NULL,NULL,NULL,NULL,NULL,NULL,NULL,NULL,NULL,NULL,NULL,NULL,NULL,1,36,'M','undefined','O','admin','2022-11-03 00:01:03','admin','2022-11-20 00:01:03',1,'done');
INSERT INTO `oh_laboratory` VALUES (246,'03.023','2022-11-03 00:35:25','NEGATIVE','',237,'Aurora Ritenour',NULL,NULL,NULL,NULL,NULL,NULL,NULL,NULL,NULL,NULL,NULL,NULL,NULL,1,3,'M','undefined','I','admin','2022-11-03 00:35:25','admin','2022-11-21 00:35:25',1,'done');
INSERT INTO `oh_laboratory` VALUES (247,'03.01','2022-11-20 23:40:58','+++',NULL,326,'Nathanael Raborn',NULL,NULL,NULL,NULL,NULL,NULL,NULL,NULL,NULL,NULL,NULL,NULL,NULL,0,38,'M','undefined','O','admin','2022-11-20 23:40:58','admin','2022-11-20 23:41:09',1,'done');
INSERT INTO `oh_laboratory` VALUES (248,'05.04','2022-11-20 23:41:14','NEGATIVE',NULL,489,'Mellisa Morning',NULL,NULL,NULL,NULL,NULL,NULL,NULL,NULL,NULL,NULL,NULL,NULL,NULL,0,4,'M','undefined','O','admin','2022-11-20 23:41:14','admin','2022-11-20 23:41:26',1,'done');
INSERT INTO `oh_laboratory` VALUES (249,'07.03.2','2022-11-20 23:41:14','< 1.2 (NORMAL)',NULL,489,'Mellisa Morning',NULL,NULL,NULL,NULL,NULL,NULL,NULL,NULL,NULL,NULL,NULL,NULL,NULL,0,4,'M','undefined','O','admin','2022-11-20 23:41:14','admin','2022-11-20 23:41:26',1,'done');
INSERT INTO `oh_laboratory` VALUES (250,'07.04.2','2022-11-20 23:41:14','10-55 (NORMAL)',NULL,489,'Mellisa Morning',NULL,NULL,NULL,NULL,NULL,NULL,NULL,NULL,NULL,NULL,NULL,NULL,NULL,0,4,'M','stool','O','admin','2022-11-20 23:41:14','admin','2022-11-20 23:41:26',1,'done');
INSERT INTO `oh_laboratory` VALUES (251,'01.05','2022-11-20 23:41:29','NORMAL',NULL,505,'Gina Curtney',NULL,NULL,NULL,NULL,NULL,NULL,NULL,NULL,NULL,NULL,NULL,NULL,NULL,0,12,'F','undefined','O','admin','2022-11-20 23:41:29','admin','2022-11-20 23:41:36',1,'done');
INSERT INTO `oh_laboratory` VALUES (252,'03.01','2022-11-20 23:41:29','NEGATIVE',NULL,505,'Gina Curtney',NULL,NULL,NULL,NULL,NULL,NULL,NULL,NULL,NULL,NULL,NULL,NULL,NULL,0,12,'F','undefined','O','admin','2022-11-20 23:41:29','admin','2022-11-20 23:41:36',1,'done');
INSERT INTO `oh_laboratory` VALUES (253,'01.05','2022-11-20 23:41:37','NORMAL',NULL,127,'Shana Yother',NULL,NULL,NULL,NULL,NULL,NULL,NULL,NULL,NULL,NULL,NULL,NULL,NULL,0,34,'F','undefined','I','admin','2022-11-20 23:41:37','admin','2022-11-20 23:41:57',1,'done');
INSERT INTO `oh_laboratory` VALUES (254,'06.03','2022-11-20 23:41:37','NEGATIVE',NULL,127,'Shana Yother',NULL,NULL,NULL,NULL,NULL,NULL,NULL,NULL,NULL,NULL,NULL,NULL,NULL,0,34,'F','undefined','I','admin','2022-11-20 23:41:37','admin','2022-11-20 23:41:57',1,'done');
INSERT INTO `oh_laboratory` VALUES (255,'02.01','2022-11-20 23:42:26','A RH-',NULL,319,'Solomon Stackpole',NULL,NULL,NULL,NULL,NULL,NULL,NULL,NULL,NULL,NULL,NULL,NULL,NULL,0,19,'M','tissues','O','admin','2022-11-20 23:42:26','admin','2022-11-20 23:42:58',1,'done');
INSERT INTO `oh_laboratory` VALUES (256,'04.04','2022-11-20 23:42:26','NEGATIVE',NULL,319,'Solomon Stackpole',NULL,NULL,NULL,NULL,NULL,NULL,NULL,NULL,NULL,NULL,NULL,NULL,NULL,0,19,'M','undefined','O','admin','2022-11-20 23:42:26','admin','2022-11-20 23:42:58',1,'done');
INSERT INTO `oh_laboratory` VALUES (257,'07.01','2022-11-20 23:42:26','NEGATIVE',NULL,319,'Solomon Stackpole',NULL,NULL,NULL,NULL,NULL,NULL,NULL,NULL,NULL,NULL,NULL,NULL,NULL,0,19,'M','film','O','admin','2022-11-20 23:42:26','admin','2022-11-20 23:42:58',1,'done');
INSERT INTO `oh_laboratory` VALUES (258,'03.06','2022-11-20 23:52:06','NEGATIVE',NULL,420,'Lampert Lacy',NULL,NULL,NULL,NULL,NULL,NULL,NULL,NULL,NULL,NULL,NULL,NULL,NULL,0,8,'F','undefined','I','admin','2022-11-20 23:52:06','admin','2022-11-20 23:52:17',1,'done');
INSERT INTO `oh_laboratory` VALUES (259,'05.06','2022-11-20 23:52:06','NEGATIVE',NULL,420,'Lampert Lacy',NULL,NULL,NULL,NULL,NULL,NULL,NULL,NULL,NULL,NULL,NULL,NULL,NULL,0,8,'F','undefined','I','admin','2022-11-20 23:52:06','admin','2022-11-20 23:52:17',1,'done');
INSERT INTO `oh_laboratory` VALUES (260,'07.04.1','2022-11-20 23:52:06','< 1.4 (NORMAL)',NULL,420,'Lampert Lacy',NULL,NULL,NULL,NULL,NULL,NULL,NULL,NULL,NULL,NULL,NULL,NULL,NULL,0,8,'F','undefined','I','admin','2022-11-20 23:52:06','admin','2022-11-20 23:52:17',1,'done');
INSERT INTO `oh_laboratory` VALUES (261,'01.05','2022-11-20 23:52:19','NORMAL',NULL,298,'Crystal Venessa',NULL,NULL,NULL,NULL,NULL,NULL,NULL,NULL,NULL,NULL,NULL,NULL,NULL,0,61,'F','undefined','O','admin','2022-11-20 23:52:19','admin','2022-11-20 23:52:39',1,'done');
INSERT INTO `oh_laboratory` VALUES (262,'URI','2022-11-20 23:52:19','Multiple results',NULL,298,'Crystal Venessa',NULL,NULL,NULL,NULL,NULL,NULL,NULL,NULL,NULL,NULL,NULL,NULL,NULL,0,61,'F','tissues','O','admin','2022-11-20 23:52:19','admin','2022-11-20 23:52:39',1,'done');
INSERT INTO `oh_laboratory` VALUES (263,'04.05','2022-11-20 23:52:40','NEGATIVE',NULL,344,'Manual Rowse',NULL,NULL,NULL,NULL,NULL,NULL,NULL,NULL,NULL,NULL,NULL,NULL,NULL,0,45,'M','undefined','O','admin','2022-11-20 23:52:40','admin','2022-11-20 23:52:54',1,'done');
INSERT INTO `oh_laboratory` VALUES (264,'06.04','2022-11-20 23:52:40','NEGATIVE',NULL,344,'Manual Rowse',NULL,NULL,NULL,NULL,NULL,NULL,NULL,NULL,NULL,NULL,NULL,NULL,NULL,0,45,'M','undefined','O','admin','2022-11-20 23:52:40','admin','2022-11-20 23:52:54',1,'done');
INSERT INTO `oh_laboratory` VALUES (265,'07.02','2022-11-20 23:52:40','LOW',NULL,344,'Manual Rowse',NULL,NULL,NULL,NULL,NULL,NULL,NULL,NULL,NULL,NULL,NULL,NULL,NULL,0,45,'M','undefined','O','admin','2022-11-20 23:52:40','admin','2022-11-20 23:52:54',1,'done');
INSERT INTO `oh_laboratory` VALUES (266,'01.06','2022-11-20 23:52:56','NEGATIVE',NULL,106,'Lola Singley',NULL,NULL,NULL,NULL,NULL,NULL,NULL,NULL,NULL,NULL,NULL,NULL,NULL,0,52,'F','undefined','I','admin','2022-11-20 23:52:56','admin','2022-11-20 23:53:09',1,'done');
INSERT INTO `oh_laboratory` VALUES (267,'04.06','2022-11-20 23:52:56','NEGATIVE',NULL,106,'Lola Singley',NULL,NULL,NULL,NULL,NULL,NULL,NULL,NULL,NULL,NULL,NULL,NULL,NULL,0,52,'F','undefined','I','admin','2022-11-20 23:52:56','admin','2022-11-20 23:53:09',1,'done');
INSERT INTO `oh_laboratory` VALUES (268,'05.04','2022-11-20 23:52:56','NEGATIVE',NULL,106,'Lola Singley',NULL,NULL,NULL,NULL,NULL,NULL,NULL,NULL,NULL,NULL,NULL,NULL,NULL,0,52,'F','sputum','I','admin','2022-11-20 23:52:56','admin','2022-11-20 23:53:09',1,'done');
INSERT INTO `oh_laboratory` VALUES (269,'05.02','2022-11-20 23:53:11','PLEAMORPHIC BACILLI',NULL,371,'Terrilyn Lara',NULL,NULL,NULL,NULL,NULL,NULL,NULL,NULL,NULL,NULL,NULL,NULL,NULL,0,32,'F','undefined','I','admin','2022-11-20 23:53:11','admin','2022-11-20 23:53:26',1,'done');
INSERT INTO `oh_laboratory` VALUES (270,'02.02','2022-11-20 23:53:28','NEGATIVE',NULL,308,'Donte Trantham',NULL,NULL,NULL,NULL,NULL,NULL,NULL,NULL,NULL,NULL,NULL,NULL,NULL,0,27,'M','undefined','O','admin','2022-11-20 23:53:28','admin','2022-11-20 23:53:40',1,'done');
INSERT INTO `oh_laboratory` VALUES (271,'05.05','2022-11-20 23:53:28','NEGATIVE',NULL,308,'Donte Trantham',NULL,NULL,NULL,NULL,NULL,NULL,NULL,NULL,NULL,NULL,NULL,NULL,NULL,0,27,'M','urine','O','admin','2022-11-20 23:53:28','admin','2022-11-20 23:53:40',1,'done');
INSERT INTO `oh_laboratory` VALUES (272,'01.01','2022-11-20 23:53:41','>=12 (NORMAL)',NULL,386,'Garth Marmo',NULL,NULL,NULL,NULL,NULL,NULL,NULL,NULL,NULL,NULL,NULL,NULL,NULL,0,5,'F','undefined','I','admin','2022-11-20 23:53:41','admin','2022-11-20 23:53:57',1,'done');
INSERT INTO `oh_laboratory` VALUES (273,'03.021','2022-11-20 23:53:41','NEGATIVE',NULL,386,'Garth Marmo',NULL,NULL,NULL,NULL,NULL,NULL,NULL,NULL,NULL,NULL,NULL,NULL,NULL,0,5,'F','undefined','I','admin','2022-11-20 23:53:41','admin','2022-11-20 23:53:57',1,'done');
INSERT INTO `oh_laboratory` VALUES (274,'03.05','2022-11-20 23:53:41','NEGATIVE',NULL,386,'Garth Marmo',NULL,NULL,NULL,NULL,NULL,NULL,NULL,NULL,NULL,NULL,NULL,NULL,NULL,0,5,'F','blood','I','admin','2022-11-20 23:53:41','admin','2022-11-20 23:53:57',1,'done');
INSERT INTO `oh_laboratory` VALUES (275,'07.02','2022-11-20 23:53:59','NORMAL',NULL,46,'Zenaida Bardsley',NULL,NULL,NULL,NULL,NULL,NULL,NULL,NULL,NULL,NULL,NULL,NULL,NULL,0,52,'M','undefined','I','admin','2022-11-20 23:53:59','admin','2022-11-20 23:54:13',1,'done');
INSERT INTO `oh_laboratory` VALUES (276,'07.03.3','2022-11-20 23:53:59','> 50',NULL,46,'Zenaida Bardsley',NULL,NULL,NULL,NULL,NULL,NULL,NULL,NULL,NULL,NULL,NULL,NULL,NULL,0,52,'M','cfs','I','admin','2022-11-20 23:53:59','admin','2022-11-20 23:54:13',1,'done');
INSERT INTO `oh_laboratory` VALUES (277,'01.05','2022-11-20 23:55:45','NORMAL',NULL,334,'Kristopher Starns',NULL,NULL,NULL,NULL,NULL,NULL,NULL,NULL,NULL,NULL,NULL,NULL,NULL,0,16,'M','undefined','O','admin','2022-11-20 23:55:45','admin','2022-11-20 23:55:59',1,'done');
INSERT INTO `oh_laboratory` VALUES (278,'07.03.4','2022-11-20 23:55:45','<= 50 (NORMAL)',NULL,334,'Kristopher Starns',NULL,NULL,NULL,NULL,NULL,NULL,NULL,NULL,NULL,NULL,NULL,NULL,NULL,0,16,'M','film','O','admin','2022-11-20 23:55:45','admin','2022-11-20 23:55:59',1,'done');
INSERT INTO `oh_laboratory` VALUES (279,'02.01','2022-11-20 23:56:00','A RH-',NULL,271,'Diego Roni',NULL,NULL,NULL,NULL,NULL,NULL,NULL,NULL,NULL,NULL,NULL,NULL,NULL,0,42,'F','undefined','O','admin','2022-11-20 23:56:00','admin','2022-11-20 23:56:22',1,'done');
INSERT INTO `oh_laboratory` VALUES (280,'04.03','2022-11-20 23:56:00','NEGATIVE',NULL,271,'Diego Roni',NULL,NULL,NULL,NULL,NULL,NULL,NULL,NULL,NULL,NULL,NULL,NULL,NULL,0,42,'F','undefined','O','admin','2022-11-20 23:56:00','admin','2022-11-20 23:56:22',1,'done');
INSERT INTO `oh_laboratory` VALUES (281,'01.06','2022-11-20 23:57:15','NEGATIVE',NULL,280,'Alejandra Zdenek',NULL,NULL,NULL,NULL,NULL,NULL,NULL,NULL,NULL,NULL,NULL,NULL,NULL,0,2,'M','undefined','I','admin','2022-11-20 23:57:15','admin','2022-11-20 23:57:25',1,'done');
INSERT INTO `oh_laboratory` VALUES (282,'04.05','2022-11-20 23:57:15','NEGATIVE',NULL,280,'Alejandra Zdenek',NULL,NULL,NULL,NULL,NULL,NULL,NULL,NULL,NULL,NULL,NULL,NULL,NULL,0,2,'M','undefined','I','admin','2022-11-20 23:57:15','admin','2022-11-20 23:57:25',1,'done');
INSERT INTO `oh_laboratory` VALUES (284,'02.02','2022-11-20 23:57:26','NEGATIVE',NULL,304,'Natalia Amo',NULL,NULL,NULL,NULL,NULL,NULL,NULL,NULL,NULL,NULL,NULL,NULL,NULL,0,73,'M','undefined','O','admin','2022-11-20 23:57:26','admin','2022-11-20 23:57:46',1,'done');
INSERT INTO `oh_laboratory` VALUES (285,'03.03','2022-11-20 23:57:26','Multiple results',NULL,304,'Natalia Amo',NULL,NULL,NULL,NULL,NULL,NULL,NULL,NULL,NULL,NULL,NULL,NULL,NULL,0,73,'M','undefined','O','admin','2022-11-20 23:57:26','admin','2022-11-20 23:57:46',1,'done');
INSERT INTO `oh_laboratory` VALUES (286,'03.04','2022-11-20 23:57:26','POSITIVE',NULL,304,'Natalia Amo',NULL,NULL,NULL,NULL,NULL,NULL,NULL,NULL,NULL,NULL,NULL,NULL,NULL,0,73,'M','undefined','O','admin','2022-11-20 23:57:26','admin','2022-11-20 23:57:46',1,'done');
INSERT INTO `oh_laboratory` VALUES (287,'03.01','2022-11-20 23:57:48','NEGATIVE',NULL,362,'Adina Nuckolls',NULL,NULL,NULL,NULL,NULL,NULL,NULL,NULL,NULL,NULL,NULL,NULL,NULL,0,26,'F','undefined','I','admin','2022-11-20 23:57:48','admin','2022-11-20 23:58:00',1,'done');
INSERT INTO `oh_laboratory` VALUES (288,'07.03','2022-11-20 23:57:48','NORMAL',NULL,362,'Adina Nuckolls',NULL,NULL,NULL,NULL,NULL,NULL,NULL,NULL,NULL,NULL,NULL,NULL,NULL,0,26,'F','undefined','I','admin','2022-11-20 23:57:48','admin','2022-11-20 23:58:00',1,'done');
INSERT INTO `oh_laboratory` VALUES (289,'04.01','2022-11-20 23:58:01','NEGATIVE',NULL,365,'Mora Reardon',NULL,NULL,NULL,NULL,NULL,NULL,NULL,NULL,NULL,NULL,NULL,NULL,NULL,0,25,'F','undefined','I','admin','2022-11-20 23:58:01','admin','2022-11-20 23:58:13',1,'done');
INSERT INTO `oh_laboratory` VALUES (290,'04.06','2022-11-20 23:58:01','NEGATIVE',NULL,365,'Mora Reardon',NULL,NULL,NULL,NULL,NULL,NULL,NULL,NULL,NULL,NULL,NULL,NULL,NULL,0,25,'F','undefined','I','admin','2022-11-20 23:58:01','admin','2022-11-20 23:58:13',1,'done');
INSERT INTO `oh_laboratory` VALUES (291,'07.01','2022-11-20 23:58:17','NEGATIVE',NULL,430,'Hemsley Mohammad',NULL,NULL,NULL,NULL,NULL,NULL,NULL,NULL,NULL,NULL,NULL,NULL,NULL,0,3,'M','undefined','I','admin','2022-11-20 23:58:17','admin','2022-11-20 23:58:29',1,'done');
INSERT INTO `oh_laboratory` VALUES (292,'07.04','2022-11-20 23:58:17','NORMAL',NULL,430,'Hemsley Mohammad',NULL,NULL,NULL,NULL,NULL,NULL,NULL,NULL,NULL,NULL,NULL,NULL,NULL,0,3,'M','undefined','I','admin','2022-11-20 23:58:17','admin','2022-11-20 23:58:29',1,'done');
INSERT INTO `oh_laboratory` VALUES (293,'02.02','2022-11-20 23:58:30','NEGATIVE',NULL,493,'Kina Musso',NULL,NULL,NULL,NULL,NULL,NULL,NULL,NULL,NULL,NULL,NULL,NULL,NULL,0,2,'F','undefined','O','admin','2022-11-20 23:58:30','admin','2022-11-20 23:58:45',1,'done');
INSERT INTO `oh_laboratory` VALUES (294,'03.01','2022-11-20 23:58:30','NEGATIVE',NULL,493,'Kina Musso',NULL,NULL,NULL,NULL,NULL,NULL,NULL,NULL,NULL,NULL,NULL,NULL,NULL,0,2,'F','undefined','O','admin','2022-11-20 23:58:30','admin','2022-11-20 23:58:45',1,'done');
INSERT INTO `oh_laboratory` VALUES (295,'03.021','2022-11-20 23:58:30','NEGATIVE',NULL,493,'Kina Musso',NULL,NULL,NULL,NULL,NULL,NULL,NULL,NULL,NULL,NULL,NULL,NULL,NULL,0,2,'F','undefined','O','admin','2022-11-20 23:58:30','admin','2022-11-20 23:58:45',1,'done');
INSERT INTO `oh_laboratory` VALUES (296,'03.01','2022-11-20 23:58:47','FEW',NULL,308,'Donte Trantham',NULL,NULL,NULL,NULL,NULL,NULL,NULL,NULL,NULL,NULL,NULL,NULL,NULL,0,27,'M','undefined','O','admin','2022-11-20 23:58:47','admin','2022-11-20 23:59:00',1,'done');
INSERT INTO `oh_laboratory` VALUES (297,'03.01','2022-11-20 23:59:01','++++',NULL,245,'Vanish Katrina',NULL,NULL,NULL,NULL,NULL,NULL,NULL,NULL,NULL,NULL,NULL,NULL,NULL,0,3,'M','undefined','I','admin','2022-11-20 23:59:01','admin','2022-11-20 23:59:22',1,'done');
INSERT INTO `oh_laboratory` VALUES (298,'03.02','2022-11-20 23:59:01','POSITIVE',NULL,245,'Vanish Katrina',NULL,NULL,NULL,NULL,NULL,NULL,NULL,NULL,NULL,NULL,NULL,NULL,NULL,0,3,'M','blood','I','admin','2022-11-20 23:59:01','admin','2022-11-20 23:59:22',1,'done');
INSERT INTO `oh_laboratory` VALUES (299,'01.02','2022-11-20 23:59:24','4000 - 7000 (NORMAL)',NULL,258,'Carmelina Rauch',NULL,NULL,NULL,NULL,NULL,NULL,NULL,NULL,NULL,NULL,NULL,NULL,NULL,0,7,'M','undefined','I','admin','2022-11-20 23:59:24','admin','2022-11-20 23:59:36',1,'done');
INSERT INTO `oh_laboratory` VALUES (300,'05.05','2022-11-20 23:59:24','NEGATIVE',NULL,258,'Carmelina Rauch',NULL,NULL,NULL,NULL,NULL,NULL,NULL,NULL,NULL,NULL,NULL,NULL,NULL,0,7,'M','undefined','I','admin','2022-11-20 23:59:24','admin','2022-11-20 23:59:36',1,'done');
INSERT INTO `oh_laboratory` VALUES (301,'05.06','2022-11-20 23:59:24','NEGATIVE',NULL,258,'Carmelina Rauch',NULL,NULL,NULL,NULL,NULL,NULL,NULL,NULL,NULL,NULL,NULL,NULL,NULL,0,7,'M','undefined','I','admin','2022-11-20 23:59:24','admin','2022-11-20 23:59:36',1,'done');
INSERT INTO `oh_laboratory` VALUES (302,'07.04.1','2022-11-21 01:47:45','< 1.4 (NORMAL)',NULL,318,'Stanton Durrah',NULL,NULL,NULL,NULL,NULL,NULL,NULL,NULL,NULL,NULL,NULL,NULL,NULL,0,44,'M','undefined','O','admin','2022-11-21 01:47:45','admin','2022-11-21 01:48:02',1,'done');
INSERT INTO `oh_laboratory` VALUES (303,'07.04.2','2022-11-21 01:47:45','10-55 (NORMAL)',NULL,318,'Stanton Durrah',NULL,NULL,NULL,NULL,NULL,NULL,NULL,NULL,NULL,NULL,NULL,NULL,NULL,0,44,'M','urine','O','admin','2022-11-21 01:47:45','admin','2022-11-21 01:48:02',1,'done');
INSERT INTO `oh_laboratory` VALUES (304,'05.05','2022-11-21 01:52:02','NEGATIVE',NULL,247,'Jestine Dacruz',NULL,NULL,NULL,NULL,NULL,NULL,NULL,NULL,NULL,NULL,NULL,NULL,NULL,0,3,'F','undefined','I','admin','2022-11-21 01:52:02','admin','2022-11-21 01:52:11',1,'done');
INSERT INTO `oh_laboratory` VALUES (305,'06.04','2022-11-21 02:23:20','NEGATIVE',NULL,516,'Genna Susterlind',NULL,NULL,NULL,NULL,NULL,NULL,NULL,NULL,NULL,NULL,NULL,NULL,NULL,0,47,'F','undefined','O','admin','2022-11-21 02:23:20','admin','2022-11-21 02:23:36',1,'done');
INSERT INTO `oh_laboratory` VALUES (306,'06.05','2022-11-21 02:23:20','NEGATIVE',NULL,516,'Genna Susterlind',NULL,NULL,NULL,NULL,NULL,NULL,NULL,NULL,NULL,NULL,NULL,NULL,NULL,0,47,'F','undefined','O','admin','2022-11-21 02:23:20','admin','2022-11-21 02:23:36',1,'done');
INSERT INTO `oh_laboratory` VALUES (307,'04.06','2022-11-21 22:08:31','NEGATIVE',NULL,311,'Vincent Arata',NULL,NULL,NULL,NULL,NULL,NULL,NULL,NULL,NULL,NULL,NULL,NULL,NULL,0,84,'M','undefined','O','admin','2022-11-21 22:08:31','admin','2022-11-21 22:08:43',1,'done');
INSERT INTO `oh_laboratory` VALUES (308,'05.04','2022-11-21 22:08:31','NEGATIVE',NULL,311,'Vincent Arata',NULL,NULL,NULL,NULL,NULL,NULL,NULL,NULL,NULL,NULL,NULL,NULL,NULL,0,84,'M','undefined','O','admin','2022-11-21 22:08:31','admin','2022-11-21 22:08:43',1,'done');
INSERT INTO `oh_laboratory` VALUES (309,'06.04','2022-11-21 22:08:31','NEGATIVE',NULL,311,'Vincent Arata',NULL,NULL,NULL,NULL,NULL,NULL,NULL,NULL,NULL,NULL,NULL,NULL,NULL,0,84,'M','undefined','O','admin','2022-11-21 22:08:31','admin','2022-11-21 22:08:43',1,'done');
INSERT INTO `oh_laboratory` VALUES (310,'01.04','2022-11-21 22:40:18','0',NULL,374,'Janusz Lavera',NULL,NULL,NULL,NULL,NULL,NULL,NULL,NULL,NULL,NULL,NULL,NULL,NULL,0,72,'F','blood','I','admin','2022-11-21 22:40:18','admin','2022-11-21 22:40:29',1,'done');
INSERT INTO `oh_laboratory` VALUES (311,'01.04','2022-11-21 22:40:40','0',NULL,315,'Hobert Kittelson',NULL,NULL,NULL,NULL,NULL,NULL,NULL,NULL,NULL,NULL,NULL,NULL,NULL,0,50,'M','undefined','O','admin','2022-11-21 22:40:40','admin','2022-11-21 22:41:07',1,'done');
INSERT INTO `oh_laboratory` VALUES (312,'01.06','2022-11-21 22:40:40','NEGATIVE',NULL,315,'Hobert Kittelson',NULL,NULL,NULL,NULL,NULL,NULL,NULL,NULL,NULL,NULL,NULL,NULL,NULL,0,50,'M','undefined','O','admin','2022-11-21 22:40:40','admin','2022-11-21 22:41:07',1,'done');
INSERT INTO `oh_laboratory` VALUES (313,'04.01','2022-11-21 22:40:40','POSITIVE',NULL,315,'Hobert Kittelson',NULL,NULL,NULL,NULL,NULL,NULL,NULL,NULL,NULL,NULL,NULL,NULL,NULL,0,50,'M','undefined','O','admin','2022-11-21 22:40:40','admin','2022-11-21 22:41:07',1,'done');
INSERT INTO `oh_laboratory` VALUES (314,'07.01','2022-11-23 16:02:33','NEGATIVE',NULL,523,'Quinlan Coors',NULL,NULL,NULL,NULL,NULL,NULL,NULL,NULL,NULL,NULL,NULL,NULL,NULL,0,8,'M','undefined','O','admin','2022-11-23 16:02:33','admin','2022-11-23 16:02:45',1,'done');
INSERT INTO `oh_laboratory` VALUES (315,'07.02','2022-11-23 16:02:33','NORMAL',NULL,523,'Quinlan Coors',NULL,NULL,NULL,NULL,NULL,NULL,NULL,NULL,NULL,NULL,NULL,NULL,NULL,0,8,'M','undefined','O','admin','2022-11-23 16:02:33','admin','2022-11-23 16:02:45',1,'done');
INSERT INTO `oh_laboratory` VALUES (316,'02.01','2021-03-13 22:47:53','AB RH+',NULL,524,'Geremia Dickinson',NULL,NULL,NULL,NULL,NULL,NULL,NULL,NULL,NULL,NULL,NULL,NULL,NULL,0,67,'M','undefined','O','admin','2021-03-13 22:47:53','admin','2021-03-13 22:48:18',1,'done');
INSERT INTO `oh_laboratory` VALUES (317,'07.04.1','2021-03-13 22:47:53','< 1.4 (NORMAL)',NULL,524,'Geremia Dickinson',NULL,NULL,NULL,NULL,NULL,NULL,NULL,NULL,NULL,NULL,NULL,NULL,NULL,0,67,'M','film','O','admin','2021-03-13 22:47:53','admin','2021-03-13 22:48:18',1,'done');
INSERT INTO `oh_laboratory` VALUES (318,'URI','2021-03-13 00:50:42','Multiple results',NULL,525,'Mary Garrington',NULL,NULL,NULL,NULL,NULL,NULL,NULL,NULL,NULL,NULL,NULL,NULL,NULL,0,0,'F','undefined','O','admin','2021-03-13 00:50:42','admin','2021-03-15 00:51:04',1,'done');
INSERT INTO `oh_laboratory` VALUES (319,'02.02','2021-03-13 00:54:26','NEGATIVE',NULL,242,'Bumpers Ferdinand',NULL,NULL,NULL,NULL,NULL,NULL,NULL,NULL,NULL,NULL,NULL,NULL,NULL,0,7,'M','undefined','I','admin','2021-03-13 00:54:26','admin','2021-03-15 00:54:39',1,'done');
INSERT INTO `oh_laboratory` VALUES (320,'03.01','2021-03-13 00:54:26','NEGATIVE',NULL,242,'Bumpers Ferdinand',NULL,NULL,NULL,NULL,NULL,NULL,NULL,NULL,NULL,NULL,NULL,NULL,NULL,0,7,'M','undefined','I','admin','2021-03-13 00:54:26','admin','2021-03-15 00:54:39',1,'done');
INSERT INTO `oh_laboratory` VALUES (321,'03.01','2021-03-13 01:17:47','NEGATIVE',NULL,528,'Kenty Willis',NULL,NULL,NULL,NULL,NULL,NULL,NULL,NULL,NULL,NULL,NULL,NULL,NULL,0,14,'F','undefined','O','admin','2021-03-13 01:17:47','admin','2021-03-15 01:17:57',1,'done');
INSERT INTO `oh_laboratory` VALUES (322,'04.06','2021-03-13 01:17:47','NEGATIVE',NULL,528,'Kenty Willis',NULL,NULL,NULL,NULL,NULL,NULL,NULL,NULL,NULL,NULL,NULL,NULL,NULL,0,14,'F','undefined','O','admin','2021-03-13 01:17:47','admin','2021-03-15 01:17:57',1,'done');
INSERT INTO `oh_laboratory` VALUES (323,'01.05','2021-03-15 12:16:50','NORMAL',NULL,405,'Eddings Carmine',NULL,NULL,NULL,NULL,NULL,NULL,NULL,NULL,NULL,NULL,NULL,NULL,NULL,0,15,'M','blood','O','admin','2021-03-15 12:16:50','admin','2021-03-15 12:17:08',1,'done');
INSERT INTO `oh_laboratory` VALUES (324,'05.04','2021-03-15 12:32:17','NEGATIVE',NULL,529,'Sara Hucklington',NULL,NULL,NULL,NULL,NULL,NULL,NULL,NULL,NULL,NULL,NULL,NULL,NULL,0,1,'F','undefined','O','admin','2021-03-15 12:32:17','admin','2021-03-15 12:32:40',1,'done');
INSERT INTO `oh_laboratory` VALUES (325,'07.04.1','2021-03-15 12:32:17','1.4 - 2.5',NULL,529,'Sara Hucklington',NULL,NULL,NULL,NULL,NULL,NULL,NULL,NULL,NULL,NULL,NULL,NULL,NULL,0,1,'F','undefined','O','admin','2021-03-15 12:32:17','admin','2021-03-15 12:32:40',1,'done');
INSERT INTO `oh_laboratory` VALUES (326,'03.01','2021-03-15 14:35:09','NEGATIVE',NULL,116,'Nieves Julietta',NULL,NULL,NULL,NULL,NULL,NULL,NULL,NULL,NULL,NULL,NULL,NULL,NULL,0,76,'F','undefined','I','admin','2021-03-15 14:35:09','admin','2021-03-15 14:35:24',1,'done');
INSERT INTO `oh_laboratory` VALUES (327,'03.021','2021-03-15 14:35:09','NEGATIVE',NULL,116,'Nieves Julietta',NULL,NULL,NULL,NULL,NULL,NULL,NULL,NULL,NULL,NULL,NULL,NULL,NULL,0,76,'F','undefined','I','admin','2021-03-15 14:35:09','admin','2021-03-15 14:35:24',1,'done');
INSERT INTO `oh_laboratory` VALUES (328,'03.06','2021-03-15 14:35:09','NEGATIVE',NULL,116,'Nieves Julietta',NULL,NULL,NULL,NULL,NULL,NULL,NULL,NULL,NULL,NULL,NULL,NULL,NULL,0,76,'F','undefined','I','admin','2021-03-15 14:35:09','admin','2021-03-15 14:35:24',1,'done');
INSERT INTO `oh_laboratory` VALUES (329,'08.01','2021-03-15 14:35:26','NEGATIVE',NULL,140,'Curtis Courson',NULL,NULL,NULL,NULL,NULL,NULL,NULL,NULL,NULL,NULL,NULL,NULL,NULL,0,73,'M','blood','O','admin','2021-03-15 14:35:26','admin','2021-03-15 14:35:39',1,'done');
INSERT INTO `oh_laboratory` VALUES (330,'07.03.3','2021-03-15 14:35:46','<= 50 (NORMAL)',NULL,313,'Depuy Darrell',NULL,NULL,NULL,NULL,NULL,NULL,NULL,NULL,NULL,NULL,NULL,NULL,NULL,0,51,'M','undefined','O','admin','2021-03-15 14:35:46','admin','2021-03-15 14:35:59',1,'done');
INSERT INTO `oh_laboratory` VALUES (331,'07.03.4','2021-03-15 14:35:46','> 50',NULL,313,'Depuy Darrell',NULL,NULL,NULL,NULL,NULL,NULL,NULL,NULL,NULL,NULL,NULL,NULL,NULL,0,51,'M','undefined','O','admin','2021-03-15 14:35:46','admin','2021-03-15 14:35:59',1,'done');
INSERT INTO `oh_laboratory` VALUES (332,'03.01','2021-03-15 19:41:32','NEGATIVE',NULL,233,'Jeffreys Risa',NULL,NULL,NULL,NULL,NULL,NULL,NULL,NULL,NULL,NULL,NULL,NULL,NULL,0,1,'F','blood','I','admin','2021-03-15 19:41:32','admin','2021-03-15 19:42:15',1,'done');
INSERT INTO `oh_laboratory` VALUES (333,'03.02','2021-03-15 19:41:32','NEGATIVE',NULL,233,'Jeffreys Risa',NULL,NULL,NULL,NULL,NULL,NULL,NULL,NULL,NULL,NULL,NULL,NULL,NULL,0,1,'F','blood','I','admin','2021-03-15 19:41:32','admin','2021-03-15 19:42:15',1,'done');
INSERT INTO `oh_laboratory` VALUES (334,'02.01','2023-02-04 02:30:00','AB RH+',NULL,553,'Yellen Unison',NULL,NULL,NULL,NULL,NULL,NULL,NULL,NULL,NULL,NULL,NULL,NULL,NULL,0,25,'F','blood','I','admin','2023-02-04 02:30:28','admin','2023-02-04 02:30:28',1,'done');
INSERT INTO `oh_laboratory` VALUES (335,'07.01','2023-02-04 02:30:00','NEGATIVE',NULL,553,'Yellen Unison',NULL,NULL,NULL,NULL,NULL,NULL,NULL,NULL,NULL,NULL,NULL,NULL,NULL,0,25,'F','undefined','I','admin','2023-02-04 02:30:28','admin','2023-02-04 02:30:28',1,'done');
INSERT INTO `oh_laboratory` VALUES (336,'02.01','2024-02-02 17:06:00','A RH-',NULL,557,'Karen Cunningham',NULL,NULL,NULL,NULL,NULL,NULL,NULL,NULL,NULL,NULL,NULL,NULL,NULL,0,29,'F','undefined','O','admin','2024-02-02 17:06:22','admin','2024-02-02 17:06:22',1,'done');
INSERT INTO `oh_laboratory` VALUES (337,'03.01','2024-02-02 17:06:00','NEGATIVE',NULL,557,'Karen Cunningham',NULL,NULL,NULL,NULL,NULL,NULL,NULL,NULL,NULL,NULL,NULL,NULL,NULL,0,29,'F','undefined','O','admin','2024-02-02 17:06:22','admin','2024-02-02 17:06:22',1,'done');
INSERT INTO `oh_laboratory` VALUES (338,'04.03','2024-02-02 17:06:00','NEGATIVE',NULL,558,'Killian Margo',NULL,NULL,NULL,NULL,NULL,NULL,NULL,NULL,NULL,NULL,NULL,NULL,NULL,0,57,'M','undefined','O','admin','2024-02-05 00:31:23','admin','2024-02-05 00:31:23',1,'done');
INSERT INTO `oh_laboratory` VALUES (339,'04.04','2024-02-02 17:06:00','NEGATIVE',NULL,558,'Killian Margo',NULL,NULL,NULL,NULL,NULL,NULL,NULL,NULL,NULL,NULL,NULL,NULL,NULL,0,57,'M','undefined','O','admin','2024-02-05 00:31:23','admin','2024-02-05 00:31:23',1,'done');
INSERT INTO `oh_laboratory` VALUES (340,'04.05','2024-02-02 17:06:00','NEGATIVE',NULL,558,'Killian Margo',NULL,NULL,NULL,NULL,NULL,NULL,NULL,NULL,NULL,NULL,NULL,NULL,NULL,0,57,'M','undefined','O','admin','2024-02-05 00:31:23','admin','2024-02-05 00:31:23',1,'done');
INSERT INTO `oh_laboratory` VALUES (341,'URI','2024-02-10 18:57:00','Multiple results',NULL,562,'Julian Freeman',NULL,NULL,NULL,NULL,NULL,NULL,NULL,NULL,NULL,NULL,NULL,NULL,NULL,0,67,'M','undefined','O','admin','2024-02-10 18:57:40','admin','2024-02-10 18:57:40',1,'done');
INSERT INTO `oh_laboratory` VALUES (342,'03.01','2024-02-09 10:57:00','NEGATIVE',NULL,561,'Georgina Urguanu',NULL,NULL,NULL,NULL,NULL,NULL,NULL,NULL,NULL,NULL,NULL,NULL,NULL,0,23,'F','urine','O','admin','2024-02-10 18:58:06','admin','2024-02-10 18:58:06',1,'done');
INSERT INTO `oh_laboratory` VALUES (343,'01.03','2026-01-14 16:45:00',' ',NULL,563,'John Okoche',NULL,NULL,NULL,NULL,NULL,NULL,NULL,NULL,NULL,NULL,NULL,NULL,NULL,0,25,'M','undefined','O','admin','2026-01-14 16:45:51','admin','2026-01-14 16:45:51',1,'done');
INSERT INTO `oh_laboratory` VALUES (344,'03.01','2026-01-14 16:45:00','NEGATIVE',NULL,563,'John Okoche',NULL,NULL,NULL,NULL,NULL,NULL,NULL,NULL,NULL,NULL,NULL,NULL,NULL,0,25,'M','undefined','O','admin','2026-01-14 16:45:51','admin','2026-01-14 16:45:51',1,'done');
INSERT INTO `oh_laboratory` VALUES (345,'03.02','2026-01-14 16:45:00','POSITIVE',NULL,563,'John Okoche',NULL,NULL,NULL,NULL,NULL,NULL,NULL,NULL,NULL,NULL,NULL,NULL,NULL,0,25,'M','undefined','O','admin','2026-01-14 16:45:51','admin','2026-01-14 16:45:51',1,'done');
INSERT INTO `oh_laboratory` VALUES (346,'03.021','2026-01-14 16:45:00','NEGATIVE',NULL,563,'John Okoche',NULL,NULL,NULL,NULL,NULL,NULL,NULL,NULL,NULL,NULL,NULL,NULL,NULL,0,25,'M','undefined','O','admin','2026-01-14 16:45:51','admin','2026-01-14 16:45:51',1,'done');
INSERT INTO `oh_laboratory` VALUES (347,'06.02','2026-01-14 16:45:00','NEGATIVE',NULL,566,'Lisa Franklin',NULL,NULL,NULL,NULL,NULL,NULL,NULL,NULL,NULL,NULL,NULL,NULL,NULL,0,29,'F','undefined','O','admin','2026-01-14 17:05:37','admin','2026-01-14 17:05:37',1,'done');
INSERT INTO `oh_laboratory` VALUES (348,'06.06','2026-01-14 16:45:00','POSITIVE',NULL,566,'Lisa Franklin',NULL,NULL,NULL,NULL,NULL,NULL,NULL,NULL,NULL,NULL,NULL,NULL,NULL,0,29,'F','undefined','O','admin','2026-01-14 17:05:37','admin','2026-01-14 17:05:37',1,'done');
INSERT INTO `oh_laboratory` VALUES (349,'URI','2026-01-14 16:45:00','Multiple results',NULL,566,'Lisa Franklin',NULL,NULL,NULL,NULL,NULL,NULL,NULL,NULL,NULL,NULL,NULL,NULL,NULL,0,29,'F','undefined','O','admin','2026-01-14 17:05:37','admin','2026-01-14 17:05:37',1,'done');
/*!40000 ALTER TABLE `oh_laboratory` ENABLE KEYS */;
UNLOCK TABLES;

--
-- Table structure for table `oh_laboratoryrow`
--

DROP TABLE IF EXISTS `oh_laboratoryrow`;
/*!40101 SET @saved_cs_client     = @@character_set_client */;
/*!40101 SET character_set_client = utf8mb4 */;
CREATE TABLE `oh_laboratoryrow` (
  `LABR_ID` int(11) NOT NULL AUTO_INCREMENT,
  `LABR_LAB_ID` int(11) NOT NULL,
  `LABR_DESC` varchar(50) NOT NULL,
  `LABR_CREATED_BY` varchar(50) DEFAULT NULL,
  `LABR_CREATED_DATE` datetime DEFAULT NULL,
  `LABR_LAST_MODIFIED_BY` varchar(50) DEFAULT NULL,
  `LABR_LAST_MODIFIED_DATE` datetime DEFAULT NULL,
  `LABR_ACTIVE` tinyint(1) NOT NULL DEFAULT 1,
  PRIMARY KEY (`LABR_ID`),
  KEY `FK_LABORATORYROW_LABORATORY` (`LABR_LAB_ID`),
  KEY `FK_LABORATORYROW_CREATED_BY_IDX` (`LABR_CREATED_BY`),
  KEY `FK_LABORATORYROW_LAST_MODIFIED_BY_IDX` (`LABR_LAST_MODIFIED_BY`),
  CONSTRAINT `FK_LABORATORYROW_CREATED_BY` FOREIGN KEY (`LABR_CREATED_BY`) REFERENCES `oh_user` (`US_ID_A`) ON DELETE NO ACTION ON UPDATE NO ACTION,
  CONSTRAINT `FK_LABORATORYROW_LABORATORY` FOREIGN KEY (`LABR_LAB_ID`) REFERENCES `oh_laboratory` (`LAB_ID`) ON DELETE NO ACTION ON UPDATE CASCADE,
  CONSTRAINT `FK_LABORATORYROW_LAST_MODIFIED_BY` FOREIGN KEY (`LABR_LAST_MODIFIED_BY`) REFERENCES `oh_user` (`US_ID_A`) ON DELETE NO ACTION ON UPDATE NO ACTION
) ENGINE=InnoDB AUTO_INCREMENT=80 DEFAULT CHARSET=utf8mb3 COLLATE=utf8mb3_general_ci;
/*!40101 SET character_set_client = @saved_cs_client */;

--
-- Dumping data for table `oh_laboratoryrow`
--

LOCK TABLES `oh_laboratoryrow` WRITE;
/*!40000 ALTER TABLE `oh_laboratoryrow` DISABLE KEYS */;
INSERT INTO `oh_laboratoryrow` VALUES (34,262,'BILIRUBIN','admin','2022-11-20 23:52:39','admin','2022-11-20 23:52:39',1);
INSERT INTO `oh_laboratoryrow` VALUES (35,262,'PROTEIN','admin','2022-11-20 23:52:39','admin','2022-11-20 23:52:39',1);
INSERT INTO `oh_laboratoryrow` VALUES (36,262,'SEDIMENTS','admin','2022-11-20 23:52:39','admin','2022-11-20 23:52:39',1);
INSERT INTO `oh_laboratoryrow` VALUES (37,262,'SUGAR','admin','2022-11-20 23:52:39','admin','2022-11-20 23:52:39',1);
INSERT INTO `oh_laboratoryrow` VALUES (38,285,'HOOK WORM','admin','2022-11-20 23:57:46','admin','2022-11-20 23:57:46',1);
INSERT INTO `oh_laboratoryrow` VALUES (39,285,'E.COLI CYSTS','admin','2022-11-20 23:57:46','admin','2022-11-20 23:57:46',1);
INSERT INTO `oh_laboratoryrow` VALUES (40,285,'TAENIA SAGINATA','admin','2022-11-20 23:57:46','admin','2022-11-20 23:57:46',1);
INSERT INTO `oh_laboratoryrow` VALUES (41,191,'SUGAR','admin','2022-11-21 00:34:15','admin','2022-11-21 00:34:15',1);
INSERT INTO `oh_laboratoryrow` VALUES (42,193,'SUGAR','admin','2022-11-21 00:36:04','admin','2022-11-21 00:36:04',1);
INSERT INTO `oh_laboratoryrow` VALUES (43,187,'SEDIMENTS','admin','2022-11-21 00:36:09','admin','2022-11-21 00:36:09',1);
INSERT INTO `oh_laboratoryrow` VALUES (44,185,'SEDIMENTS','admin','2022-11-21 00:36:14','admin','2022-11-21 00:36:14',1);
INSERT INTO `oh_laboratoryrow` VALUES (45,204,'E.VERMICULARIS','admin','2022-11-21 00:36:22','admin','2022-11-21 00:36:22',1);
INSERT INTO `oh_laboratoryrow` VALUES (46,195,'SUGAR','admin','2022-11-21 00:36:28','admin','2022-11-21 00:36:28',1);
INSERT INTO `oh_laboratoryrow` VALUES (47,50,'SUGAR','admin','2022-11-21 00:37:50','admin','2022-11-21 00:37:50',1);
INSERT INTO `oh_laboratoryrow` VALUES (48,53,'SEDIMENTS','admin','2022-11-21 00:38:00','admin','2022-11-21 00:38:00',1);
INSERT INTO `oh_laboratoryrow` VALUES (49,88,'TAENIA SOLIUM','admin','2022-11-21 00:38:26','admin','2022-11-21 00:38:26',1);
INSERT INTO `oh_laboratoryrow` VALUES (50,99,'E.HISTOLYTICA','admin','2022-11-21 00:38:34','admin','2022-11-21 00:38:34',1);
INSERT INTO `oh_laboratoryrow` VALUES (51,87,'S.MANSONI','admin','2022-11-21 00:39:41','admin','2022-11-21 00:39:41',1);
INSERT INTO `oh_laboratoryrow` VALUES (52,120,'SEDIMENTS','admin','2022-11-21 00:40:06','admin','2022-11-21 00:40:06',1);
INSERT INTO `oh_laboratoryrow` VALUES (53,122,'HOOK WORM','admin','2022-11-21 00:40:29','admin','2022-11-21 00:40:29',1);
INSERT INTO `oh_laboratoryrow` VALUES (54,124,'SEDIMENTS','admin','2022-11-21 00:41:15','admin','2022-11-21 00:41:15',1);
INSERT INTO `oh_laboratoryrow` VALUES (55,89,'A..LUMBRICOIDES','admin','2022-11-21 00:41:42','admin','2022-11-21 00:41:42',1);
INSERT INTO `oh_laboratoryrow` VALUES (56,14,'SUGAR','admin','2022-11-21 00:41:59','admin','2022-11-21 00:41:59',1);
INSERT INTO `oh_laboratoryrow` VALUES (57,33,'SUGAR','admin','2022-11-21 00:42:03','admin','2022-11-21 00:42:03',1);
INSERT INTO `oh_laboratoryrow` VALUES (58,56,'SUGAR','admin','2022-11-21 00:43:53','admin','2022-11-21 00:43:53',1);
INSERT INTO `oh_laboratoryrow` VALUES (59,76,'SUGAR','admin','2022-11-21 00:44:46','admin','2022-11-21 00:44:46',1);
INSERT INTO `oh_laboratoryrow` VALUES (60,68,'PROTEIN','admin','2022-11-21 00:45:09','admin','2022-11-21 00:45:09',1);
INSERT INTO `oh_laboratoryrow` VALUES (61,75,'SEDIMENTS','admin','2022-11-21 00:45:17','admin','2022-11-21 00:45:17',1);
INSERT INTO `oh_laboratoryrow` VALUES (62,30,'SUGAR','admin','2022-11-21 00:45:23','admin','2022-11-21 00:45:23',1);
INSERT INTO `oh_laboratoryrow` VALUES (63,81,'SUGAR','admin','2022-11-21 00:49:47','admin','2022-11-21 00:49:47',1);
INSERT INTO `oh_laboratoryrow` VALUES (64,17,'SEDIMENTS','admin','2022-11-21 00:50:14','admin','2022-11-21 00:50:14',1);
INSERT INTO `oh_laboratoryrow` VALUES (65,153,'TAENIA SOLIUM','admin','2022-11-21 00:51:47','admin','2022-11-21 00:51:47',1);
INSERT INTO `oh_laboratoryrow` VALUES (66,172,'HOOK WORM','admin','2022-11-21 01:23:35','admin','2022-11-21 01:23:35',1);
INSERT INTO `oh_laboratoryrow` VALUES (67,184,'SEDIMENTS','admin','2022-11-21 01:23:47','admin','2022-11-21 01:23:47',1);
INSERT INTO `oh_laboratoryrow` VALUES (68,181,'E.COLI CYSTS','admin','2022-11-21 01:24:08','admin','2022-11-21 01:24:08',1);
INSERT INTO `oh_laboratoryrow` VALUES (69,180,'SUGAR','admin','2022-11-21 01:24:25','admin','2022-11-21 01:24:25',1);
INSERT INTO `oh_laboratoryrow` VALUES (70,161,'SUGAR','admin','2022-11-21 01:27:37','admin','2022-11-21 01:27:37',1);
INSERT INTO `oh_laboratoryrow` VALUES (71,215,'G.LAMBLIA','admin','2022-11-21 01:28:04','admin','2022-11-21 01:28:04',1);
INSERT INTO `oh_laboratoryrow` VALUES (72,178,'SUGAR','admin','2022-11-21 01:30:39','admin','2022-11-21 01:30:39',1);
INSERT INTO `oh_laboratoryrow` VALUES (73,233,'SUGAR','admin','2022-11-21 01:31:24','admin','2022-11-21 01:31:24',1);
INSERT INTO `oh_laboratoryrow` VALUES (74,140,'TAENIA SOLIUM','admin','2022-11-21 01:31:33','admin','2022-11-21 01:31:33',1);
INSERT INTO `oh_laboratoryrow` VALUES (75,177,'G.LAMBLIA','admin','2022-11-21 01:40:26','admin','2022-11-21 01:40:26',1);
INSERT INTO `oh_laboratoryrow` VALUES (76,318,'BILIRUBIN','admin','2021-03-15 00:51:04','admin','2021-03-15 00:51:04',1);
INSERT INTO `oh_laboratoryrow` VALUES (77,318,'SUGAR','admin','2021-03-15 00:51:04','admin','2021-03-15 00:51:04',1);
INSERT INTO `oh_laboratoryrow` VALUES (78,341,'PROTEIN','admin','2024-02-10 18:57:40','admin','2024-02-10 18:57:40',1);
INSERT INTO `oh_laboratoryrow` VALUES (79,341,'UROBILINOGEN','admin','2024-02-10 18:57:40','admin','2024-02-10 18:57:40',1);
/*!40000 ALTER TABLE `oh_laboratoryrow` ENABLE KEYS */;
UNLOCK TABLES;

--
-- Table structure for table `oh_log`
--

DROP TABLE IF EXISTS `oh_log`;
/*!40101 SET @saved_cs_client     = @@character_set_client */;
/*!40101 SET character_set_client = utf8mb4 */;
CREATE TABLE `oh_log` (
  `LOG_ID` int(11) NOT NULL AUTO_INCREMENT,
  `LOG_TYPE` int(11) NOT NULL,
  `LOG_CLASS` varchar(100) DEFAULT NULL,
  `LOG_METHOD` varchar(64) DEFAULT NULL,
  `LOG_TIME` datetime NOT NULL,
  `LOG_MESS` varchar(1024) DEFAULT NULL,
  `LOG_USER` varchar(50) DEFAULT NULL,
  PRIMARY KEY (`LOG_ID`)
) ENGINE=InnoDB DEFAULT CHARSET=utf8mb3 COLLATE=utf8mb3_general_ci;
/*!40101 SET character_set_client = @saved_cs_client */;

--
-- Dumping data for table `oh_log`
--

LOCK TABLES `oh_log` WRITE;
/*!40000 ALTER TABLE `oh_log` DISABLE KEYS */;
/*!40000 ALTER TABLE `oh_log` ENABLE KEYS */;
UNLOCK TABLES;

--
-- Table structure for table `oh_malnutritioncontrol`
--

DROP TABLE IF EXISTS `oh_malnutritioncontrol`;
/*!40101 SET @saved_cs_client     = @@character_set_client */;
/*!40101 SET character_set_client = utf8mb4 */;
CREATE TABLE `oh_malnutritioncontrol` (
  `MLN_ID` int(11) NOT NULL AUTO_INCREMENT,
  `MLN_DATE_SUPP` datetime NOT NULL,
  `MNL_DATE_CONF` datetime DEFAULT NULL,
  `MLN_ADM_ID` int(11) NOT NULL,
  `MLN_HEIGHT` float NOT NULL,
  `MLN_WEIGHT` float NOT NULL,
  `MLN_LOCK` int(11) NOT NULL DEFAULT 0,
  `MLN_CREATED_BY` varchar(50) DEFAULT NULL,
  `MLN_CREATED_DATE` datetime DEFAULT NULL,
  `MLN_LAST_MODIFIED_BY` varchar(50) DEFAULT NULL,
  `MLN_LAST_MODIFIED_DATE` datetime DEFAULT NULL,
  `MLN_ACTIVE` tinyint(1) NOT NULL DEFAULT 1,
  PRIMARY KEY (`MLN_ID`),
  KEY `FK_MALNUTRITIONCONTROL_CREATED_BY_IDX` (`MLN_CREATED_BY`),
  KEY `FK_MALNUTRITIONCONTROL_LAST_MODIFIED_BY_IDX` (`MLN_LAST_MODIFIED_BY`),
  CONSTRAINT `FK_MALNUTRITIONCONTROL_CREATED_BY` FOREIGN KEY (`MLN_CREATED_BY`) REFERENCES `oh_user` (`US_ID_A`) ON DELETE NO ACTION ON UPDATE NO ACTION,
  CONSTRAINT `FK_MALNUTRITIONCONTROL_LAST_MODIFIED_BY` FOREIGN KEY (`MLN_LAST_MODIFIED_BY`) REFERENCES `oh_user` (`US_ID_A`) ON DELETE NO ACTION ON UPDATE NO ACTION
) ENGINE=InnoDB DEFAULT CHARSET=utf8mb3 COLLATE=utf8mb3_general_ci;
/*!40101 SET character_set_client = @saved_cs_client */;

--
-- Dumping data for table `oh_malnutritioncontrol`
--

LOCK TABLES `oh_malnutritioncontrol` WRITE;
/*!40000 ALTER TABLE `oh_malnutritioncontrol` DISABLE KEYS */;
/*!40000 ALTER TABLE `oh_malnutritioncontrol` ENABLE KEYS */;
UNLOCK TABLES;

--
-- Table structure for table `oh_medicaldsr`
--

DROP TABLE IF EXISTS `oh_medicaldsr`;
/*!40101 SET @saved_cs_client     = @@character_set_client */;
/*!40101 SET character_set_client = utf8mb4 */;
CREATE TABLE `oh_medicaldsr` (
  `MDSR_ID` int(11) NOT NULL AUTO_INCREMENT,
  `MDSR_MDSRT_ID_A` char(1) NOT NULL,
  `MDSR_CODE` varchar(5) NOT NULL,
  `MDSR_DESC` varchar(100) NOT NULL,
  `MDSR_MIN_STOCK_QTI` float NOT NULL DEFAULT 0,
  `MDSR_INI_STOCK_QTI` float NOT NULL DEFAULT 0,
  `MDSR_PCS_X_PCK` int(11) NOT NULL,
  `MDSR_IN_QTI` float NOT NULL DEFAULT 0,
  `MDSR_OUT_QTI` float NOT NULL DEFAULT 0,
  `MDSR_LOCK` int(11) NOT NULL DEFAULT 0,
  `MDSR_DELETED` char(1) NOT NULL DEFAULT 'N',
  `MDSR_CREATED_BY` varchar(50) DEFAULT NULL,
  `MDSR_CREATED_DATE` datetime DEFAULT NULL,
  `MDSR_LAST_MODIFIED_BY` varchar(50) DEFAULT NULL,
  `MDSR_LAST_MODIFIED_DATE` datetime DEFAULT NULL,
  `MDSR_ACTIVE` tinyint(1) NOT NULL DEFAULT 1,
  PRIMARY KEY (`MDSR_ID`),
  UNIQUE KEY `MDSR_MDSRT_ID_A` (`MDSR_MDSRT_ID_A`,`MDSR_DESC`),
  KEY `FK_MEDICALDSR_CREATED_BY_IDX` (`MDSR_CREATED_BY`),
  KEY `FK_MEDICALDSR_LAST_MODIFIED_BY_IDX` (`MDSR_LAST_MODIFIED_BY`),
  CONSTRAINT `FK_MEDICALDSR_CREATED_BY` FOREIGN KEY (`MDSR_CREATED_BY`) REFERENCES `oh_user` (`US_ID_A`) ON DELETE NO ACTION ON UPDATE NO ACTION,
  CONSTRAINT `FK_MEDICALDSR_LAST_MODIFIED_BY` FOREIGN KEY (`MDSR_LAST_MODIFIED_BY`) REFERENCES `oh_user` (`US_ID_A`) ON DELETE NO ACTION ON UPDATE NO ACTION,
  CONSTRAINT `FK_MEDICALDSR_MEDICALDSRTYPE` FOREIGN KEY (`MDSR_MDSRT_ID_A`) REFERENCES `oh_medicaldsrtype` (`MDSRT_ID_A`) ON DELETE NO ACTION ON UPDATE CASCADE
) ENGINE=InnoDB AUTO_INCREMENT=419 DEFAULT CHARSET=utf8mb3 COLLATE=utf8mb3_general_ci;
/*!40101 SET character_set_client = @saved_cs_client */;

--
-- Dumping data for table `oh_medicaldsr`
--

LOCK TABLES `oh_medicaldsr` WRITE;
/*!40000 ALTER TABLE `oh_medicaldsr` DISABLE KEYS */;
INSERT INTO `oh_medicaldsr` VALUES (1,'K','1','Glucose Test Strip ( Sure Step)',0,0,8,0,0,1,'N',NULL,NULL,'admin','2024-02-02 00:12:45',1);
INSERT INTO `oh_medicaldsr` VALUES (2,'L','2','Acetic Acid Glacial 1 ltr',0,0,3,0,0,1,'N',NULL,NULL,'admin','2024-02-02 00:12:50',1);
INSERT INTO `oh_medicaldsr` VALUES (3,'L','3','Aceton 99% 1ltr',0,0,2,0,0,1,'N',NULL,NULL,'admin','2024-02-02 00:12:57',1);
INSERT INTO `oh_medicaldsr` VALUES (4,'L','4','Copper 11 Sulphate 500g',0,0,10,0,0,1,'N',NULL,NULL,'admin','2024-02-02 00:13:02',1);
INSERT INTO `oh_medicaldsr` VALUES (5,'L','5','EDTA Di- sodium salt 100g',0,0,50,0,0,2,'N',NULL,NULL,'admin','2024-02-10 18:47:56',1);
INSERT INTO `oh_medicaldsr` VALUES (6,'L','6','Ethanol Absolute 1ltr',0,0,30,0,0,1,'N',NULL,NULL,'admin','2024-02-02 01:15:47',1);
INSERT INTO `oh_medicaldsr` VALUES (7,'L','7','Formaldelyde solution 35-38% 1ltr',0,0,30,0,0,1,'N',NULL,NULL,'admin','2024-02-05 00:36:42',1);
INSERT INTO `oh_medicaldsr` VALUES (8,'L','8','Hydrochloric Acid 30-33% 1ltr',0,0,10,0,0,1,'N',NULL,NULL,'admin','2024-02-05 00:36:47',1);
INSERT INTO `oh_medicaldsr` VALUES (9,'L','9','Iodin Crystal 100g',0,0,4,0,0,1,'N',NULL,NULL,'admin','2024-02-02 00:12:25',1);
INSERT INTO `oh_medicaldsr` VALUES (10,'L','10','Methanol 99% 1ltr',0,0,4,0,0,1,'N',NULL,NULL,'admin','2024-02-02 00:12:30',1);
INSERT INTO `oh_medicaldsr` VALUES (11,'L','11','Phenol crystals 1kg',0,0,2,0,0,2,'N',NULL,NULL,'admin','2024-02-10 18:47:46',1);
INSERT INTO `oh_medicaldsr` VALUES (12,'L','12','Potassium iodide 100g',0,0,5,0,0,1,'N',NULL,NULL,'admin','2024-02-05 00:36:52',1);
INSERT INTO `oh_medicaldsr` VALUES (13,'L','13','Sodium Carbonate Anhydrous 500g',0,0,5,0,0,1,'N',NULL,NULL,'admin','2024-02-05 00:36:57',1);
INSERT INTO `oh_medicaldsr` VALUES (14,'L','14','Sodium Citrate 100g',0,0,20,0,0,2,'N',NULL,NULL,'admin','2024-02-10 18:47:37',1);
INSERT INTO `oh_medicaldsr` VALUES (15,'L','15','Sodium Sulphate 500g',0,0,5,0,0,1,'N',NULL,NULL,'admin','2024-02-05 00:37:06',1);
INSERT INTO `oh_medicaldsr` VALUES (16,'L','16','Sodium Nitrate 25g',0,0,100,0,0,3,'N',NULL,NULL,'admin','2024-02-10 18:39:18',1);
INSERT INTO `oh_medicaldsr` VALUES (17,'L','17','Sulphosalicylic Acid 500g',0,0,10,0,0,2,'Y',NULL,NULL,'admin','2024-05-23 18:34:31',1);
INSERT INTO `oh_medicaldsr` VALUES (18,'L','18','Sulphuric Acid Conc 1ltr',0,0,12,0,0,1,'N',NULL,NULL,'admin','2024-02-05 00:37:23',1);
INSERT INTO `oh_medicaldsr` VALUES (19,'L','19','Xylene 2.5 ltrs',0,0,30,0,0,1,'N',NULL,NULL,'admin','2024-02-02 00:12:20',1);
INSERT INTO `oh_medicaldsr` VALUES (20,'L','20','Sodium Flouride',0,0,5,0,0,1,'N',NULL,NULL,'admin','2024-02-05 00:32:51',1);
INSERT INTO `oh_medicaldsr` VALUES (21,'L','21','Potassium Oxalate',0,0,5,0,0,1,'N',NULL,NULL,'admin','2024-02-05 00:32:55',1);
INSERT INTO `oh_medicaldsr` VALUES (22,'L','22','Brillians crystal blue',0,0,8,0,0,1,'N',NULL,NULL,'admin','2024-02-05 00:33:00',1);
INSERT INTO `oh_medicaldsr` VALUES (23,'L','23','Amonium Oxalate',0,0,8,0,0,1,'N',NULL,NULL,'admin','2024-02-05 00:33:04',1);
INSERT INTO `oh_medicaldsr` VALUES (24,'L','24','4 Dimethyl Aminobenzaldelyde',0,0,12,0,0,1,'N',NULL,NULL,'admin','2024-02-05 00:33:09',1);
INSERT INTO `oh_medicaldsr` VALUES (25,'L','25','Trichloro acetic Acid',0,0,40,0,0,1,'N',NULL,NULL,'admin','2024-02-02 01:15:40',1);
INSERT INTO `oh_medicaldsr` VALUES (26,'L','26','Non 111 Chloride (Ferric chloride)',0,0,10,0,0,1,'N',NULL,NULL,'admin','2024-02-02 17:08:54',1);
INSERT INTO `oh_medicaldsr` VALUES (27,'L','27','Sodium Carbonate Anhydrous',0,0,8,0,0,1,'N',NULL,NULL,'admin','2024-02-02 17:09:06',1);
INSERT INTO `oh_medicaldsr` VALUES (28,'L','28','Trisodium Citrate',0,0,20,0,0,1,'N',NULL,NULL,'admin','2024-02-05 00:37:31',1);
INSERT INTO `oh_medicaldsr` VALUES (29,'L','29','Crystal Violet',0,0,12,0,0,1,'N',NULL,NULL,'admin','2024-02-02 17:09:19',1);
INSERT INTO `oh_medicaldsr` VALUES (30,'K','30','GPT (ALT) 200ml ( Does not have NAOH)',0,0,14,0,0,1,'N',NULL,NULL,'admin','2024-02-02 17:09:29',1);
INSERT INTO `oh_medicaldsr` VALUES (31,'K','31','GOT ( AST) 200ml has no NAOH) AS 101',0,0,16,0,0,1,'N',NULL,NULL,'admin','2024-02-02 17:09:35',1);
INSERT INTO `oh_medicaldsr` VALUES (32,'K','32','GOT ( AST) 200ml (Calorimetric) AS 147',0,0,16,0,0,1,'N',NULL,NULL,'admin','2024-02-02 17:09:41',1);
INSERT INTO `oh_medicaldsr` VALUES (33,'K','33','HIV 1/2 Capillus Kit 100Tests',0,0,10,0,0,2,'N',NULL,NULL,'admin','2024-02-10 18:47:24',1);
INSERT INTO `oh_medicaldsr` VALUES (34,'K','34','HIV Buffer for determine Kit',0,0,80,0,0,1,'N',NULL,NULL,'admin','2024-02-02 00:13:14',1);
INSERT INTO `oh_medicaldsr` VALUES (35,'K','35','HIV Determine 1/11 (Abbott) 100Tests',0,0,20,0,0,2,'N',NULL,NULL,'admin','2024-02-10 18:39:34',1);
INSERT INTO `oh_medicaldsr` VALUES (36,'K','36','HIV UNIGOLD 1/11 Test Kits 20 Tests',0,0,40,0,0,1,'N',NULL,NULL,'admin','2024-02-02 17:09:54',1);
INSERT INTO `oh_medicaldsr` VALUES (37,'K','37','Pregnacy ( HGG Latex) 50 tests',0,0,25,0,0,2,'N',NULL,NULL,'admin','2024-02-10 18:39:42',1);
INSERT INTO `oh_medicaldsr` VALUES (38,'K','38','RPR 125mm x 75mm',0,0,12,0,0,1,'N',NULL,NULL,'admin','2024-02-02 17:10:03',1);
INSERT INTO `oh_medicaldsr` VALUES (39,'K','39','RPR ( VDRL Carbon ) Antigen 5ml',0,0,27,0,0,1,'N',NULL,NULL,'admin','2024-02-02 00:13:25',1);
INSERT INTO `oh_medicaldsr` VALUES (40,'D','40','Adrenaline 1mg/ml 1ml Amp',0,0,5,100,100,1,'N',NULL,NULL,'admin','2024-02-02 17:10:11',1);
INSERT INTO `oh_medicaldsr` VALUES (41,'D','41','Aminophyline 25mg/ml,10ml Amp',0,0,12,190,0,2,'Y',NULL,NULL,'admin','2024-05-23 18:43:26',1);
INSERT INTO `oh_medicaldsr` VALUES (42,'D','42','Amphotericin B 50mg Vial',0,0,24,0,0,1,'N',NULL,NULL,'admin','2024-02-02 17:10:26',1);
INSERT INTO `oh_medicaldsr` VALUES (43,'D','43','Ampicillin 500mg Vial',0,0,45,650,0,1,'N',NULL,NULL,'admin','2024-02-02 17:10:37',1);
INSERT INTO `oh_medicaldsr` VALUES (44,'D','44','Atropine 1mg/ml 1ml Amp',0,0,10,673,0,2,'N',NULL,NULL,'admin','2024-02-10 18:47:17',1);
INSERT INTO `oh_medicaldsr` VALUES (45,'D','45','Benzathine Penicillin 2.4 MIU Vial',0,0,13,0,0,1,'N',NULL,NULL,'admin','2024-02-06 11:36:53',1);
INSERT INTO `oh_medicaldsr` VALUES (46,'D','46','Benzyl Penicillin 1 MIU Vial',0,0,90,0,0,2,'N',NULL,NULL,'admin','2024-02-10 18:39:48',1);
INSERT INTO `oh_medicaldsr` VALUES (47,'D','47','Benzyl Penicillin 5 MIU Vial',0,0,15,0,0,1,'N',NULL,NULL,'admin','2024-02-06 11:37:04',1);
INSERT INTO `oh_medicaldsr` VALUES (48,'D','48','Chloramphenicol 1g Vial',0,0,12,0,0,2,'N',NULL,NULL,'admin','2024-02-10 18:47:10',1);
INSERT INTO `oh_medicaldsr` VALUES (49,'D','49','Chloroquine 40mg Base/ml 5ml Amp',0,0,11,0,0,1,'N',NULL,NULL,'admin','2024-02-06 11:37:13',1);
INSERT INTO `oh_medicaldsr` VALUES (50,'D','50','Chlorpromazine 25mg/ml/2ml Amp',0,0,9,100,40,3,'N',NULL,NULL,'admin','2024-02-06 11:37:18',1);
INSERT INTO `oh_medicaldsr` VALUES (51,'D','51','Cloxacillin 500mg Vial',0,0,4,0,0,1,'N',NULL,NULL,'admin','2024-02-10 18:39:56',1);
INSERT INTO `oh_medicaldsr` VALUES (52,'D','52','Cyclophosphamide 200mg Vial',0,0,10,0,0,1,'N',NULL,NULL,'admin','2024-02-02 01:15:55',1);
INSERT INTO `oh_medicaldsr` VALUES (53,'D','53','Cyclophosphamide 500mg Vial',0,0,20,0,0,1,'N',NULL,NULL,'admin','2024-02-02 01:16:00',1);
INSERT INTO `oh_medicaldsr` VALUES (54,'D','54','Diazepam 5mg / ml 2ml Amp',0,0,8,0,0,1,'N',NULL,NULL,'admin','2024-02-02 01:16:04',1);
INSERT INTO `oh_medicaldsr` VALUES (55,'D','55','Diclofenac 25mg/ml 3ml Amp',0,0,24,0,0,1,'N',NULL,NULL,'admin','2024-02-06 11:37:27',1);
INSERT INTO `oh_medicaldsr` VALUES (56,'D','56','Digoxin 0.25 mg/ml 2ml Amp',0,0,5,0,0,1,'N',NULL,NULL,'admin','2024-02-06 11:37:31',1);
INSERT INTO `oh_medicaldsr` VALUES (57,'D','57','Frusemide 10mg/ml 2ml Amp',0,0,12,0,0,1,'N',NULL,NULL,'admin','2024-02-06 11:37:40',1);
INSERT INTO `oh_medicaldsr` VALUES (58,'D','58','Gentamicin 40mg/ml 2ml',0,0,30,0,0,1,'N',NULL,NULL,'admin','2024-02-06 11:37:46',1);
INSERT INTO `oh_medicaldsr` VALUES (59,'D','59','Haloperidol 5mg/ml 1ml Amp',0,0,10,0,0,1,'N',NULL,NULL,'admin','2024-02-02 00:08:52',1);
INSERT INTO `oh_medicaldsr` VALUES (60,'D','60','Haloperidol Decanoate 50mg/ml 1ml Amp',0,0,17,0,0,1,'N',NULL,NULL,'admin','2024-02-06 11:37:54',1);
INSERT INTO `oh_medicaldsr` VALUES (61,'D','61','Hydralazine 20mg Vial',0,0,32,0,0,1,'N',NULL,NULL,'admin','2024-02-02 00:12:04',1);
INSERT INTO `oh_medicaldsr` VALUES (62,'D','62','Hydrocortisone 100mg Vial',0,0,20,0,0,1,'N',NULL,NULL,'admin','2024-02-02 00:12:12',1);
INSERT INTO `oh_medicaldsr` VALUES (63,'D','63','Hyoscine Butyl Bromide 20mg/ml/ Amp',0,0,15,0,0,1,'N',NULL,NULL,'admin','2024-02-05 18:47:43',1);
INSERT INTO `oh_medicaldsr` VALUES (64,'D','64','Insulin Soluble 100IU/ml 10ml Vial',0,0,18,0,0,1,'N',NULL,NULL,'admin','2024-02-05 18:47:48',1);
INSERT INTO `oh_medicaldsr` VALUES (65,'D','65','Insulin Isophane 100IU/ml 10ml Vial',0,0,18,0,0,1,'N',NULL,NULL,'admin','2024-02-05 18:47:54',1);
INSERT INTO `oh_medicaldsr` VALUES (66,'D','66','Insulin Mixtard 30/70 100IU/ml 10ml Vial',0,0,22,0,0,1,'N',NULL,NULL,'admin','2024-02-05 18:48:04',1);
INSERT INTO `oh_medicaldsr` VALUES (67,'D','67','Insulin Mixtard 30/70 100IU/ml 5x3ml catridges',0,0,60,0,0,1,'N',NULL,NULL,'admin','2024-02-05 18:48:11',1);
INSERT INTO `oh_medicaldsr` VALUES (68,'D','68','Insulin Isophane 40IU/ml 10ml',0,0,20,0,0,1,'N',NULL,NULL,'admin','2024-02-05 18:48:16',1);
INSERT INTO `oh_medicaldsr` VALUES (69,'D','69','Iron Dextran 10mg/ml 2ml Vial',0,0,10,0,0,1,'N',NULL,NULL,'admin','2024-02-05 18:48:21',1);
INSERT INTO `oh_medicaldsr` VALUES (70,'D','70','Ketamine 10mg/ml 20ml Vial',0,0,30,0,0,1,'N',NULL,NULL,'admin','2022-11-23 14:32:19',1);
INSERT INTO `oh_medicaldsr` VALUES (71,'D','71','Ketamine 10mg/ml 10ml Vial',0,0,20,0,0,1,'N',NULL,NULL,'admin','2022-11-23 14:32:11',1);
INSERT INTO `oh_medicaldsr` VALUES (72,'D','72','Lignocaine 2% 20ml Vial',0,0,16,0,0,1,'N',NULL,NULL,'admin','2024-02-07 00:56:54',1);
INSERT INTO `oh_medicaldsr` VALUES (73,'D','73','Lignocaine 2% Adrenaline Dent.cartridges',0,0,22,0,0,1,'N',NULL,NULL,'admin','2024-02-05 00:37:39',1);
INSERT INTO `oh_medicaldsr` VALUES (74,'D','74','Lignocaine spinal 50mg/ml 2ml Amp',0,0,10,0,0,1,'N',NULL,NULL,'admin','2024-02-02 17:11:33',1);
INSERT INTO `oh_medicaldsr` VALUES (75,'D','75','Methylergomatrine 0.2mg/ml 1ml Amp',0,0,10,0,0,1,'N',NULL,NULL,'admin','2024-02-02 17:11:40',1);
INSERT INTO `oh_medicaldsr` VALUES (76,'D','76','Methylergomatrine 0.5mg/ml 1ml Amp',0,0,18,0,0,1,'N',NULL,NULL,'admin','2024-02-02 17:12:02',1);
INSERT INTO `oh_medicaldsr` VALUES (77,'D','77','Metoclopramide 5mg/ml 100ml Amp',0,0,6,0,0,1,'N',NULL,NULL,'admin','2024-02-02 17:12:06',1);
INSERT INTO `oh_medicaldsr` VALUES (78,'D','78','Metronidazole 5mg/ml 2ml IV',0,0,5,0,0,1,'N',NULL,NULL,'admin','2024-02-02 17:12:52',1);
INSERT INTO `oh_medicaldsr` VALUES (79,'D','79','Morphine 15mg/ml 1ml Amp',0,0,10,0,0,1,'N',NULL,NULL,'admin','2024-02-02 17:12:58',1);
INSERT INTO `oh_medicaldsr` VALUES (80,'D','80','Oxytocin 10 IU/ml 1ml Amp',0,0,13,0,0,1,'N',NULL,NULL,'admin','2024-02-02 17:13:35',1);
INSERT INTO `oh_medicaldsr` VALUES (81,'D','81','Pethidine 100mg/ml 2ml Amp',0,0,15,0,0,1,'N',NULL,NULL,'admin','2024-02-02 17:13:41',1);
INSERT INTO `oh_medicaldsr` VALUES (82,'D','82','Pethidine 50mg/ml 1ml Amp',0,0,21,0,0,1,'N',NULL,NULL,'admin','2024-02-02 17:13:46',1);
INSERT INTO `oh_medicaldsr` VALUES (83,'D','83','Phenobarbital 100mg/ml 2ml Amp',0,0,30,0,0,1,'N',NULL,NULL,'admin','2024-02-02 17:13:52',1);
INSERT INTO `oh_medicaldsr` VALUES (84,'D','84','Phytomenadione 10mg/ml 1ml Amp',0,0,8,0,0,1,'N',NULL,NULL,'admin','2024-02-02 17:14:40',1);
INSERT INTO `oh_medicaldsr` VALUES (85,'D','85','Phytomenadione 1mg/ml 1ml Amp',0,0,20,0,0,2,'N',NULL,NULL,'admin','2024-02-10 18:46:50',1);
INSERT INTO `oh_medicaldsr` VALUES (86,'D','86','Procaine Penicillin Fortified 4 MIU Vial',0,0,40,0,0,2,'N',NULL,NULL,'admin','2024-02-10 18:46:54',1);
INSERT INTO `oh_medicaldsr` VALUES (87,'D','87','Promethazine 25mg/ml 2ml Amp',0,0,40,0,0,2,'N',NULL,NULL,'admin','2024-02-10 18:46:57',1);
INSERT INTO `oh_medicaldsr` VALUES (88,'D','88','Quinine Di-HCI 300mg/ml 2ml Amp',0,0,50,0,0,1,'N',NULL,NULL,'admin','2024-02-02 01:21:19',1);
INSERT INTO `oh_medicaldsr` VALUES (89,'D','89','Ranitidine 25mg/ml 2ml Amp',0,0,50,0,0,1,'N',NULL,NULL,'admin','2024-02-02 01:21:23',1);
INSERT INTO `oh_medicaldsr` VALUES (90,'D','90','Streptomycin 1g Vial',0,0,44,0,0,1,'N',NULL,NULL,'admin','2024-02-02 01:21:29',1);
INSERT INTO `oh_medicaldsr` VALUES (91,'D','91','Suxamethonium 500mg Vial',0,0,42,0,0,1,'N',NULL,NULL,'admin','2024-02-02 01:21:35',1);
INSERT INTO `oh_medicaldsr` VALUES (92,'D','92','Suxamethonium 500mg/ml 2ml Amp',0,0,18,0,0,1,'N',NULL,NULL,'admin','2024-02-02 17:15:18',1);
INSERT INTO `oh_medicaldsr` VALUES (93,'D','93','tetanus Antitoxin 1500 IU 1ml Amp',0,0,14,0,0,1,'N',NULL,NULL,'admin','2024-02-02 17:15:25',1);
INSERT INTO `oh_medicaldsr` VALUES (94,'D','94','Thiopental Sodium 500mg Vial',0,0,9,0,0,1,'N',NULL,NULL,'admin','2024-02-02 17:15:39',1);
INSERT INTO `oh_medicaldsr` VALUES (95,'D','95','Water for Injection 10ml Vial',0,0,5,0,0,1,'N',NULL,NULL,'admin','2024-02-02 17:15:45',1);
INSERT INTO `oh_medicaldsr` VALUES (96,'D','96','Sodium Chloride 0.9% IV 500ml',0,0,4,0,0,2,'N',NULL,NULL,'admin','2024-02-10 18:48:06',1);
INSERT INTO `oh_medicaldsr` VALUES (97,'D','97','Sodium Lactate Compound IV 500ml',0,0,4,0,0,2,'N',NULL,NULL,'admin','2024-02-10 18:48:09',1);
INSERT INTO `oh_medicaldsr` VALUES (98,'D','98','Acetazolamide 250mg Tab',0,0,11,200,200,3,'N',NULL,NULL,'admin','2024-02-06 11:39:12',1);
INSERT INTO `oh_medicaldsr` VALUES (99,'D','99','Acyclovir 200mg Tab',0,0,25,1310,100,2,'N',NULL,NULL,'admin','2024-02-10 18:46:27',1);
INSERT INTO `oh_medicaldsr` VALUES (101,'D','101','Aminophylline 100mg Tab',0,0,100,8981,0,2,'N',NULL,NULL,'admin','2024-02-10 18:46:22',1);
INSERT INTO `oh_medicaldsr` VALUES (102,'D','102','Albendazole 400mg Tab',0,0,40,0,0,2,'N',NULL,NULL,'admin','2024-02-10 18:46:18',1);
INSERT INTO `oh_medicaldsr` VALUES (103,'D','103','Albendazole 200mg Tab',450,0,30,37300,100,3,'N',NULL,NULL,'admin','2024-02-10 18:46:13',1);
INSERT INTO `oh_medicaldsr` VALUES (104,'D','104','Amitriptyline 25mg Tab',0,0,60,5600,0,2,'N',NULL,NULL,'admin','2024-02-10 18:46:10',1);
INSERT INTO `oh_medicaldsr` VALUES (105,'D','105','Amoxycillin 250mg Caps',0,0,60,57080,1000,2,'N',NULL,NULL,'admin','2024-02-10 18:46:06',1);
INSERT INTO `oh_medicaldsr` VALUES (106,'D','106','Amoxycillin /Clavulanate 375mg Tab',0,0,8,100,0,2,'N',NULL,NULL,'admin','2024-02-02 01:16:51',1);
INSERT INTO `oh_medicaldsr` VALUES (107,'D','107','Ascorbic Acid 100mg tab',0,0,4,0,0,1,'N',NULL,NULL,'admin','2024-02-02 01:16:56',1);
INSERT INTO `oh_medicaldsr` VALUES (108,'D','108','Aspirin 300mg Tab',0,0,2,4344,1600,1,'N',NULL,NULL,'admin','2024-02-02 01:16:59',1);
INSERT INTO `oh_medicaldsr` VALUES (109,'D','109','Atenolol 50mg Tab',0,0,10,5500,0,1,'N',NULL,NULL,'admin','2024-02-02 01:17:05',1);
INSERT INTO `oh_medicaldsr` VALUES (110,'D','110','Atenolol 100mg Tab',0,0,20,0,0,1,'N',NULL,NULL,'admin','2024-02-02 01:17:10',1);
INSERT INTO `oh_medicaldsr` VALUES (111,'D','111','Bendrofluazide 5mg Tab',0,0,100,0,0,1,'N',NULL,NULL,'admin','2022-11-23 14:17:32',1);
INSERT INTO `oh_medicaldsr` VALUES (112,'D','112','Benzhexol 2mg Tab',0,0,50,0,0,2,'N',NULL,NULL,'admin','2024-02-10 18:46:02',1);
INSERT INTO `oh_medicaldsr` VALUES (113,'D','113','Benzhexol 5mg Tab',0,0,10,0,0,1,'N',NULL,NULL,'admin','2024-02-02 00:08:58',1);
INSERT INTO `oh_medicaldsr` VALUES (114,'D','114','Bisacodyl 5mg Tab',0,0,50,0,0,2,'N',NULL,NULL,'admin','2024-02-10 18:48:15',1);
INSERT INTO `oh_medicaldsr` VALUES (115,'D','115','Calcium Lactate 300mg Tab',0,0,12,0,0,1,'N',NULL,NULL,'admin','2024-02-05 00:33:27',1);
INSERT INTO `oh_medicaldsr` VALUES (116,'D','116','Carbamazepine 200mg Tab',0,0,10,0,0,1,'N',NULL,NULL,'admin','2024-02-05 00:33:34',1);
INSERT INTO `oh_medicaldsr` VALUES (117,'D','117','Carbimazole 5mg Tab',0,0,5,0,0,1,'N',NULL,NULL,'admin','2024-02-05 00:33:39',1);
INSERT INTO `oh_medicaldsr` VALUES (118,'D','118','Charcoal 250mg Tab',0,0,5,0,0,1,'N',NULL,NULL,'admin','2024-02-05 00:33:42',1);
INSERT INTO `oh_medicaldsr` VALUES (119,'D','119','Chloramphenicol 250mg Caps',0,0,15,0,0,1,'N',NULL,NULL,'admin','2024-02-05 00:33:47',1);
INSERT INTO `oh_medicaldsr` VALUES (120,'D','120','Chloroquine Uncoated 150mg Tab',0,0,6,0,0,1,'N',NULL,NULL,'admin','2024-02-05 00:33:52',1);
INSERT INTO `oh_medicaldsr` VALUES (121,'D','121','Chloroquine Coated 150mg Tab',0,0,6,0,0,1,'N',NULL,NULL,'admin','2024-02-05 00:33:57',1);
INSERT INTO `oh_medicaldsr` VALUES (122,'K','122','UREA Calorimetric 300 Tests',0,0,1,0,0,3,'N',NULL,NULL,'admin','2024-02-10 18:45:51',1);
INSERT INTO `oh_medicaldsr` VALUES (123,'D','123','Chlorphenimine 4mg Tab',0,0,20,0,0,2,'N',NULL,NULL,'admin','2024-02-10 18:45:55',1);
INSERT INTO `oh_medicaldsr` VALUES (124,'D','124','Chlorpromazine 100mg Tab',0,0,10,10000,9000,3,'N',NULL,NULL,'admin','2024-05-31 00:23:00',1);
INSERT INTO `oh_medicaldsr` VALUES (125,'D','125','Chlorpromazine 25mg Tab',0,0,20,0,0,1,'N',NULL,NULL,'admin','2024-02-02 01:44:06',1);
INSERT INTO `oh_medicaldsr` VALUES (126,'D','126','Cimetidine 200mg Tab',0,0,14,0,0,1,'N',NULL,NULL,'admin','2024-02-02 01:44:11',1);
INSERT INTO `oh_medicaldsr` VALUES (127,'D','127','Cimetidine 400mg Tab',0,0,22,0,0,1,'N',NULL,NULL,'admin','2024-02-02 01:44:17',1);
INSERT INTO `oh_medicaldsr` VALUES (128,'D','128','Ciprofloxacine 500mg Tab',0,0,10,0,0,1,'N',NULL,NULL,'admin','2024-02-02 01:44:23',1);
INSERT INTO `oh_medicaldsr` VALUES (129,'D','129','Ciprofloxacine 250mg Tab',0,0,5,0,0,1,'N',NULL,NULL,'admin','2024-02-02 01:44:27',1);
INSERT INTO `oh_medicaldsr` VALUES (130,'D','130','Cloxacillin 250mg Tab',0,0,20,0,0,1,'N',NULL,NULL,'admin','2024-02-02 17:24:59',1);
INSERT INTO `oh_medicaldsr` VALUES (131,'D','131','Codein Phosphate 30mg Tab',0,0,8,0,0,1,'N',NULL,NULL,'admin','2024-02-02 17:25:08',1);
INSERT INTO `oh_medicaldsr` VALUES (132,'D','132','Cotrimoxazole 100/20mg Paed Tab',0,0,25,0,0,2,'N',NULL,NULL,'admin','2024-02-10 18:48:25',1);
INSERT INTO `oh_medicaldsr` VALUES (133,'D','133','Cotrimoxazole 400/80mg Tab',0,0,12,0,0,1,'N',NULL,NULL,'admin','2024-02-02 17:25:27',1);
INSERT INTO `oh_medicaldsr` VALUES (134,'D','134','Darrows Half Strength 500ml',0,0,30,0,0,1,'N',NULL,NULL,'admin','2024-02-02 17:25:34',1);
INSERT INTO `oh_medicaldsr` VALUES (135,'D','135','DEXAMethasone 4mg/ml 2ml Amp',0,0,25,0,0,3,'N',NULL,NULL,'admin','2024-02-10 18:48:32',1);
INSERT INTO `oh_medicaldsr` VALUES (136,'D','136','DEXAMethasone 4mg/ml 1ml Amp',0,0,50,0,0,3,'N',NULL,NULL,'admin','2024-02-10 18:48:37',1);
INSERT INTO `oh_medicaldsr` VALUES (137,'D','137','Dextrose 5% IV 500ml',0,0,10,0,0,1,'N',NULL,NULL,'admin','2024-02-05 00:34:07',1);
INSERT INTO `oh_medicaldsr` VALUES (138,'D','138','Dextrose 30% IV 100ml',0,0,10,0,0,1,'N',NULL,NULL,'admin','2024-02-05 00:34:12',1);
INSERT INTO `oh_medicaldsr` VALUES (139,'D','139','Dextrose 50% IV 100ml',0,0,10,0,0,1,'N',NULL,NULL,'admin','2024-02-05 00:34:18',1);
INSERT INTO `oh_medicaldsr` VALUES (140,'D','140','DEXAMethasone 0.5mg Tab',0,0,5,0,0,1,'N',NULL,NULL,'admin','2024-02-05 00:34:26',1);
INSERT INTO `oh_medicaldsr` VALUES (141,'D','141','Diazepam 5mg Tab',0,0,8,0,0,1,'N',NULL,NULL,'admin','2024-02-05 00:34:34',1);
INSERT INTO `oh_medicaldsr` VALUES (142,'D','142','Diclofenac 50mg Tab',0,0,8,0,0,1,'N',NULL,NULL,'admin','2024-02-05 00:34:40',1);
INSERT INTO `oh_medicaldsr` VALUES (143,'D','143','Diethylcarbamazine 50mg Tab',0,0,50,0,0,2,'N',NULL,NULL,'admin','2024-02-10 18:45:22',1);
INSERT INTO `oh_medicaldsr` VALUES (144,'D','144','Digoxin 0.25 mg Tab',0,0,500,0,0,2,'N',NULL,NULL,'admin','2024-02-10 18:45:26',1);
INSERT INTO `oh_medicaldsr` VALUES (145,'D','145','Doxycycline 100mg Tab',0,0,30,0,0,1,'N',NULL,NULL,'admin','2024-02-02 01:44:37',1);
INSERT INTO `oh_medicaldsr` VALUES (146,'D','146','Ephedrine 30mg Tab',0,0,36,0,0,2,'N',NULL,NULL,'admin','2024-02-10 18:49:03',1);
INSERT INTO `oh_medicaldsr` VALUES (147,'D','147','Erythromycin 250mg Tab',0,0,50,0,0,2,'N',NULL,NULL,'admin','2024-02-10 18:48:58',1);
INSERT INTO `oh_medicaldsr` VALUES (148,'D','148','Fansider 500/25mg Tab (50dosesx3)',0,0,300,0,0,1,'N',NULL,NULL,'admin','2024-02-02 01:44:51',1);
INSERT INTO `oh_medicaldsr` VALUES (149,'D','149','Fansider 500/25mg Tab',0,0,8,0,0,1,'N',NULL,NULL,'admin','2024-02-02 01:45:00',1);
INSERT INTO `oh_medicaldsr` VALUES (150,'D','150','Ferrous Sulphate 200mg Tab',0,0,10,0,0,1,'N',NULL,NULL,'admin','2024-02-05 00:35:00',1);
INSERT INTO `oh_medicaldsr` VALUES (151,'D','151','Fluconazole 100mg Tab',0,0,0,100,0,24,'N',NULL,NULL,'admin','2024-05-30 22:31:20',1);
INSERT INTO `oh_medicaldsr` VALUES (152,'D','152','Fluconazole 100mg 24 Caps',0,0,8,0,0,1,'N',NULL,NULL,'admin','2024-02-05 00:38:07',1);
INSERT INTO `oh_medicaldsr` VALUES (153,'D','153','Folic Acid 1mg Tab',0,0,200,0,0,2,'N',NULL,NULL,'admin','2024-02-10 18:45:00',1);
INSERT INTO `oh_medicaldsr` VALUES (154,'D','154','Folic Acid 5mg Tab',0,0,50,0,0,2,'N',NULL,NULL,'admin','2024-02-10 18:45:04',1);
INSERT INTO `oh_medicaldsr` VALUES (155,'D','155','Folic Acid/Ferrous Sulp 0.5/200mg Tab',0,0,60,0,0,2,'N',NULL,NULL,'admin','2024-02-10 18:45:07',1);
INSERT INTO `oh_medicaldsr` VALUES (156,'D','156','Folic Acid 15mg Tab',0,0,50,0,0,2,'N',NULL,NULL,'admin','2024-02-10 18:45:14',1);
INSERT INTO `oh_medicaldsr` VALUES (157,'D','157','Frusemide 40mg Tab',0,0,10,0,0,1,'N',NULL,NULL,'admin','2024-02-02 01:20:46',1);
INSERT INTO `oh_medicaldsr` VALUES (158,'D','158','Glibeclamide 5mg Tab',0,0,50,0,0,2,'N',NULL,NULL,'admin','2024-02-10 18:45:18',1);
INSERT INTO `oh_medicaldsr` VALUES (159,'D','159','Griseofulvin 500mg Tab',0,0,10,0,0,1,'N',NULL,NULL,'admin','2024-02-02 01:20:53',1);
INSERT INTO `oh_medicaldsr` VALUES (160,'D','160','Haloperidol 5mg Tab',0,0,40,0,0,3,'N',NULL,NULL,'admin','2024-02-10 18:44:50',1);
INSERT INTO `oh_medicaldsr` VALUES (161,'D','161','Haloperdol 5mg',0,0,40,0,0,2,'N',NULL,NULL,'admin','2024-02-10 18:44:54',1);
INSERT INTO `oh_medicaldsr` VALUES (162,'D','162','Hydralazine 25mg Tab',0,0,12,0,0,1,'N',NULL,NULL,'admin','2024-02-07 00:57:08',1);
INSERT INTO `oh_medicaldsr` VALUES (163,'D','163','Hyoscine 10mg Tab',0,0,8,0,0,1,'N',NULL,NULL,'admin','2024-02-06 11:39:22',1);
INSERT INTO `oh_medicaldsr` VALUES (164,'D','164','Ibuprofen 200mg Tab',0,0,6,0,0,1,'N',NULL,NULL,'admin','2024-02-06 11:39:28',1);
INSERT INTO `oh_medicaldsr` VALUES (165,'D','165','Impramine 25mg Tab',0,0,40,0,0,2,'N',NULL,NULL,'admin','2024-02-10 18:44:41',1);
INSERT INTO `oh_medicaldsr` VALUES (166,'D','166','Indomethacin 25mg Tab',0,0,40,0,0,2,'N',NULL,NULL,'admin','2024-02-10 18:44:44',1);
INSERT INTO `oh_medicaldsr` VALUES (167,'D','167','Isoniazid 300mg Tab',0,0,8,0,0,1,'N',NULL,NULL,'admin','2024-02-06 11:39:40',1);
INSERT INTO `oh_medicaldsr` VALUES (168,'D','168','Ketocanazole 200mg Tab',0,0,10,0,0,1,'N',NULL,NULL,'admin','2024-02-06 11:39:47',1);
INSERT INTO `oh_medicaldsr` VALUES (169,'D','169','Pyridoxine 50mg Tab',0,0,8,0,0,1,'N',NULL,NULL,'admin','2024-02-06 11:40:04',1);
INSERT INTO `oh_medicaldsr` VALUES (170,'D','170','Quinine 300mg Tab',0,0,10,0,0,1,'N',NULL,NULL,'admin','2024-02-06 11:40:12',1);
INSERT INTO `oh_medicaldsr` VALUES (171,'D','171','Ranitidine 150mg Tab',0,0,12,0,0,2,'N',NULL,NULL,'admin','2024-02-10 18:49:16',1);
INSERT INTO `oh_medicaldsr` VALUES (172,'D','172','Rifampicin/Isoniazid 150/100 Tab',0,0,8,0,0,1,'N',NULL,NULL,'admin','2024-02-06 11:40:21',1);
INSERT INTO `oh_medicaldsr` VALUES (173,'D','173','Salbutamol 4mg Tab',0,0,12,0,0,1,'N',NULL,NULL,'admin','2024-02-02 00:13:40',1);
INSERT INTO `oh_medicaldsr` VALUES (174,'D','174','Spironolactone 25mg Tab',0,0,12,0,0,1,'N',NULL,NULL,'admin','2024-02-07 00:33:22',1);
INSERT INTO `oh_medicaldsr` VALUES (175,'D','175','Tolbutamide 500mg tab',0,0,14,0,0,1,'N',NULL,NULL,'admin','2024-02-07 00:33:27',1);
INSERT INTO `oh_medicaldsr` VALUES (176,'D','176','Vitamin A 200.000 IU Caps',0,0,16,0,0,2,'N',NULL,NULL,'admin','2024-02-10 18:49:22',1);
INSERT INTO `oh_medicaldsr` VALUES (177,'D','177','Vitamin B Complex Tab',0,0,100,1910,0,7,'N',NULL,NULL,'admin','2024-05-31 00:26:42',1);
INSERT INTO `oh_medicaldsr` VALUES (178,'D','178','Oral Rehydration Salt (ORS)',0,0,10,0,0,1,'N',NULL,NULL,'admin','2024-02-07 00:33:38',1);
INSERT INTO `oh_medicaldsr` VALUES (179,'D','179','Paracetamol 120mg/5ml Syrup',0,0,5,0,0,1,'N',NULL,NULL,'admin','2024-02-07 00:33:42',1);
INSERT INTO `oh_medicaldsr` VALUES (180,'D','180','Paracetamol 120mg/5ml 100ml',0,0,5,0,0,1,'N',NULL,NULL,'admin','2024-02-07 00:33:47',1);
INSERT INTO `oh_medicaldsr` VALUES (181,'D','181','Quinine 100mg/5ml Syrup 100ml',0,0,5,0,0,1,'N',NULL,NULL,'admin','2024-02-07 00:33:50',1);
INSERT INTO `oh_medicaldsr` VALUES (183,'D','183','Chlorhexidine/Centrimide 1.5/15% 1Ltr',0,0,16,0,0,1,'N',NULL,NULL,'admin','2024-02-07 00:33:56',1);
INSERT INTO `oh_medicaldsr` VALUES (184,'D','184','Chlorhexidine/Centrimide 1.5/15% 5Ltr',0,0,16,0,0,1,'N',NULL,NULL,'admin','2024-02-07 00:34:01',1);
INSERT INTO `oh_medicaldsr` VALUES (185,'D','185','Getian Violet 25g Tin',0,0,20,0,0,1,'N',NULL,NULL,'admin','2024-02-02 00:13:36',1);
INSERT INTO `oh_medicaldsr` VALUES (186,'D','186','Hydrogen Peroxide 6% 250ml',0,0,40,0,0,2,'N',NULL,NULL,'admin','2024-02-10 18:44:29',1);
INSERT INTO `oh_medicaldsr` VALUES (187,'D','187','Iodine Solution 2% 500ml',0,0,40,0,0,2,'N',NULL,NULL,'admin','2024-02-10 18:44:33',1);
INSERT INTO `oh_medicaldsr` VALUES (188,'D','188','Sodium Hypochloride solution 0.75 Ltr',0,0,7,0,0,1,'N',NULL,NULL,'admin','2024-02-05 18:48:31',1);
INSERT INTO `oh_medicaldsr` VALUES (189,'D','189','liquid detergent 5Ltr Perfumed',0,0,14,0,0,1,'N',NULL,NULL,'admin','2024-02-05 18:48:36',1);
INSERT INTO `oh_medicaldsr` VALUES (190,'D','190','Soap Blue Bar 550g',0,0,12,0,0,1,'N',NULL,NULL,'admin','2024-02-02 01:20:22',1);
INSERT INTO `oh_medicaldsr` VALUES (191,'D','191','Liquid detergent 20Ltr',0,0,30,10,0,2,'N',NULL,NULL,'admin','2024-02-02 01:20:17',1);
INSERT INTO `oh_medicaldsr` VALUES (192,'D','192','Soap Powder Hand wash 5kg',0,0,30,0,0,1,'N',NULL,NULL,'admin','2024-02-02 01:20:13',1);
INSERT INTO `oh_medicaldsr` VALUES (193,'D','193','Sodium Hypochlorite solution 5Ltr',0,0,20,0,0,1,'N',NULL,NULL,'admin','2024-02-07 00:34:09',1);
INSERT INTO `oh_medicaldsr` VALUES (194,'D','194','Betamethasone 0.1% eye/ear/nose drops',0,0,13,0,0,1,'N',NULL,NULL,'admin','2024-02-07 00:34:15',1);
INSERT INTO `oh_medicaldsr` VALUES (195,'D','195','Betamethasone 0.1% Neomycin 0.35 %eye drops 7.5ml',0,0,13,0,0,1,'N',NULL,NULL,'admin','2024-02-07 00:34:19',1);
INSERT INTO `oh_medicaldsr` VALUES (196,'D','196','Chloramphenicol 0.5% Eye Drops 10ml',0,0,15,0,0,1,'N',NULL,NULL,'admin','2024-02-07 00:34:25',1);
INSERT INTO `oh_medicaldsr` VALUES (197,'D','197','Cloramphenicol 1% Eye Ointment 3.5g',0,0,11,0,0,1,'N',NULL,NULL,'admin','2024-02-07 00:34:32',1);
INSERT INTO `oh_medicaldsr` VALUES (198,'D','198','Gentamicin 0.3% eye/ear drops 10ml',0,0,9,0,0,1,'N',NULL,NULL,'admin','2024-02-07 00:34:37',1);
INSERT INTO `oh_medicaldsr` VALUES (199,'D','199','Hydrocortisone 1% eye drops 5ml',0,0,10,0,0,1,'N',NULL,NULL,'admin','2024-02-07 00:34:43',1);
INSERT INTO `oh_medicaldsr` VALUES (200,'D','200','Tetracycline eye ointment 1% 3.5g',0,0,14,0,0,1,'N',NULL,NULL,'admin','2024-02-07 00:34:47',1);
INSERT INTO `oh_medicaldsr` VALUES (201,'D','201','Beclamethasone 50mcg Innhaler',0,0,12,0,0,1,'N',NULL,NULL,'admin','2024-02-07 00:34:52',1);
INSERT INTO `oh_medicaldsr` VALUES (202,'K','202','Urine Test Strips 3 Parameters 100 tests',0,0,45,0,0,1,'N',NULL,NULL,'admin','2024-02-07 00:34:59',1);
INSERT INTO `oh_medicaldsr` VALUES (203,'D','203','Salbutamol solution for inhalation 5ml',0,0,10,0,0,1,'N',NULL,NULL,'admin','2024-02-07 00:35:04',1);
INSERT INTO `oh_medicaldsr` VALUES (204,'D','204','Salbutamol Inhaler 10ml',0,0,4,0,0,1,'N',NULL,NULL,'admin','2024-02-07 00:35:08',1);
INSERT INTO `oh_medicaldsr` VALUES (205,'D','205','Clotrimazole 500mg Pessaries',0,0,8,0,0,1,'N',NULL,NULL,'admin','2024-02-07 00:35:13',1);
INSERT INTO `oh_medicaldsr` VALUES (206,'D','206','Clotrimazole 100mg Pessaries',0,0,12,0,0,1,'N',NULL,NULL,'admin','2024-02-07 00:35:17',1);
INSERT INTO `oh_medicaldsr` VALUES (207,'D','207','Diazepam 2mg/ml 2.5ml Rectal Tube',0,0,22,0,0,1,'N',NULL,NULL,'admin','2024-02-07 00:35:23',1);
INSERT INTO `oh_medicaldsr` VALUES (208,'D','208','Antihaemorrhoid suppositories',0,0,6,100,0,1,'N',NULL,NULL,'admin','2024-02-02 01:45:27',1);
INSERT INTO `oh_medicaldsr` VALUES (209,'D','209','Nystatin 100.000 IU Pessaries',0,0,32,0,0,1,'N',NULL,NULL,'admin','2024-02-07 00:35:32',1);
INSERT INTO `oh_medicaldsr` VALUES (210,'D','210','Dextrose Monohydrate Apyrogen 25Kg',0,0,1,0,0,2,'N',NULL,NULL,'admin','2024-02-10 18:44:13',1);
INSERT INTO `oh_medicaldsr` VALUES (211,'D','211','Benzyl Benzoate 25% 100ml',0,0,15,0,0,1,'N',NULL,NULL,'admin','2024-02-07 00:35:51',1);
INSERT INTO `oh_medicaldsr` VALUES (212,'D','212','Calamine Lotion 3Ltr',0,0,25,0,0,1,'N',NULL,NULL,'admin','2024-02-02 01:19:59',1);
INSERT INTO `oh_medicaldsr` VALUES (213,'D','213','Calamine Lotion 100ml',0,0,10,0,0,1,'N',NULL,NULL,'admin','2024-02-02 01:20:04',1);
INSERT INTO `oh_medicaldsr` VALUES (214,'D','214','Clotrimazole !% cream 200mg',0,0,25,0,0,2,'N',NULL,NULL,'admin','2024-02-07 00:38:46',1);
INSERT INTO `oh_medicaldsr` VALUES (215,'D','215','Clotrimazole !% cream 15/20g',0,0,6,0,0,1,'N',NULL,NULL,'admin','2024-02-07 00:38:23',1);
INSERT INTO `oh_medicaldsr` VALUES (216,'D','216','Hydrocortisone 1% Cream 200g',0,0,25,0,0,2,'N',NULL,NULL,'admin','2024-02-07 00:38:41',1);
INSERT INTO `oh_medicaldsr` VALUES (217,'D','217','Hydrocortisone 1% Cream 15g',0,0,8,0,0,1,'N',NULL,NULL,'admin','2024-02-07 00:38:36',1);
INSERT INTO `oh_medicaldsr` VALUES (218,'D','218','Hydrocortisone 1% Ointment 200g',0,0,25,0,0,1,'N',NULL,NULL,'admin','2024-02-07 00:39:43',1);
INSERT INTO `oh_medicaldsr` VALUES (219,'D','219','Hydrocortisone 1% Ointment 15g',0,0,25,0,0,2,'N',NULL,NULL,'admin','2024-02-10 18:49:33',1);
INSERT INTO `oh_medicaldsr` VALUES (220,'D','220','lubricating Jelly 42g',0,0,4,0,0,2,'N',NULL,NULL,'admin','2024-02-10 18:49:41',1);
INSERT INTO `oh_medicaldsr` VALUES (221,'D','221','Nystatin 100,000 IU/g Ointment 30g',0,0,16,0,0,1,'N',NULL,NULL,'admin','2024-02-07 00:39:57',1);
INSERT INTO `oh_medicaldsr` VALUES (222,'D','222','Ultrasound Gel 800g',0,0,20,0,0,1,'N',NULL,NULL,'admin','2024-02-07 00:40:03',1);
INSERT INTO `oh_medicaldsr` VALUES (223,'D','223','Ultrasound Gel 5Ltr',0,0,50,0,0,1,'N',NULL,NULL,'admin','2024-02-07 00:40:08',1);
INSERT INTO `oh_medicaldsr` VALUES (224,'D','224','Whitfield Oinment 200g',0,0,50,20,0,3,'N',NULL,NULL,'admin','2024-02-10 18:44:04',1);
INSERT INTO `oh_medicaldsr` VALUES (225,'D','225','Whitfield Oinment 25g',0,0,1,0,0,2,'N',NULL,NULL,'admin','2024-02-10 18:44:08',1);
INSERT INTO `oh_medicaldsr` VALUES (226,'D','226','Amoxycillin 125mg/5ml Powd. Susp 100ml',0,0,8,180,0,1,'N',NULL,NULL,'admin','2024-02-02 01:45:37',1);
INSERT INTO `oh_medicaldsr` VALUES (227,'D','227','Chloramphenicol 125mg/5ml Susp 3Ltr',0,0,24,0,0,1,'N',NULL,NULL,'admin','2024-02-07 00:39:16',1);
INSERT INTO `oh_medicaldsr` VALUES (228,'D','228','Chloramphenicol 125mg/5ml Susp 100ml',0,0,8,0,0,1,'N',NULL,NULL,'admin','2024-02-07 00:39:22',1);
INSERT INTO `oh_medicaldsr` VALUES (229,'D','229','Cotrimoxazole 200+40mg/5ml Susp 3Ltr',0,0,24,0,0,1,'N',NULL,NULL,'admin','2024-02-07 00:39:29',1);
INSERT INTO `oh_medicaldsr` VALUES (230,'D','230','Cotrimoxazole 200+40mg/5ml Susp 100ml',0,0,8,0,0,1,'N',NULL,NULL,'admin','2024-02-07 00:39:35',1);
INSERT INTO `oh_medicaldsr` VALUES (231,'D','231','Nystatin 500.000IU/ Susp/ Drops',0,0,60,0,0,1,'N',NULL,NULL,'admin','2024-02-07 00:40:27',1);
INSERT INTO `oh_medicaldsr` VALUES (232,'D','232','Sodium Chloride Apyrogen 50kg',0,0,85,0,0,1,'N',NULL,NULL,'admin','2024-02-07 00:39:07',1);
INSERT INTO `oh_medicaldsr` VALUES (233,'K','233','Field stain A and B',0,0,34,0,0,1,'N',NULL,NULL,'admin','2024-02-07 00:57:29',1);
INSERT INTO `oh_medicaldsr` VALUES (234,'K','234','Genitian Violet',0,0,30,0,0,1,'N',NULL,NULL,'admin','2024-02-07 00:57:36',1);
INSERT INTO `oh_medicaldsr` VALUES (235,'K','235','Neutral Red',0,0,30,0,0,1,'N',NULL,NULL,'admin','2024-02-07 00:57:40',1);
INSERT INTO `oh_medicaldsr` VALUES (236,'K','236','Eosin Yelowish',0,0,30,0,0,1,'N',NULL,NULL,'admin','2024-02-07 00:57:44',1);
INSERT INTO `oh_medicaldsr` VALUES (237,'K','237','Giemsa Stain',0,0,30,0,0,1,'N',NULL,NULL,'admin','2024-02-07 00:57:53',1);
INSERT INTO `oh_medicaldsr` VALUES (238,'K','238','Anti Serum A 10ml',0,0,15,0,0,1,'N',NULL,NULL,'admin','2024-02-07 00:58:01',1);
INSERT INTO `oh_medicaldsr` VALUES (239,'S','239','Blood giving set Disposable',0,0,14,0,0,1,'N',NULL,NULL,'admin','2024-02-07 00:58:07',1);
INSERT INTO `oh_medicaldsr` VALUES (240,'S','240','Blood Transfer Bag 300ml',0,0,25,0,0,1,'N',NULL,NULL,'admin','2024-02-07 00:58:14',1);
INSERT INTO `oh_medicaldsr` VALUES (241,'S','241','Insulin Syringe 100IU with Needle G26/29',0,0,28,0,0,1,'N',NULL,NULL,'admin','2024-02-07 00:38:57',1);
INSERT INTO `oh_medicaldsr` VALUES (242,'S','242','IV Canula G16 with Port',0,0,10,0,0,1,'N',NULL,NULL,'admin','2024-02-02 01:19:30',1);
INSERT INTO `oh_medicaldsr` VALUES (243,'S','243','IV Canula G18 with Port',0,0,10,0,0,1,'N',NULL,NULL,'admin','2024-02-02 01:19:34',1);
INSERT INTO `oh_medicaldsr` VALUES (244,'S','244','IV Canula G20 with Port',0,0,10,0,0,1,'N',NULL,NULL,'admin','2024-02-02 01:19:37',1);
INSERT INTO `oh_medicaldsr` VALUES (245,'S','245','IV Canula G22 with Port',0,0,10,0,0,1,'N',NULL,NULL,'admin','2024-02-02 01:19:41',1);
INSERT INTO `oh_medicaldsr` VALUES (246,'S','246','IV Canula G24 without Port',0,0,10,0,0,1,'N',NULL,NULL,'admin','2024-02-02 01:19:45',1);
INSERT INTO `oh_medicaldsr` VALUES (247,'S','247','IV Canula G24 with Port',0,0,10,0,0,1,'N',NULL,NULL,'admin','2024-02-02 01:19:49',1);
INSERT INTO `oh_medicaldsr` VALUES (248,'S','248','IV Giving set Disposable',0,0,18,0,0,1,'N',NULL,NULL,'admin','2024-02-07 00:36:12',1);
INSERT INTO `oh_medicaldsr` VALUES (249,'S','249','Needle container disposable of contaminated',0,0,40,0,0,1,'N',NULL,NULL,'admin','2024-02-07 00:36:19',1);
INSERT INTO `oh_medicaldsr` VALUES (250,'S','250','Needles Luer G20 Disposable',0,0,8,0,0,2,'N',NULL,NULL,'admin','2024-02-07 00:36:54',1);
INSERT INTO `oh_medicaldsr` VALUES (251,'S','251','Needles Luer G21 Disposable',0,0,8,0,0,2,'N',NULL,NULL,'admin','2024-02-07 00:36:59',1);
INSERT INTO `oh_medicaldsr` VALUES (252,'S','252','Needles Luer G22 Disposable',0,0,8,0,0,3,'N',NULL,NULL,'admin','2024-02-07 00:37:04',1);
INSERT INTO `oh_medicaldsr` VALUES (253,'S','253','Needles Luer G23 Disposable',0,0,8,100,0,3,'N',NULL,NULL,'admin','2024-02-07 00:36:50',1);
INSERT INTO `oh_medicaldsr` VALUES (254,'S','254','Needles Spinal G20x75-120mm',0,0,20,0,0,1,'N',NULL,NULL,'admin','2024-02-07 00:37:15',1);
INSERT INTO `oh_medicaldsr` VALUES (255,'S','255','Needles Spinal G22x75-120mm',0,0,20,0,0,1,'N',NULL,NULL,'admin','2024-02-07 00:37:19',1);
INSERT INTO `oh_medicaldsr` VALUES (256,'S','256','Needles Spinal G25x75-120mm',0,0,20,0,0,1,'N',NULL,NULL,'admin','2024-02-07 00:37:23',1);
INSERT INTO `oh_medicaldsr` VALUES (257,'S','257','Needles Spinal G22x40mm',0,0,20,0,0,1,'N',NULL,NULL,'admin','2024-02-07 00:37:29',1);
INSERT INTO `oh_medicaldsr` VALUES (258,'S','258','Scalp Vein G19 Infusion set',0,0,10,0,0,1,'N',NULL,NULL,'admin','2024-02-02 01:19:08',1);
INSERT INTO `oh_medicaldsr` VALUES (259,'S','259','Scalp Vein G21 Infusion set',0,0,10,0,0,1,'N',NULL,NULL,'admin','2024-02-02 01:19:16',1);
INSERT INTO `oh_medicaldsr` VALUES (260,'S','260','Scalp Vein G23 Infusion set',0,0,10,0,0,1,'N',NULL,NULL,'admin','2024-02-02 01:19:21',1);
INSERT INTO `oh_medicaldsr` VALUES (261,'S','261','Scalp Vein G25 Infusion set',0,0,10,0,0,1,'N',NULL,NULL,'admin','2024-02-02 01:19:25',1);
INSERT INTO `oh_medicaldsr` VALUES (262,'S','262','Syringe Feeding/Irrigation 50/60ml',0,0,23,0,0,1,'N',NULL,NULL,'admin','2024-02-05 00:38:47',1);
INSERT INTO `oh_medicaldsr` VALUES (263,'S','263','Syringe Luer 2ml With Needle Disposable',0,0,3,0,0,1,'N',NULL,NULL,'admin','2024-02-02 00:09:09',1);
INSERT INTO `oh_medicaldsr` VALUES (264,'S','264','Syringe Luer 10ml With Needle Disposable',0,0,4,1600,100,5,'N',NULL,NULL,'admin','2024-05-31 00:23:00',1);
INSERT INTO `oh_medicaldsr` VALUES (265,'S','265','Syringe Luer 20ml With Needle Disposable',0,0,5,0,0,1,'N',NULL,NULL,'admin','2024-02-02 00:09:13',1);
INSERT INTO `oh_medicaldsr` VALUES (266,'S','266','Syringe Luer 5ml With Needle Disposable',0,0,2,0,0,1,'N',NULL,NULL,'admin','2024-02-02 00:09:17',1);
INSERT INTO `oh_medicaldsr` VALUES (267,'S','267','Airway Guedel Size 00',0,0,15,0,0,1,'N',NULL,NULL,'admin','2024-02-06 18:44:33',1);
INSERT INTO `oh_medicaldsr` VALUES (268,'S','268','Airway Guedel Size 0',0,0,15,0,0,1,'N',NULL,NULL,'admin','2024-02-06 18:44:36',1);
INSERT INTO `oh_medicaldsr` VALUES (269,'S','269','Airway Guedel Size 1',0,0,15,0,0,1,'N',NULL,NULL,'admin','2024-02-06 18:44:39',1);
INSERT INTO `oh_medicaldsr` VALUES (270,'S','270','Airway Guedel Size 2',0,0,15,0,0,1,'N',NULL,NULL,'admin','2024-02-06 18:44:42',1);
INSERT INTO `oh_medicaldsr` VALUES (271,'S','271','Airway Guedel Size 3',0,0,15,0,0,1,'N',NULL,NULL,'admin','2024-02-06 18:44:45',1);
INSERT INTO `oh_medicaldsr` VALUES (272,'S','272','Eye Pad Sterile',0,0,24,0,0,1,'N',NULL,NULL,'admin','2024-02-06 18:44:50',1);
INSERT INTO `oh_medicaldsr` VALUES (273,'S','273','Adhesive Tape 2.5cm x 5m',0,0,30,20,0,3,'N',NULL,NULL,'admin','2024-02-10 18:43:44',1);
INSERT INTO `oh_medicaldsr` VALUES (274,'S','274','Adhesive Tape 7.5cm x 5m',0,0,30,0,0,2,'N',NULL,NULL,'admin','2024-02-10 18:43:50',1);
INSERT INTO `oh_medicaldsr` VALUES (275,'S','275','cotton Wool 500G',0,0,100,100,20,4,'N',NULL,NULL,'admin','2024-02-10 18:43:31',1);
INSERT INTO `oh_medicaldsr` VALUES (276,'S','276','Cotton Wool 200G',0,0,100,0,0,2,'N',NULL,NULL,'admin','2024-02-10 18:43:39',1);
INSERT INTO `oh_medicaldsr` VALUES (277,'S','277','Elastic Bandage 10cm x 4.5m',0,0,6,0,0,1,'N',NULL,NULL,'admin','2024-02-06 18:44:58',1);
INSERT INTO `oh_medicaldsr` VALUES (278,'S','278','Elastic Bandage 7.5cm x 4.5m',0,0,5,0,0,1,'N',NULL,NULL,'admin','2024-02-06 18:45:03',1);
INSERT INTO `oh_medicaldsr` VALUES (279,'S','279','Gauze Bandage 7.5cm x 3.65-4m',0,0,5,0,0,1,'N',NULL,NULL,'admin','2024-02-06 18:45:07',1);
INSERT INTO `oh_medicaldsr` VALUES (280,'S','280','Gauze Bandage 10cm x 4m',0,0,4,0,0,1,'N',NULL,NULL,'admin','2024-02-06 18:45:11',1);
INSERT INTO `oh_medicaldsr` VALUES (281,'S','281','Gauze Pads Non Sterile 10cm x 10cm',0,0,6,0,0,2,'N',NULL,NULL,'admin','2024-02-06 18:45:29',1);
INSERT INTO `oh_medicaldsr` VALUES (282,'S','282','Gauze Pads  Sterile 10cm x 10cm',0,0,4,0,0,1,'N',NULL,NULL,'admin','2024-02-06 18:45:25',1);
INSERT INTO `oh_medicaldsr` VALUES (283,'S','283','Gauze Hydrophylic 90cm x 91cm',0,0,12,0,0,1,'N',NULL,NULL,'admin','2024-02-06 18:45:36',1);
INSERT INTO `oh_medicaldsr` VALUES (284,'S','284','Plaster of Paris 10cm',0,0,6,0,0,1,'N',NULL,NULL,'admin','2024-02-06 18:45:42',1);
INSERT INTO `oh_medicaldsr` VALUES (285,'S','285','Plaster of Paris 15cm',0,0,8,0,0,1,'N',NULL,NULL,'admin','2024-02-06 18:45:46',1);
INSERT INTO `oh_medicaldsr` VALUES (286,'S','286','Cathether Foley CH20 3 Way Ballon',0,0,18,0,0,1,'N',NULL,NULL,'admin','2024-02-06 18:45:53',1);
INSERT INTO `oh_medicaldsr` VALUES (287,'S','287','Cathether Foley CH8 3 Way Ballon',0,0,14,0,0,2,'N',NULL,NULL,'admin','2024-02-06 18:46:35',1);
INSERT INTO `oh_medicaldsr` VALUES (288,'S','288','Cathether Foley CH10 3 Way Ballon',0,0,16,0,0,2,'N',NULL,NULL,'admin','2024-02-06 18:46:42',1);
INSERT INTO `oh_medicaldsr` VALUES (289,'S','289','Cathether Foley CH12 3 Way Ballon',0,0,18,0,0,1,'N',NULL,NULL,'admin','2024-02-06 18:46:10',1);
INSERT INTO `oh_medicaldsr` VALUES (290,'S','290','Cathether Foley CH14 3 Way Ballon',0,0,18,0,0,1,'N',NULL,NULL,'admin','2024-02-06 18:46:15',1);
INSERT INTO `oh_medicaldsr` VALUES (291,'S','291','Cathether Foley CH16 3 Way Ballon',0,0,18,0,0,1,'N',NULL,NULL,'admin','2024-02-06 18:46:19',1);
INSERT INTO `oh_medicaldsr` VALUES (292,'S','292','Cathether Foley CH18 3 Way Ballon',0,0,20,0,0,1,'N',NULL,NULL,'admin','2024-02-06 18:46:28',1);
INSERT INTO `oh_medicaldsr` VALUES (293,'S','293','Cathether Stopper for All sizes',0,0,28,0,0,1,'N',NULL,NULL,'admin','2024-02-07 00:58:33',1);
INSERT INTO `oh_medicaldsr` VALUES (294,'S','294','Nasogastric Tube G5 (Children)',0,0,20,0,0,2,'N',NULL,NULL,'admin','2024-02-02 00:09:38',1);
INSERT INTO `oh_medicaldsr` VALUES (295,'S','295','Nasogastric Tube G8 (Children)',0,0,20,0,0,2,'N',NULL,NULL,'admin','2024-02-02 00:09:42',1);
INSERT INTO `oh_medicaldsr` VALUES (296,'S','296','Nasogastric Tube G6 (Children)',0,0,20,0,0,3,'N',NULL,NULL,'admin','2024-02-02 00:10:00',1);
INSERT INTO `oh_medicaldsr` VALUES (297,'S','297','Nasogastric Tube G10 (Children)',0,0,20,0,0,1,'N',NULL,NULL,'admin','2024-02-02 00:09:57',1);
INSERT INTO `oh_medicaldsr` VALUES (298,'S','298','Nasogastric Tube G14 (Children)',0,0,20,0,0,1,'N',NULL,NULL,'admin','2024-02-02 00:09:52',1);
INSERT INTO `oh_medicaldsr` VALUES (299,'S','299','Nasogastric Tube G16 (Children)',0,0,20,0,0,1,'N',NULL,NULL,'admin','2024-02-02 00:09:48',1);
INSERT INTO `oh_medicaldsr` VALUES (300,'S','300','Rectal Tube CH24',0,0,32,0,0,1,'N',NULL,NULL,'admin','2024-02-05 00:38:55',1);
INSERT INTO `oh_medicaldsr` VALUES (301,'S','301','Rectal Tube CH26',0,0,34,0,0,1,'N',NULL,NULL,'admin','2024-02-05 00:39:05',1);
INSERT INTO `oh_medicaldsr` VALUES (302,'S','302','Suction Cathether Size 6 Disposable',0,0,8,0,0,1,'N',NULL,NULL,'admin','2024-02-06 18:42:53',1);
INSERT INTO `oh_medicaldsr` VALUES (303,'S','303','Suction Cathether Size 8 Disposable',0,0,8,0,0,1,'N',NULL,NULL,'admin','2024-02-06 18:42:59',1);
INSERT INTO `oh_medicaldsr` VALUES (304,'S','304','Suction Cathether Size 16 Disposable',0,0,12,0,0,1,'N',NULL,NULL,'admin','2024-02-06 18:43:03',1);
INSERT INTO `oh_medicaldsr` VALUES (305,'S','305','Suction Cathether Size 12 Disposable',0,0,10,0,0,1,'N',NULL,NULL,'admin','2024-02-06 18:43:08',1);
INSERT INTO `oh_medicaldsr` VALUES (306,'S','306','Suction Cathether Size 14 Disposable',0,0,12,0,0,1,'N',NULL,NULL,'admin','2024-02-06 18:43:12',1);
INSERT INTO `oh_medicaldsr` VALUES (307,'S','307','Suction Cathether Size 10 Disposable',0,0,10,0,0,1,'N',NULL,NULL,'admin','2024-02-06 18:43:17',1);
INSERT INTO `oh_medicaldsr` VALUES (308,'S','308','Gloves Domestic',0,0,4,0,0,1,'N',NULL,NULL,'admin','2024-02-06 18:43:21',1);
INSERT INTO `oh_medicaldsr` VALUES (309,'S','309','Gloves High risk non sterile Medium',0,0,7,0,0,1,'N',NULL,NULL,'admin','2024-02-06 18:43:27',1);
INSERT INTO `oh_medicaldsr` VALUES (310,'S','310','Gloves Gynaecological 7.5-8',0,0,8,0,0,1,'N',NULL,NULL,'admin','2024-02-06 18:43:32',1);
INSERT INTO `oh_medicaldsr` VALUES (311,'S','311','Gloves Non Sterile Medium Disposable',0,0,4,0,0,1,'N',NULL,NULL,'admin','2024-02-06 18:43:36',1);
INSERT INTO `oh_medicaldsr` VALUES (312,'S','312','Gloves Non Sterile Large Disposable',0,0,5,0,0,1,'N',NULL,NULL,'admin','2024-02-06 18:43:40',1);
INSERT INTO `oh_medicaldsr` VALUES (313,'S','313','Gloves Surgical Sterile 6',0,0,8,0,0,1,'N',NULL,NULL,'admin','2024-02-06 18:43:51',1);
INSERT INTO `oh_medicaldsr` VALUES (314,'S','314','Gloves Surgical Sterile 6.5',0,0,8,1000,0,2,'N',NULL,NULL,'admin','2024-02-06 18:43:54',1);
INSERT INTO `oh_medicaldsr` VALUES (315,'S','315','Gloves Surgical Sterile 7',0,0,8,0,0,1,'N',NULL,NULL,'admin','2024-02-06 18:43:56',1);
INSERT INTO `oh_medicaldsr` VALUES (316,'S','316','Gloves Surgical Sterile 7.5',0,0,8,1000,0,2,'N',NULL,NULL,'admin','2024-02-06 18:43:59',1);
INSERT INTO `oh_medicaldsr` VALUES (317,'S','317','Gloves Surgical Sterile 8',0,0,8,0,0,1,'N',NULL,NULL,'admin','2024-02-06 18:44:03',1);
INSERT INTO `oh_medicaldsr` VALUES (318,'S','318','Gloves Surgical Sterile 8.5',0,0,8,0,0,1,'N',NULL,NULL,'admin','2024-02-06 18:44:07',1);
INSERT INTO `oh_medicaldsr` VALUES (319,'S','319','Tongue depressor Disposable',0,0,30,0,0,1,'N',NULL,NULL,'admin','2024-02-02 01:18:32',1);
INSERT INTO `oh_medicaldsr` VALUES (320,'S','320','Bedpan Plastic Autoclavable',0,0,1,0,0,2,'N',NULL,NULL,'admin','2024-02-10 18:42:55',1);
INSERT INTO `oh_medicaldsr` VALUES (321,'S','321','Bedpan Stainless Steel',0,0,1,0,0,3,'N',NULL,NULL,'admin','2024-02-10 18:42:51',1);
INSERT INTO `oh_medicaldsr` VALUES (322,'S','322','Body Bag 70 x 215cm  (Adult)',0,0,5,0,0,2,'N',NULL,NULL,'admin','2024-02-10 18:42:45',1);
INSERT INTO `oh_medicaldsr` VALUES (323,'S','323','Bowl Without Lid 7 x 12cm stainless steel',0,0,2,0,0,2,'N',NULL,NULL,'admin','2024-02-10 18:43:00',1);
INSERT INTO `oh_medicaldsr` VALUES (324,'S','324','Bowl Without Lid 8 x 16cm stainless steel',0,0,2,0,0,2,'N',NULL,NULL,'admin','2024-02-10 18:43:04',1);
INSERT INTO `oh_medicaldsr` VALUES (325,'S','325','Bowl Without Lid 10 x 24cm stainless steel',0,0,2,0,0,2,'N',NULL,NULL,'admin','2024-02-10 18:43:07',1);
INSERT INTO `oh_medicaldsr` VALUES (326,'S','326','Air ring set 43x15cm, rubber with pump',0,0,5,0,0,2,'N',NULL,NULL,'admin','2024-02-10 18:43:13',1);
INSERT INTO `oh_medicaldsr` VALUES (327,'S','327','Colostomy Bag closed 30mm size 2',0,0,4,0,0,2,'N',NULL,NULL,'admin','2024-02-10 18:50:00',1);
INSERT INTO `oh_medicaldsr` VALUES (328,'S','328','Colostomy Bag closed 30mm size 3',0,0,4,0,0,2,'N',NULL,NULL,'admin','2024-02-10 18:50:03',1);
INSERT INTO `oh_medicaldsr` VALUES (329,'S','329','Colostomy Bag open re-usable 35mm',0,0,4,0,0,3,'N',NULL,NULL,'admin','2024-02-10 18:50:06',1);
INSERT INTO `oh_medicaldsr` VALUES (330,'S','330','Ear syringe rubber 60ml',0,0,25,0,0,1,'N',NULL,NULL,'admin','2024-02-05 00:43:13',1);
INSERT INTO `oh_medicaldsr` VALUES (331,'S','331','First Aid kit',0,0,5,0,0,2,'N',NULL,NULL,'admin','2024-02-10 18:50:11',1);
INSERT INTO `oh_medicaldsr` VALUES (332,'S','332','Gallipot stainless steel 300ml/15cm',0,0,15,0,0,1,'N',NULL,NULL,'admin','2024-02-02 01:18:16',1);
INSERT INTO `oh_medicaldsr` VALUES (333,'S','333','Gallipot stainless steel 200ml/10cm',0,0,12,0,0,1,'N',NULL,NULL,'admin','2024-02-02 01:18:20',1);
INSERT INTO `oh_medicaldsr` VALUES (334,'S','334','Hot water Bottle 2Ltr',0,0,2,0,0,1,'N',NULL,NULL,'admin','2024-02-05 00:39:14',1);
INSERT INTO `oh_medicaldsr` VALUES (335,'S','335','Instrument Box With Lid 20x10x5cm',0,0,1,0,0,2,'N',NULL,NULL,'admin','2024-02-10 18:42:26',1);
INSERT INTO `oh_medicaldsr` VALUES (336,'S','336','Instrument Tray 30 x 20 x 2cm',0,0,1,0,0,2,'N',NULL,NULL,'admin','2024-02-10 18:42:30',1);
INSERT INTO `oh_medicaldsr` VALUES (337,'S','337','Irrigation can with acsessories',0,0,2,0,0,2,'N',NULL,NULL,'admin','2024-02-10 18:42:35',1);
INSERT INTO `oh_medicaldsr` VALUES (338,'S','338','Kidney Dish stainless Steel 24cm',0,0,1,0,0,2,'N',NULL,NULL,'admin','2024-02-10 18:42:21',1);
INSERT INTO `oh_medicaldsr` VALUES (339,'S','339','Kidney Dish stainless Steel 20cm',0,0,1,0,0,2,'N',NULL,NULL,'admin','2024-02-10 18:42:18',1);
INSERT INTO `oh_medicaldsr` VALUES (340,'S','340','Kidney Dish Polypropylene 24cm',0,0,1,0,0,2,'N',NULL,NULL,'admin','2024-02-10 18:42:15',1);
INSERT INTO `oh_medicaldsr` VALUES (341,'S','341','Mackintosh Plastic (Apron) per 1m',0,0,40,0,0,1,'N',NULL,NULL,'admin','2024-02-06 11:41:09',1);
INSERT INTO `oh_medicaldsr` VALUES (342,'S','342','Mackintosh Rubber Brown (sheeting) per 1m',0,0,35,0,0,1,'N',NULL,NULL,'admin','2024-02-06 11:41:16',1);
INSERT INTO `oh_medicaldsr` VALUES (343,'S','343','Measuring Cup Graduated 25ml',0,0,15,0,0,1,'N',NULL,NULL,'admin','2024-02-06 11:41:21',1);
INSERT INTO `oh_medicaldsr` VALUES (344,'S','344','Nesk Support Small',0,0,5,0,0,2,'N',NULL,NULL,'admin','2024-02-10 18:41:39',1);
INSERT INTO `oh_medicaldsr` VALUES (345,'S','345','Neck Support Medium',0,0,5,0,0,2,'N',NULL,NULL,'admin','2024-02-10 18:41:42',1);
INSERT INTO `oh_medicaldsr` VALUES (346,'S','346','Neck Support Large',0,0,5,0,0,2,'N',NULL,NULL,'admin','2024-02-10 18:41:46',1);
INSERT INTO `oh_medicaldsr` VALUES (347,'S','347','Spoon Medicine 5ml',0,0,18,0,0,1,'N',NULL,NULL,'admin','2024-02-05 00:43:21',1);
INSERT INTO `oh_medicaldsr` VALUES (348,'S','348','Apron Plastic Re-usable',0,0,55,0,0,1,'N',NULL,NULL,'admin','2024-02-05 00:39:55',1);
INSERT INTO `oh_medicaldsr` VALUES (349,'S','349','Apron Plastic Re-usable local',0,0,50,0,0,1,'N',NULL,NULL,'admin','2024-02-05 00:40:04',1);
INSERT INTO `oh_medicaldsr` VALUES (350,'S','350','Apron Polythene Disp Non Sterile',0,0,40,0,0,1,'N',NULL,NULL,'admin','2024-02-05 00:41:26',1);
INSERT INTO `oh_medicaldsr` VALUES (351,'S','351','Razor Blades Disposable 5pc',0,0,25,0,0,1,'N',NULL,NULL,'admin','2024-02-05 00:39:45',1);
INSERT INTO `oh_medicaldsr` VALUES (352,'S','352','Stethoscope Foetal Metal',0,0,1,0,0,2,'N',NULL,NULL,'admin','2024-02-10 18:41:26',1);
INSERT INTO `oh_medicaldsr` VALUES (353,'S','353','Stethoscope Foetal Wood',0,0,1,0,0,2,'N',NULL,NULL,'admin','2024-02-10 18:41:23',1);
INSERT INTO `oh_medicaldsr` VALUES (354,'S','354','Surgical Brush (Scrubbing)',0,0,70,0,0,1,'N',NULL,NULL,'admin','2024-02-05 00:40:12',1);
INSERT INTO `oh_medicaldsr` VALUES (355,'S','355','Surgical Mop 12 x 15',0,0,85,0,0,1,'N',NULL,NULL,'admin','2024-02-05 00:40:17',1);
INSERT INTO `oh_medicaldsr` VALUES (356,'S','356','Tablet Counting Tray',0,0,90,0,0,1,'N',NULL,NULL,'admin','2024-02-05 00:40:24',1);
INSERT INTO `oh_medicaldsr` VALUES (357,'S','357','Toilet Paper Rolls',0,0,100,0,0,2,'N',NULL,NULL,'admin','2024-02-10 18:41:17',1);
INSERT INTO `oh_medicaldsr` VALUES (358,'S','358','Traction Kit Children',0,0,2,0,0,2,'N',NULL,NULL,'admin','2024-02-10 18:41:10',1);
INSERT INTO `oh_medicaldsr` VALUES (359,'S','359','Traction Kit Adult',0,0,1,0,0,2,'N',NULL,NULL,'admin','2024-02-10 18:41:05',1);
INSERT INTO `oh_medicaldsr` VALUES (360,'S','360','Thermometer Clinical Flat Type',0,0,60,0,0,1,'N',NULL,NULL,'admin','2024-02-05 00:40:48',1);
INSERT INTO `oh_medicaldsr` VALUES (361,'S','361','Thermometer Clinical Prismatic Type',0,0,65,0,0,1,'N',NULL,NULL,'admin','2024-02-05 00:40:53',1);
INSERT INTO `oh_medicaldsr` VALUES (362,'S','362','Umbilical Cord Tie non sterile 100m',0,0,50,0,0,1,'N',NULL,NULL,'admin','2024-02-05 00:40:59',1);
INSERT INTO `oh_medicaldsr` VALUES (363,'S','363','Umbilical Cord Tie sterile 22m',0,0,90,0,0,1,'N',NULL,NULL,'admin','2024-02-05 00:41:09',1);
INSERT INTO `oh_medicaldsr` VALUES (364,'S','364','Urinal 1Ltr / 2Ltr',0,0,22,0,0,1,'N',NULL,NULL,'admin','2024-02-05 00:41:16',1);
INSERT INTO `oh_medicaldsr` VALUES (365,'S','365','Urine Collecting Bag sterile 2Ltr',0,0,18,0,0,1,'N',NULL,NULL,'admin','2024-02-05 00:39:25',1);
INSERT INTO `oh_medicaldsr` VALUES (366,'S','366','Insectcide Spray 400g',0,0,5,0,0,1,'N',NULL,NULL,'admin','2024-02-02 01:17:24',1);
INSERT INTO `oh_medicaldsr` VALUES (367,'S','367','Mosquito Net Impregnated Medium',0,0,25,0,0,1,'N',NULL,NULL,'admin','2024-02-02 01:17:28',1);
INSERT INTO `oh_medicaldsr` VALUES (368,'S','368','Mosquito Net Impregnated Large',0,0,35,50,20,3,'N',NULL,NULL,'admin','2024-02-02 01:17:33',1);
INSERT INTO `oh_medicaldsr` VALUES (369,'S','369','Mosquito Net Non Impregnated Medium',0,0,20,0,0,1,'N',NULL,NULL,'admin','2024-02-02 01:17:40',1);
INSERT INTO `oh_medicaldsr` VALUES (370,'S','370','Mosquito Net Non Impregnated Large',0,0,30,0,0,1,'N',NULL,NULL,'admin','2024-02-02 01:17:45',1);
INSERT INTO `oh_medicaldsr` VALUES (371,'S','371','Mosquito Net Impregnation Tablet',0,0,10,0,0,1,'N',NULL,NULL,'admin','2024-02-02 01:17:50',1);
INSERT INTO `oh_medicaldsr` VALUES (372,'S','372','Mosquito Net Impregnation Liquid 500ml',0,0,14,0,0,1,'N',NULL,NULL,'admin','2024-02-02 01:17:54',1);
INSERT INTO `oh_medicaldsr` VALUES (373,'S','373','Mosquito Wal spray Powder 80g',0,0,3,0,0,1,'N',NULL,NULL,'admin','2024-02-02 00:14:00',1);
INSERT INTO `oh_medicaldsr` VALUES (374,'S','374','Handle for surgical blade No 3',0,0,25,0,0,1,'N',NULL,NULL,'admin','2024-02-06 11:43:23',1);
INSERT INTO `oh_medicaldsr` VALUES (375,'S','375','Handle for surgical blade No 4',0,0,25,0,0,1,'N',NULL,NULL,'admin','2024-02-06 11:43:30',1);
INSERT INTO `oh_medicaldsr` VALUES (376,'S','376','Surgical Blades No 20',0,0,5,0,0,2,'N',NULL,NULL,'admin','2024-02-10 18:40:42',1);
INSERT INTO `oh_medicaldsr` VALUES (377,'S','377','Surgical Blades No 21',0,0,5,0,0,2,'N',NULL,NULL,'admin','2024-02-10 18:40:46',1);
INSERT INTO `oh_medicaldsr` VALUES (378,'S','378','Surgical Blades No 22',0,0,5,0,0,2,'N',NULL,NULL,'admin','2024-02-10 18:40:50',1);
INSERT INTO `oh_medicaldsr` VALUES (379,'S','379','Surgical Blades No 23',0,0,5,0,0,2,'N',NULL,NULL,'admin','2024-02-10 18:40:53',1);
INSERT INTO `oh_medicaldsr` VALUES (380,'S','380','Needle suture No 5 round',0,0,20,0,0,1,'N',NULL,NULL,'admin','2024-02-06 11:44:02',1);
INSERT INTO `oh_medicaldsr` VALUES (381,'S','381','Needle suture No 5 cutting',0,0,20,0,0,1,'N',NULL,NULL,'admin','2024-02-06 11:44:07',1);
INSERT INTO `oh_medicaldsr` VALUES (382,'S','382','Needle suture No 6 Round',0,0,22,0,0,1,'N',NULL,NULL,'admin','2024-02-06 11:44:11',1);
INSERT INTO `oh_medicaldsr` VALUES (383,'S','383','Suture Cutgut Chromic (0)',0,0,15,0,0,1,'N',NULL,NULL,'admin','2024-02-06 11:44:16',1);
INSERT INTO `oh_medicaldsr` VALUES (384,'S','384','Suture Cutgut Chromic (2) RN22240TH',0,0,15,0,0,1,'N',NULL,NULL,'admin','2024-02-06 11:44:20',1);
INSERT INTO `oh_medicaldsr` VALUES (385,'S','385','Suture Cutgut Chromic (2/0) RN22230TH',0,0,15,0,0,1,'N',NULL,NULL,'admin','2024-02-06 11:44:23',1);
INSERT INTO `oh_medicaldsr` VALUES (386,'S','386','Suture Cutgut Chromic (3/0) RN2325TF',0,0,15,0,0,1,'N',NULL,NULL,'admin','2024-02-06 11:44:27',1);
INSERT INTO `oh_medicaldsr` VALUES (387,'S','387','Suture Cutgut Plain (2/0) RN1230TF',0,0,15,0,0,1,'N',NULL,NULL,'admin','2024-02-06 11:44:30',1);
INSERT INTO `oh_medicaldsr` VALUES (388,'S','388','Suture Silk (1) S595',0,0,30,0,0,1,'N',NULL,NULL,'admin','2024-02-05 00:41:42',1);
INSERT INTO `oh_medicaldsr` VALUES (389,'S','389','Suture Silk (2/0) RN5230TF',0,0,40,0,0,1,'N',NULL,NULL,'admin','2024-02-05 00:41:48',1);
INSERT INTO `oh_medicaldsr` VALUES (390,'S','390','Suture PGA (3/0) RN3330TF',0,0,50,0,0,1,'N',NULL,NULL,'admin','2024-02-05 00:41:53',1);
INSERT INTO `oh_medicaldsr` VALUES (391,'S','391','Lead Apron 100cmx60cm',0,0,40,0,0,1,'N',NULL,NULL,'admin','2024-02-05 00:41:59',1);
INSERT INTO `oh_medicaldsr` VALUES (392,'S','392','X-Ray Developer 2.6kg for 22.5Ltr',0,0,2,0,0,2,'N',NULL,NULL,'admin','2024-02-10 18:40:29',1);
INSERT INTO `oh_medicaldsr` VALUES (393,'S','393','X-Ray Film 18x24cm',0,0,5,0,0,1,'N',NULL,NULL,'admin','2024-02-02 00:11:33',1);
INSERT INTO `oh_medicaldsr` VALUES (394,'S','394','X-Ray Film 20x40cm',0,0,6,0,0,1,'N',NULL,NULL,'admin','2024-02-02 00:11:38',1);
INSERT INTO `oh_medicaldsr` VALUES (395,'S','395','X-Ray Film 24x30cm',0,0,8,0,0,1,'N',NULL,NULL,'admin','2024-02-02 00:11:42',1);
INSERT INTO `oh_medicaldsr` VALUES (396,'S','396','X-Ray Film 30x40cm',0,0,6,0,0,1,'N',NULL,NULL,'admin','2024-02-02 00:11:47',1);
INSERT INTO `oh_medicaldsr` VALUES (397,'S','397','X-Ray Film 35x35cm',0,0,7,0,0,1,'N',NULL,NULL,'admin','2024-02-02 00:11:51',1);
INSERT INTO `oh_medicaldsr` VALUES (398,'S','398','X-Ray Film 43x35cm',0,0,9,10,0,2,'N',NULL,NULL,'admin','2024-02-02 00:11:57',1);
INSERT INTO `oh_medicaldsr` VALUES (399,'S','399','X-Ray Film Cassette  18x24cm with screen',0,0,8,0,0,1,'N',NULL,NULL,'admin','2024-02-05 00:35:36',1);
INSERT INTO `oh_medicaldsr` VALUES (400,'S','400','X-Ray Film Cassette  24x30cm with screen',0,0,8,0,0,1,'N',NULL,NULL,'admin','2024-02-05 00:35:40',1);
INSERT INTO `oh_medicaldsr` VALUES (401,'S','401','X-Ray Film Cassette  30x40cm with screen',0,0,10,0,0,1,'N',NULL,NULL,'admin','2024-02-05 00:35:46',1);
INSERT INTO `oh_medicaldsr` VALUES (402,'S','402','X-Ray Film Cassette  35x35cm with screen',0,0,10,0,0,1,'N',NULL,NULL,'admin','2024-02-05 00:35:53',1);
INSERT INTO `oh_medicaldsr` VALUES (403,'S','403','X-Ray Film Cassette  35x43cm with screen',0,0,12,0,0,1,'N',NULL,NULL,'admin','2024-02-05 00:35:59',1);
INSERT INTO `oh_medicaldsr` VALUES (404,'S','404','X-Ray Fixer 3.3kg for 22.5 Ltr',0,0,1,10,10,2,'N',NULL,NULL,'admin','2024-02-10 18:40:23',1);
INSERT INTO `oh_medicaldsr` VALUES (405,'S','405','Barium Sulphate for X-Ray 1kg',0,0,1,0,0,2,'N',NULL,NULL,'admin','2024-02-10 18:50:23',1);
INSERT INTO `oh_medicaldsr` VALUES (406,'S','406','Diatrizoate Meglumin Sod 76% 20ml Amp',0,0,20,0,0,1,'N',NULL,NULL,'admin','2024-02-05 00:36:17',1);
INSERT INTO `oh_medicaldsr` VALUES (407,'K','407','Anti Serum B 10ml',0,0,10,0,0,1,'N',NULL,NULL,'admin','2024-02-02 00:10:11',1);
INSERT INTO `oh_medicaldsr` VALUES (408,'K','408','Anti Serum AB 10ml',0,0,12,0,0,1,'N',NULL,NULL,'admin','2024-02-02 00:10:14',1);
INSERT INTO `oh_medicaldsr` VALUES (409,'K','409','Anti Serum D 10ml',0,0,12,0,0,1,'N',NULL,NULL,'admin','2024-02-02 00:10:18',1);
INSERT INTO `oh_medicaldsr` VALUES (410,'K','410','Creatinine 200ml (Calorimetric)',0,0,25,0,0,1,'N',NULL,NULL,'admin','2024-02-02 00:10:23',1);
INSERT INTO `oh_medicaldsr` VALUES (411,'K','411','Glucose GOD PAD  6 x 100ml (Colorimetric)',0,0,20,0,0,2,'N',NULL,NULL,'admin','2024-02-10 18:40:12',1);
INSERT INTO `oh_medicaldsr` VALUES (412,'K','412','Glucose Test Strips (Hyloguard)',0,0,10,0,0,1,'N',NULL,NULL,'admin','2024-02-02 00:10:33',1);
INSERT INTO `oh_medicaldsr` VALUES (414,'D','414','Aciclovir cream',2,0,10,320,0,1,'N',NULL,NULL,'admin','2024-02-05 00:35:15',1);
INSERT INTO `oh_medicaldsr` VALUES (415,'D','415','Paracetamol 500 MG',18000,0,500,70510,1200,3,'N',NULL,NULL,'admin','2024-02-10 18:40:05',1);
INSERT INTO `oh_medicaldsr` VALUES (416,'D','416','Artemether+Lumefantrine 25-35kg',0,0,55,252,0,1,'N',NULL,NULL,'admin','2024-02-05 00:35:26',1);
INSERT INTO `oh_medicaldsr` VALUES (417,'D','417','Coartem 15-25kg',0,0,60,379,0,1,'N',NULL,NULL,'admin','2024-02-02 00:10:50',1);
INSERT INTO `oh_medicaldsr` VALUES (418,'D','418','Coartem 5-15kg',0,0,50,493,0,1,'N',NULL,NULL,'admin','2024-02-02 00:10:42',1);
/*!40000 ALTER TABLE `oh_medicaldsr` ENABLE KEYS */;
UNLOCK TABLES;

--
-- Table structure for table `oh_medicaldsrinventory`
--

DROP TABLE IF EXISTS `oh_medicaldsrinventory`;
/*!40101 SET @saved_cs_client     = @@character_set_client */;
/*!40101 SET character_set_client = utf8mb4 */;
CREATE TABLE `oh_medicaldsrinventory` (
  `MINVT_ID` int(11) NOT NULL AUTO_INCREMENT,
  `MINVT_STATUS` varchar(10) NOT NULL,
  `MINVT_DATE` datetime NOT NULL,
  `MINVT_US_ID_A` varchar(50) NOT NULL,
  `MINVT_REFERENCE` varchar(50) NOT NULL,
  `MINVT_TYPE` varchar(30) NOT NULL,
  `MINVT_WRD_ID_A` char(3) DEFAULT NULL,
  `MINVT_CHARGE_TYPE` varchar(10) DEFAULT NULL,
  `MINVT_DISCHARGE_TYPE` varchar(10) DEFAULT NULL,
  `MINVT_SUPPLIER` int(11) DEFAULT NULL,
  `MINVT_DESTINATION` char(3) DEFAULT NULL,
  `MINVT_LOCK` int(11) NOT NULL DEFAULT 0,
  `MINVT_CREATED_BY` varchar(50) DEFAULT NULL,
  `MINVT_CREATED_DATE` datetime DEFAULT NULL,
  `MINVT_LAST_MODIFIED_BY` varchar(50) DEFAULT NULL,
  `MINVT_LAST_MODIFIED_DATE` datetime DEFAULT NULL,
  `MINVT_ACTIVE` tinyint(1) NOT NULL DEFAULT 1,
  PRIMARY KEY (`MINVT_ID`),
  KEY `FK_MEDICALDSRINVENTORY_WARD_1` (`MINVT_WRD_ID_A`),
  KEY `FK_MEDICALDSRINVENTORY_MEDICALDSRSTOCKMOVTYPE_1` (`MINVT_CHARGE_TYPE`),
  KEY `FK_MEDICALDSRINVENTORY_MEDICALDSRSTOCKMOVTYPE_2` (`MINVT_DISCHARGE_TYPE`),
  KEY `FK_MEDICALDSRINVENTORY_SUPPLIER` (`MINVT_SUPPLIER`),
  KEY `FK_MEDICALDSRINVENTORY_WARD_2` (`MINVT_DESTINATION`),
  KEY `FK_MEDICALDSRINVENTORY_USER_1` (`MINVT_US_ID_A`),
  KEY `FK_MEDICALDSRINVENTORY_USER_2` (`MINVT_CREATED_BY`),
  KEY `FK_MEDICALDSRINVENTORY_USER_3` (`MINVT_LAST_MODIFIED_BY`),
  CONSTRAINT `FK_MEDICALDSRINVENTORY_MEDICALDSRSTOCKMOVTYPE_1` FOREIGN KEY (`MINVT_CHARGE_TYPE`) REFERENCES `oh_medicaldsrstockmovtype` (`MMVT_ID_A`),
  CONSTRAINT `FK_MEDICALDSRINVENTORY_MEDICALDSRSTOCKMOVTYPE_2` FOREIGN KEY (`MINVT_DISCHARGE_TYPE`) REFERENCES `oh_medicaldsrstockmovtype` (`MMVT_ID_A`),
  CONSTRAINT `FK_MEDICALDSRINVENTORY_SUPPLIER` FOREIGN KEY (`MINVT_SUPPLIER`) REFERENCES `oh_supplier` (`SUP_ID`),
  CONSTRAINT `FK_MEDICALDSRINVENTORY_USER_1` FOREIGN KEY (`MINVT_US_ID_A`) REFERENCES `oh_user` (`US_ID_A`) ON DELETE NO ACTION ON UPDATE NO ACTION,
  CONSTRAINT `FK_MEDICALDSRINVENTORY_USER_2` FOREIGN KEY (`MINVT_CREATED_BY`) REFERENCES `oh_user` (`US_ID_A`) ON DELETE NO ACTION ON UPDATE NO ACTION,
  CONSTRAINT `FK_MEDICALDSRINVENTORY_USER_3` FOREIGN KEY (`MINVT_LAST_MODIFIED_BY`) REFERENCES `oh_user` (`US_ID_A`) ON DELETE NO ACTION ON UPDATE NO ACTION,
  CONSTRAINT `FK_MEDICALDSRINVENTORY_WARD_1` FOREIGN KEY (`MINVT_WRD_ID_A`) REFERENCES `oh_ward` (`WRD_ID_A`),
  CONSTRAINT `FK_MEDICALDSRINVENTORY_WARD_2` FOREIGN KEY (`MINVT_DESTINATION`) REFERENCES `oh_ward` (`WRD_ID_A`)
) ENGINE=InnoDB AUTO_INCREMENT=2 DEFAULT CHARSET=utf8mb3 COLLATE=utf8mb3_general_ci;
/*!40101 SET character_set_client = @saved_cs_client */;

--
-- Dumping data for table `oh_medicaldsrinventory`
--

LOCK TABLES `oh_medicaldsrinventory` WRITE;
/*!40000 ALTER TABLE `oh_medicaldsrinventory` DISABLE KEYS */;
INSERT INTO `oh_medicaldsrinventory` VALUES (1,'done','2024-03-18 00:00:00','admin','ref-1','main',NULL,NULL,NULL,NULL,NULL,1,NULL,NULL,NULL,NULL,1);
/*!40000 ALTER TABLE `oh_medicaldsrinventory` ENABLE KEYS */;
UNLOCK TABLES;

--
-- Table structure for table `oh_medicaldsrinventoryrow`
--

DROP TABLE IF EXISTS `oh_medicaldsrinventoryrow`;
/*!40101 SET @saved_cs_client     = @@character_set_client */;
/*!40101 SET character_set_client = utf8mb4 */;
CREATE TABLE `oh_medicaldsrinventoryrow` (
  `MINVTR_ID` int(11) NOT NULL AUTO_INCREMENT,
  `MINVTR_THEORETIC_QTY` float NOT NULL DEFAULT 0,
  `MINVTR_REAL_QTY` float NOT NULL DEFAULT 0,
  `MINVTR_INVT_ID` int(11) NOT NULL,
  `MINVTR_MDSR_ID` int(11) NOT NULL,
  `MINVTR_LT_ID_A` varchar(50) DEFAULT NULL,
  `MINVTR_IS_NEW_LOT` tinyint(1) NOT NULL DEFAULT 0,
  `MINVTR_LOCK` int(11) NOT NULL DEFAULT 0,
  `MINVTR_CREATED_BY` varchar(50) DEFAULT NULL,
  `MINVTR_CREATED_DATE` datetime DEFAULT NULL,
  `MINVTR_LAST_MODIFIED_BY` varchar(50) DEFAULT NULL,
  `MINVTR_LAST_MODIFIED_DATE` datetime DEFAULT NULL,
  `MINVTR_ACTIVE` tinyint(1) NOT NULL DEFAULT 1,
  PRIMARY KEY (`MINVTR_ID`),
  KEY `FK_MEDICALDSRINVENTORYROW_USER_1` (`MINVTR_CREATED_BY`),
  KEY `FK_MEDICALDSRINVENTORYROW_USER_2` (`MINVTR_LAST_MODIFIED_BY`),
  KEY `FK_MEDICALDSRINVENTORYROW_MEDICALDSRINVENTORY` (`MINVTR_INVT_ID`),
  KEY `FK_MEDICALDSRINVENTORYROW_MEDICALDSR` (`MINVTR_MDSR_ID`),
  KEY `FK_MEDICALDSRINVENTORYROW_MEDICALDSRLOT` (`MINVTR_LT_ID_A`),
  CONSTRAINT `FK_MEDICALDSRINVENTORYROW_MEDICALDSR` FOREIGN KEY (`MINVTR_MDSR_ID`) REFERENCES `oh_medicaldsr` (`MDSR_ID`) ON DELETE NO ACTION ON UPDATE NO ACTION,
  CONSTRAINT `FK_MEDICALDSRINVENTORYROW_MEDICALDSRINVENTORY` FOREIGN KEY (`MINVTR_INVT_ID`) REFERENCES `oh_medicaldsrinventory` (`MINVT_ID`) ON DELETE NO ACTION ON UPDATE NO ACTION,
  CONSTRAINT `FK_MEDICALDSRINVENTORYROW_MEDICALDSRLOT` FOREIGN KEY (`MINVTR_LT_ID_A`) REFERENCES `oh_medicaldsrlot` (`LT_ID_A`) ON DELETE NO ACTION ON UPDATE NO ACTION,
  CONSTRAINT `FK_MEDICALDSRINVENTORYROW_USER_1` FOREIGN KEY (`MINVTR_CREATED_BY`) REFERENCES `oh_user` (`US_ID_A`) ON DELETE NO ACTION ON UPDATE NO ACTION,
  CONSTRAINT `FK_MEDICALDSRINVENTORYROW_USER_2` FOREIGN KEY (`MINVTR_LAST_MODIFIED_BY`) REFERENCES `oh_user` (`US_ID_A`) ON DELETE NO ACTION ON UPDATE NO ACTION
) ENGINE=InnoDB AUTO_INCREMENT=4 DEFAULT CHARSET=utf8mb3 COLLATE=utf8mb3_general_ci;
/*!40101 SET character_set_client = @saved_cs_client */;

--
-- Dumping data for table `oh_medicaldsrinventoryrow`
--

LOCK TABLES `oh_medicaldsrinventoryrow` WRITE;
/*!40000 ALTER TABLE `oh_medicaldsrinventoryrow` DISABLE KEYS */;
INSERT INTO `oh_medicaldsrinventoryrow` VALUES (1,0,0,1,103,'-1554622624438837880',0,1,NULL,NULL,NULL,NULL,1);
INSERT INTO `oh_medicaldsrinventoryrow` VALUES (2,0,0,1,104,'-1769145966120870973',0,1,NULL,NULL,NULL,NULL,1);
INSERT INTO `oh_medicaldsrinventoryrow` VALUES (3,0,0,1,415,'-4111916415666582009',0,1,NULL,NULL,NULL,NULL,1);
/*!40000 ALTER TABLE `oh_medicaldsrinventoryrow` ENABLE KEYS */;
UNLOCK TABLES;

--
-- Table structure for table `oh_medicaldsrlot`
--

DROP TABLE IF EXISTS `oh_medicaldsrlot`;
/*!40101 SET @saved_cs_client     = @@character_set_client */;
/*!40101 SET character_set_client = utf8mb4 */;
CREATE TABLE `oh_medicaldsrlot` (
  `LT_ID_A` varchar(50) NOT NULL,
  `LT_MDSR_ID` int(11) NOT NULL,
  `LT_PREP_DATE` datetime NOT NULL,
  `LT_DUE_DATE` datetime NOT NULL,
  `LT_COST` double DEFAULT NULL,
  `LT_LOCK` int(11) NOT NULL DEFAULT 0,
  `LT_CREATED_BY` varchar(50) DEFAULT NULL,
  `LT_CREATED_DATE` datetime DEFAULT NULL,
  `LT_LAST_MODIFIED_BY` varchar(50) DEFAULT NULL,
  `LT_LAST_MODIFIED_DATE` datetime DEFAULT NULL,
  `LT_ACTIVE` tinyint(1) NOT NULL DEFAULT 1,
  PRIMARY KEY (`LT_ID_A`),
  KEY `FK_MEDICALDSRLOT_MEDICALDSR_idx` (`LT_MDSR_ID`),
  KEY `FK_MEDICALDSRLOT_CREATED_BY_IDX` (`LT_CREATED_BY`),
  KEY `FK_MEDICALDSRLOT_LAST_MODIFIED_BY_IDX` (`LT_LAST_MODIFIED_BY`),
  CONSTRAINT `FK_MEDICALDSRLOT_CREATED_BY` FOREIGN KEY (`LT_CREATED_BY`) REFERENCES `oh_user` (`US_ID_A`) ON DELETE NO ACTION ON UPDATE NO ACTION,
  CONSTRAINT `FK_MEDICALDSRLOT_LAST_MODIFIED_BY` FOREIGN KEY (`LT_LAST_MODIFIED_BY`) REFERENCES `oh_user` (`US_ID_A`) ON DELETE NO ACTION ON UPDATE NO ACTION,
  CONSTRAINT `FK_MEDICALDSRLOT_MEDICALDSR` FOREIGN KEY (`LT_MDSR_ID`) REFERENCES `oh_medicaldsr` (`MDSR_ID`) ON DELETE NO ACTION ON UPDATE NO ACTION
) ENGINE=InnoDB DEFAULT CHARSET=utf8mb3 COLLATE=utf8mb3_general_ci;
/*!40101 SET character_set_client = @saved_cs_client */;

--
-- Dumping data for table `oh_medicaldsrlot`
--

LOCK TABLES `oh_medicaldsrlot` WRITE;
/*!40000 ALTER TABLE `oh_medicaldsrlot` DISABLE KEYS */;
INSERT INTO `oh_medicaldsrlot` VALUES ('-1554622624438837880',103,'2019-08-01 00:00:00','2022-08-30 00:00:00',NULL,0,NULL,NULL,NULL,NULL,1);
INSERT INTO `oh_medicaldsrlot` VALUES ('-1769145966120870973',104,'2019-10-01 00:00:00','2025-09-30 00:00:00',NULL,0,NULL,NULL,NULL,NULL,1);
INSERT INTO `oh_medicaldsrlot` VALUES ('-1815940974768681924',103,'2019-08-01 00:00:00','2022-08-31 00:00:00',NULL,0,NULL,NULL,NULL,NULL,1);
INSERT INTO `oh_medicaldsrlot` VALUES ('-4111916415666582009',415,'2019-04-01 00:00:00','2025-03-30 00:00:00',NULL,0,NULL,NULL,NULL,NULL,1);
INSERT INTO `oh_medicaldsrlot` VALUES ('-5845759742362476819',43,'2019-01-01 00:00:00','2025-01-30 00:00:00',NULL,0,NULL,NULL,NULL,NULL,1);
INSERT INTO `oh_medicaldsrlot` VALUES ('-6109574716038492275',226,'2010-01-01 00:00:00','2028-06-30 00:00:00',NULL,0,NULL,NULL,NULL,NULL,1);
INSERT INTO `oh_medicaldsrlot` VALUES ('-6730757007553028234',105,'2015-05-01 00:00:00','2027-04-30 00:00:00',NULL,0,NULL,NULL,NULL,NULL,1);
INSERT INTO `oh_medicaldsrlot` VALUES ('-6960883012965428324',44,'2015-10-01 00:00:00','2022-07-30 00:00:00',NULL,0,NULL,NULL,NULL,NULL,1);
INSERT INTO `oh_medicaldsrlot` VALUES ('-7516567952419863028',208,'2010-08-01 00:00:00','2028-07-30 00:00:00',NULL,0,NULL,NULL,NULL,NULL,1);
INSERT INTO `oh_medicaldsrlot` VALUES ('-7660511420907688190',414,'2010-08-01 00:00:00','2029-07-31 00:00:00',NULL,0,NULL,NULL,NULL,NULL,1);
INSERT INTO `oh_medicaldsrlot` VALUES ('-7718978867967166817',40,'2012-04-03 00:00:00','2025-07-01 00:00:00',NULL,0,NULL,NULL,NULL,NULL,1);
INSERT INTO `oh_medicaldsrlot` VALUES ('-8122995274739094851',101,'2010-04-01 00:00:00','2029-03-30 00:00:00',NULL,0,NULL,NULL,NULL,NULL,1);
INSERT INTO `oh_medicaldsrlot` VALUES ('-8771079640543120715',99,'2015-09-01 00:00:00','2029-08-31 00:00:00',NULL,0,NULL,NULL,NULL,NULL,1);
INSERT INTO `oh_medicaldsrlot` VALUES ('1091771941625202721',253,'2023-02-04 00:00:00','2023-02-04 23:59:59',30,0,'admin','2023-02-04 02:04:06','admin','2023-02-04 02:04:06',1);
INSERT INTO `oh_medicaldsrlot` VALUES ('1190755742914533090',314,'2021-03-15 14:37:28','2021-03-15 14:37:28',0.15,0,'admin','2021-03-15 14:37:57','admin','2021-03-15 14:37:57',1);
INSERT INTO `oh_medicaldsrlot` VALUES ('1352158066768470913',368,'2021-03-15 01:21:17','2024-03-15 01:21:17',30,0,'admin','2021-03-15 01:21:46','admin','2021-03-15 01:21:46',1);
INSERT INTO `oh_medicaldsrlot` VALUES ('1397761246807649990',151,'2021-03-15 01:20:06','2024-03-15 01:20:06',15,0,'admin','2021-03-15 01:20:30','admin','2021-03-15 01:20:30',1);
INSERT INTO `oh_medicaldsrlot` VALUES ('20230200',316,'2023-02-04 00:00:00','2023-02-04 23:59:59',1,0,'admin','2023-02-04 02:32:27','admin','2023-02-04 02:32:27',1);
INSERT INTO `oh_medicaldsrlot` VALUES ('202402AAC1',124,'2024-02-06 00:00:00','2027-02-06 23:59:59',8,0,'admin','2024-02-06 18:42:22','admin','2024-02-06 18:42:22',1);
INSERT INTO `oh_medicaldsrlot` VALUES ('202402c',264,'2024-02-07 00:00:00','2024-02-07 23:59:59',5,0,'admin','2024-02-07 00:33:03','admin','2024-02-07 00:33:03',1);
INSERT INTO `oh_medicaldsrlot` VALUES ('2422709406193164023',41,'2014-04-01 00:00:00','2029-05-30 00:00:00',NULL,0,NULL,NULL,NULL,NULL,1);
INSERT INTO `oh_medicaldsrlot` VALUES ('2525258796098032045',177,'2021-03-15 01:22:08','2021-03-15 01:22:08',2,0,'admin','2021-03-15 01:22:26','admin','2021-03-15 01:22:26',1);
INSERT INTO `oh_medicaldsrlot` VALUES ('255823000817531744',191,'2021-03-15 01:23:30','2021-03-15 01:23:30',0.5,0,'admin','2021-03-15 01:23:55','admin','2021-03-15 01:23:55',1);
INSERT INTO `oh_medicaldsrlot` VALUES ('3670580768670707684',273,'2021-03-15 01:22:54','2021-03-15 01:22:54',2,0,'admin','2021-03-15 01:23:09','admin','2021-03-15 01:23:09',1);
INSERT INTO `oh_medicaldsrlot` VALUES ('3870623398920454138',106,'2023-02-04 00:00:00','2023-02-04 23:59:59',10,0,'admin','2023-02-04 02:04:06','admin','2023-02-04 02:04:06',1);
INSERT INTO `oh_medicaldsrlot` VALUES ('5453401403025577763',109,'2015-05-01 00:00:00','2028-04-30 00:00:00',NULL,0,NULL,NULL,NULL,NULL,1);
INSERT INTO `oh_medicaldsrlot` VALUES ('5830690725884682660',418,'2012-08-01 00:00:00','2027-08-30 00:00:00',NULL,0,NULL,NULL,NULL,NULL,1);
INSERT INTO `oh_medicaldsrlot` VALUES ('5937536366132568535',398,'2021-03-15 14:36:38','2021-03-15 14:36:38',10,0,'admin','2021-03-15 14:36:53','admin','2021-03-15 14:36:53',1);
INSERT INTO `oh_medicaldsrlot` VALUES ('677685091133639642',98,'2022-09-30 00:00:00','2027-09-30 00:00:00',NULL,0,NULL,NULL,NULL,NULL,1);
INSERT INTO `oh_medicaldsrlot` VALUES ('6814074013396911291',417,'2022-09-01 00:00:00','2027-09-30 00:00:00',NULL,0,NULL,NULL,NULL,NULL,1);
INSERT INTO `oh_medicaldsrlot` VALUES ('7144453288242750524',275,'2021-03-15 22:13:05','2021-03-15 22:13:05',2,0,'admin','2021-03-15 22:13:19','admin','2021-03-15 22:13:19',1);
INSERT INTO `oh_medicaldsrlot` VALUES ('7309896240057246824',224,'2021-03-15 22:12:20','2021-03-15 22:12:20',8,0,'admin','2021-03-15 22:12:41','admin','2021-03-15 22:12:41',1);
INSERT INTO `oh_medicaldsrlot` VALUES ('7460012206646986840',50,'2021-03-15 14:38:25','2021-03-15 14:38:25',2,0,'admin','2021-03-15 14:38:46','admin','2021-03-15 14:38:46',1);
INSERT INTO `oh_medicaldsrlot` VALUES ('7846903226866365678',108,'2015-07-01 00:00:00','2028-07-01 00:00:00',NULL,0,NULL,NULL,NULL,NULL,1);
INSERT INTO `oh_medicaldsrlot` VALUES ('7951533530148276440',404,'2022-09-18 00:00:00','2027-09-18 00:00:00',NULL,0,NULL,NULL,NULL,NULL,1);
INSERT INTO `oh_medicaldsrlot` VALUES ('8151139553159369735',414,'2022-08-01 00:00:00','2029-07-01 00:00:00',NULL,0,NULL,NULL,NULL,NULL,1);
INSERT INTO `oh_medicaldsrlot` VALUES ('8626874521922561779',98,'2022-09-30 00:00:00','2027-09-30 00:00:00',NULL,0,NULL,NULL,NULL,NULL,1);
INSERT INTO `oh_medicaldsrlot` VALUES ('9112042438595920595',416,'2002-11-01 00:00:00','2027-11-30 00:00:00',NULL,0,NULL,NULL,NULL,NULL,1);
INSERT INTO `oh_medicaldsrlot` VALUES ('AUTO_C_103',103,'2022-11-12 00:00:00','2025-11-12 00:00:00',NULL,0,NULL,NULL,NULL,NULL,1);
INSERT INTO `oh_medicaldsrlot` VALUES ('AUTO_F_105',105,'2022-11-12 00:00:00','2025-11-12 00:00:00',NULL,0,NULL,NULL,NULL,NULL,1);
INSERT INTO `oh_medicaldsrlot` VALUES ('AUTO_F_404',404,'2022-11-12 00:00:00','2025-11-12 00:00:00',NULL,0,NULL,NULL,NULL,NULL,1);
INSERT INTO `oh_medicaldsrlot` VALUES ('AUTO_F_415',415,'2022-11-12 00:00:00','2025-11-12 00:00:00',NULL,0,NULL,NULL,NULL,NULL,1);
INSERT INTO `oh_medicaldsrlot` VALUES ('AUTO_F_99',99,'2022-11-12 00:00:00','2025-11-12 00:00:00',NULL,0,NULL,NULL,NULL,NULL,1);
INSERT INTO `oh_medicaldsrlot` VALUES ('AUTO_I_108',108,'2022-11-12 00:00:00','2025-11-12 00:00:00',NULL,0,NULL,NULL,NULL,NULL,1);
INSERT INTO `oh_medicaldsrlot` VALUES ('AUTO_I_40',40,'2022-11-12 00:00:00','2025-11-12 00:00:00',NULL,0,NULL,NULL,NULL,NULL,1);
INSERT INTO `oh_medicaldsrlot` VALUES ('AUTO_I_415',415,'2022-11-12 00:00:00','2025-11-12 00:00:00',NULL,0,NULL,NULL,NULL,NULL,1);
INSERT INTO `oh_medicaldsrlot` VALUES ('AUTO_I_98',98,'2022-11-12 00:00:00','2025-11-12 00:00:00',NULL,0,NULL,NULL,NULL,NULL,1);
INSERT INTO `oh_medicaldsrlot` VALUES ('AUTO_M_98',98,'2022-11-12 00:00:00','2025-11-12 00:00:00',NULL,0,NULL,NULL,NULL,NULL,1);
/*!40000 ALTER TABLE `oh_medicaldsrlot` ENABLE KEYS */;
UNLOCK TABLES;

--
-- Table structure for table `oh_medicaldsrstock`
--

DROP TABLE IF EXISTS `oh_medicaldsrstock`;
/*!40101 SET @saved_cs_client     = @@character_set_client */;
/*!40101 SET character_set_client = utf8mb4 */;
CREATE TABLE `oh_medicaldsrstock` (
  `MS_ID` int(11) NOT NULL AUTO_INCREMENT,
  `MS_MDSR_ID` int(11) NOT NULL,
  `MS_DATE_BALANCE` date NOT NULL,
  `MS_BALANCE` int(11) NOT NULL,
  `MS_DATE_NEXT_MOV` date DEFAULT NULL,
  `MS_DAYS` int(11) DEFAULT NULL,
  `MS_CREATED_BY` varchar(50) DEFAULT NULL,
  `MS_CREATED_DATE` datetime DEFAULT NULL,
  `MS_LAST_MODIFIED_BY` varchar(50) DEFAULT NULL,
  `MS_LAST_MODIFIED_DATE` datetime DEFAULT NULL,
  `MS_ACTIVE` tinyint(1) NOT NULL DEFAULT 1,
  PRIMARY KEY (`MS_ID`),
  UNIQUE KEY `MS_MDSR_ID_DATE_BALANCE_UNIQUE` (`MS_MDSR_ID`,`MS_DATE_BALANCE`),
  KEY `FK_MEDICALDSRSTOCK_MEDICALDSR_idx` (`MS_MDSR_ID`),
  KEY `FK_MEDICALDSRSTOCK_USER_1` (`MS_CREATED_BY`),
  KEY `FK_MEDICALDSRSTOCK_USER_2` (`MS_LAST_MODIFIED_BY`),
  CONSTRAINT `FK_MEDICALDSRSTOCK_MEDICALDSR` FOREIGN KEY (`MS_MDSR_ID`) REFERENCES `oh_medicaldsr` (`MDSR_ID`) ON DELETE NO ACTION ON UPDATE NO ACTION,
  CONSTRAINT `FK_MEDICALDSRSTOCK_USER_1` FOREIGN KEY (`MS_CREATED_BY`) REFERENCES `oh_user` (`US_ID_A`) ON DELETE NO ACTION ON UPDATE NO ACTION,
  CONSTRAINT `FK_MEDICALDSRSTOCK_USER_2` FOREIGN KEY (`MS_LAST_MODIFIED_BY`) REFERENCES `oh_user` (`US_ID_A`) ON DELETE NO ACTION ON UPDATE NO ACTION
) ENGINE=InnoDB AUTO_INCREMENT=52 DEFAULT CHARSET=utf8mb3 COLLATE=utf8mb3_general_ci;
/*!40101 SET character_set_client = @saved_cs_client */;

--
-- Dumping data for table `oh_medicaldsrstock`
--

LOCK TABLES `oh_medicaldsrstock` WRITE;
/*!40000 ALTER TABLE `oh_medicaldsrstock` DISABLE KEYS */;
INSERT INTO `oh_medicaldsrstock` VALUES (1,151,'2021-03-13',100,NULL,NULL,'admin',NULL,'admin',NULL,1);
INSERT INTO `oh_medicaldsrstock` VALUES (2,50,'2021-03-15',60,NULL,NULL,'admin',NULL,'admin',NULL,1);
INSERT INTO `oh_medicaldsrstock` VALUES (3,177,'2021-03-15',300,'2024-02-06',1058,'admin',NULL,'admin',NULL,1);
INSERT INTO `oh_medicaldsrstock` VALUES (4,191,'2021-03-15',10,NULL,NULL,'admin',NULL,'admin',NULL,1);
INSERT INTO `oh_medicaldsrstock` VALUES (5,224,'2021-03-15',20,NULL,NULL,'admin',NULL,'admin',NULL,1);
INSERT INTO `oh_medicaldsrstock` VALUES (6,273,'2021-03-15',20,NULL,NULL,'admin',NULL,'admin',NULL,1);
INSERT INTO `oh_medicaldsrstock` VALUES (7,275,'2021-03-15',80,NULL,NULL,'admin',NULL,'admin',NULL,1);
INSERT INTO `oh_medicaldsrstock` VALUES (8,314,'2021-03-15',1000,NULL,NULL,'admin',NULL,'admin',NULL,1);
INSERT INTO `oh_medicaldsrstock` VALUES (9,368,'2021-03-15',30,NULL,NULL,'admin',NULL,'admin',NULL,1);
INSERT INTO `oh_medicaldsrstock` VALUES (10,398,'2021-03-15',10,NULL,NULL,'admin',NULL,'admin',NULL,1);
INSERT INTO `oh_medicaldsrstock` VALUES (11,98,'2022-09-30',130,'2022-10-19',19,'admin',NULL,'admin',NULL,1);
INSERT INTO `oh_medicaldsrstock` VALUES (12,40,'2022-10-16',100,'2022-10-19',3,'admin',NULL,'admin',NULL,1);
INSERT INTO `oh_medicaldsrstock` VALUES (13,108,'2022-10-16',4344,'2022-11-03',18,'admin',NULL,'admin',NULL,1);
INSERT INTO `oh_medicaldsrstock` VALUES (14,414,'2022-10-16',120,'2022-10-26',10,'admin',NULL,'admin',NULL,1);
INSERT INTO `oh_medicaldsrstock` VALUES (15,415,'2022-10-18',69310,NULL,NULL,'admin',NULL,'admin',NULL,1);
INSERT INTO `oh_medicaldsrstock` VALUES (16,40,'2022-10-19',0,NULL,NULL,'admin',NULL,'admin',NULL,1);
INSERT INTO `oh_medicaldsrstock` VALUES (17,98,'2022-10-19',0,NULL,NULL,'admin',NULL,'admin',NULL,1);
INSERT INTO `oh_medicaldsrstock` VALUES (18,99,'2022-10-19',1210,NULL,NULL,'admin',NULL,'admin',NULL,1);
INSERT INTO `oh_medicaldsrstock` VALUES (19,103,'2022-10-19',18600,'2022-10-30',11,'admin',NULL,'admin',NULL,1);
INSERT INTO `oh_medicaldsrstock` VALUES (20,414,'2022-10-26',320,NULL,NULL,'admin',NULL,'admin',NULL,1);
INSERT INTO `oh_medicaldsrstock` VALUES (21,41,'2022-10-30',190,NULL,NULL,'admin',NULL,'admin',NULL,1);
INSERT INTO `oh_medicaldsrstock` VALUES (22,101,'2022-10-30',8981,NULL,NULL,'admin',NULL,'admin',NULL,1);
INSERT INTO `oh_medicaldsrstock` VALUES (23,103,'2022-10-30',37200,NULL,NULL,'admin',NULL,'admin',NULL,1);
INSERT INTO `oh_medicaldsrstock` VALUES (24,104,'2022-10-30',5600,NULL,NULL,'admin',NULL,'admin',NULL,1);
INSERT INTO `oh_medicaldsrstock` VALUES (25,105,'2022-10-30',56080,NULL,NULL,'admin',NULL,'admin',NULL,1);
INSERT INTO `oh_medicaldsrstock` VALUES (26,43,'2022-11-03',650,NULL,NULL,'admin',NULL,'admin',NULL,1);
INSERT INTO `oh_medicaldsrstock` VALUES (27,44,'2022-11-03',673,NULL,NULL,'admin',NULL,'admin',NULL,1);
INSERT INTO `oh_medicaldsrstock` VALUES (28,108,'2022-11-03',2744,NULL,NULL,'admin',NULL,'admin',NULL,1);
INSERT INTO `oh_medicaldsrstock` VALUES (29,109,'2022-11-03',5500,NULL,NULL,'admin',NULL,'admin',NULL,1);
INSERT INTO `oh_medicaldsrstock` VALUES (30,208,'2022-11-03',100,NULL,NULL,'admin',NULL,'admin',NULL,1);
INSERT INTO `oh_medicaldsrstock` VALUES (31,226,'2022-11-03',180,NULL,NULL,'admin',NULL,'admin',NULL,1);
INSERT INTO `oh_medicaldsrstock` VALUES (32,416,'2022-11-03',252,NULL,NULL,'admin',NULL,'admin',NULL,1);
INSERT INTO `oh_medicaldsrstock` VALUES (33,417,'2022-11-03',379,NULL,NULL,'admin',NULL,'admin',NULL,1);
INSERT INTO `oh_medicaldsrstock` VALUES (34,418,'2022-11-03',493,NULL,NULL,'admin',NULL,'admin',NULL,1);
INSERT INTO `oh_medicaldsrstock` VALUES (35,106,'2023-02-01',100,NULL,NULL,'admin',NULL,'admin',NULL,1);
INSERT INTO `oh_medicaldsrstock` VALUES (36,253,'2023-02-01',100,NULL,NULL,'admin',NULL,'admin',NULL,1);
INSERT INTO `oh_medicaldsrstock` VALUES (37,316,'2023-02-04',1000,NULL,NULL,'admin',NULL,'admin',NULL,1);
INSERT INTO `oh_medicaldsrstock` VALUES (38,124,'2024-02-06',10000,'2024-02-15',9,'admin',NULL,'admin',NULL,1);
INSERT INTO `oh_medicaldsrstock` VALUES (39,177,'2024-02-06',1900,'2024-05-31',115,'admin',NULL,'admin',NULL,1);
INSERT INTO `oh_medicaldsrstock` VALUES (40,264,'2024-02-07',1600,'2024-02-15',8,'admin',NULL,'admin',NULL,1);
INSERT INTO `oh_medicaldsrstock` VALUES (48,264,'2024-02-15',1500,NULL,NULL,NULL,NULL,NULL,NULL,1);
INSERT INTO `oh_medicaldsrstock` VALUES (49,124,'2024-02-15',1000,NULL,NULL,NULL,NULL,NULL,NULL,1);
INSERT INTO `oh_medicaldsrstock` VALUES (50,177,'2024-05-31',1900,'2024-02-15',-106,NULL,NULL,NULL,NULL,1);
INSERT INTO `oh_medicaldsrstock` VALUES (51,177,'2024-02-15',1910,NULL,NULL,NULL,NULL,NULL,NULL,1);
/*!40000 ALTER TABLE `oh_medicaldsrstock` ENABLE KEYS */;
UNLOCK TABLES;

--
-- Table structure for table `oh_medicaldsrstockmov`
--

DROP TABLE IF EXISTS `oh_medicaldsrstockmov`;
/*!40101 SET @saved_cs_client     = @@character_set_client */;
/*!40101 SET character_set_client = utf8mb4 */;
CREATE TABLE `oh_medicaldsrstockmov` (
  `MMV_ID` int(11) NOT NULL AUTO_INCREMENT,
  `MMV_MDSR_ID` int(11) NOT NULL,
  `MMV_WRD_ID_A` char(3) DEFAULT NULL,
  `MMV_MMVT_ID_A` varchar(10) NOT NULL,
  `MMV_LT_ID_A` varchar(50) DEFAULT NULL,
  `MMV_DATE` datetime NOT NULL,
  `MMV_QTY` float NOT NULL DEFAULT 0,
  `MMV_FROM` int(11) DEFAULT NULL,
  `MMV_LOCK` int(11) NOT NULL DEFAULT 0,
  `MMV_REFNO` varchar(50) NOT NULL DEFAULT '',
  `MMV_CREATED_BY` varchar(50) DEFAULT NULL,
  `MMV_CREATED_DATE` datetime DEFAULT NULL,
  `MMV_LAST_MODIFIED_BY` varchar(50) DEFAULT NULL,
  `MMV_LAST_MODIFIED_DATE` datetime DEFAULT NULL,
  `MMV_ACTIVE` tinyint(1) NOT NULL DEFAULT 1,
  PRIMARY KEY (`MMV_ID`),
  KEY `FK_MEDICALDSRSTOCKMOV_MEDICALDSR` (`MMV_MDSR_ID`),
  KEY `FK_MEDICALDSRSTOCKMOV_MEDICALDSRSTOCKMOVTYPE` (`MMV_MMVT_ID_A`),
  KEY `FK_MEDICALDSRSTOCKMOV_WARD_idx` (`MMV_WRD_ID_A`),
  KEY `FK_MEDICALDSRSTOCKMOV_CREATED_BY_IDX` (`MMV_CREATED_BY`),
  KEY `FK_MEDICALDSRSTOCKMOV_LAST_MODIFIED_BY_IDX` (`MMV_LAST_MODIFIED_BY`),
  CONSTRAINT `FK_MEDICALDSRSTOCKMOV_CREATED_BY` FOREIGN KEY (`MMV_CREATED_BY`) REFERENCES `oh_user` (`US_ID_A`) ON DELETE NO ACTION ON UPDATE NO ACTION,
  CONSTRAINT `FK_MEDICALDSRSTOCKMOV_LAST_MODIFIED_BY` FOREIGN KEY (`MMV_LAST_MODIFIED_BY`) REFERENCES `oh_user` (`US_ID_A`) ON DELETE NO ACTION ON UPDATE NO ACTION,
  CONSTRAINT `FK_MEDICALDSRSTOCKMOV_MEDICALDSR` FOREIGN KEY (`MMV_MDSR_ID`) REFERENCES `oh_medicaldsr` (`MDSR_ID`) ON DELETE NO ACTION ON UPDATE NO ACTION,
  CONSTRAINT `FK_MEDICALDSRSTOCKMOV_MEDICALDSRSTOCKMOVTYPE` FOREIGN KEY (`MMV_MMVT_ID_A`) REFERENCES `oh_medicaldsrstockmovtype` (`MMVT_ID_A`) ON DELETE NO ACTION ON UPDATE NO ACTION,
  CONSTRAINT `FK_MEDICALDSRSTOCKMOV_WARD` FOREIGN KEY (`MMV_WRD_ID_A`) REFERENCES `oh_ward` (`WRD_ID_A`) ON DELETE NO ACTION ON UPDATE NO ACTION
) ENGINE=InnoDB AUTO_INCREMENT=72 DEFAULT CHARSET=utf8mb3 COLLATE=utf8mb3_general_ci;
/*!40101 SET character_set_client = @saved_cs_client */;

--
-- Dumping data for table `oh_medicaldsrstockmov`
--

LOCK TABLES `oh_medicaldsrstockmov` WRITE;
/*!40000 ALTER TABLE `oh_medicaldsrstockmov` DISABLE KEYS */;
INSERT INTO `oh_medicaldsrstockmov` VALUES (1,98,NULL,'charge','8626874521922561779','2022-09-30 00:00:00',100,1,0,'Auto-Refno-charge',NULL,NULL,NULL,NULL,1);
INSERT INTO `oh_medicaldsrstockmov` VALUES (2,98,NULL,'charge','677685091133639642','2022-09-30 00:00:00',100,1,0,'Auto-Refno-charge',NULL,NULL,NULL,NULL,1);
INSERT INTO `oh_medicaldsrstockmov` VALUES (3,98,'M','discharge','8626874521922561779','2022-09-30 00:00:00',70,NULL,0,'Auto-Refno-discharge',NULL,NULL,NULL,NULL,1);
INSERT INTO `oh_medicaldsrstockmov` VALUES (5,414,NULL,'charge','8151139553159369735','2022-10-16 00:00:00',120,1,0,'Auto-Refno-charge',NULL,NULL,NULL,NULL,1);
INSERT INTO `oh_medicaldsrstockmov` VALUES (6,108,NULL,'charge','7846903226866365678','2022-10-16 00:00:00',4344,1,0,'Auto-Refno-charge',NULL,NULL,NULL,NULL,1);
INSERT INTO `oh_medicaldsrstockmov` VALUES (7,40,NULL,'charge','-7718978867967166817','2022-10-16 00:00:00',100,1,0,'Auto-Refno-charge',NULL,NULL,NULL,NULL,1);
INSERT INTO `oh_medicaldsrstockmov` VALUES (8,404,NULL,'charge','7951533530148276440','2022-10-18 00:00:00',10,1,0,'Auto-Refno-charge',NULL,NULL,NULL,NULL,1);
INSERT INTO `oh_medicaldsrstockmov` VALUES (9,404,'F','discharge','7951533530148276440','2022-10-18 00:00:00',10,NULL,0,'Auto-Refno-discharge',NULL,NULL,NULL,NULL,1);
INSERT INTO `oh_medicaldsrstockmov` VALUES (10,415,NULL,'charge','-4111916415666582009','2022-10-18 00:00:00',70510,1,0,'Auto-Refno-charge',NULL,NULL,NULL,NULL,1);
INSERT INTO `oh_medicaldsrstockmov` VALUES (11,415,'I','discharge','-4111916415666582009','2022-10-18 00:00:00',1000,NULL,0,'Auto-Refno-discharge',NULL,NULL,NULL,NULL,1);
INSERT INTO `oh_medicaldsrstockmov` VALUES (12,415,'F','discharge','-4111916415666582009','2022-10-18 00:00:00',200,NULL,0,'Auto-Refno-discharge',NULL,NULL,NULL,NULL,1);
INSERT INTO `oh_medicaldsrstockmov` VALUES (13,40,'I','discharge','-7718978867967166817','2022-10-19 00:00:00',100,NULL,0,'Auto-Refno-discharge',NULL,NULL,NULL,NULL,1);
INSERT INTO `oh_medicaldsrstockmov` VALUES (14,99,NULL,'charge','-8771079640543120715','2022-10-19 00:00:00',1310,1,0,'Auto-Refno-charge',NULL,NULL,NULL,NULL,1);
INSERT INTO `oh_medicaldsrstockmov` VALUES (15,99,'F','discharge','-8771079640543120715','2022-10-19 00:00:00',100,NULL,0,'Auto-Refno-discharge',NULL,NULL,NULL,NULL,1);
INSERT INTO `oh_medicaldsrstockmov` VALUES (16,103,NULL,'charge','-1815940974768681924','2022-10-19 00:00:00',18700,1,0,'Auto-Refno-charge',NULL,NULL,NULL,NULL,1);
INSERT INTO `oh_medicaldsrstockmov` VALUES (17,103,'C','discharge','-1815940974768681924','2022-10-19 00:00:00',100,NULL,0,'Auto-Refno-discharge',NULL,NULL,NULL,NULL,1);
INSERT INTO `oh_medicaldsrstockmov` VALUES (18,98,'I','discharge','677685091133639642','2022-10-19 00:00:00',100,NULL,0,'Auto-Refno-discharge',NULL,NULL,NULL,NULL,1);
INSERT INTO `oh_medicaldsrstockmov` VALUES (19,98,'I','discharge','8626874521922561779','2022-10-19 00:00:00',30,NULL,0,'Auto-Refno-discharge',NULL,NULL,NULL,NULL,1);
INSERT INTO `oh_medicaldsrstockmov` VALUES (21,414,NULL,'charge','-7660511420907688190','2022-10-26 00:00:00',200,1,0,'Auto-Refno-charge',NULL,NULL,NULL,NULL,1);
INSERT INTO `oh_medicaldsrstockmov` VALUES (22,103,NULL,'charge','-1554622624438837880','2022-10-30 00:00:00',18600,1,0,'Auto-Refno-charge',NULL,NULL,NULL,NULL,1);
INSERT INTO `oh_medicaldsrstockmov` VALUES (23,101,NULL,'charge','-8122995274739094851','2022-10-30 00:00:00',8981,1,0,'Auto-Refno-charge',NULL,NULL,NULL,NULL,1);
INSERT INTO `oh_medicaldsrstockmov` VALUES (24,41,NULL,'charge','2422709406193164023','2022-10-30 00:00:00',190,1,0,'Auto-Refno-charge',NULL,NULL,NULL,NULL,1);
INSERT INTO `oh_medicaldsrstockmov` VALUES (25,104,NULL,'charge','-1769145966120870973','2022-10-30 00:00:00',5600,1,0,'Auto-Refno-charge',NULL,NULL,NULL,NULL,1);
INSERT INTO `oh_medicaldsrstockmov` VALUES (26,105,NULL,'charge','-6730757007553028234','2022-10-30 00:00:00',57080,1,0,'Auto-Refno-charge',NULL,NULL,NULL,NULL,1);
INSERT INTO `oh_medicaldsrstockmov` VALUES (27,105,'F','discharge','-6730757007553028234','2022-10-30 00:00:00',1000,NULL,0,'Auto-Refno-discharge',NULL,NULL,NULL,NULL,1);
INSERT INTO `oh_medicaldsrstockmov` VALUES (28,226,NULL,'charge','-6109574716038492275','2022-11-03 00:00:00',180,1,0,'Auto-Refno-charge',NULL,NULL,NULL,NULL,1);
INSERT INTO `oh_medicaldsrstockmov` VALUES (29,43,NULL,'charge','-5845759742362476819','2022-11-03 00:00:00',650,1,0,'Auto-Refno-charge',NULL,NULL,NULL,NULL,1);
INSERT INTO `oh_medicaldsrstockmov` VALUES (30,208,NULL,'charge','-7516567952419863028','2022-11-03 00:00:00',100,1,0,'Auto-Refno-charge',NULL,NULL,NULL,NULL,1);
INSERT INTO `oh_medicaldsrstockmov` VALUES (31,108,'I','discharge','7846903226866365678','2022-11-03 00:00:00',1600,NULL,0,'Auto-Refno-discharge',NULL,NULL,NULL,NULL,1);
INSERT INTO `oh_medicaldsrstockmov` VALUES (32,109,NULL,'charge','5453401403025577763','2022-11-03 00:00:00',5500,1,0,'Auto-Refno-charge',NULL,NULL,NULL,NULL,1);
INSERT INTO `oh_medicaldsrstockmov` VALUES (33,44,NULL,'charge','-6960883012965428324','2022-11-03 00:00:00',673,1,0,'Auto-Refno-charge',NULL,NULL,NULL,NULL,1);
INSERT INTO `oh_medicaldsrstockmov` VALUES (34,416,NULL,'charge','9112042438595920595','2022-11-03 00:00:00',252,1,0,'Auto-Refno-charge',NULL,NULL,NULL,NULL,1);
INSERT INTO `oh_medicaldsrstockmov` VALUES (35,417,NULL,'charge','6814074013396911291','2022-11-03 00:00:00',379,1,0,'Auto-Refno-charge',NULL,NULL,NULL,NULL,1);
INSERT INTO `oh_medicaldsrstockmov` VALUES (36,418,NULL,'charge','5830690725884682660','2022-11-03 00:00:00',493,1,0,'Auto-Refno-charge',NULL,NULL,NULL,NULL,1);
INSERT INTO `oh_medicaldsrstockmov` VALUES (37,151,NULL,'charge','1397761246807649990','2021-03-13 01:19:29',100,1,0,'10','admin','2021-03-15 01:20:30','admin','2021-03-15 01:20:30',1);
INSERT INTO `oh_medicaldsrstockmov` VALUES (38,368,NULL,'charge','1352158066768470913','2021-03-15 01:20:57',50,2,0,'11','admin','2021-03-15 01:21:46','admin','2021-03-15 01:21:46',1);
INSERT INTO `oh_medicaldsrstockmov` VALUES (39,177,NULL,'charge','2525258796098032045','2021-03-15 01:21:48',300,1,0,'12','admin','2021-03-15 01:22:26','admin','2021-03-15 01:22:26',1);
INSERT INTO `oh_medicaldsrstockmov` VALUES (40,273,NULL,'charge','3670580768670707684','2021-03-15 01:22:44',20,2,0,'13','admin','2021-03-15 01:23:09','admin','2021-03-15 01:23:09',1);
INSERT INTO `oh_medicaldsrstockmov` VALUES (41,191,NULL,'charge','255823000817531744','2021-03-15 01:23:12',10,1,0,'14','admin','2021-03-15 01:23:55','admin','2021-03-15 01:23:55',1);
INSERT INTO `oh_medicaldsrstockmov` VALUES (42,398,NULL,'charge','5937536366132568535','2021-03-15 14:36:18',10,1,0,'201','admin','2021-03-15 14:36:53','admin','2021-03-15 14:36:53',1);
INSERT INTO `oh_medicaldsrstockmov` VALUES (43,314,NULL,'charge','1190755742914533090','2021-03-15 14:37:06',1000,1,0,'202','admin','2021-03-15 14:37:57','admin','2021-03-15 14:37:57',1);
INSERT INTO `oh_medicaldsrstockmov` VALUES (44,50,NULL,'charge','7460012206646986840','2021-03-15 14:38:12',100,1,0,'203','admin','2021-03-15 14:38:46','admin','2021-03-15 14:38:46',1);
INSERT INTO `oh_medicaldsrstockmov` VALUES (45,50,'I','discharge','7460012206646986840','2021-03-15 14:38:47',40,NULL,0,'204','admin','2021-03-15 14:39:20','admin','2021-03-15 14:39:20',1);
INSERT INTO `oh_medicaldsrstockmov` VALUES (46,368,'F','discharge','1352158066768470913','2021-03-15 14:39:23',20,NULL,0,'205','admin','2021-03-15 14:39:58','admin','2021-03-15 14:39:58',1);
INSERT INTO `oh_medicaldsrstockmov` VALUES (47,224,NULL,'charge','7309896240057246824','2021-03-15 22:12:07',20,2,0,'300','admin','2021-03-15 22:12:41','admin','2021-03-15 22:12:41',1);
INSERT INTO `oh_medicaldsrstockmov` VALUES (48,275,NULL,'charge','7144453288242750524','2021-03-15 22:12:52',100,1,0,'301','admin','2021-03-15 22:13:19','admin','2021-03-15 22:13:19',1);
INSERT INTO `oh_medicaldsrstockmov` VALUES (49,275,'C','discharge','7144453288242750524','2021-03-15 22:13:20',20,NULL,0,'302','admin','2021-03-15 22:14:06','admin','2021-03-15 22:14:06',1);
INSERT INTO `oh_medicaldsrstockmov` VALUES (50,106,NULL,'charge','3870623398920454138','2023-02-01 08:00:00',100,1,0,'20230202','admin','2023-02-04 02:04:06','admin','2023-02-04 02:04:06',1);
INSERT INTO `oh_medicaldsrstockmov` VALUES (51,253,NULL,'charge','1091771941625202721','2023-02-01 08:00:00',100,1,0,'20230202','admin','2023-02-04 02:04:06','admin','2023-02-04 02:04:06',1);
INSERT INTO `oh_medicaldsrstockmov` VALUES (52,316,NULL,'charge','20230200','2023-02-04 02:31:00',1000,2,0,'20230211','admin','2023-02-04 02:32:27','admin','2023-02-04 02:32:27',1);
INSERT INTO `oh_medicaldsrstockmov` VALUES (53,177,NULL,'charge','2525258796098032045','2024-02-06 12:00:00',1600,3,0,'2024/02/06-1','admin','2024-02-06 12:01:25','admin','2024-02-06 12:01:25',1);
INSERT INTO `oh_medicaldsrstockmov` VALUES (54,124,NULL,'charge','202402AAC1','2024-02-06 18:41:00',10000,2,0,'20240206B','admin','2024-02-06 18:42:22','admin','2024-02-06 18:42:22',1);
INSERT INTO `oh_medicaldsrstockmov` VALUES (55,264,NULL,'charge','202402c','2024-02-07 00:32:00',1600,2,0,'202402b','admin','2024-02-07 00:33:03','admin','2024-02-07 00:33:03',1);
INSERT INTO `oh_medicaldsrstockmov` VALUES (68,264,'INV','inventory-','202402c','2024-02-15 00:21:00',100,NULL,0,'Inventory_20240215-','admin','2024-05-31 00:23:00','admin','2024-05-31 00:23:00',1);
INSERT INTO `oh_medicaldsrstockmov` VALUES (69,124,'INV','inventory-','202402AAC1','2024-02-15 00:21:00',9000,NULL,0,'Inventory_20240215-','admin','2024-05-31 00:23:00','admin','2024-05-31 00:23:00',1);
INSERT INTO `oh_medicaldsrstockmov` VALUES (71,177,NULL,'inventory+','2525258796098032045','2024-02-15 00:26:00',10,4,0,'Inventory_20240215+','admin','2024-05-31 00:26:42','admin','2024-05-31 00:26:42',1);
/*!40000 ALTER TABLE `oh_medicaldsrstockmov` ENABLE KEYS */;
UNLOCK TABLES;

--
-- Table structure for table `oh_medicaldsrstockmovtype`
--

DROP TABLE IF EXISTS `oh_medicaldsrstockmovtype`;
/*!40101 SET @saved_cs_client     = @@character_set_client */;
/*!40101 SET character_set_client = utf8mb4 */;
CREATE TABLE `oh_medicaldsrstockmovtype` (
  `MMVT_ID_A` varchar(10) NOT NULL,
  `MMVT_DESC` varchar(50) NOT NULL,
  `MMVT_TYPE` char(2) NOT NULL,
  `MMVT_CATEGORY` varchar(15) NOT NULL DEFAULT 'operational',
  `MMVT_CREATED_BY` varchar(50) DEFAULT NULL,
  `MMVT_CREATED_DATE` datetime DEFAULT NULL,
  `MMVT_LAST_MODIFIED_BY` varchar(50) DEFAULT NULL,
  `MMVT_LAST_MODIFIED_DATE` datetime DEFAULT NULL,
  `MMVT_ACTIVE` tinyint(1) NOT NULL DEFAULT 1,
  PRIMARY KEY (`MMVT_ID_A`),
  KEY `FK_MEDICALDSRSTOCKMOVTYPE_CREATED_BY_IDX` (`MMVT_CREATED_BY`),
  KEY `FK_MEDICALDSRSTOCKMOVTYPE_LAST_MODIFIED_BY_IDX` (`MMVT_LAST_MODIFIED_BY`),
  CONSTRAINT `FK_MEDICALDSRSTOCKMOVTYPE_CREATED_BY` FOREIGN KEY (`MMVT_CREATED_BY`) REFERENCES `oh_user` (`US_ID_A`) ON DELETE NO ACTION ON UPDATE NO ACTION,
  CONSTRAINT `FK_MEDICALDSRSTOCKMOVTYPE_LAST_MODIFIED_BY` FOREIGN KEY (`MMVT_LAST_MODIFIED_BY`) REFERENCES `oh_user` (`US_ID_A`) ON DELETE NO ACTION ON UPDATE NO ACTION
) ENGINE=InnoDB DEFAULT CHARSET=utf8mb3 COLLATE=utf8mb3_general_ci;
/*!40101 SET character_set_client = @saved_cs_client */;

--
-- Dumping data for table `oh_medicaldsrstockmovtype`
--

LOCK TABLES `oh_medicaldsrstockmovtype` WRITE;
/*!40000 ALTER TABLE `oh_medicaldsrstockmovtype` DISABLE KEYS */;
INSERT INTO `oh_medicaldsrstockmovtype` VALUES ('charge','Charge','+','operational',NULL,NULL,NULL,NULL,1);
INSERT INTO `oh_medicaldsrstockmovtype` VALUES ('discharge','Discharge','-','operational',NULL,NULL,NULL,NULL,1);
INSERT INTO `oh_medicaldsrstockmovtype` VALUES ('inventory+','Inventory+','+','non-operational','admin','2024-05-30 23:19:17','admin','2024-05-31 00:06:06',1);
INSERT INTO `oh_medicaldsrstockmovtype` VALUES ('inventory-','Inventory-','-','non-operational','admin','2024-05-30 23:19:25','admin','2024-05-31 00:06:10',1);
/*!40000 ALTER TABLE `oh_medicaldsrstockmovtype` ENABLE KEYS */;
UNLOCK TABLES;

--
-- Table structure for table `oh_medicaldsrstockmovward`
--

DROP TABLE IF EXISTS `oh_medicaldsrstockmovward`;
/*!40101 SET @saved_cs_client     = @@character_set_client */;
/*!40101 SET character_set_client = utf8mb4 */;
CREATE TABLE `oh_medicaldsrstockmovward` (
  `MMVN_ID` int(10) NOT NULL AUTO_INCREMENT,
  `MMVN_WRD_ID_A` char(3) NOT NULL,
  `MMVN_DATE` datetime NOT NULL,
  `MMVN_IS_PATIENT` tinyint(1) NOT NULL,
  `MMVN_PAT_ID` int(11) DEFAULT NULL,
  `MMVN_PAT_AGE` smallint(6) DEFAULT NULL,
  `MMVN_PAT_WEIGHT` float DEFAULT NULL,
  `MMVN_DESC` varchar(100) NOT NULL,
  `MMVN_MDSR_ID` varchar(100) NOT NULL,
  `MMVN_MDSR_QTY` float NOT NULL,
  `MMVN_MDSR_UNITS` varchar(10) NOT NULL,
  `MMVN_CREATED_BY` varchar(50) DEFAULT NULL,
  `MMVN_WRD_ID_A_FROM` varchar(1) DEFAULT NULL,
  `MMVN_WRD_ID_A_TO` varchar(1) DEFAULT NULL,
  `MMVN_LT_ID` varchar(50) DEFAULT NULL,
  `MMVN_CREATED_DATE` datetime DEFAULT NULL,
  `MMVN_LAST_MODIFIED_BY` varchar(50) DEFAULT NULL,
  `MMVN_LAST_MODIFIED_DATE` datetime DEFAULT NULL,
  `MMVN_ACTIVE` tinyint(1) NOT NULL DEFAULT 1,
  PRIMARY KEY (`MMVN_ID`) USING BTREE,
  KEY `FK_MEDICALDSRSTOCKMOVWARD_PATIENT_idx` (`MMVN_PAT_ID`),
  KEY `FK_MEDICALDSRSTOCKMOVWARD_LOT_idx` (`MMVN_LT_ID`),
  KEY `FK_MEDICALDSRSTOCKMOVWARD_WARD_idx` (`MMVN_WRD_ID_A`),
  KEY `FK_MEDICALDSRSTOCKMOVWARD_CREATED_BY_IDX` (`MMVN_CREATED_BY`),
  KEY `FK_MEDICALDSRSTOCKMOVWARD_LAST_MODIFIED_BY_IDX` (`MMVN_LAST_MODIFIED_BY`),
  CONSTRAINT `FK_MEDICALDSRSTOCKMOVWARD_CREATED_BY` FOREIGN KEY (`MMVN_CREATED_BY`) REFERENCES `oh_user` (`US_ID_A`) ON DELETE NO ACTION ON UPDATE NO ACTION,
  CONSTRAINT `FK_MEDICALDSRSTOCKMOVWARD_LAST_MODIFIED_BY` FOREIGN KEY (`MMVN_LAST_MODIFIED_BY`) REFERENCES `oh_user` (`US_ID_A`) ON DELETE NO ACTION ON UPDATE NO ACTION,
  CONSTRAINT `FK_MEDICALDSRSTOCKMOVWARD_LOT` FOREIGN KEY (`MMVN_LT_ID`) REFERENCES `oh_medicaldsrlot` (`LT_ID_A`) ON DELETE NO ACTION ON UPDATE NO ACTION,
  CONSTRAINT `FK_MEDICALDSRSTOCKMOVWARD_PATIENT` FOREIGN KEY (`MMVN_PAT_ID`) REFERENCES `oh_patient` (`PAT_ID`) ON DELETE CASCADE ON UPDATE CASCADE,
  CONSTRAINT `FK_MEDICALDSRSTOCKMOVWARD_WARD` FOREIGN KEY (`MMVN_WRD_ID_A`) REFERENCES `oh_ward` (`WRD_ID_A`) ON DELETE NO ACTION ON UPDATE NO ACTION
) ENGINE=InnoDB AUTO_INCREMENT=5 DEFAULT CHARSET=utf8mb3 COLLATE=utf8mb3_general_ci;
/*!40101 SET character_set_client = @saved_cs_client */;

--
-- Dumping data for table `oh_medicaldsrstockmovward`
--

LOCK TABLES `oh_medicaldsrstockmovward` WRITE;
/*!40000 ALTER TABLE `oh_medicaldsrstockmovward` DISABLE KEYS */;
INSERT INTO `oh_medicaldsrstockmovward` VALUES (1,'C','2022-11-19 02:04:06',1,501,29,0,'Mario Rossi','103',1,'pieces','admin',NULL,NULL,'AUTO_C_103','2022-11-19 02:04:06','admin','2022-11-19 02:04:06',1);
INSERT INTO `oh_medicaldsrstockmovward` VALUES (2,'I','2022-11-20 00:00:44',1,505,10,0,'Gina Curtney','98',10,'pieces','admin',NULL,NULL,'AUTO_I_98','2022-11-20 00:00:44','admin','2022-11-20 00:00:44',1);
INSERT INTO `oh_medicaldsrstockmovward` VALUES (3,'C','2022-11-20 00:22:26',1,489,2,0,'Mellisa Morning','103',3,'pieces','admin',NULL,NULL,'AUTO_C_103','2022-11-20 00:22:26','admin','2022-11-20 00:22:26',1);
INSERT INTO `oh_medicaldsrstockmovward` VALUES (4,'M','2024-02-06 18:40:57',1,560,0,4.8,'Rosaline Jeffrey','98',2,'pieces','admin',NULL,NULL,'AUTO_M_98','2024-02-06 18:40:57','admin','2024-02-06 18:40:57',1);
/*!40000 ALTER TABLE `oh_medicaldsrstockmovward` ENABLE KEYS */;
UNLOCK TABLES;

--
-- Table structure for table `oh_medicaldsrtype`
--

DROP TABLE IF EXISTS `oh_medicaldsrtype`;
/*!40101 SET @saved_cs_client     = @@character_set_client */;
/*!40101 SET character_set_client = utf8mb4 */;
CREATE TABLE `oh_medicaldsrtype` (
  `MDSRT_ID_A` char(1) NOT NULL,
  `MDSRT_DESC` varchar(30) DEFAULT NULL,
  `MDSRT_CREATED_BY` varchar(50) DEFAULT NULL,
  `MDSRT_CREATED_DATE` datetime DEFAULT NULL,
  `MDSRT_LAST_MODIFIED_BY` varchar(50) DEFAULT NULL,
  `MDSRT_LAST_MODIFIED_DATE` datetime DEFAULT NULL,
  `MDSRT_ACTIVE` tinyint(1) NOT NULL DEFAULT 1,
  `MDSRT_DELETED` char(1) NOT NULL DEFAULT 'N',
  PRIMARY KEY (`MDSRT_ID_A`),
  KEY `FK_MEDICALDSRTYPE_CREATED_BY_IDX` (`MDSRT_CREATED_BY`),
  KEY `FK_MEDICALDSRTYPE_LAST_MODIFIED_BY_IDX` (`MDSRT_LAST_MODIFIED_BY`),
  CONSTRAINT `FK_MEDICALDSRTYPE_CREATED_BY` FOREIGN KEY (`MDSRT_CREATED_BY`) REFERENCES `oh_user` (`US_ID_A`) ON DELETE NO ACTION ON UPDATE NO ACTION,
  CONSTRAINT `FK_MEDICALDSRTYPE_LAST_MODIFIED_BY` FOREIGN KEY (`MDSRT_LAST_MODIFIED_BY`) REFERENCES `oh_user` (`US_ID_A`) ON DELETE NO ACTION ON UPDATE NO ACTION
) ENGINE=InnoDB DEFAULT CHARSET=utf8mb3 COLLATE=utf8mb3_general_ci;
/*!40101 SET character_set_client = @saved_cs_client */;

--
-- Dumping data for table `oh_medicaldsrtype`
--

LOCK TABLES `oh_medicaldsrtype` WRITE;
/*!40000 ALTER TABLE `oh_medicaldsrtype` DISABLE KEYS */;
INSERT INTO `oh_medicaldsrtype` VALUES ('D','Drugs',NULL,NULL,NULL,NULL,1,'N');
INSERT INTO `oh_medicaldsrtype` VALUES ('K','Chemical',NULL,NULL,NULL,NULL,1,'N');
INSERT INTO `oh_medicaldsrtype` VALUES ('L','Laboratory',NULL,NULL,NULL,NULL,1,'N');
INSERT INTO `oh_medicaldsrtype` VALUES ('S','Surgery',NULL,NULL,NULL,NULL,1,'N');
/*!40000 ALTER TABLE `oh_medicaldsrtype` ENABLE KEYS */;
UNLOCK TABLES;

--
-- Table structure for table `oh_medicaldsrward`
--

DROP TABLE IF EXISTS `oh_medicaldsrward`;
/*!40101 SET @saved_cs_client     = @@character_set_client */;
/*!40101 SET character_set_client = utf8mb4 */;
CREATE TABLE `oh_medicaldsrward` (
  `MDSRWRD_WRD_ID_A` char(3) NOT NULL,
  `MDSRWRD_MDSR_ID` int(11) NOT NULL,
  `MDSRWRD_IN_QTI` float DEFAULT 0,
  `MDSRWRD_OUT_QTI` float DEFAULT 0,
  `MDSRWRD_LT_ID_A` varchar(50) NOT NULL,
  `MDSRWRD_CREATED_BY` varchar(50) DEFAULT NULL,
  `MDSRWRD_CREATED_DATE` datetime DEFAULT NULL,
  `MDSRWRD_LAST_MODIFIED_BY` varchar(50) DEFAULT NULL,
  `MDSRWRD_LAST_MODIFIED_DATE` datetime DEFAULT NULL,
  `MDSRWRD_ACTIVE` tinyint(1) NOT NULL DEFAULT 1,
  `MDSRWRD_LOCK` int(11) NOT NULL DEFAULT 0,
  PRIMARY KEY (`MDSRWRD_WRD_ID_A`,`MDSRWRD_MDSR_ID`,`MDSRWRD_LT_ID_A`),
  KEY `FK_MEDICALDSRWARD_MEDICALDSR_idx` (`MDSRWRD_MDSR_ID`),
  KEY `FK_MEDICALDSRWARD_MEDICALDSRLOT_idx` (`MDSRWRD_LT_ID_A`),
  KEY `FK_MEDICALDSRWARD_WARD_idx` (`MDSRWRD_WRD_ID_A`),
  KEY `FK_MEDICALDSRWARD_CREATED_BY_IDX` (`MDSRWRD_CREATED_BY`),
  KEY `FK_MEDICALDSRWARD_LAST_MODIFIED_BY_IDX` (`MDSRWRD_LAST_MODIFIED_BY`),
  CONSTRAINT `FK_MEDICALDSRWARD_CREATED_BY` FOREIGN KEY (`MDSRWRD_CREATED_BY`) REFERENCES `oh_user` (`US_ID_A`) ON DELETE NO ACTION ON UPDATE NO ACTION,
  CONSTRAINT `FK_MEDICALDSRWARD_LAST_MODIFIED_BY` FOREIGN KEY (`MDSRWRD_LAST_MODIFIED_BY`) REFERENCES `oh_user` (`US_ID_A`) ON DELETE NO ACTION ON UPDATE NO ACTION,
  CONSTRAINT `FK_MEDICALDSRWARD_MEDICALDSR` FOREIGN KEY (`MDSRWRD_MDSR_ID`) REFERENCES `oh_medicaldsr` (`MDSR_ID`) ON DELETE NO ACTION ON UPDATE NO ACTION,
  CONSTRAINT `FK_MEDICALDSRWARD_MEDICALDSRLOT` FOREIGN KEY (`MDSRWRD_LT_ID_A`) REFERENCES `oh_medicaldsrlot` (`LT_ID_A`) ON DELETE NO ACTION ON UPDATE NO ACTION,
  CONSTRAINT `FK_MEDICALDSRWARD_WARD` FOREIGN KEY (`MDSRWRD_WRD_ID_A`) REFERENCES `oh_ward` (`WRD_ID_A`) ON DELETE NO ACTION ON UPDATE NO ACTION
) ENGINE=InnoDB DEFAULT CHARSET=utf8mb3 COLLATE=utf8mb3_general_ci;
/*!40101 SET character_set_client = @saved_cs_client */;

--
-- Dumping data for table `oh_medicaldsrward`
--

LOCK TABLES `oh_medicaldsrward` WRITE;
/*!40000 ALTER TABLE `oh_medicaldsrward` DISABLE KEYS */;
INSERT INTO `oh_medicaldsrward` VALUES ('C',103,100,4,'AUTO_C_103',NULL,NULL,NULL,NULL,1,0);
INSERT INTO `oh_medicaldsrward` VALUES ('C',275,20,0,'7144453288242750524',NULL,NULL,NULL,NULL,1,0);
INSERT INTO `oh_medicaldsrward` VALUES ('F',99,100,0,'AUTO_F_99',NULL,NULL,NULL,NULL,1,0);
INSERT INTO `oh_medicaldsrward` VALUES ('F',105,1000,0,'AUTO_F_105',NULL,NULL,NULL,NULL,1,0);
INSERT INTO `oh_medicaldsrward` VALUES ('F',368,20,0,'1352158066768470913',NULL,NULL,NULL,NULL,1,0);
INSERT INTO `oh_medicaldsrward` VALUES ('F',404,10,0,'AUTO_F_404',NULL,NULL,NULL,NULL,1,0);
INSERT INTO `oh_medicaldsrward` VALUES ('F',415,200,0,'AUTO_F_415',NULL,NULL,NULL,NULL,1,0);
INSERT INTO `oh_medicaldsrward` VALUES ('I',40,100,0,'AUTO_I_40',NULL,NULL,NULL,NULL,1,0);
INSERT INTO `oh_medicaldsrward` VALUES ('I',50,40,0,'7460012206646986840',NULL,NULL,NULL,NULL,1,0);
INSERT INTO `oh_medicaldsrward` VALUES ('I',98,130,10,'AUTO_I_98',NULL,NULL,NULL,NULL,1,0);
INSERT INTO `oh_medicaldsrward` VALUES ('I',108,1600,0,'AUTO_I_108',NULL,NULL,NULL,NULL,1,0);
INSERT INTO `oh_medicaldsrward` VALUES ('I',415,1000,0,'AUTO_I_415',NULL,NULL,NULL,NULL,1,0);
INSERT INTO `oh_medicaldsrward` VALUES ('INV',124,9000,0,'202402AAC1',NULL,NULL,NULL,NULL,1,0);
INSERT INTO `oh_medicaldsrward` VALUES ('INV',264,100,0,'202402c',NULL,NULL,NULL,NULL,1,0);
INSERT INTO `oh_medicaldsrward` VALUES ('M',98,70,2,'AUTO_M_98',NULL,NULL,NULL,NULL,1,0);
/*!40000 ALTER TABLE `oh_medicaldsrward` ENABLE KEYS */;
UNLOCK TABLES;

--
-- Table structure for table `oh_menuitem`
--

DROP TABLE IF EXISTS `oh_menuitem`;
/*!40101 SET @saved_cs_client     = @@character_set_client */;
/*!40101 SET character_set_client = utf8mb4 */;
CREATE TABLE `oh_menuitem` (
  `MNI_ID_A` varchar(50) NOT NULL DEFAULT '',
  `MNI_BTN_LABEL` varchar(50) NOT NULL DEFAULT '',
  `MNI_LABEL` varchar(50) NOT NULL DEFAULT '',
  `MNI_TOOLTIP` varchar(100) DEFAULT NULL,
  `MNI_SHORTCUT` char(1) DEFAULT NULL,
  `MNI_SUBMENU` varchar(50) NOT NULL DEFAULT '',
  `MNI_CLASS` varchar(100) NOT NULL DEFAULT '',
  `MNI_IS_SUBMENU` char(1) NOT NULL DEFAULT 'N',
  `MNI_POSITION` int(10) unsigned NOT NULL DEFAULT 0,
  PRIMARY KEY (`MNI_ID_A`)
) ENGINE=InnoDB DEFAULT CHARSET=utf8mb3 COLLATE=utf8mb3_general_ci;
/*!40101 SET character_set_client = @saved_cs_client */;

--
-- Dumping data for table `oh_menuitem`
--

LOCK TABLES `oh_menuitem` WRITE;
/*!40000 ALTER TABLE `oh_menuitem` DISABLE KEYS */;
INSERT INTO `oh_menuitem` VALUES ('accounting','angal.menu.btn.accounting','angal.menu.accounting','x','C','main','none','Y',6);
INSERT INTO `oh_menuitem` VALUES ('admission','angal.menu.btn.admission','angal.menu.admission','x','A','main','org.isf.admission.gui.AdmittedPatientBrowser','N',2);
INSERT INTO `oh_menuitem` VALUES ('admtype','angal.menu.btn.admtype','angal.menu.admtype','x','A','types','org.isf.admtype.gui.AdmissionTypeBrowser','N',0);
INSERT INTO `oh_menuitem` VALUES ('agetype','angal.menu.btn.agetype','angal.menu.agetype','x','G','types','org.isf.agetype.gui.AgeTypeBrowser','N',11);
INSERT INTO `oh_menuitem` VALUES ('billsmanager','angal.menu.btn.billsmanager','angal.menu.billsmanager','x','M','accounting','org.isf.accounting.gui.BillBrowser','N',1);
INSERT INTO `oh_menuitem` VALUES ('btnadmadm','angal.admission.admission','angal.admission.admission','x','A','admission','none','N',4);
INSERT INTO `oh_menuitem` VALUES ('btnadmadmexamination','angal.admission.examination','angal.admission.examination','x','A','btnadmadm','none','N',1);
INSERT INTO `oh_menuitem` VALUES ('btnadmanamnesis','angal.admission.anamnesis','angal.admission.anamnesis','x','A','admission','none','N',1);
INSERT INTO `oh_menuitem` VALUES ('btnadmbill','angal.menu.btn.btnadmbill','angal.menu.btnadmbill','x','R','admission','none','N',4);
INSERT INTO `oh_menuitem` VALUES ('btnadmdel','angal.admission.deletepatient','angal.admission.deletepatient','x','L','admission','none','N',2);
INSERT INTO `oh_menuitem` VALUES ('btnadmdicom','angal.menu.btn.dicom','angal.menu.dicom','x','L','admission','none','N',4);
INSERT INTO `oh_menuitem` VALUES ('btnadmedit','angal.admission.editpatient','angal.admission.editpatient','x','E','admission','none','N',1);
INSERT INTO `oh_menuitem` VALUES ('btnadmexamination','angal.admission.examination','angal.admission.examination','x','A','admission','none','N',1);
INSERT INTO `oh_menuitem` VALUES ('btnadmlab','angal.menu.btn.laboratory','angal.menu.laboratory','x','L','admission','none','N',3);
INSERT INTO `oh_menuitem` VALUES ('btnadmmer','angal.admission.merge','angal.admission.merge','x','L','admission','none','N',2);
INSERT INTO `oh_menuitem` VALUES ('btnadmnew','angal.admission.newpatient','angal.admission.newpatient','x','N','admission','none','N',0);
INSERT INTO `oh_menuitem` VALUES ('btnadmopd','angal.admission.opd','angal.admission.admission','x','O','admission','none','N',5);
INSERT INTO `oh_menuitem` VALUES ('btnadmpateditanamnesis','angal.patient.anamnesis','angal.patient.anamnesis','x','A','btnadmedit','none','N',1);
INSERT INTO `oh_menuitem` VALUES ('btnadmpatientfolder','angal.admission.patientfolder','angal.admission.patientfolder','x','P','admission','none','Y',6);
INSERT INTO `oh_menuitem` VALUES ('btnadmpatnewanamnesis','angal.patient.anamnesis','angal.patient.anamnesis','x','A','btnadmnew','none','N',1);
INSERT INTO `oh_menuitem` VALUES ('btnadmtherapy','angal.admission.therapy','angal.admission.therapy','x','T','admission','none','N',6);
INSERT INTO `oh_menuitem` VALUES ('btnbilldelete','angal.billbrowser.deletebill.btn','angal.billbrowser.deletebill.btn','x','N','billsmanager','none','N',4);
INSERT INTO `oh_menuitem` VALUES ('btnbilledit','angal.billbrowser.editbill','angal.billbrowser.editbill','x','N','billsmanager','none','N',2);
INSERT INTO `oh_menuitem` VALUES ('btnbillnew','angal.billbrowser.newbill.btn','angal.billbrowser.newbill.btn','x','N','billsmanager','none','N',1);
INSERT INTO `oh_menuitem` VALUES ('btnbillreceipt','angal.menu.btn.btnbillreceipt','angal.menu.btnbillreceipt','x','R','billsmanager','none','N',6);
INSERT INTO `oh_menuitem` VALUES ('btnbillreport','angal.billbrowser.report','angal.billbrowser.report','x','N','billsmanager','none','N',5);
INSERT INTO `oh_menuitem` VALUES ('btndatadel','angal.common.delete','angal.common.delete','x','D','data','none','N',2);
INSERT INTO `oh_menuitem` VALUES ('btndataedit','angal.common.edit','angal.common.edit','x','E','data','none','N',1);
INSERT INTO `oh_menuitem` VALUES ('btndataeditpat','angal.admission.editpatient','angal.admission.editpatient','x','P','data','none','N',0);
INSERT INTO `oh_menuitem` VALUES ('btndatamalnut','angal.admission.malnutritioncontrol','angal.admission.malnutritioncontrol','x','M','data','none','N',3);
INSERT INTO `oh_menuitem` VALUES ('btnlaboratorydel','angal.common.delete','angal.common.delete','x','D','laboratory','none','N',2);
INSERT INTO `oh_menuitem` VALUES ('btnlaboratoryedit','angal.common.edit','angal.common.edit','x','E','laboratory','none','N',1);
INSERT INTO `oh_menuitem` VALUES ('btnlaboratorynew','angal.common.new.btn','angal.common.new.btn','x','N','laboratory','none','N',0);
INSERT INTO `oh_menuitem` VALUES ('btnmedicalswarddelete','angal.menu.btn.btnmedicalswarddelete','angal.common.delete.btn','X','D','medicalsward','none','N',4);
INSERT INTO `oh_menuitem` VALUES ('btnmedicalswardexcel','angal.menu.btn.btnmedicalswardexcel','angal.menu.btnmedicalswardexcel','x','E','medicalsward','none','N',3);
INSERT INTO `oh_menuitem` VALUES ('btnmedicalswardrectify','angal.menu.btn.btnmedicalswardrectify','angal.menu.btnmedicalswardrectify','x','R','medicalsward','none','N',1);
INSERT INTO `oh_menuitem` VALUES ('btnmedicalswardreport','angal.menu.btn.btnmedicalswardreport','angal.menu.btnmedicalswardreport','x','P','medicalsward','none','N',2);
INSERT INTO `oh_menuitem` VALUES ('btnopddel','angal.common.delete','angal.common.delete','x','D','opd','none','N',2);
INSERT INTO `oh_menuitem` VALUES ('btnopdedit','angal.common.edit','angal.common.edit','x','E','opd','none','N',1);
INSERT INTO `oh_menuitem` VALUES ('btnopdeditanamnesis','angal.opd.anamnesis','angal.opd.anamnesis','x','A','btnopdedit','none','N',1);
INSERT INTO `oh_menuitem` VALUES ('btnopdeditexamination','angal.opd.examination','angal.opd.examination','x','A','btnopdedit','none','N',1);
INSERT INTO `oh_menuitem` VALUES ('btnopdeditoperation','angal.opd.operation','angal.opd.operation','x','A','btnopdedit','none','N',2);
INSERT INTO `oh_menuitem` VALUES ('btnopdnew','angal.common.new.btn','angal.common.new.btn','x','N','opd','none','N',0);
INSERT INTO `oh_menuitem` VALUES ('btnopdnewanamnesis','angal.opd.anamnesis','angal.opd.anamnesis','x','A','btnopdnew','none','N',1);
INSERT INTO `oh_menuitem` VALUES ('btnopdnewexamination','angal.opd.examination','angal.opd.examination','x','A','btnopdnew','none','N',1);
INSERT INTO `oh_menuitem` VALUES ('btnopdnewoperation','angal.opd.operation','angal.opd.operation','x','A','btnopdnew','none','N',2);
INSERT INTO `oh_menuitem` VALUES ('btnpatfoldadmrpt','angal.menu.btn.admchart','angal.menu.admchart','x','A','btnadmpatientfolder','none','N',2);
INSERT INTO `oh_menuitem` VALUES ('btnpatfolddicom','angal.menu.btn.dicom','angal.menu.dicom','x','D','btnadmpatientfolder','none','N',4);
INSERT INTO `oh_menuitem` VALUES ('btnpatfoldopdrpt','angal.menu.btn.opdchart','angal.menu.opdchart','x','O','btnadmpatientfolder','none','N',1);
INSERT INTO `oh_menuitem` VALUES ('btnpatfoldpatrpt','angal.menu.btn.patreport','angal.menu.patreport','x','R','btnadmpatientfolder','none','N',3);
INSERT INTO `oh_menuitem` VALUES ('btnpatientvaccinedel','angal.common.delete','angal.common.delete','x','D','patientvaccine','none','N',2);
INSERT INTO `oh_menuitem` VALUES ('btnpatientvaccineedit','angal.common.edit','angal.common.edit','x','E','patientvaccine','none','N',1);
INSERT INTO `oh_menuitem` VALUES ('btnpatientvaccinenew','angal.common.new.btn','angal.common.new.btn','x','N','patientvaccine','none','N',0);
INSERT INTO `oh_menuitem` VALUES ('btnpharmaceuticaldel','angal.common.delete','angal.common.delete','x','D','medicals','none','N',2);
INSERT INTO `oh_menuitem` VALUES ('btnpharmaceuticaledit','angal.common.edit','angal.common.edit','x','E','medicals','none','N',1);
INSERT INTO `oh_menuitem` VALUES ('btnpharmaceuticalnew','angal.common.new.btn','angal.common.new.btn','x','N','medicals','none','N',0);
INSERT INTO `oh_menuitem` VALUES ('btnpharmstockcharge','angal.menu.btn.btnpharmstockcharge','angal.menu.btnpharmstockcharge','x','C','medicalstock','none','N',1);
INSERT INTO `oh_menuitem` VALUES ('btnpharmstockcmovdelete','angal.common.delete.btn','angal.common.delete.btn','x','X','medicalstock','none','N',3);
INSERT INTO `oh_menuitem` VALUES ('btnpharmstockdischarge','angal.menu.btn.btnpharmstockdischarge','angal.menu.btnpharmstockdischarge','x','D','medicalstock','none','N',2);
INSERT INTO `oh_menuitem` VALUES ('cashiersfilter','angal.menu.accounting.cashiersfilter','angal.menu.accounting.cashiersfilter','x','X','billsmanager','none','N',0);
INSERT INTO `oh_menuitem` VALUES ('communication','angal.menu.btn.chat','angal.menu.chat','x','M','main','org.isf.xmpp.gui.CommunicationFrame','N',10);
INSERT INTO `oh_menuitem` VALUES ('data','angal.admission.data','angal.admission.data','x','D','admission','none','N',3);
INSERT INTO `oh_menuitem` VALUES ('deliverytype','angal.menu.btn.deliverytype','angal.menu.deliverytype','x','L','types','org.isf.dlvrtype.gui.DeliveryTypeBrowser','N',2);
INSERT INTO `oh_menuitem` VALUES ('delresulttype','angal.menu.btn.delresulttype','angal.menu.delresulttype','x','R','types','org.isf.dlvrrestype.gui.DeliveryResultTypeBrowser','N',3);
INSERT INTO `oh_menuitem` VALUES ('dicomtype','angal.menu.btn.dicomtype','angal.menu.dicomtype','x','X','types','org.isf.dicomtype.gui.DicomTypeBrowser','N',13);
INSERT INTO `oh_menuitem` VALUES ('disctype','angal.menu.btn.disctype','angal.menu.disctype','x','H','types','org.isf.disctype.gui.DischargeTypeBrowser','N',1);
INSERT INTO `oh_menuitem` VALUES ('disease','angal.menu.btn.disease','angal.menu.disease','x','D','generaldata','org.isf.disease.gui.DiseaseBrowser','N',3);
INSERT INTO `oh_menuitem` VALUES ('diseaselist','angal.menu.btn.diseaselist','angal.menu.diseaselist','x','D','printing','org.isf.stat.gui.DiseasesListLauncher','N',2);
INSERT INTO `oh_menuitem` VALUES ('diseasetype','angal.menu.btn.diseasetype','angal.menu.diseasetype','x','D','types','org.isf.distype.gui.DiseaseTypeBrowser','N',4);
INSERT INTO `oh_menuitem` VALUES ('doc','angal.menu.btn.doc','angal.menu.doc','x','D','help','org.isf.help.HelpViewer','N',1);
INSERT INTO `oh_menuitem` VALUES ('editclosedbills','angal.menu.accounting.editclosedbills','angal.menu.accounting.editclosedbills','x','E','billsmanager','none','N',3);
INSERT INTO `oh_menuitem` VALUES ('examlist1','angal.menu.btn.examlist1','angal.menu.examlist1','x','E','printing','org.isf.stat.gui.ExamsList1Launcher','N',1);
INSERT INTO `oh_menuitem` VALUES ('exams','angal.menu.btn.exams','angal.menu.exams','x','E','generaldata','org.isf.exa.gui.ExamBrowser','N',4);
INSERT INTO `oh_menuitem` VALUES ('examtype','angal.menu.btn.examtype','angal.menu.examtype','x','E','types','org.isf.exatype.gui.ExamTypeBrowser','N',5);
INSERT INTO `oh_menuitem` VALUES ('generaldata','angal.menu.btn.generaldata','angal.menu.generaldata','x','S','main','none','Y',11);
INSERT INTO `oh_menuitem` VALUES ('groups','angal.menu.btn.groups','angal.menu.groups','x','G','users','org.isf.menu.gui.UserGroupBrowsing','N',1);
INSERT INTO `oh_menuitem` VALUES ('help','angal.menu.btn.help','angal.menu.help','x','H','main','none','Y',12);
INSERT INTO `oh_menuitem` VALUES ('hospital','angal.menu.btn.hospital','angal.menu.hospital','x','H','generaldata','org.isf.hospital.gui.HospitalBrowser','N',1);
INSERT INTO `oh_menuitem` VALUES ('inventory','angal.menu.btn.inventory','angal.menu.inventory','x','I','pharmacy','org.isf.medicalinventory.gui.InventoryBrowser','N',5);
INSERT INTO `oh_menuitem` VALUES ('inventoryward','angal.menu.btn.inventoryward','angal.menu.inventoryward','x','D','pharmacy','org.isf.medicalinventory.gui.InventoryWardBrowser','N',6);
INSERT INTO `oh_menuitem` VALUES ('laboratory','angal.menu.btn.laboratory','angal.menu.laboratory','x','L','main','org.isf.lab.gui.LabBrowser','N',3);
INSERT INTO `oh_menuitem` VALUES ('logfile','angal.menu.btn.logfile','angal.menu.logfile','x','L','help','org.isf.help.LogViewer','N',2);
INSERT INTO `oh_menuitem` VALUES ('medicals','angal.menu.btn.medicals','angal.menu.medicals','x','P','pharmacy','org.isf.medicals.gui.MedicalBrowser','N',0);
INSERT INTO `oh_menuitem` VALUES ('medicalstock','angal.menu.btn.medicalstock','angal.menu.medicalstock','x','S','pharmacy','org.isf.medicalstock.gui.MovStockBrowser','N',1);
INSERT INTO `oh_menuitem` VALUES ('medicalstype','angal.menu.btn.medicalstype','angal.menu.medicalstype','x','M','types','org.isf.medtype.gui.MedicalTypeBrowser','N',7);
INSERT INTO `oh_menuitem` VALUES ('medicalsward','angal.menu.btn.medicalsward','angal.menu.medicalsward','x','W','pharmacy','org.isf.medicalstockward.gui.WardPharmacy','N',2);
INSERT INTO `oh_menuitem` VALUES ('medstockmovtype','angal.menu.btn.medstockmovtype','angal.menu.medstockmovtype','x','S','types','org.isf.medstockmovtype.gui.MedicalDsrStockMovementTypeBrowser','N',6);
INSERT INTO `oh_menuitem` VALUES ('newbill','angal.menu.btn.newbill','angal.menu.newbill','x','N','accounting','org.isf.accounting.gui.PatientBillEdit','N',0);
INSERT INTO `oh_menuitem` VALUES ('opd','angal.menu.btn.opd','angal.menu.opd','x','O','main','org.isf.opd.gui.OpdBrowser','N',1);
INSERT INTO `oh_menuitem` VALUES ('operation','angal.menu.btn.operation','angal.menu.operation','x','O','generaldata','org.isf.operation.gui.OperationBrowser','N',5);
INSERT INTO `oh_menuitem` VALUES ('operationlist','angal.menu.btn.operationlist','angal.menu.operationlist','x','O','printing','org.isf.stat.gui.OperationsListLauncher','N',3);
INSERT INTO `oh_menuitem` VALUES ('operationtype','angal.menu.btn.operationtype','angal.menu.operationtype','x','O','types','org.isf.opetype.gui.OperationTypeBrowser','N',8);
INSERT INTO `oh_menuitem` VALUES ('otherprices','angal.menu.btn.otherprices','angal.menu.otherprices','x','H','types','org.isf.pricesothers.gui.PricesOthersBrowser','N',10);
INSERT INTO `oh_menuitem` VALUES ('patientvaccine','angal.menu.btn.patientvaccine','angal.menu.patientvaccine','x','V','main','org.isf.patvac.gui.PatVacBrowser','N',5);
INSERT INTO `oh_menuitem` VALUES ('pharmacy','angal.menu.btn.pharmacy','angal.menu.pharmacy','x','P','main','none','Y',4);
INSERT INTO `oh_menuitem` VALUES ('pretreatmenttype','angal.menu.btn.pretreatmenttype','angal.menu.pretreatmenttype','x','P','types','org.isf.pregtreattype.gui.PregnantTreatmentTypeBrowser','N',9);
INSERT INTO `oh_menuitem` VALUES ('priceslists','angal.menu.btn.priceslists','angal.menu.priceslists','x','P','generaldata','org.isf.priceslist.gui.PricesBrowser','N',7);
INSERT INTO `oh_menuitem` VALUES ('printing','angal.menu.btn.printing','angal.menu.printing','x','R','main','none','Y',9);
INSERT INTO `oh_menuitem` VALUES ('smsmanager','angal.menu.btn.smsmanager','angal.menu.smsmanager','x','M','generaldata','org.isf.sms.gui.SmsBrowser','N',9);
INSERT INTO `oh_menuitem` VALUES ('statistics','angal.menu.btn.statistics','angal.menu.statistics','x','T','main','org.isf.stat.reportlauncher.gui.ReportLauncher','N',8);
INSERT INTO `oh_menuitem` VALUES ('supplier','angal.menu.btn.supplier','angal.menu.supplier','x','S','generaldata','org.isf.supplier.gui.SupplierBrowser','N',8);
INSERT INTO `oh_menuitem` VALUES ('telemetry','angal.menu.btn.telemetry','angal.menu.telemetry','x','M','generaldata','org.isf.telemetry.gui.TelemetryEdit','N',9);
INSERT INTO `oh_menuitem` VALUES ('types','angal.menu.btn.types','angal.menu.types','x','T','generaldata','none','Y',0);
INSERT INTO `oh_menuitem` VALUES ('users','angal.menu.btn.users','angal.menu.users','x','U','generaldata','none','Y',10);
INSERT INTO `oh_menuitem` VALUES ('usersusers','angal.menu.btn.usersusers','angal.menu.usersusers','x','U','users','org.isf.menu.gui.UserBrowsing','N',0);
INSERT INTO `oh_menuitem` VALUES ('vaccine','angal.menu.btn.vaccine','angal.menu.vaccine','x','V','generaldata','org.isf.vaccine.gui.VaccineBrowser','N',6);
INSERT INTO `oh_menuitem` VALUES ('vaccinetype','angal.menu.btn.vaccinetype','angal.menu.vaccinetype','x','V','types','org.isf.vactype.gui.VaccineTypeBrowser','N',12);
INSERT INTO `oh_menuitem` VALUES ('ward','angal.menu.btn.ward','angal.menu.ward','x','W','generaldata','org.isf.ward.gui.WardBrowser','N',2);
INSERT INTO `oh_menuitem` VALUES ('worksheet','angal.menu.btn.worksheet','angal.menu.worksheet','x','W','main','org.isf.visits.gui.VisitView','N',7);
/*!40000 ALTER TABLE `oh_menuitem` ENABLE KEYS */;
UNLOCK TABLES;

--
-- Table structure for table `oh_opd`
--

DROP TABLE IF EXISTS `oh_opd`;
/*!40101 SET @saved_cs_client     = @@character_set_client */;
/*!40101 SET character_set_client = utf8mb4 */;
CREATE TABLE `oh_opd` (
  `OPD_ID` int(11) NOT NULL AUTO_INCREMENT,
  `OPD_WRD_ID_A` char(3) NOT NULL,
  `OPD_DATE` datetime NOT NULL,
  `OPD_NEW_PAT` char(1) NOT NULL DEFAULT 'N',
  `OPD_PROG_YEAR` int(11) NOT NULL,
  `OPD_SEX` char(1) NOT NULL,
  `OPD_AGE` int(11) NOT NULL DEFAULT 0,
  `OPD_DIS_ID_A` varchar(10) DEFAULT NULL,
  `OPD_DIS_ID_A_2` varchar(10) DEFAULT NULL,
  `OPD_DIS_ID_A_3` varchar(10) DEFAULT NULL,
  `OPD_REFERRAL_FROM` varchar(1) DEFAULT NULL,
  `OPD_REFERRAL_TO` varchar(1) DEFAULT NULL,
  `OPD_NOTE` text NOT NULL,
  `OPD_PAT_ID` int(11) DEFAULT NULL,
  `OPD_USR_ID_A` varchar(50) NOT NULL DEFAULT 'admin',
  `OPD_NEXT_VISIT_ID` int(11) DEFAULT NULL,
  `OPD_LOCK` int(11) NOT NULL DEFAULT 0,
  `OPD_CREATED_BY` varchar(50) DEFAULT NULL,
  `OPD_CREATED_DATE` datetime DEFAULT NULL,
  `OPD_LAST_MODIFIED_BY` varchar(50) DEFAULT NULL,
  `OPD_LAST_MODIFIED_DATE` datetime DEFAULT NULL,
  `OPD_ACTIVE` tinyint(1) NOT NULL DEFAULT 1,
  `OPD_PRESCRIPTION` varchar(255) DEFAULT NULL,
  PRIMARY KEY (`OPD_ID`),
  KEY `FK_OPD_DISEASE` (`OPD_DIS_ID_A`),
  KEY `FK_OPD_DISEASE_2` (`OPD_DIS_ID_A_2`),
  KEY `FK_OPD_DISEASE_3` (`OPD_DIS_ID_A_3`),
  KEY `FK_OPD_PATIENT` (`OPD_PAT_ID`),
  KEY `FK_OPD_WARD_idx` (`OPD_WRD_ID_A`),
  KEY `FK_OPD_NEXT_VISIT_idx` (`OPD_NEXT_VISIT_ID`),
  KEY `FK_OPD_USER_IDX` (`OPD_USR_ID_A`),
  KEY `FK_OPD_CREATED_BY_IDX` (`OPD_CREATED_BY`),
  KEY `FK_OPD_LAST_MODIFIED_BY_IDX` (`OPD_LAST_MODIFIED_BY`),
  CONSTRAINT `FK_OPD_CREATED_BY` FOREIGN KEY (`OPD_CREATED_BY`) REFERENCES `oh_user` (`US_ID_A`) ON DELETE NO ACTION ON UPDATE NO ACTION,
  CONSTRAINT `FK_OPD_DISEASE` FOREIGN KEY (`OPD_DIS_ID_A`) REFERENCES `oh_disease` (`DIS_ID_A`) ON DELETE NO ACTION ON UPDATE NO ACTION,
  CONSTRAINT `FK_OPD_DISEASE_2` FOREIGN KEY (`OPD_DIS_ID_A_2`) REFERENCES `oh_disease` (`DIS_ID_A`) ON DELETE NO ACTION ON UPDATE NO ACTION,
  CONSTRAINT `FK_OPD_DISEASE_3` FOREIGN KEY (`OPD_DIS_ID_A_3`) REFERENCES `oh_disease` (`DIS_ID_A`) ON DELETE NO ACTION ON UPDATE NO ACTION,
  CONSTRAINT `FK_OPD_LAST_MODIFIED_BY` FOREIGN KEY (`OPD_LAST_MODIFIED_BY`) REFERENCES `oh_user` (`US_ID_A`) ON DELETE NO ACTION ON UPDATE NO ACTION,
  CONSTRAINT `FK_OPD_NEXT_VISIT` FOREIGN KEY (`OPD_NEXT_VISIT_ID`) REFERENCES `oh_visits` (`VST_ID`) ON DELETE NO ACTION ON UPDATE NO ACTION,
  CONSTRAINT `FK_OPD_PATIENT` FOREIGN KEY (`OPD_PAT_ID`) REFERENCES `oh_patient` (`PAT_ID`) ON DELETE CASCADE ON UPDATE CASCADE,
  CONSTRAINT `FK_OPD_USER` FOREIGN KEY (`OPD_USR_ID_A`) REFERENCES `oh_user` (`US_ID_A`) ON DELETE NO ACTION ON UPDATE NO ACTION,
  CONSTRAINT `FK_OPD_WARD` FOREIGN KEY (`OPD_WRD_ID_A`) REFERENCES `oh_ward` (`WRD_ID_A`) ON DELETE NO ACTION ON UPDATE NO ACTION
) ENGINE=InnoDB AUTO_INCREMENT=423 DEFAULT CHARSET=utf8mb3 COLLATE=utf8mb3_general_ci;
/*!40101 SET character_set_client = @saved_cs_client */;

--
-- Dumping data for table `oh_opd`
--

LOCK TABLES `oh_opd` WRITE;
/*!40000 ALTER TABLE `oh_opd` DISABLE KEYS */;
INSERT INTO `oh_opd` VALUES (2,'OPD','2022-11-02 16:47:33','N',1,'M',82,'39',NULL,NULL,NULL,NULL,'',50,'admin',NULL,0,'admin','2022-11-06 16:47:33',NULL,NULL,1,NULL);
INSERT INTO `oh_opd` VALUES (3,'OPD','2022-11-02 16:57:09','R',2,'M',72,'68',NULL,NULL,NULL,NULL,'',51,'admin',NULL,0,'admin','2022-11-06 16:57:09',NULL,NULL,1,NULL);
INSERT INTO `oh_opd` VALUES (4,'OPD','2022-11-02 16:58:48','R',3,'M',31,'30',NULL,NULL,NULL,'R','',55,'admin',NULL,0,'admin','2022-11-06 16:58:48',NULL,NULL,1,NULL);
INSERT INTO `oh_opd` VALUES (5,'OPD','2022-11-02 17:00:07','N',4,'M',40,'12',NULL,NULL,'R',NULL,'',58,'admin',NULL,0,'admin','2022-11-06 17:00:07',NULL,NULL,1,NULL);
INSERT INTO `oh_opd` VALUES (6,'OPD','2022-11-02 17:08:25','R',5,'M',42,'39',NULL,NULL,NULL,NULL,'',60,'admin',NULL,0,'admin','2022-11-06 17:08:25',NULL,NULL,1,NULL);
INSERT INTO `oh_opd` VALUES (7,'OPD','2022-11-02 17:10:09','R',6,'M',12,'110',NULL,NULL,NULL,NULL,'',62,'admin',NULL,0,'admin','2022-11-06 17:10:09',NULL,NULL,1,NULL);
INSERT INTO `oh_opd` VALUES (8,'OPD','2022-11-02 17:11:28','N',7,'M',14,'16',NULL,NULL,NULL,'R','',65,'admin',NULL,0,'admin','2022-11-06 17:11:28',NULL,NULL,1,NULL);
INSERT INTO `oh_opd` VALUES (9,'OPD','2022-11-02 17:17:02','N',8,'M',30,'40',NULL,NULL,NULL,NULL,'',67,'admin',NULL,0,'admin','2022-11-06 17:17:02',NULL,NULL,1,NULL);
INSERT INTO `oh_opd` VALUES (10,'OPD','2022-11-02 17:18:56','R',9,'M',34,'24',NULL,NULL,'R',NULL,'',68,'admin',NULL,0,'admin','2022-11-06 17:18:56',NULL,NULL,1,NULL);
INSERT INTO `oh_opd` VALUES (11,'OPD','2022-11-02 17:20:47','N',10,'M',37,'16',NULL,NULL,NULL,NULL,'',69,'admin',NULL,0,'admin','2022-11-06 17:20:47',NULL,NULL,1,NULL);
INSERT INTO `oh_opd` VALUES (12,'OPD','2022-11-02 17:22:10','R',11,'M',53,'42',NULL,NULL,NULL,'R','',71,'admin',NULL,0,'admin','2022-11-06 17:22:10',NULL,NULL,1,NULL);
INSERT INTO `oh_opd` VALUES (13,'OPD','2022-11-02 17:25:46','N',12,'M',28,'49',NULL,NULL,NULL,NULL,'',72,'admin',NULL,0,'admin','2022-11-06 17:25:46',NULL,NULL,1,NULL);
INSERT INTO `oh_opd` VALUES (15,'OPD','2022-11-02 18:59:47','N',13,'F',28,'39',NULL,NULL,'R',NULL,'',74,'admin',NULL,0,'admin','2022-11-07 18:59:47',NULL,NULL,1,NULL);
INSERT INTO `oh_opd` VALUES (16,'OPD','2022-11-02 19:02:59','R',14,'F',62,'89',NULL,NULL,NULL,'R','',77,'admin',NULL,0,'admin','2022-11-07 19:02:59',NULL,NULL,1,NULL);
INSERT INTO `oh_opd` VALUES (17,'OPD','2022-11-02 19:04:36','N',15,'F',34,'42',NULL,NULL,NULL,NULL,'',78,'admin',NULL,0,'admin','2022-11-07 19:04:36',NULL,NULL,1,NULL);
INSERT INTO `oh_opd` VALUES (18,'OPD','2022-11-02 19:06:19','N',16,'F',80,'44',NULL,NULL,NULL,NULL,'',79,'admin',NULL,0,'admin','2022-11-07 19:06:19',NULL,NULL,1,NULL);
INSERT INTO `oh_opd` VALUES (19,'OPD','2022-11-02 19:10:42','N',17,'F',58,'49',NULL,NULL,NULL,NULL,'',80,'admin',NULL,0,'admin','2022-11-07 19:10:42',NULL,NULL,1,NULL);
INSERT INTO `oh_opd` VALUES (20,'OPD','2022-11-02 19:12:19','R',18,'F',63,'16',NULL,NULL,'R','R','',82,'admin',NULL,0,'admin','2022-11-07 19:12:19',NULL,NULL,1,NULL);
INSERT INTO `oh_opd` VALUES (21,'OPD','2022-11-02 19:13:27','N',19,'F',62,'43',NULL,NULL,NULL,NULL,'',83,'admin',NULL,0,'admin','2022-11-07 19:13:27',NULL,NULL,1,NULL);
INSERT INTO `oh_opd` VALUES (22,'OPD','2022-11-02 19:14:41','R',20,'F',62,'68',NULL,NULL,NULL,NULL,'',85,'admin',NULL,0,'admin','2022-11-07 19:14:41',NULL,NULL,1,NULL);
INSERT INTO `oh_opd` VALUES (23,'OPD','2022-11-02 19:15:42','N',21,'F',62,'39',NULL,NULL,NULL,NULL,'',86,'admin',NULL,0,'admin','2022-11-07 19:15:42',NULL,NULL,1,NULL);
INSERT INTO `oh_opd` VALUES (24,'OPD','2022-11-02 19:16:34','R',22,'F',42,'44',NULL,NULL,NULL,'R','',87,'admin',NULL,0,'admin','2022-11-07 19:16:34',NULL,NULL,1,NULL);
INSERT INTO `oh_opd` VALUES (25,'OPD','2022-11-02 19:19:33','N',23,'F',50,'17',NULL,NULL,'R',NULL,'',89,'admin',NULL,0,'admin','2022-11-07 19:19:33',NULL,NULL,1,NULL);
INSERT INTO `oh_opd` VALUES (26,'OPD','2022-11-02 19:20:39','N',24,'F',62,'15',NULL,NULL,NULL,NULL,'',90,'admin',NULL,0,'admin','2022-11-07 19:20:39',NULL,NULL,1,NULL);
INSERT INTO `oh_opd` VALUES (27,'OPD','2022-11-02 19:21:19','N',25,'F',18,'15',NULL,NULL,NULL,NULL,'',92,'admin',NULL,0,'admin','2022-11-07 19:21:19',NULL,NULL,1,NULL);
INSERT INTO `oh_opd` VALUES (28,'OPD','2022-11-02 19:23:06','R',26,'F',20,'37',NULL,NULL,NULL,'R','',93,'admin',NULL,0,'admin','2022-11-07 19:23:06',NULL,NULL,1,NULL);
INSERT INTO `oh_opd` VALUES (29,'OPD','2022-11-02 19:25:55','R',27,'F',24,'44',NULL,NULL,NULL,NULL,'',94,'admin',NULL,0,'admin','2022-11-07 19:25:55',NULL,NULL,1,NULL);
INSERT INTO `oh_opd` VALUES (30,'OPD','2022-11-02 19:27:31','N',28,'F',30,'15',NULL,NULL,'R',NULL,'',95,'admin',NULL,0,'admin','2022-11-07 19:27:31',NULL,NULL,1,NULL);
INSERT INTO `oh_opd` VALUES (31,'OPD','2022-11-02 19:31:13','N',29,'F',20,'17',NULL,NULL,NULL,NULL,'',96,'admin',NULL,0,'admin','2022-11-07 19:31:13',NULL,NULL,1,NULL);
INSERT INTO `oh_opd` VALUES (32,'OPD','2022-11-02 19:32:47','N',30,'F',64,'110',NULL,NULL,NULL,'R','',97,'admin',NULL,0,'admin','2022-11-07 19:32:47',NULL,NULL,1,NULL);
INSERT INTO `oh_opd` VALUES (34,'OPD','2022-11-02 19:38:33','N',31,'F',36,'89',NULL,NULL,NULL,NULL,'',98,'admin',NULL,0,'admin','2022-11-07 19:38:33',NULL,NULL,1,NULL);
INSERT INTO `oh_opd` VALUES (35,'OPD','2022-11-02 19:39:25','N',32,'F',46,'43',NULL,NULL,'R',NULL,'',99,'admin',NULL,0,'admin','2022-11-07 19:39:25',NULL,NULL,1,NULL);
INSERT INTO `oh_opd` VALUES (36,'OPD','2022-11-02 19:40:28','R',33,'F',62,'15',NULL,NULL,NULL,'R','',100,'admin',NULL,0,'admin','2022-11-07 19:40:28',NULL,NULL,1,NULL);
INSERT INTO `oh_opd` VALUES (37,'OPD','2022-11-02 19:41:13','R',34,'F',52,'44',NULL,NULL,NULL,NULL,'',101,'admin',NULL,0,'admin','2022-11-07 19:41:13',NULL,NULL,1,NULL);
INSERT INTO `oh_opd` VALUES (38,'OPD','2022-11-02 19:42:06','N',35,'F',48,'39',NULL,NULL,NULL,NULL,'',103,'admin',NULL,0,'admin','2022-11-07 19:42:06',NULL,NULL,1,NULL);
INSERT INTO `oh_opd` VALUES (39,'OPD','2022-11-02 19:43:37','N',36,'F',36,'15',NULL,NULL,NULL,NULL,'',104,'admin',NULL,0,'admin','2022-11-07 19:43:37',NULL,NULL,1,NULL);
INSERT INTO `oh_opd` VALUES (40,'OPD','2022-11-02 19:44:34','R',37,'F',52,'16',NULL,NULL,'R','R','',106,'admin',NULL,0,'admin','2022-11-07 19:44:34',NULL,NULL,1,NULL);
INSERT INTO `oh_opd` VALUES (41,'OPD','2022-11-02 19:45:42','R',38,'F',42,'68',NULL,NULL,NULL,NULL,'',108,'admin',NULL,0,'admin','2022-11-07 19:45:42',NULL,NULL,1,NULL);
INSERT INTO `oh_opd` VALUES (42,'OPD','2022-11-02 19:46:39','R',39,'F',31,'44',NULL,NULL,NULL,NULL,'',109,'admin',NULL,0,'admin','2022-11-07 19:46:39',NULL,NULL,1,NULL);
INSERT INTO `oh_opd` VALUES (43,'OPD','2022-11-02 19:49:31','N',40,'F',62,'40',NULL,NULL,NULL,NULL,'',110,'admin',NULL,0,'admin','2022-11-07 19:49:31',NULL,NULL,1,NULL);
INSERT INTO `oh_opd` VALUES (45,'OPD','2022-11-02 19:52:11','R',41,'F',42,'29',NULL,NULL,'R',NULL,'',111,'admin',NULL,0,'admin','2022-11-07 19:52:11',NULL,NULL,1,NULL);
INSERT INTO `oh_opd` VALUES (46,'OPD','2022-11-02 19:52:55','N',42,'F',62,'43',NULL,NULL,NULL,NULL,'',112,'admin',NULL,0,'admin','2022-11-07 19:52:55',NULL,NULL,1,NULL);
INSERT INTO `oh_opd` VALUES (47,'OPD','2022-11-02 19:53:35','R',43,'F',62,'39',NULL,NULL,NULL,NULL,'',115,'admin',NULL,0,'admin','2022-11-07 19:53:35',NULL,NULL,1,NULL);
INSERT INTO `oh_opd` VALUES (48,'OPD','2022-11-02 19:57:39','N',44,'M',67,'15',NULL,NULL,NULL,'R','',16,'admin',NULL,0,'admin','2022-11-07 19:57:39',NULL,NULL,1,NULL);
INSERT INTO `oh_opd` VALUES (49,'OPD','2022-11-02 19:58:24','N',45,'F',26,'43',NULL,NULL,NULL,NULL,'',117,'admin',NULL,0,'admin','2022-11-07 19:58:24',NULL,NULL,1,NULL);
INSERT INTO `oh_opd` VALUES (50,'OPD','2022-11-02 19:58:57','N',46,'F',51,'39',NULL,NULL,'R',NULL,'',119,'admin',NULL,0,'admin','2022-11-07 19:58:57',NULL,NULL,1,NULL);
INSERT INTO `oh_opd` VALUES (51,'OPD','2022-11-02 19:59:49','N',47,'F',15,'39',NULL,NULL,NULL,NULL,'',120,'admin',NULL,0,'admin','2022-11-07 19:59:49',NULL,NULL,1,NULL);
INSERT INTO `oh_opd` VALUES (52,'OPD','2022-11-02 20:01:30','N',48,'F',62,'25',NULL,NULL,NULL,'R','',121,'admin',NULL,0,'admin','2022-11-07 20:01:30',NULL,NULL,1,NULL);
INSERT INTO `oh_opd` VALUES (53,'OPD','2022-11-02 20:04:12','N',49,'F',62,'40',NULL,NULL,NULL,NULL,'',121,'admin',NULL,0,'admin','2022-11-07 20:04:12',NULL,NULL,1,NULL);
INSERT INTO `oh_opd` VALUES (54,'OPD','2022-11-02 20:04:45','N',50,'F',59,'39',NULL,NULL,NULL,NULL,'',123,'admin',NULL,0,'admin','2022-11-07 20:04:45',NULL,NULL,1,NULL);
INSERT INTO `oh_opd` VALUES (55,'OPD','2022-11-02 20:06:02','N',51,'F',36,'89',NULL,NULL,'R',NULL,'',125,'admin',NULL,0,'admin','2022-11-07 20:06:02',NULL,NULL,1,NULL);
INSERT INTO `oh_opd` VALUES (56,'OPD','2022-11-02 20:07:26','N',52,'F',35,'15',NULL,NULL,NULL,'R','',126,'admin',NULL,0,'admin','2022-11-07 20:07:26',NULL,NULL,1,NULL);
INSERT INTO `oh_opd` VALUES (58,'OPD','2022-11-02 20:10:01','R',53,'F',34,'49',NULL,NULL,NULL,NULL,'',127,'admin',NULL,0,'admin','2022-11-07 20:10:01',NULL,NULL,1,NULL);
INSERT INTO `oh_opd` VALUES (59,'OPD','2022-11-02 20:10:45','N',54,'F',64,'15',NULL,NULL,NULL,NULL,'',128,'admin',NULL,0,'admin','2022-11-07 20:10:45',NULL,NULL,1,NULL);
INSERT INTO `oh_opd` VALUES (60,'OPD','2022-11-02 20:12:02','N',55,'F',70,'40',NULL,NULL,'R','R','',129,'admin',NULL,0,'admin','2022-11-07 20:12:02',NULL,NULL,1,NULL);
INSERT INTO `oh_opd` VALUES (61,'OPD','2022-11-02 20:13:11','N',56,'F',27,'39',NULL,NULL,NULL,NULL,'',130,'admin',NULL,0,'admin','2022-11-07 20:13:11',NULL,NULL,1,NULL);
INSERT INTO `oh_opd` VALUES (62,'OPD','2022-11-02 20:13:33','N',57,'F',52,'39',NULL,NULL,NULL,NULL,'',131,'admin',NULL,0,'admin','2022-11-07 20:13:33',NULL,NULL,1,NULL);
INSERT INTO `oh_opd` VALUES (63,'OPD','2022-11-02 20:14:15','N',58,'M',42,'39',NULL,NULL,NULL,NULL,'',132,'admin',NULL,0,'admin','2022-11-07 20:14:15',NULL,NULL,1,NULL);
INSERT INTO `oh_opd` VALUES (64,'OPD','2022-11-02 20:15:01','N',59,'M',28,'43',NULL,NULL,NULL,'R','',133,'admin',NULL,0,'admin','2022-11-07 20:15:01',NULL,NULL,1,NULL);
INSERT INTO `oh_opd` VALUES (65,'OPD','2022-11-02 20:16:49','N',60,'M',70,'49',NULL,NULL,'R',NULL,'',134,'admin',NULL,0,'admin','2022-11-07 20:16:49',NULL,NULL,1,NULL);
INSERT INTO `oh_opd` VALUES (66,'OPD','2022-11-02 20:17:21','N',61,'M',51,'49',NULL,NULL,NULL,NULL,'',135,'admin',NULL,0,'admin','2022-11-07 20:17:21',NULL,NULL,1,NULL);
INSERT INTO `oh_opd` VALUES (67,'OPD','2022-11-02 20:18:44','N',62,'M',27,'47',NULL,NULL,NULL,NULL,'',136,'admin',NULL,0,'admin','2022-11-07 20:18:44',NULL,NULL,1,NULL);
INSERT INTO `oh_opd` VALUES (68,'OPD','2022-11-02 20:20:29','N',63,'M',51,'43',NULL,NULL,NULL,'R','',137,'admin',NULL,0,'admin','2022-11-07 20:20:29',NULL,NULL,1,NULL);
INSERT INTO `oh_opd` VALUES (69,'OPD','2022-11-02 20:21:43','N',64,'M',47,'37',NULL,NULL,NULL,NULL,'',138,'admin',NULL,0,'admin','2022-11-07 20:21:43',NULL,NULL,1,NULL);
INSERT INTO `oh_opd` VALUES (70,'OPD','2022-11-02 20:22:32','N',65,'M',69,'15',NULL,NULL,'R',NULL,'',139,'admin',NULL,0,'admin','2022-11-07 20:22:32',NULL,NULL,1,NULL);
INSERT INTO `oh_opd` VALUES (71,'OPD','2022-11-02 20:22:59','N',66,'M',75,'39',NULL,NULL,NULL,NULL,'',140,'admin',NULL,0,'admin','2022-11-07 20:22:59',NULL,NULL,1,NULL);
INSERT INTO `oh_opd` VALUES (72,'OPD','2022-11-02 20:23:24','N',67,'M',78,'39',NULL,NULL,NULL,'R','',141,'admin',NULL,0,'admin','2022-11-07 20:23:24',NULL,NULL,1,NULL);
INSERT INTO `oh_opd` VALUES (73,'OPD','2022-11-02 20:23:55','N',68,'M',45,'39',NULL,NULL,NULL,NULL,'',142,'admin',NULL,0,'admin','2022-11-07 20:23:55',NULL,NULL,1,NULL);
INSERT INTO `oh_opd` VALUES (74,'OPD','2022-11-02 20:24:41','R',69,'M',49,'47',NULL,NULL,NULL,NULL,'',143,'admin',NULL,0,'admin','2022-11-07 20:24:41',NULL,NULL,1,NULL);
INSERT INTO `oh_opd` VALUES (75,'OPD','2022-11-02 20:25:32','R',70,'M',54,'40',NULL,NULL,'R',NULL,'',144,'admin',NULL,0,'admin','2022-11-07 20:25:32',NULL,NULL,1,NULL);
INSERT INTO `oh_opd` VALUES (76,'OPD','2022-11-02 20:25:58','N',71,'M',47,'39',NULL,NULL,NULL,'R','',145,'admin',NULL,0,'admin','2022-11-07 20:25:58',NULL,NULL,1,NULL);
INSERT INTO `oh_opd` VALUES (77,'OPD','2022-11-02 20:26:31','N',72,'M',39,'39',NULL,NULL,NULL,NULL,'',146,'admin',NULL,0,'admin','2022-11-07 20:26:31',NULL,NULL,1,NULL);
INSERT INTO `oh_opd` VALUES (78,'OPD','2022-11-02 20:30:47','N',73,'M',41,'20',NULL,NULL,NULL,NULL,'',147,'admin',NULL,0,'admin','2022-11-07 20:30:47',NULL,NULL,1,NULL);
INSERT INTO `oh_opd` VALUES (79,'OPD','2022-11-02 20:31:21','N',74,'M',58,'39',NULL,NULL,NULL,NULL,'',148,'admin',NULL,0,'admin','2022-11-07 20:31:21',NULL,NULL,1,NULL);
INSERT INTO `oh_opd` VALUES (80,'OPD','2022-11-02 20:32:10','N',75,'M',52,'15',NULL,NULL,'R','R','',149,'admin',NULL,0,'admin','2022-11-07 20:32:10',NULL,NULL,1,NULL);
INSERT INTO `oh_opd` VALUES (81,'OPD','2022-11-02 20:32:47','N',76,'M',70,'40',NULL,NULL,NULL,NULL,'',150,'admin',NULL,0,'admin','2022-11-07 20:32:47',NULL,NULL,1,NULL);
INSERT INTO `oh_opd` VALUES (83,'OPD','2022-11-02 20:40:58','N',77,'M',38,'39',NULL,NULL,NULL,NULL,'',151,'admin',NULL,0,'admin','2022-11-07 20:40:58',NULL,NULL,1,NULL);
INSERT INTO `oh_opd` VALUES (84,'OPD','2022-11-02 20:41:27','N',78,'M',38,'39',NULL,NULL,NULL,'R','',152,'admin',NULL,0,'admin','2022-11-07 20:41:27',NULL,NULL,1,NULL);
INSERT INTO `oh_opd` VALUES (85,'OPD','2022-11-02 20:41:56','N',79,'M',42,'39',NULL,NULL,'R',NULL,'',153,'admin',NULL,0,'admin','2022-11-07 20:41:56',NULL,NULL,1,NULL);
INSERT INTO `oh_opd` VALUES (86,'OPD','2022-11-02 20:42:31','N',80,'M',59,'39',NULL,NULL,NULL,NULL,'',154,'admin',NULL,0,'admin','2022-11-07 20:42:31',NULL,NULL,1,NULL);
INSERT INTO `oh_opd` VALUES (87,'OPD','2022-11-02 20:43:32','N',81,'M',15,'39',NULL,NULL,NULL,NULL,'',155,'admin',NULL,0,'admin','2022-11-07 20:43:32',NULL,NULL,1,NULL);
INSERT INTO `oh_opd` VALUES (88,'OPD','2022-11-02 20:44:02','N',82,'M',38,'40',NULL,NULL,NULL,'R','',156,'admin',NULL,0,'admin','2022-11-07 20:44:02',NULL,NULL,1,NULL);
INSERT INTO `oh_opd` VALUES (89,'OPD','2022-11-02 20:44:31','N',83,'M',27,'39',NULL,NULL,NULL,NULL,'',157,'admin',NULL,0,'admin','2022-11-07 20:44:31',NULL,NULL,1,NULL);
INSERT INTO `oh_opd` VALUES (90,'OPD','2022-11-02 20:45:09','N',84,'M',84,'40',NULL,NULL,'R',NULL,'',158,'admin',NULL,0,'admin','2022-11-07 20:45:09',NULL,NULL,1,NULL);
INSERT INTO `oh_opd` VALUES (91,'OPD','2022-11-02 20:45:43','R',85,'M',56,'29',NULL,NULL,NULL,NULL,'',159,'admin',NULL,0,'admin','2022-11-07 20:45:43',NULL,NULL,1,NULL);
INSERT INTO `oh_opd` VALUES (92,'OPD','2022-11-02 20:46:27','N',86,'M',48,'39',NULL,NULL,NULL,'R','',160,'admin',NULL,0,'admin','2022-11-07 20:46:27',NULL,NULL,1,NULL);
INSERT INTO `oh_opd` VALUES (93,'OPD','2022-11-02 20:47:16','N',87,'M',52,'37',NULL,NULL,NULL,NULL,'',161,'admin',NULL,0,'admin','2022-11-07 20:47:16',NULL,NULL,1,NULL);
INSERT INTO `oh_opd` VALUES (94,'OPD','2022-11-02 20:47:46','N',88,'F',10,'39',NULL,NULL,NULL,NULL,'',162,'admin',NULL,0,'admin','2022-11-07 20:47:46',NULL,NULL,1,NULL);
INSERT INTO `oh_opd` VALUES (95,'OPD','2022-11-02 20:48:57','N',89,'F',41,'40',NULL,NULL,'R',NULL,'',163,'admin',NULL,0,'admin','2022-11-07 20:48:57',NULL,NULL,1,NULL);
INSERT INTO `oh_opd` VALUES (96,'OPD','2022-11-02 20:49:22','N',90,'F',26,'39',NULL,NULL,NULL,'R','',164,'admin',NULL,0,'admin','2022-11-07 20:49:22',NULL,NULL,1,NULL);
INSERT INTO `oh_opd` VALUES (97,'OPD','2022-11-02 20:50:57','R',91,'F',29,'14',NULL,NULL,NULL,NULL,'',165,'admin',NULL,0,'admin','2022-11-07 20:50:57',NULL,NULL,1,NULL);
INSERT INTO `oh_opd` VALUES (98,'OPD','2022-11-02 20:51:40','R',92,'M',22,'40',NULL,NULL,NULL,NULL,'',166,'admin',NULL,0,'admin','2022-11-07 20:51:40',NULL,NULL,1,NULL);
INSERT INTO `oh_opd` VALUES (99,'OPD','2022-11-02 20:52:54','R',93,'F',19,'47',NULL,NULL,NULL,NULL,'',167,'admin',NULL,0,'admin','2022-11-07 20:52:54',NULL,NULL,1,NULL);
INSERT INTO `oh_opd` VALUES (100,'OPD','2022-11-02 20:54:27','R',94,'F',21,'68',NULL,NULL,'R','R','',168,'admin',NULL,0,'admin','2022-11-07 20:54:27',NULL,NULL,1,NULL);
INSERT INTO `oh_opd` VALUES (101,'OPD','2022-11-02 20:55:32','N',95,'F',22,'49',NULL,NULL,NULL,NULL,'',169,'admin',NULL,0,'admin','2022-11-07 20:55:32',NULL,NULL,1,NULL);
INSERT INTO `oh_opd` VALUES (102,'OPD','2022-11-02 20:56:23','R',96,'F',20,'49',NULL,NULL,NULL,NULL,'',170,'admin',NULL,0,'admin','2022-11-07 20:56:23',NULL,NULL,1,NULL);
INSERT INTO `oh_opd` VALUES (103,'OPD','2022-11-02 20:57:23','N',97,'F',28,'30',NULL,NULL,NULL,NULL,'',171,'admin',NULL,0,'admin','2022-11-07 20:57:23',NULL,NULL,1,NULL);
INSERT INTO `oh_opd` VALUES (104,'OPD','2022-11-02 20:58:35','N',98,'F',24,'44',NULL,NULL,NULL,'R','',172,'admin',NULL,0,'admin','2022-11-07 20:58:35',NULL,NULL,1,NULL);
INSERT INTO `oh_opd` VALUES (105,'OPD','2022-11-02 21:00:44','N',99,'F',20,'15',NULL,NULL,'R',NULL,'',173,'admin',NULL,0,'admin','2022-11-07 21:00:44',NULL,NULL,1,NULL);
INSERT INTO `oh_opd` VALUES (106,'OPD','2022-11-02 21:02:22','N',100,'F',18,'39',NULL,NULL,NULL,NULL,'',174,'admin',NULL,0,'admin','2022-11-07 21:02:22',NULL,NULL,1,NULL);
INSERT INTO `oh_opd` VALUES (107,'OPD','2022-11-02 21:03:56','N',101,'F',29,'23',NULL,NULL,NULL,NULL,'',175,'admin',NULL,0,'admin','2022-11-07 21:03:56',NULL,NULL,1,NULL);
INSERT INTO `oh_opd` VALUES (108,'OPD','2022-11-02 21:04:56','N',102,'F',26,'44',NULL,NULL,NULL,'R','',176,'admin',NULL,0,'admin','2022-11-07 21:04:56',NULL,NULL,1,NULL);
INSERT INTO `oh_opd` VALUES (109,'OPD','2022-11-02 21:05:54','R',103,'F',22,'15',NULL,NULL,NULL,NULL,'',177,'admin',NULL,0,'admin','2022-11-07 21:05:54',NULL,NULL,1,NULL);
INSERT INTO `oh_opd` VALUES (110,'OPD','2022-11-02 21:06:55','R',104,'F',5,'39',NULL,NULL,'R',NULL,'',178,'admin',NULL,0,'admin','2022-11-07 21:06:55',NULL,NULL,1,NULL);
INSERT INTO `oh_opd` VALUES (111,'OPD','2022-11-02 21:07:20','R',105,'F',37,'44',NULL,NULL,NULL,NULL,'',179,'admin',NULL,0,'admin','2022-11-07 21:07:20',NULL,NULL,1,NULL);
INSERT INTO `oh_opd` VALUES (112,'OPD','2022-11-02 21:08:05','R',106,'F',37,'16',NULL,NULL,NULL,'R','',180,'admin',NULL,0,'admin','2022-11-07 21:08:05',NULL,NULL,1,NULL);
INSERT INTO `oh_opd` VALUES (113,'OPD','2022-11-02 21:08:44','N',107,'M',38,'16',NULL,NULL,NULL,NULL,'',310,'admin',NULL,0,'admin','2022-11-07 21:08:44',NULL,NULL,1,NULL);
INSERT INTO `oh_opd` VALUES (115,'OPD','2022-11-02 21:11:10','N',108,'M',84,'29',NULL,NULL,'R',NULL,'',311,'admin',NULL,0,'admin','2022-11-07 21:11:10',NULL,NULL,1,NULL);
INSERT INTO `oh_opd` VALUES (116,'OPD','2022-11-02 21:11:32','N',109,'M',53,'39',NULL,NULL,NULL,'R','',313,'admin',NULL,0,'admin','2022-11-07 21:11:32',NULL,NULL,1,NULL);
INSERT INTO `oh_opd` VALUES (117,'OPD','2022-11-02 21:12:21','N',110,'M',50,'42',NULL,NULL,NULL,NULL,'',315,'admin',NULL,0,'admin','2022-11-07 21:12:21',NULL,NULL,1,NULL);
INSERT INTO `oh_opd` VALUES (118,'OPD','2022-11-02 21:13:08','N',111,'M',77,'39',NULL,NULL,NULL,NULL,'',316,'admin',NULL,0,'admin','2022-11-07 21:13:08',NULL,NULL,1,NULL);
INSERT INTO `oh_opd` VALUES (119,'OPD','2022-11-02 21:13:40','N',112,'M',44,'30',NULL,NULL,NULL,NULL,'',318,'admin',NULL,0,'admin','2022-11-07 21:13:40',NULL,NULL,1,NULL);
INSERT INTO `oh_opd` VALUES (120,'OPD','2022-11-02 21:14:22','R',113,'M',19,'110',NULL,NULL,'R','R','',319,'admin',NULL,0,'admin','2022-11-07 21:14:22',NULL,NULL,1,NULL);
INSERT INTO `oh_opd` VALUES (121,'OPD','2022-11-02 21:15:24','N',114,'M',68,'15',NULL,NULL,NULL,NULL,'',321,'admin',NULL,0,'admin','2022-11-07 21:15:24',NULL,NULL,1,NULL);
INSERT INTO `oh_opd` VALUES (122,'OPD','2022-11-02 21:16:34','N',115,'F',49,'15',NULL,NULL,NULL,NULL,'',320,'admin',NULL,0,'admin','2022-11-07 21:16:34',NULL,NULL,1,NULL);
INSERT INTO `oh_opd` VALUES (123,'OPD','2022-11-02 21:18:11','N',116,'M',39,'110',NULL,NULL,NULL,NULL,'',327,'admin',NULL,0,'admin','2022-11-07 21:18:11',NULL,NULL,1,NULL);
INSERT INTO `oh_opd` VALUES (124,'OPD','2022-11-02 21:18:48','N',117,'M',30,'74',NULL,NULL,NULL,'R','',328,'admin',NULL,0,'admin','2022-11-07 21:18:48',NULL,NULL,1,NULL);
INSERT INTO `oh_opd` VALUES (125,'OPD','2022-11-02 21:20:32','N',118,'M',47,'15',NULL,NULL,'R',NULL,'',329,'admin',NULL,0,'admin','2022-11-07 21:20:32',NULL,NULL,1,NULL);
INSERT INTO `oh_opd` VALUES (126,'OPD','2022-11-02 21:21:09','N',119,'F',49,'39',NULL,NULL,NULL,NULL,'',320,'admin',NULL,0,'admin','2022-11-07 21:21:09',NULL,NULL,1,NULL);
INSERT INTO `oh_opd` VALUES (127,'OPD','2022-11-02 21:22:16','N',120,'M',68,'13',NULL,NULL,NULL,NULL,'',321,'admin',NULL,0,'admin','2022-11-07 21:22:16',NULL,NULL,1,NULL);
INSERT INTO `oh_opd` VALUES (128,'OPD','2022-11-02 21:23:48','N',121,'M',48,'74',NULL,NULL,NULL,'R','',325,'admin',NULL,0,'admin','2022-11-07 21:23:48',NULL,NULL,1,NULL);
INSERT INTO `oh_opd` VALUES (129,'OPD','2022-11-02 21:24:29','R',122,'M',38,'40',NULL,NULL,NULL,NULL,'',326,'admin',NULL,0,'admin','2022-11-07 21:24:29',NULL,NULL,1,NULL);
INSERT INTO `oh_opd` VALUES (130,'OPD','2022-11-02 21:25:11','N',123,'M',39,'40',NULL,NULL,'R',NULL,'',327,'admin',NULL,0,'admin','2022-11-07 21:25:11',NULL,NULL,1,NULL);
INSERT INTO `oh_opd` VALUES (131,'OPD','2022-11-02 21:25:52','R',124,'M',30,'39',NULL,NULL,NULL,NULL,'',328,'admin',NULL,0,'admin','2022-11-07 21:25:52',NULL,NULL,1,NULL);
INSERT INTO `oh_opd` VALUES (132,'OPD','2022-11-02 21:27:17','N',125,'M',47,'89',NULL,NULL,NULL,'R','',329,'admin',NULL,0,'admin','2022-11-07 21:27:17',NULL,NULL,1,NULL);
INSERT INTO `oh_opd` VALUES (133,'OPD','2022-11-02 21:28:34','N',126,'M',30,'22',NULL,NULL,NULL,NULL,'',330,'admin',NULL,0,'admin','2022-11-07 21:28:34',NULL,NULL,1,NULL);
INSERT INTO `oh_opd` VALUES (134,'OPD','2022-11-02 21:29:53','N',127,'M',29,'15',NULL,NULL,NULL,NULL,'',331,'admin',NULL,0,'admin','2022-11-07 21:29:53',NULL,NULL,1,NULL);
INSERT INTO `oh_opd` VALUES (135,'OPD','2022-11-02 08:47:18','N',128,'M',33,'39',NULL,NULL,'R',NULL,'',332,'admin',NULL,0,'admin','2022-11-08 08:47:18',NULL,NULL,1,NULL);
INSERT INTO `oh_opd` VALUES (136,'OPD','2022-11-02 08:48:15','R',129,'M',24,'47',NULL,NULL,NULL,'R','',333,'admin',NULL,0,'admin','2022-11-08 08:48:15',NULL,NULL,1,NULL);
INSERT INTO `oh_opd` VALUES (137,'OPD','2022-11-02 08:49:47','N',130,'M',77,'37',NULL,NULL,NULL,NULL,'',335,'admin',NULL,0,'admin','2022-11-08 08:49:47',NULL,NULL,1,NULL);
INSERT INTO `oh_opd` VALUES (138,'OPD','2022-11-02 08:51:35','N',131,'M',38,'43',NULL,NULL,NULL,NULL,'',336,'admin',NULL,0,'admin','2022-11-08 08:51:35',NULL,NULL,1,NULL);
INSERT INTO `oh_opd` VALUES (139,'OPD','2022-11-02 08:52:38','N',132,'M',41,'40',NULL,NULL,NULL,NULL,'',337,'admin',NULL,0,'admin','2022-11-08 08:52:38',NULL,NULL,1,NULL);
INSERT INTO `oh_opd` VALUES (140,'OPD','2022-11-02 08:53:52','N',133,'M',35,'39',NULL,NULL,'R','R','',338,'admin',NULL,0,'admin','2022-11-08 08:53:52',NULL,NULL,1,NULL);
INSERT INTO `oh_opd` VALUES (141,'OPD','2022-11-02 08:55:28','N',134,'M',44,'39',NULL,NULL,NULL,NULL,'',339,'admin',NULL,0,'admin','2022-11-08 08:55:28',NULL,NULL,1,NULL);
INSERT INTO `oh_opd` VALUES (142,'OPD','2022-11-02 08:57:31','R',135,'M',22,'103',NULL,NULL,NULL,NULL,'',340,'admin',NULL,0,'admin','2022-11-08 08:57:31',NULL,NULL,1,NULL);
INSERT INTO `oh_opd` VALUES (143,'OPD','2022-11-02 08:58:21','N',136,'M',45,'30',NULL,NULL,NULL,NULL,'',344,'admin',NULL,0,'admin','2022-11-08 08:58:21',NULL,NULL,1,NULL);
INSERT INTO `oh_opd` VALUES (144,'OPD','2022-11-02 09:00:37','N',137,'F',42,'15',NULL,NULL,NULL,'R','',348,'admin',NULL,0,'admin','2022-11-08 09:00:37',NULL,NULL,1,NULL);
INSERT INTO `oh_opd` VALUES (145,'OPD','2022-11-02 09:01:29','N',138,'F',20,'84',NULL,NULL,'R',NULL,'',350,'admin',NULL,0,'admin','2022-11-08 09:01:29',NULL,NULL,1,NULL);
INSERT INTO `oh_opd` VALUES (146,'OPD','2022-11-02 09:02:03','N',139,'F',30,'39',NULL,NULL,NULL,NULL,'',351,'admin',NULL,0,'admin','2022-11-08 09:02:03',NULL,NULL,1,NULL);
INSERT INTO `oh_opd` VALUES (147,'OPD','2022-11-02 09:02:31','N',140,'F',41,'39',NULL,NULL,NULL,NULL,'',352,'admin',NULL,0,'admin','2022-11-08 09:02:31',NULL,NULL,1,NULL);
INSERT INTO `oh_opd` VALUES (148,'OPD','2022-11-02 09:03:28','N',141,'F',30,'24',NULL,NULL,NULL,'R','',353,'admin',NULL,0,'admin','2022-11-08 09:03:28',NULL,NULL,1,NULL);
INSERT INTO `oh_opd` VALUES (149,'OPD','2022-11-02 09:04:14','R',142,'F',28,'89',NULL,NULL,NULL,NULL,'',355,'admin',NULL,0,'admin','2022-11-08 09:04:14',NULL,NULL,1,NULL);
INSERT INTO `oh_opd` VALUES (150,'OPD','2022-11-02 09:04:54','N',143,'F',25,'40',NULL,NULL,'R',NULL,'',357,'admin',NULL,0,'admin','2022-11-08 09:04:54',NULL,NULL,1,NULL);
INSERT INTO `oh_opd` VALUES (151,'OPD','2022-11-02 09:06:29','N',144,'F',18,'30',NULL,NULL,NULL,NULL,'',358,'admin',NULL,0,'admin','2022-11-08 09:06:29',NULL,NULL,1,NULL);
INSERT INTO `oh_opd` VALUES (152,'OPD','2022-11-02 09:07:07','R',145,'F',29,'39',NULL,NULL,NULL,'R','',359,'admin',NULL,0,'admin','2022-11-08 09:07:07',NULL,NULL,1,NULL);
INSERT INTO `oh_opd` VALUES (153,'OPD','2022-11-02 09:07:56','N',146,'F',32,'37',NULL,NULL,NULL,NULL,'',360,'admin',NULL,0,'admin','2022-11-08 09:07:56',NULL,NULL,1,NULL);
INSERT INTO `oh_opd` VALUES (154,'OPD','2022-11-02 09:08:45','N',147,'F',35,'110',NULL,NULL,NULL,NULL,'',361,'admin',NULL,0,'admin','2022-11-08 09:08:45',NULL,NULL,1,NULL);
INSERT INTO `oh_opd` VALUES (155,'OPD','2022-11-02 09:11:38','R',148,'F',26,'39',NULL,NULL,'R',NULL,'',362,'admin',NULL,0,'admin','2022-11-08 09:11:38',NULL,NULL,1,NULL);
INSERT INTO `oh_opd` VALUES (156,'OPD','2022-11-02 09:12:16','N',149,'F',34,'43',NULL,NULL,NULL,'R','',363,'admin',NULL,0,'admin','2022-11-08 09:12:16',NULL,NULL,1,NULL);
INSERT INTO `oh_opd` VALUES (157,'OPD','2022-11-02 09:13:25','N',150,'F',20,'18',NULL,NULL,NULL,NULL,'',364,'admin',NULL,0,'admin','2022-11-08 09:13:25',NULL,NULL,1,NULL);
INSERT INTO `oh_opd` VALUES (158,'OPD','2022-11-02 09:14:21','R',151,'F',25,'68',NULL,NULL,NULL,NULL,'',365,'admin',NULL,0,'admin','2022-11-08 09:14:21',NULL,NULL,1,NULL);
INSERT INTO `oh_opd` VALUES (159,'OPD','2022-11-02 09:15:21','N',152,'F',21,'14',NULL,NULL,NULL,NULL,'',366,'admin',NULL,0,'admin','2022-11-08 09:15:21',NULL,NULL,1,NULL);
INSERT INTO `oh_opd` VALUES (160,'OPD','2022-11-03 09:15:47','N',153,'F',19,'39',NULL,NULL,'R','R','',367,'admin',NULL,0,'admin','2022-11-08 09:15:47',NULL,NULL,1,NULL);
INSERT INTO `oh_opd` VALUES (161,'OPD','2022-11-03 09:16:26','N',154,'F',37,'40',NULL,NULL,NULL,NULL,'',368,'admin',NULL,0,'admin','2022-11-08 09:16:26',NULL,NULL,1,NULL);
INSERT INTO `oh_opd` VALUES (162,'OPD','2022-11-03 09:17:47','N',155,'F',38,'47',NULL,NULL,NULL,NULL,'',369,'admin',NULL,0,'admin','2022-11-08 09:17:47',NULL,NULL,1,NULL);
INSERT INTO `oh_opd` VALUES (163,'OPD','2022-11-03 09:18:42','N',156,'F',26,'15',NULL,NULL,NULL,NULL,'',370,'admin',NULL,0,'admin','2022-11-08 09:18:42',NULL,NULL,1,NULL);
INSERT INTO `oh_opd` VALUES (164,'OPD','2022-11-03 09:19:34','R',157,'F',32,'16',NULL,NULL,NULL,'R','',371,'admin',NULL,0,'admin','2022-11-08 09:19:34',NULL,NULL,1,NULL);
INSERT INTO `oh_opd` VALUES (165,'OPD','2022-11-03 09:20:23','N',158,'M',54,'89',NULL,NULL,'R',NULL,'',372,'admin',NULL,0,'admin','2022-11-08 09:20:23',NULL,NULL,1,NULL);
INSERT INTO `oh_opd` VALUES (166,'OPD','2022-11-03 09:21:43','N',159,'F',42,'40',NULL,NULL,NULL,NULL,'',373,'admin',NULL,0,'admin','2022-11-08 09:21:43',NULL,NULL,1,NULL);
INSERT INTO `oh_opd` VALUES (167,'OPD','2022-11-03 09:22:25','R',160,'F',72,'14',NULL,NULL,NULL,NULL,'',374,'admin',NULL,0,'admin','2022-11-08 09:22:25',NULL,NULL,1,NULL);
INSERT INTO `oh_opd` VALUES (168,'OPD','2022-11-03 09:24:40','N',161,'M',78,'68',NULL,NULL,NULL,'R','',375,'admin',NULL,0,'admin','2022-11-08 09:24:40',NULL,NULL,1,NULL);
INSERT INTO `oh_opd` VALUES (169,'OPD','2022-11-03 09:26:00','R',162,'F',49,'15',NULL,NULL,NULL,NULL,'',376,'admin',NULL,0,'admin','2022-11-08 09:26:00',NULL,NULL,1,NULL);
INSERT INTO `oh_opd` VALUES (170,'OPD','2022-11-03 09:26:30','N',163,'F',49,'39',NULL,NULL,'R',NULL,'',377,'admin',NULL,0,'admin','2022-11-08 09:26:30',NULL,NULL,1,NULL);
INSERT INTO `oh_opd` VALUES (171,'OPD','2022-11-03 09:27:05','N',164,'M',31,'39',NULL,NULL,NULL,NULL,'',378,'admin',NULL,0,'admin','2022-11-08 09:27:05',NULL,NULL,1,NULL);
INSERT INTO `oh_opd` VALUES (172,'OPD','2022-11-03 09:28:02','N',165,'F',33,'43',NULL,NULL,NULL,'R','',379,'admin',NULL,0,'admin','2022-11-08 09:28:02',NULL,NULL,1,NULL);
INSERT INTO `oh_opd` VALUES (173,'OPD','2022-11-03 09:28:57','N',166,'F',3,'40',NULL,NULL,NULL,NULL,'',380,'admin',NULL,0,'admin','2022-11-08 09:28:57',NULL,NULL,1,NULL);
INSERT INTO `oh_opd` VALUES (174,'OPD','2022-11-03 09:29:46','N',167,'M',24,'89',NULL,NULL,NULL,NULL,'',381,'admin',NULL,0,'admin','2022-11-08 09:29:46',NULL,NULL,1,NULL);
INSERT INTO `oh_opd` VALUES (175,'OPD','2022-11-03 09:30:19','N',168,'M',3,'89',NULL,NULL,'R',NULL,'',382,'admin',NULL,0,'admin','2022-11-08 09:30:19',NULL,NULL,1,NULL);
INSERT INTO `oh_opd` VALUES (176,'OPD','2022-11-03 09:31:29','N',169,'M',61,'39',NULL,NULL,NULL,'R','',383,'admin',NULL,0,'admin','2022-11-08 09:31:29',NULL,NULL,1,NULL);
INSERT INTO `oh_opd` VALUES (177,'OPD','2022-11-03 09:31:52','N',170,'F',21,'39',NULL,NULL,NULL,NULL,'',384,'admin',NULL,0,'admin','2022-11-08 09:31:52',NULL,NULL,1,NULL);
INSERT INTO `oh_opd` VALUES (178,'OPD','2022-11-03 09:34:38','N',171,'M',12,'19',NULL,NULL,NULL,NULL,'',385,'admin',NULL,0,'admin','2022-11-08 09:34:38',NULL,NULL,1,NULL);
INSERT INTO `oh_opd` VALUES (179,'OPD','2022-11-03 09:35:31','R',172,'F',5,'84',NULL,NULL,NULL,NULL,'',386,'admin',NULL,0,'admin','2022-11-08 09:35:31',NULL,NULL,1,NULL);
INSERT INTO `oh_opd` VALUES (180,'OPD','2022-11-03 09:36:46','R',173,'F',63,'14',NULL,NULL,'R','R','',387,'admin',NULL,0,'admin','2022-11-08 09:36:46',NULL,NULL,1,NULL);
INSERT INTO `oh_opd` VALUES (181,'OPD','2022-11-03 09:37:25','R',174,'F',2,'14',NULL,NULL,NULL,NULL,'',388,'admin',NULL,0,'admin','2022-11-08 09:37:25',NULL,NULL,1,NULL);
INSERT INTO `oh_opd` VALUES (182,'OPD','2022-11-03 09:38:18','N',175,'M',42,'39',NULL,NULL,NULL,NULL,'',389,'admin',NULL,0,'admin','2022-11-08 09:38:18',NULL,NULL,1,NULL);
INSERT INTO `oh_opd` VALUES (183,'OPD','2022-11-03 15:46:30','N',176,'M',2,'15',NULL,NULL,NULL,NULL,'',390,'admin',NULL,0,'admin','2022-11-08 15:46:30',NULL,NULL,1,NULL);
INSERT INTO `oh_opd` VALUES (184,'OPD','2022-11-03 15:47:09','N',177,'F',27,'39',NULL,NULL,NULL,'R','',391,'admin',NULL,0,'admin','2022-11-08 15:47:09',NULL,NULL,1,NULL);
INSERT INTO `oh_opd` VALUES (185,'OPD','2022-11-03 15:48:56','N',178,'M',4,'49',NULL,NULL,'R',NULL,'',392,'admin',NULL,0,'admin','2022-11-08 15:48:56',NULL,NULL,1,NULL);
INSERT INTO `oh_opd` VALUES (186,'OPD','2022-11-03 15:49:32','N',179,'F',43,'39',NULL,NULL,NULL,NULL,'',393,'admin',NULL,0,'admin','2022-11-08 15:49:32',NULL,NULL,1,NULL);
INSERT INTO `oh_opd` VALUES (187,'OPD','2022-11-03 15:50:03','N',180,'M',18,'39',NULL,NULL,NULL,NULL,'',394,'admin',NULL,0,'admin','2022-11-08 15:50:03',NULL,NULL,1,NULL);
INSERT INTO `oh_opd` VALUES (188,'OPD','2022-11-03 15:50:54','N',181,'F',2,'39',NULL,NULL,NULL,'R','',395,'admin',NULL,0,'admin','2022-11-08 15:50:54',NULL,NULL,1,NULL);
INSERT INTO `oh_opd` VALUES (189,'OPD','2022-11-03 15:51:28','N',182,'F',2,'39',NULL,NULL,NULL,NULL,'',396,'admin',NULL,0,'admin','2022-11-08 15:51:28',NULL,NULL,1,NULL);
INSERT INTO `oh_opd` VALUES (190,'OPD','2022-11-03 15:53:14','R',183,'F',78,'17',NULL,NULL,'R',NULL,'',397,'admin',NULL,0,'admin','2022-11-08 15:53:14',NULL,NULL,1,NULL);
INSERT INTO `oh_opd` VALUES (191,'OPD','2022-11-03 15:56:14','N',184,'M',14,'44',NULL,NULL,NULL,NULL,'',398,'admin',NULL,0,'admin','2022-11-08 15:56:14',NULL,NULL,1,NULL);
INSERT INTO `oh_opd` VALUES (192,'OPD','2022-11-03 15:57:12','N',185,'F',69,'22',NULL,NULL,NULL,'R','',399,'admin',NULL,0,'admin','2022-11-08 15:57:12',NULL,NULL,1,NULL);
INSERT INTO `oh_opd` VALUES (193,'OPD','2022-11-03 15:57:57','N',186,'M',78,'39',NULL,NULL,NULL,NULL,'',181,'admin',NULL,0,'admin','2022-11-08 15:57:57',NULL,NULL,1,NULL);
INSERT INTO `oh_opd` VALUES (194,'OPD','2022-11-03 15:59:01','N',187,'M',15,'39',NULL,NULL,NULL,NULL,'',182,'admin',NULL,0,'admin','2022-11-08 15:59:01',NULL,NULL,1,NULL);
INSERT INTO `oh_opd` VALUES (195,'OPD','2022-11-03 15:59:37','N',188,'M',69,'39',NULL,NULL,'R',NULL,'',183,'admin',NULL,0,'admin','2022-11-08 15:59:37',NULL,NULL,1,NULL);
INSERT INTO `oh_opd` VALUES (196,'OPD','2022-11-03 16:00:14','N',189,'M',10,'39',NULL,NULL,NULL,'R','',484,'admin',NULL,0,'admin','2022-11-08 16:00:14',NULL,NULL,1,NULL);
INSERT INTO `oh_opd` VALUES (197,'OPD','2022-11-03 16:00:45','N',190,'M',3,'39',NULL,NULL,NULL,NULL,'',485,'admin',NULL,0,'admin','2022-11-08 16:00:45',NULL,NULL,1,NULL);
INSERT INTO `oh_opd` VALUES (198,'OPD','2022-11-03 16:01:18','N',191,'F',2,'39',NULL,NULL,NULL,NULL,'',486,'admin',NULL,0,'admin','2022-11-08 16:01:18',NULL,NULL,1,NULL);
INSERT INTO `oh_opd` VALUES (199,'OPD','2022-11-03 16:02:17','R',192,'F',3,'84',NULL,NULL,NULL,NULL,'',487,'admin',NULL,0,'admin','2022-11-08 16:02:17',NULL,NULL,1,NULL);
INSERT INTO `oh_opd` VALUES (200,'OPD','2022-11-03 16:03:35','N',193,'F',8,'39',NULL,NULL,'R','R','',488,'admin',NULL,0,'admin','2022-11-08 16:03:35',NULL,NULL,1,NULL);
INSERT INTO `oh_opd` VALUES (201,'OPD','2022-11-03 16:04:26','R',194,'M',4,'14',NULL,NULL,NULL,NULL,'',489,'admin',NULL,0,'admin','2022-11-08 16:04:26',NULL,NULL,1,NULL);
INSERT INTO `oh_opd` VALUES (202,'OPD','2022-11-03 16:04:58','N',195,'M',36,'39',NULL,NULL,NULL,NULL,'',190,'admin',NULL,0,'admin','2022-11-08 16:04:58',NULL,NULL,1,NULL);
INSERT INTO `oh_opd` VALUES (203,'OPD','2022-11-03 16:06:10','R',196,'M',58,'74',NULL,NULL,NULL,NULL,'',191,'admin',NULL,0,'admin','2022-11-08 16:06:10',NULL,NULL,1,NULL);
INSERT INTO `oh_opd` VALUES (204,'OPD','2022-11-03 16:07:06','N',197,'M',58,'39',NULL,NULL,NULL,'R','',192,'admin',NULL,0,'admin','2022-11-08 16:07:06',NULL,NULL,1,NULL);
INSERT INTO `oh_opd` VALUES (206,'OPD','2022-11-03 16:08:32','N',199,'M',56,'39',NULL,NULL,NULL,NULL,'',193,'admin',NULL,0,'admin','2022-11-08 16:08:32',NULL,NULL,1,NULL);
INSERT INTO `oh_opd` VALUES (207,'OPD','2022-11-03 16:09:54','N',200,'M',16,'68',NULL,NULL,NULL,NULL,'',194,'admin',NULL,0,'admin','2022-11-08 16:09:54',NULL,NULL,1,NULL);
INSERT INTO `oh_opd` VALUES (208,'OPD','2022-11-03 16:11:13','N',201,'M',25,'39',NULL,NULL,NULL,'R','',195,'admin',NULL,0,'admin','2022-11-08 16:11:13',NULL,NULL,1,NULL);
INSERT INTO `oh_opd` VALUES (210,'OPD','2022-11-03 16:13:18','R',203,'M',27,'44',NULL,NULL,'R',NULL,'',196,'admin',NULL,0,'admin','2022-11-08 16:13:18',NULL,NULL,1,NULL);
INSERT INTO `oh_opd` VALUES (211,'OPD','2022-11-03 16:13:51','N',204,'M',67,'39',NULL,NULL,NULL,NULL,'',197,'admin',NULL,0,'admin','2022-11-08 16:13:51',NULL,NULL,1,NULL);
INSERT INTO `oh_opd` VALUES (212,'OPD','2022-11-03 16:15:18','N',205,'M',23,'15',NULL,NULL,NULL,'R','',198,'admin',NULL,0,'admin','2022-11-08 16:15:18',NULL,NULL,1,NULL);
INSERT INTO `oh_opd` VALUES (213,'OPD','2022-11-03 16:16:03','N',206,'M',40,'39',NULL,NULL,NULL,NULL,'',199,'admin',NULL,0,'admin','2022-11-08 16:16:03',NULL,NULL,1,NULL);
INSERT INTO `oh_opd` VALUES (214,'OPD','2022-11-03 16:16:51','N',207,'M',80,'39',NULL,NULL,NULL,NULL,'',200,'admin',NULL,0,'admin','2022-11-08 16:16:51',NULL,NULL,1,NULL);
INSERT INTO `oh_opd` VALUES (215,'OPD','2022-11-03 16:18:28','N',208,'F',70,'12',NULL,NULL,'R',NULL,'',201,'admin',NULL,0,'admin','2022-11-08 16:18:28',NULL,NULL,1,NULL);
INSERT INTO `oh_opd` VALUES (216,'OPD','2022-11-03 16:19:19','N',209,'F',55,'39',NULL,NULL,NULL,'R','',202,'admin',NULL,0,'admin','2022-11-08 16:19:19',NULL,NULL,1,NULL);
INSERT INTO `oh_opd` VALUES (217,'OPD','2022-11-03 16:20:37','N',210,'F',70,'89',NULL,NULL,NULL,NULL,'',203,'admin',NULL,0,'admin','2022-11-08 16:20:37',NULL,NULL,1,NULL);
INSERT INTO `oh_opd` VALUES (218,'OPD','2022-11-03 16:21:17','N',211,'F',84,'39',NULL,NULL,NULL,NULL,'',204,'admin',NULL,0,'admin','2022-11-08 16:21:17',NULL,NULL,1,NULL);
INSERT INTO `oh_opd` VALUES (219,'OPD','2022-11-03 16:21:48','N',212,'F',32,'39',NULL,NULL,NULL,NULL,'',205,'admin',NULL,0,'admin','2022-11-08 16:21:48',NULL,NULL,1,NULL);
INSERT INTO `oh_opd` VALUES (220,'OPD','2022-11-03 16:23:42','N',213,'F',41,'47',NULL,NULL,'R','R','',206,'admin',NULL,0,'admin','2022-11-08 16:23:42',NULL,NULL,1,NULL);
INSERT INTO `oh_opd` VALUES (221,'OPD','2022-11-03 16:24:23','R',214,'M',2,'14',NULL,NULL,NULL,NULL,'',407,'admin',NULL,0,'admin','2022-11-08 16:24:23',NULL,NULL,1,NULL);
INSERT INTO `oh_opd` VALUES (222,'OPD','2022-11-03 16:27:17','N',215,'F',49,'89',NULL,NULL,NULL,NULL,'',408,'admin',NULL,0,'admin','2022-11-08 16:27:17',NULL,NULL,1,NULL);
INSERT INTO `oh_opd` VALUES (223,'OPD','2022-11-03 16:28:37','N',216,'M',69,'33',NULL,NULL,NULL,NULL,'',409,'admin',NULL,0,'admin','2022-11-08 16:28:37',NULL,NULL,1,NULL);
INSERT INTO `oh_opd` VALUES (224,'OPD','2022-11-03 16:29:29','R',217,'M',3,'47',NULL,NULL,NULL,'R','',410,'admin',NULL,0,'admin','2022-11-08 16:29:29',NULL,NULL,1,NULL);
INSERT INTO `oh_opd` VALUES (225,'OPD','2022-11-03 16:29:53','R',218,'F',62,'39',NULL,NULL,'R',NULL,'',411,'admin',NULL,0,'admin','2022-11-08 16:29:53',NULL,NULL,1,NULL);
INSERT INTO `oh_opd` VALUES (226,'OPD','2022-11-03 16:31:01','R',219,'F',2,'16',NULL,NULL,NULL,NULL,'',412,'admin',NULL,0,'admin','2022-11-08 16:31:01',NULL,NULL,1,NULL);
INSERT INTO `oh_opd` VALUES (227,'OPD','2022-11-03 16:31:31','R',220,'M',34,'110',NULL,NULL,NULL,NULL,'',413,'admin',NULL,0,'admin','2022-11-08 16:31:31',NULL,NULL,1,NULL);
INSERT INTO `oh_opd` VALUES (228,'OPD','2022-11-03 16:33:09','N',221,'M',76,'37',NULL,NULL,NULL,'R','',414,'admin',NULL,0,'admin','2022-11-08 16:33:09',NULL,NULL,1,NULL);
INSERT INTO `oh_opd` VALUES (229,'OPD','2022-11-03 16:33:30','N',222,'F',8,'39',NULL,NULL,NULL,NULL,'',415,'admin',NULL,0,'admin','2022-11-08 16:33:30',NULL,NULL,1,NULL);
INSERT INTO `oh_opd` VALUES (230,'OPD','2022-11-03 16:33:48','R',223,'M',2,'39',NULL,NULL,'R',NULL,'',417,'admin',NULL,0,'admin','2022-11-08 16:33:48',NULL,NULL,1,NULL);
INSERT INTO `oh_opd` VALUES (231,'OPD','2022-11-03 16:34:18','N',224,'F',3,'39',NULL,NULL,NULL,NULL,'',418,'admin',NULL,0,'admin','2022-11-08 16:34:18',NULL,NULL,1,NULL);
INSERT INTO `oh_opd` VALUES (232,'OPD','2022-11-03 16:34:57','N',225,'M',66,'89',NULL,NULL,NULL,'R','',419,'admin',NULL,0,'admin','2022-11-08 16:34:57',NULL,NULL,1,NULL);
INSERT INTO `oh_opd` VALUES (233,'OPD','2022-11-03 16:35:33','N',226,'F',8,'20',NULL,NULL,NULL,NULL,'',420,'admin',NULL,0,'admin','2022-11-08 16:35:33',NULL,NULL,1,NULL);
INSERT INTO `oh_opd` VALUES (234,'OPD','2022-11-03 16:36:01','N',227,'M',35,'39',NULL,NULL,NULL,NULL,'',221,'admin',NULL,0,'admin','2022-11-08 16:36:01',NULL,NULL,1,NULL);
INSERT INTO `oh_opd` VALUES (235,'OPD','2022-11-03 16:36:48','N',228,'M',35,'37',NULL,NULL,'R',NULL,'',222,'admin',NULL,0,'admin','2022-11-08 16:36:48',NULL,NULL,1,NULL);
INSERT INTO `oh_opd` VALUES (236,'OPD','2022-11-03 16:37:18','R',229,'M',36,'14',NULL,NULL,NULL,'R','',224,'admin',NULL,0,'admin','2022-11-08 16:37:18',NULL,NULL,1,NULL);
INSERT INTO `oh_opd` VALUES (237,'OPD','2022-11-03 16:37:51','N',230,'F',3,'44',NULL,NULL,NULL,NULL,'',225,'admin',NULL,0,'admin','2022-11-08 16:37:51',NULL,NULL,1,NULL);
INSERT INTO `oh_opd` VALUES (238,'OPD','2022-11-03 16:38:38','R',231,'M',4,'16',NULL,NULL,NULL,NULL,'',226,'admin',NULL,0,'admin','2022-11-08 16:38:38',NULL,NULL,1,NULL);
INSERT INTO `oh_opd` VALUES (239,'OPD','2022-11-03 16:39:06','N',232,'M',3,'39',NULL,NULL,NULL,NULL,'',227,'admin',NULL,0,'admin','2022-11-08 16:39:06',NULL,NULL,1,NULL);
INSERT INTO `oh_opd` VALUES (240,'OPD','2022-11-03 16:39:37','R',233,'F',3,'84',NULL,NULL,'R','R','',228,'admin',NULL,0,'admin','2022-11-08 16:39:37',NULL,NULL,1,NULL);
INSERT INTO `oh_opd` VALUES (241,'OPD','2022-11-03 16:40:20','R',234,'M',9,'44',NULL,NULL,NULL,NULL,'',229,'admin',NULL,0,'admin','2022-11-08 16:40:20',NULL,NULL,1,NULL);
INSERT INTO `oh_opd` VALUES (242,'OPD','2022-11-03 16:41:42','N',235,'M',5,'69',NULL,NULL,NULL,NULL,'',230,'admin',NULL,0,'admin','2022-11-08 16:41:42',NULL,NULL,1,NULL);
INSERT INTO `oh_opd` VALUES (243,'OPD','2022-11-03 16:41:59','N',236,'F',3,'39',NULL,NULL,NULL,NULL,'',231,'admin',NULL,0,'admin','2022-11-08 16:41:59',NULL,NULL,1,NULL);
INSERT INTO `oh_opd` VALUES (244,'OPD','2022-11-03 16:43:14','R',237,'F',12,'39',NULL,NULL,NULL,'R','',232,'admin',NULL,0,'admin','2022-11-08 16:43:14',NULL,NULL,1,NULL);
INSERT INTO `oh_opd` VALUES (245,'OPD','2022-11-03 16:44:15','N',238,'F',3,'15',NULL,NULL,'R',NULL,'',233,'admin',NULL,0,'admin','2022-11-08 16:44:15',NULL,NULL,1,NULL);
INSERT INTO `oh_opd` VALUES (246,'OPD','2022-11-03 16:44:35','N',239,'F',3,'39',NULL,NULL,NULL,NULL,'',234,'admin',NULL,0,'admin','2022-11-08 16:44:35',NULL,NULL,1,NULL);
INSERT INTO `oh_opd` VALUES (247,'OPD','2022-11-03 16:45:17','N',240,'F',2,'44',NULL,NULL,NULL,NULL,'',235,'admin',NULL,0,'admin','2022-11-08 16:45:17',NULL,NULL,1,NULL);
INSERT INTO `oh_opd` VALUES (248,'OPD','2022-11-03 16:45:36','N',241,'M',3,'39',NULL,NULL,NULL,'R','',236,'admin',NULL,0,'admin','2022-11-08 16:45:36',NULL,NULL,1,NULL);
INSERT INTO `oh_opd` VALUES (249,'OPD','2022-11-03 16:46:08','N',242,'M',3,'39',NULL,NULL,NULL,NULL,'',237,'admin',NULL,0,'admin','2022-11-08 16:46:08',NULL,NULL,1,NULL);
INSERT INTO `oh_opd` VALUES (250,'OPD','2022-11-03 16:46:41','N',243,'F',10,'40',NULL,NULL,'R',NULL,'',238,'admin',NULL,0,'admin','2022-11-08 16:46:41',NULL,NULL,1,NULL);
INSERT INTO `oh_opd` VALUES (251,'OPD','2022-11-03 16:47:01','N',244,'M',11,'39',NULL,NULL,NULL,NULL,'',239,'admin',NULL,0,'admin','2022-11-08 16:47:01',NULL,NULL,1,NULL);
INSERT INTO `oh_opd` VALUES (252,'OPD','2022-11-03 16:47:35','R',245,'M',5,'15',NULL,NULL,NULL,'R','',240,'admin',NULL,0,'admin','2022-11-08 16:47:35',NULL,NULL,1,NULL);
INSERT INTO `oh_opd` VALUES (253,'OPD','2022-11-03 16:48:22','N',246,'M',2,'39',NULL,NULL,NULL,NULL,'',241,'admin',NULL,0,'admin','2022-11-08 16:48:22',NULL,NULL,1,NULL);
INSERT INTO `oh_opd` VALUES (254,'OPD','2022-11-03 16:49:15','R',247,'M',8,'44',NULL,NULL,NULL,NULL,'',242,'admin',NULL,0,'admin','2022-11-08 16:49:15',NULL,NULL,1,NULL);
INSERT INTO `oh_opd` VALUES (255,'OPD','2022-11-03 16:49:47','N',248,'M',11,'15',NULL,NULL,'R',NULL,'',243,'admin',NULL,0,'admin','2022-11-08 16:49:47',NULL,NULL,1,NULL);
INSERT INTO `oh_opd` VALUES (256,'OPD','2022-11-03 16:50:20','R',249,'M',3,'39',NULL,NULL,NULL,'R','',245,'admin',NULL,0,'admin','2022-11-08 16:50:20',NULL,NULL,1,NULL);
INSERT INTO `oh_opd` VALUES (257,'OPD','2022-11-03 16:51:14','N',250,'M',13,'68',NULL,NULL,NULL,NULL,'',246,'admin',NULL,0,'admin','2022-11-08 16:51:14',NULL,NULL,1,NULL);
INSERT INTO `oh_opd` VALUES (258,'OPD','2022-11-03 16:52:26','N',251,'F',3,'37',NULL,NULL,NULL,NULL,'',247,'admin',NULL,0,'admin','2022-11-08 16:52:26',NULL,NULL,1,NULL);
INSERT INTO `oh_opd` VALUES (259,'OPD','2022-11-03 16:54:05','R',252,'M',2,'47',NULL,NULL,NULL,NULL,'',249,'admin',NULL,0,'admin','2022-11-08 16:54:05',NULL,NULL,1,NULL);
INSERT INTO `oh_opd` VALUES (260,'OPD','2022-11-03 16:54:28','N',253,'M',2,'39',NULL,NULL,'R','R','',250,'admin',NULL,0,'admin','2022-11-08 16:54:28',NULL,NULL,1,NULL);
INSERT INTO `oh_opd` VALUES (261,'OPD','2022-11-03 16:54:56','N',254,'M',2,'47',NULL,NULL,NULL,NULL,'',251,'admin',NULL,0,'admin','2022-11-08 16:54:56',NULL,NULL,1,NULL);
INSERT INTO `oh_opd` VALUES (262,'OPD','2022-11-03 16:55:33','N',255,'M',3,'15',NULL,NULL,NULL,NULL,'',252,'admin',NULL,0,'admin','2022-11-08 16:55:33',NULL,NULL,1,NULL);
INSERT INTO `oh_opd` VALUES (263,'OPD','2022-11-03 16:56:26','R',256,'F',2,'69',NULL,NULL,NULL,NULL,'',253,'admin',NULL,0,'admin','2022-11-08 16:56:26',NULL,NULL,1,NULL);
INSERT INTO `oh_opd` VALUES (264,'OPD','2022-11-03 16:57:21','N',257,'M',2,'89',NULL,NULL,NULL,'R','',254,'admin',NULL,0,'admin','2022-11-08 16:57:21',NULL,NULL,1,NULL);
INSERT INTO `oh_opd` VALUES (265,'OPD','2022-11-03 16:57:42','N',258,'F',28,'39',NULL,NULL,'R',NULL,'',255,'admin',NULL,0,'admin','2022-11-08 16:57:42',NULL,NULL,1,NULL);
INSERT INTO `oh_opd` VALUES (266,'OPD','2022-11-03 16:58:14','N',259,'M',8,'40',NULL,NULL,NULL,NULL,'',256,'admin',NULL,0,'admin','2022-11-08 16:58:14',NULL,NULL,1,NULL);
INSERT INTO `oh_opd` VALUES (267,'OPD','2022-11-03 16:58:33','N',260,'F',12,'39',NULL,NULL,NULL,NULL,'',257,'admin',NULL,0,'admin','2022-11-08 16:58:33',NULL,NULL,1,NULL);
INSERT INTO `oh_opd` VALUES (268,'OPD','2022-11-03 16:59:11','N',261,'M',7,'15',NULL,NULL,NULL,'R','',258,'admin',NULL,0,'admin','2022-11-08 16:59:11',NULL,NULL,1,NULL);
INSERT INTO `oh_opd` VALUES (269,'OPD','2022-11-03 16:59:43','R',262,'F',3,'14',NULL,NULL,NULL,NULL,'',259,'admin',NULL,0,'admin','2022-11-08 16:59:43',NULL,NULL,1,NULL);
INSERT INTO `oh_opd` VALUES (270,'OPD','2022-11-03 17:00:24','N',263,'F',26,'39',NULL,NULL,'R',NULL,'',260,'admin',NULL,0,'admin','2022-11-08 17:00:24',NULL,NULL,1,NULL);
INSERT INTO `oh_opd` VALUES (271,'OPD','2022-11-03 17:00:47','N',264,'F',2,'39',NULL,NULL,NULL,NULL,'',261,'admin',NULL,0,'admin','2022-11-08 17:00:47',NULL,NULL,1,NULL);
INSERT INTO `oh_opd` VALUES (272,'OPD','2022-11-03 17:01:20','N',265,'M',5,'15',NULL,NULL,NULL,'R','',262,'admin',NULL,0,'admin','2022-11-08 17:01:20',NULL,NULL,1,NULL);
INSERT INTO `oh_opd` VALUES (273,'OPD','2022-11-03 17:02:04','N',266,'M',10,'39',NULL,NULL,NULL,NULL,'',263,'admin',NULL,0,'admin','2022-11-08 17:02:04',NULL,NULL,1,NULL);
INSERT INTO `oh_opd` VALUES (274,'OPD','2022-11-03 17:02:39','R',267,'F',32,'39',NULL,NULL,NULL,NULL,'',264,'admin',NULL,0,'admin','2022-11-08 17:02:39',NULL,NULL,1,NULL);
INSERT INTO `oh_opd` VALUES (275,'OPD','2022-11-03 17:03:42','R',268,'F',4,'87',NULL,NULL,'R',NULL,'',265,'admin',NULL,0,'admin','2022-11-08 17:03:42',NULL,NULL,1,NULL);
INSERT INTO `oh_opd` VALUES (276,'OPD','2022-11-03 17:04:42','R',269,'M',2,'44',NULL,NULL,NULL,'R','',266,'admin',NULL,0,'admin','2022-11-08 17:04:42',NULL,NULL,1,NULL);
INSERT INTO `oh_opd` VALUES (277,'OPD','2022-11-03 17:05:08','N',270,'M',2,'110',NULL,NULL,NULL,NULL,'',267,'admin',NULL,0,'admin','2022-11-08 17:05:08',NULL,NULL,1,NULL);
INSERT INTO `oh_opd` VALUES (278,'OPD','2022-11-03 17:06:02','N',271,'F',2,'59',NULL,NULL,NULL,NULL,'',268,'admin',NULL,0,'admin','2022-11-08 17:06:02',NULL,NULL,1,NULL);
INSERT INTO `oh_opd` VALUES (279,'OPD','2022-11-03 17:06:53','R',272,'F',52,'57',NULL,NULL,NULL,NULL,'',269,'admin',NULL,0,'admin','2022-11-08 17:06:53',NULL,NULL,1,NULL);
INSERT INTO `oh_opd` VALUES (280,'OPD','2022-11-03 17:07:20','N',273,'M',2,'39',NULL,NULL,'R','R','',270,'admin',NULL,0,'admin','2022-11-08 17:07:20',NULL,NULL,1,NULL);
INSERT INTO `oh_opd` VALUES (281,'OPD','2022-11-03 17:07:43','N',274,'F',2,'39',NULL,NULL,NULL,NULL,'',261,'admin',NULL,0,'admin','2022-11-08 17:07:43',NULL,NULL,1,NULL);
INSERT INTO `oh_opd` VALUES (282,'OPD','2022-11-03 17:08:19','R',275,'F',6,'87',NULL,NULL,NULL,NULL,'',272,'admin',NULL,0,'admin','2022-11-08 17:08:19',NULL,NULL,1,NULL);
INSERT INTO `oh_opd` VALUES (283,'OPD','2022-11-03 17:09:00','R',276,'F',69,'47',NULL,NULL,NULL,NULL,'',273,'admin',NULL,0,'admin','2022-11-08 17:09:00',NULL,NULL,1,NULL);
INSERT INTO `oh_opd` VALUES (284,'OPD','2022-11-03 17:09:22','R',277,'F',61,'39',NULL,NULL,NULL,'R','',274,'admin',NULL,0,'admin','2022-11-08 17:09:22',NULL,NULL,1,NULL);
INSERT INTO `oh_opd` VALUES (285,'OPD','2022-11-03 17:10:03','N',278,'M',2,'43',NULL,NULL,'R',NULL,'',275,'admin',NULL,0,'admin','2022-11-08 17:10:03',NULL,NULL,1,NULL);
INSERT INTO `oh_opd` VALUES (286,'OPD','2022-11-03 17:10:30','R',279,'F',4,'16',NULL,NULL,NULL,NULL,'',276,'admin',NULL,0,'admin','2022-11-08 17:10:30',NULL,NULL,1,NULL);
INSERT INTO `oh_opd` VALUES (287,'OPD','2022-11-03 17:10:45','N',280,'F',3,'39',NULL,NULL,NULL,NULL,'',277,'admin',NULL,0,'admin','2022-11-08 17:10:45',NULL,NULL,1,NULL);
INSERT INTO `oh_opd` VALUES (288,'OPD','2022-11-03 17:11:26','R',281,'M',2,'46',NULL,NULL,NULL,'R','',278,'admin',NULL,0,'admin','2022-11-08 17:11:26',NULL,NULL,1,NULL);
INSERT INTO `oh_opd` VALUES (289,'OPD','2022-11-03 17:12:00','R',282,'F',2,'16',NULL,NULL,NULL,NULL,'',279,'admin',NULL,0,'admin','2022-11-08 17:12:00',NULL,NULL,1,NULL);
INSERT INTO `oh_opd` VALUES (290,'OPD','2022-11-03 17:12:34','N',283,'M',2,'12',NULL,NULL,'R',NULL,'',280,'admin',NULL,0,'admin','2022-11-08 17:12:34',NULL,NULL,1,NULL);
INSERT INTO `oh_opd` VALUES (291,'OPD','2022-11-03 17:13:13','N',284,'F',2,'15',NULL,NULL,NULL,NULL,'',281,'admin',NULL,0,'admin','2022-11-08 17:13:13',NULL,NULL,1,NULL);
INSERT INTO `oh_opd` VALUES (292,'OPD','2022-11-03 17:13:42','N',285,'M',2,'43',NULL,NULL,NULL,'R','',282,'admin',NULL,0,'admin','2022-11-08 17:13:42',NULL,NULL,1,NULL);
INSERT INTO `oh_opd` VALUES (293,'OPD','2022-11-03 17:14:05','R',286,'F',2,'39',NULL,NULL,NULL,NULL,'',283,'admin',NULL,0,'admin','2022-11-08 17:14:05',NULL,NULL,1,NULL);
INSERT INTO `oh_opd` VALUES (294,'OPD','2022-11-03 17:14:37','R',287,'M',2,'39',NULL,NULL,NULL,NULL,'',284,'admin',NULL,0,'admin','2022-11-08 17:14:37',NULL,NULL,1,NULL);
INSERT INTO `oh_opd` VALUES (295,'OPD','2022-11-03 17:15:10','N',288,'M',47,'39',NULL,NULL,'R',NULL,'',285,'admin',NULL,0,'admin','2022-11-08 17:15:10',NULL,NULL,1,NULL);
INSERT INTO `oh_opd` VALUES (296,'OPD','2022-11-03 17:16:14','N',289,'F',2,'40',NULL,NULL,NULL,'R','',286,'admin',NULL,0,'admin','2022-11-08 17:16:14',NULL,NULL,1,NULL);
INSERT INTO `oh_opd` VALUES (298,'OPD','2022-11-03 17:17:34','N',291,'M',62,'37',NULL,NULL,NULL,NULL,'',287,'admin',NULL,0,'admin','2022-11-08 17:17:34',NULL,NULL,1,NULL);
INSERT INTO `oh_opd` VALUES (299,'OPD','2022-11-03 17:18:06','N',292,'F',75,'40',NULL,NULL,NULL,NULL,'',288,'admin',NULL,0,'admin','2022-11-08 17:18:06',NULL,NULL,1,NULL);
INSERT INTO `oh_opd` VALUES (300,'OPD','2022-11-03 17:18:43','R',293,'M',72,'69',NULL,NULL,'R','R','',289,'admin',NULL,0,'admin','2022-11-08 17:18:43',NULL,NULL,1,NULL);
INSERT INTO `oh_opd` VALUES (301,'OPD','2022-11-03 17:19:22','N',294,'M',63,'15',NULL,NULL,NULL,NULL,'',290,'admin',NULL,0,'admin','2022-11-08 17:19:22',NULL,NULL,1,NULL);
INSERT INTO `oh_opd` VALUES (302,'OPD','2022-11-03 17:20:24','R',295,'F',35,'44',NULL,NULL,NULL,NULL,'',291,'admin',NULL,0,'admin','2022-11-08 17:20:24',NULL,NULL,1,NULL);
INSERT INTO `oh_opd` VALUES (303,'OPD','2022-11-03 17:23:24','N',296,'M',72,'39',NULL,NULL,NULL,NULL,'',292,'admin',NULL,0,'admin','2022-11-08 17:23:24',NULL,NULL,1,NULL);
INSERT INTO `oh_opd` VALUES (304,'OPD','2022-11-03 17:24:12','R',297,'M',62,'29',NULL,NULL,NULL,'R','',293,'admin',NULL,0,'admin','2022-11-08 17:24:12',NULL,NULL,1,NULL);
INSERT INTO `oh_opd` VALUES (305,'OPD','2022-11-03 17:25:02','N',298,'F',32,'39',NULL,NULL,'R',NULL,'',294,'admin',NULL,0,'admin','2022-11-08 17:25:02',NULL,NULL,1,NULL);
INSERT INTO `oh_opd` VALUES (306,'OPD','2022-11-03 17:25:45','R',299,'M',49,'30',NULL,NULL,NULL,NULL,'',295,'admin',NULL,0,'admin','2022-11-08 17:25:45',NULL,NULL,1,NULL);
INSERT INTO `oh_opd` VALUES (308,'OPD','2022-11-03 17:30:50','R',301,'M',11,'49',NULL,NULL,NULL,'R','',296,'admin',NULL,0,'admin','2022-11-08 17:30:50',NULL,NULL,1,NULL);
INSERT INTO `oh_opd` VALUES (309,'OPD','2022-11-03 17:32:16','R',302,'M',21,'44',NULL,NULL,NULL,NULL,'',297,'admin',NULL,0,'admin','2022-11-08 17:32:16',NULL,NULL,1,NULL);
INSERT INTO `oh_opd` VALUES (310,'OPD','2022-11-03 17:33:41','N',303,'F',61,'15',NULL,NULL,'R',NULL,'',298,'admin',NULL,0,'admin','2022-11-08 17:33:41',NULL,NULL,1,NULL);
INSERT INTO `oh_opd` VALUES (311,'OPD','2022-11-03 17:35:30','N',304,'M',37,'43',NULL,NULL,NULL,NULL,'',299,'admin',NULL,0,'admin','2022-11-08 17:35:30',NULL,NULL,1,NULL);
INSERT INTO `oh_opd` VALUES (312,'OPD','2022-11-03 17:36:53','N',305,'F',34,'74',NULL,NULL,NULL,'R','',302,'admin',NULL,0,'admin','2022-11-08 17:36:53',NULL,NULL,1,NULL);
INSERT INTO `oh_opd` VALUES (313,'OPD','2022-11-03 17:38:38','R',306,'M',3,'44',NULL,NULL,NULL,NULL,'',439,'admin',NULL,0,'admin','2022-11-08 17:38:38',NULL,NULL,1,NULL);
INSERT INTO `oh_opd` VALUES (314,'OPD','2022-11-03 17:40:02','N',307,'F',3,'40',NULL,NULL,NULL,NULL,'',457,'admin',NULL,0,'admin','2022-11-08 17:40:02',NULL,NULL,1,NULL);
INSERT INTO `oh_opd` VALUES (315,'OPD','2022-11-03 17:41:34','N',308,'F',36,'39',NULL,NULL,'R',NULL,'',104,'admin',NULL,0,'admin','2022-11-08 17:41:34',NULL,NULL,1,NULL);
INSERT INTO `oh_opd` VALUES (316,'OPD','2022-11-03 17:42:25','N',309,'M',52,'40',NULL,NULL,NULL,'R','',149,'admin',NULL,0,'admin','2022-11-08 17:42:25',NULL,NULL,1,NULL);
INSERT INTO `oh_opd` VALUES (317,'OPD','2022-11-03 17:43:00','N',310,'F',49,'39',NULL,NULL,NULL,NULL,'',88,'admin',NULL,0,'admin','2022-11-08 17:43:00',NULL,NULL,1,NULL);
INSERT INTO `oh_opd` VALUES (318,'OPD','2022-11-03 17:43:50','N',311,'M',4,'16',NULL,NULL,NULL,NULL,'',473,'admin',NULL,0,'admin','2022-11-08 17:43:50',NULL,NULL,1,NULL);
INSERT INTO `oh_opd` VALUES (319,'OPD','2022-11-03 17:44:27','N',312,'F',32,'40',NULL,NULL,NULL,NULL,'',109,'admin',NULL,0,'admin','2022-11-08 17:44:27',NULL,NULL,1,NULL);
INSERT INTO `oh_opd` VALUES (320,'OPD','2022-11-03 17:45:06','N',313,'F',42,'40',NULL,NULL,'R','R','',401,'admin',NULL,0,'admin','2022-11-08 17:45:06',NULL,NULL,1,NULL);
INSERT INTO `oh_opd` VALUES (321,'OPD','2022-11-03 17:45:49','N',314,'F',82,'39',NULL,NULL,NULL,NULL,'',512,'admin',NULL,0,'admin','2022-11-08 17:45:49',NULL,NULL,1,NULL);
INSERT INTO `oh_opd` VALUES (322,'OPD','2022-11-03 17:46:43','R',315,'M',12,'44',NULL,NULL,NULL,NULL,'',467,'admin',NULL,0,'admin','2022-11-08 17:46:43',NULL,NULL,1,NULL);
INSERT INTO `oh_opd` VALUES (323,'OPD','2022-11-03 17:47:53','R',316,'M',2,'17',NULL,NULL,NULL,NULL,'',461,'admin',NULL,0,'admin','2022-11-08 17:47:53',NULL,NULL,1,NULL);
INSERT INTO `oh_opd` VALUES (324,'OPD','2022-11-03 17:48:59','N',317,'M',2,'39',NULL,NULL,NULL,'R','',390,'admin',NULL,0,'admin','2022-11-08 17:48:59',NULL,NULL,1,NULL);
INSERT INTO `oh_opd` VALUES (325,'OPD','2022-11-03 17:49:44','N',318,'M',32,'39',NULL,NULL,'R',NULL,'',503,'admin',NULL,0,'admin','2022-11-08 17:49:44',NULL,NULL,1,NULL);
INSERT INTO `oh_opd` VALUES (326,'OPD','2022-11-03 17:50:13','N',319,'F',3,'39',NULL,NULL,NULL,NULL,'',400,'admin',NULL,0,'admin','2022-11-08 17:50:13',NULL,NULL,1,NULL);
INSERT INTO `oh_opd` VALUES (327,'OPD','2022-11-03 17:53:19','N',320,'F',46,'39',NULL,NULL,NULL,NULL,'',99,'admin',NULL,0,'admin','2022-11-08 17:53:19',NULL,NULL,1,NULL);
INSERT INTO `oh_opd` VALUES (328,'OPD','2022-11-03 17:53:56','N',321,'F',2,'15',NULL,NULL,NULL,'R','',494,'admin',NULL,0,'admin','2022-11-08 17:53:56',NULL,NULL,1,NULL);
INSERT INTO `oh_opd` VALUES (329,'OPD','2022-11-03 17:54:41','N',322,'F',2,'39',NULL,NULL,NULL,NULL,'',471,'admin',NULL,0,'admin','2022-11-08 17:54:41',NULL,NULL,1,NULL);
INSERT INTO `oh_opd` VALUES (330,'OPD','2022-11-03 17:55:22','N',323,'M',22,'39','3',NULL,'R',NULL,'',422,'admin',NULL,1,'admin','2022-11-08 17:55:22','admin','2022-11-20 22:11:48',1,NULL);
INSERT INTO `oh_opd` VALUES (331,'OPD','2022-11-03 17:56:30','N',324,'F',4,'39',NULL,NULL,NULL,NULL,'',449,'admin',NULL,0,'admin','2022-11-08 17:56:30',NULL,NULL,1,NULL);
INSERT INTO `oh_opd` VALUES (332,'OPD','2022-11-03 17:57:06','R',325,'M',10,'16',NULL,NULL,NULL,'R','',484,'admin',NULL,0,'admin','2022-11-08 17:57:06',NULL,NULL,1,NULL);
INSERT INTO `oh_opd` VALUES (333,'OPD','2022-11-03 17:57:28','N',326,'F',4,'39',NULL,NULL,NULL,NULL,'',451,'admin',NULL,0,'admin','2022-11-08 17:57:28',NULL,NULL,1,NULL);
INSERT INTO `oh_opd` VALUES (334,'OPD','2022-11-03 17:57:53','N',327,'F',2,'16',NULL,NULL,NULL,NULL,'',482,'admin',NULL,0,'admin','2022-11-08 17:57:53',NULL,NULL,1,NULL);
INSERT INTO `oh_opd` VALUES (336,'OPD','2022-11-03 17:59:30','N',328,'F',2,'23',NULL,NULL,NULL,'R','',444,'admin',NULL,0,'admin','2022-11-08 17:59:30',NULL,NULL,1,NULL);
INSERT INTO `oh_opd` VALUES (337,'OPD','2022-11-03 17:59:51','N',329,'M',23,'39',NULL,NULL,NULL,NULL,'',507,'admin',NULL,0,'admin','2022-11-08 17:59:51',NULL,NULL,1,NULL);
INSERT INTO `oh_opd` VALUES (338,'OPD','2022-11-03 18:03:19','R',330,'M',17,'37',NULL,NULL,NULL,NULL,'',502,'admin',NULL,0,'admin','2022-11-08 18:03:19',NULL,NULL,1,NULL);
INSERT INTO `oh_opd` VALUES (339,'OPD','2022-11-03 18:04:39','R',331,'M',2,'44',NULL,NULL,NULL,NULL,'',479,'admin',NULL,0,'admin','2022-11-08 18:04:39',NULL,NULL,1,NULL);
INSERT INTO `oh_opd` VALUES (340,'OPD','2022-11-03 18:06:00','N',332,'F',35,'15',NULL,NULL,'R','R','',91,'admin',NULL,0,'admin','2022-11-08 18:06:00',NULL,NULL,1,NULL);
INSERT INTO `oh_opd` VALUES (341,'OPD','2022-11-03 18:06:50','N',333,'M',60,'29',NULL,NULL,NULL,NULL,'',44,'admin',NULL,0,'admin','2022-11-08 18:06:50',NULL,NULL,1,NULL);
INSERT INTO `oh_opd` VALUES (342,'OPD','2022-11-03 18:07:26','N',334,'F',4,'40',NULL,NULL,NULL,NULL,'',451,'admin',NULL,0,'admin','2022-11-08 18:07:26',NULL,NULL,1,NULL);
INSERT INTO `oh_opd` VALUES (343,'OPD','2022-11-03 18:08:46','N',335,'F',2,'103',NULL,NULL,NULL,NULL,'',455,'admin',NULL,1,'admin','2022-11-08 18:08:46',NULL,NULL,1,NULL);
INSERT INTO `oh_opd` VALUES (344,'OPD','2022-11-03 18:10:34','N',336,'M',3,'89',NULL,NULL,NULL,'R','',421,'admin',NULL,0,'admin','2022-11-08 18:10:34',NULL,NULL,1,NULL);
INSERT INTO `oh_opd` VALUES (345,'OPD','2022-11-03 18:11:35','N',337,'M',76,'44',NULL,NULL,'R',NULL,'',414,'admin',NULL,0,'admin','2022-11-08 18:11:35',NULL,NULL,1,NULL);
INSERT INTO `oh_opd` VALUES (346,'OPD','2022-11-03 18:12:22','N',338,'M',4,'39',NULL,NULL,NULL,NULL,'',491,'admin',NULL,0,'admin','2022-11-08 18:12:22',NULL,NULL,1,NULL);
INSERT INTO `oh_opd` VALUES (347,'OPD','2022-11-03 18:13:15','N',339,'F',2,'89',NULL,NULL,NULL,NULL,'',498,'admin',NULL,0,'admin','2022-11-08 18:13:15',NULL,NULL,1,NULL);
INSERT INTO `oh_opd` VALUES (348,'OPD','2022-11-03 18:15:23','N',340,'F',2,'68',NULL,NULL,NULL,'R','',443,'admin',NULL,0,'admin','2022-11-08 18:15:23',NULL,NULL,1,NULL);
INSERT INTO `oh_opd` VALUES (349,'OPD','2022-11-03 18:16:00','N',341,'M',30,'39',NULL,NULL,NULL,NULL,'',423,'admin',NULL,0,'admin','2022-11-08 18:16:00',NULL,NULL,1,NULL);
INSERT INTO `oh_opd` VALUES (350,'OPD','2022-11-03 18:16:34','R',342,'F',2,'29',NULL,NULL,'R',NULL,'',412,'admin',NULL,0,'admin','2022-11-08 18:16:34',NULL,NULL,1,NULL);
INSERT INTO `oh_opd` VALUES (351,'OPD','2022-11-03 18:17:21','N',343,'F',35,'89',NULL,NULL,NULL,NULL,'',91,'admin',NULL,0,'admin','2022-11-08 18:17:21',NULL,NULL,1,NULL);
INSERT INTO `oh_opd` VALUES (352,'OPD','2022-11-03 18:18:39','R',344,'F',50,'25',NULL,NULL,NULL,'R','',89,'admin',NULL,0,'admin','2022-11-08 18:18:39',NULL,NULL,1,NULL);
INSERT INTO `oh_opd` VALUES (353,'OPD','2022-11-03 18:19:45','N',345,'F',2,'87',NULL,NULL,NULL,NULL,'',497,'admin',NULL,0,'admin','2022-11-08 18:19:45',NULL,NULL,1,NULL);
INSERT INTO `oh_opd` VALUES (354,'OPD','2022-11-03 18:20:34','R',346,'M',9,'14',NULL,NULL,NULL,NULL,'',468,'admin',NULL,1,'admin','2022-11-08 18:20:34',NULL,NULL,1,NULL);
INSERT INTO `oh_opd` VALUES (355,'OPD','2022-11-03 18:21:14','R',347,'F',2,'84',NULL,NULL,'R',NULL,'',456,'admin',NULL,0,'admin','2022-11-08 18:21:14',NULL,NULL,1,NULL);
INSERT INTO `oh_opd` VALUES (356,'OPD','2022-11-03 18:23:42','N',348,'M',4,'68',NULL,NULL,NULL,'R','',448,'admin',NULL,0,'admin','2022-11-08 18:23:42',NULL,NULL,1,NULL);
INSERT INTO `oh_opd` VALUES (357,'OPD','2022-11-03 18:24:31','N',349,'M',30,'89',NULL,NULL,NULL,NULL,'',423,'admin',NULL,0,'admin','2022-11-08 18:24:31',NULL,NULL,1,NULL);
INSERT INTO `oh_opd` VALUES (358,'OPD','2022-11-03 18:25:43','N',350,'M',32,'89',NULL,NULL,NULL,NULL,'',2,'admin',NULL,0,'admin','2022-11-08 18:25:43',NULL,NULL,1,NULL);
INSERT INTO `oh_opd` VALUES (359,'OPD','2022-11-03 08:17:14','N',351,'M',2,'89',NULL,NULL,NULL,NULL,'',499,'admin',NULL,2,'admin','2022-11-09 08:17:14',NULL,NULL,1,NULL);
INSERT INTO `oh_opd` VALUES (360,'OPD','2022-11-03 08:17:56','N',352,'F',55,'39',NULL,NULL,'R','R','',202,'admin',NULL,3,'admin','2022-11-09 08:17:56',NULL,NULL,1,NULL);
INSERT INTO `oh_opd` VALUES (361,'OPD','2022-11-20 02:23:41','N',353,'F',12,'12','84',NULL,NULL,NULL,'',232,'admin',NULL,0,'admin','2022-11-20 02:23:41','admin','2022-11-20 02:23:57',1,NULL);
INSERT INTO `oh_opd` VALUES (362,'OPD','2022-11-20 02:26:17','N',354,'M',29,'56',NULL,NULL,NULL,NULL,'',513,'admin',NULL,0,'admin','2022-11-20 02:26:17','admin','2022-11-20 02:26:17',1,NULL);
INSERT INTO `oh_opd` VALUES (363,'OPD','2022-11-20 02:33:29','N',355,'M',12,'82',NULL,NULL,'R',NULL,'',467,'admin',NULL,0,'admin','2022-11-20 02:33:29','admin','2022-11-20 02:33:53',1,NULL);
INSERT INTO `oh_opd` VALUES (364,'OPD','2022-11-20 20:11:03','N',356,'M',52,'44',NULL,NULL,NULL,NULL,'',46,'admin',NULL,0,'admin','2022-11-20 20:11:03','admin','2022-11-20 20:11:14',1,NULL);
INSERT INTO `oh_opd` VALUES (365,'OPD','2022-11-20 23:28:58','N',357,'M',38,'27','75',NULL,NULL,NULL,'',151,'admin',NULL,0,'admin','2022-11-20 23:28:58','admin','2022-11-20 23:28:58',1,NULL);
INSERT INTO `oh_opd` VALUES (366,'OPD','2022-11-20 23:29:11','N',358,'M',51,'82',NULL,NULL,NULL,NULL,'',135,'admin',NULL,0,'admin','2022-11-20 23:29:11','admin','2022-11-20 23:29:11',1,NULL);
INSERT INTO `oh_opd` VALUES (367,'OPD','2022-11-20 23:29:50','N',359,'M',36,'19',NULL,NULL,NULL,NULL,'',42,'admin',NULL,0,'admin','2022-11-20 23:29:50','admin','2022-11-20 23:29:50',1,NULL);
INSERT INTO `oh_opd` VALUES (368,'OPD','2022-11-20 23:30:10','N',360,'M',13,'42',NULL,NULL,NULL,NULL,'',307,'admin',7,0,'admin','2022-11-20 23:30:10','admin','2022-11-20 23:30:10',1,NULL);
INSERT INTO `oh_opd` VALUES (369,'OPD','2022-11-20 23:36:07','N',361,'F',13,'17',NULL,NULL,NULL,NULL,'',465,'admin',NULL,0,'admin','2022-11-20 23:36:07','admin','2022-11-20 23:36:07',1,NULL);
INSERT INTO `oh_opd` VALUES (370,'OPD','2022-11-20 00:00:08','N',362,'M',2,'72','30',NULL,NULL,NULL,'',447,'admin',NULL,0,'admin','2022-11-21 00:00:08','admin','2022-11-21 00:00:08',1,NULL);
INSERT INTO `oh_opd` VALUES (371,'OPD','2022-11-20 00:00:15','N',363,'F',3,'41',NULL,NULL,NULL,NULL,'',228,'admin',NULL,0,'admin','2022-11-21 00:00:15','admin','2022-11-21 00:00:22',1,NULL);
INSERT INTO `oh_opd` VALUES (372,'OPD','2022-11-20 00:00:24','N',364,'M',37,'86',NULL,NULL,NULL,NULL,'',43,'admin',NULL,0,'admin','2022-11-21 00:00:24','admin','2022-11-21 00:01:17',1,NULL);
INSERT INTO `oh_opd` VALUES (373,'OPD','2022-11-20 00:33:27','N',365,'M',9,'57',NULL,NULL,NULL,NULL,'',229,'admin',NULL,0,'admin','2022-11-21 00:33:27','admin','2022-11-21 00:33:27',1,NULL);
INSERT INTO `oh_opd` VALUES (374,'OPD','2022-11-21 01:48:22','N',366,'M',40,'14',NULL,NULL,NULL,NULL,'',199,'admin',NULL,0,'admin','2022-11-21 01:48:22','admin','2022-11-21 01:48:22',1,NULL);
INSERT INTO `oh_opd` VALUES (375,'OPD','2022-11-21 01:48:39','N',367,'F',24,'57',NULL,NULL,NULL,NULL,'',94,'admin',NULL,0,'admin','2022-11-21 01:48:39','admin','2022-11-21 01:48:39',1,NULL);
INSERT INTO `oh_opd` VALUES (376,'OPD','2022-11-21 01:49:05','N',368,'M',54,'18',NULL,NULL,NULL,NULL,'',144,'admin',NULL,0,'admin','2022-11-21 01:49:05','admin','2022-11-21 01:49:05',1,NULL);
INSERT INTO `oh_opd` VALUES (377,'OPD','2022-11-21 02:02:49','N',369,'M',2,'12',NULL,NULL,NULL,NULL,'',506,'admin',NULL,0,'admin','2022-11-21 02:02:49','admin','2022-11-21 02:02:49',1,NULL);
INSERT INTO `oh_opd` VALUES (378,'OPD','2022-11-21 02:02:57','N',370,'F',4,'57',NULL,NULL,NULL,NULL,'',500,'admin',NULL,0,'admin','2022-11-21 02:02:57','admin','2022-11-21 02:02:57',1,NULL);
INSERT INTO `oh_opd` VALUES (379,'OPD','2022-11-21 02:03:12','N',371,'M',5,'30',NULL,NULL,NULL,NULL,'',491,'admin',NULL,0,'admin','2022-11-21 02:03:12','admin','2022-11-21 02:03:12',1,NULL);
INSERT INTO `oh_opd` VALUES (380,'OPD','2022-11-21 02:03:33','N',372,'F',12,'14','3',NULL,NULL,NULL,'',187,'admin',NULL,0,'admin','2022-11-21 02:03:33','admin','2022-11-21 02:03:33',1,NULL);
INSERT INTO `oh_opd` VALUES (381,'OPD','2022-11-21 02:06:08','N',373,'M',27,'2','30',NULL,NULL,NULL,'',157,'admin',NULL,0,'admin','2022-11-21 02:06:08','admin','2022-11-21 02:06:08',1,NULL);
INSERT INTO `oh_opd` VALUES (382,'OPD','2022-11-21 02:20:59','N',374,'F',47,'73',NULL,NULL,NULL,NULL,'',516,'admin',NULL,0,'admin','2022-11-21 02:20:59','admin','2022-11-21 02:20:59',1,NULL);
INSERT INTO `oh_opd` VALUES (383,'OPD','2022-11-21 02:24:08','N',375,'M',27,'58',NULL,NULL,NULL,NULL,'',196,'admin',NULL,0,'admin','2022-11-21 02:24:08','admin','2022-11-21 02:24:08',1,NULL);
INSERT INTO `oh_opd` VALUES (384,'OPD','2022-11-21 02:24:29','N',376,'M',51,'88',NULL,NULL,NULL,NULL,'',137,'admin',NULL,0,'admin','2022-11-21 02:24:29','admin','2022-11-21 02:24:29',1,NULL);
INSERT INTO `oh_opd` VALUES (385,'OPD','2022-11-21 03:30:02','N',377,'F',22,'28',NULL,NULL,NULL,NULL,'',517,'admin',NULL,0,'admin','2022-11-21 03:30:02','admin','2022-11-21 03:30:02',1,NULL);
INSERT INTO `oh_opd` VALUES (386,'OPD','2022-11-21 03:32:16','N',378,'M',54,'105',NULL,NULL,NULL,NULL,'',214,'admin',NULL,0,'admin','2022-11-21 03:32:16','admin','2022-11-21 03:32:16',1,NULL);
INSERT INTO `oh_opd` VALUES (387,'OPD','2022-11-21 03:33:22','N',379,'M',41,'58','43',NULL,NULL,NULL,'',301,'admin',NULL,0,'admin','2022-11-21 03:33:22','admin','2022-11-21 03:33:22',1,NULL);
INSERT INTO `oh_opd` VALUES (388,'OPD','2022-11-21 03:37:03','N',380,'M',78,'102','18',NULL,NULL,NULL,'',219,'admin',NULL,0,'admin','2022-11-21 03:37:03','admin','2022-11-21 03:37:03',1,NULL);
INSERT INTO `oh_opd` VALUES (389,'OPD','2022-11-21 21:57:29','N',381,'M',59,'81',NULL,NULL,NULL,NULL,'',518,'admin',NULL,0,'admin','2022-11-21 21:57:29','admin','2022-11-21 21:57:29',1,NULL);
INSERT INTO `oh_opd` VALUES (390,'OPD','2022-11-21 21:59:04','N',382,'F',5,'87',NULL,NULL,NULL,NULL,'',519,'admin',NULL,0,'admin','2022-11-21 21:59:04','admin','2022-11-21 21:59:04',1,NULL);
INSERT INTO `oh_opd` VALUES (391,'OPD','2022-11-21 22:43:25','N',383,'M',14,'82','68',NULL,NULL,NULL,'',217,'admin',NULL,0,'admin','2022-11-21 22:43:25','admin','2022-11-21 22:43:25',1,NULL);
INSERT INTO `oh_opd` VALUES (392,'OPD','2022-11-21 23:10:38','N',384,'F',42,'101','84',NULL,NULL,NULL,'',271,'admin',NULL,0,'admin','2022-11-21 23:10:38','admin','2022-11-21 23:10:38',1,NULL);
INSERT INTO `oh_opd` VALUES (393,'OPD','2022-11-22 02:35:47','N',385,'M',2,'13','12',NULL,NULL,NULL,'',520,'admin',NULL,0,'admin','2022-11-22 02:35:47','admin','2022-11-22 02:35:47',1,NULL);
INSERT INTO `oh_opd` VALUES (394,'OPD','2022-11-22 02:37:09','N',386,'F',12,'88',NULL,NULL,NULL,NULL,'',521,'admin',NULL,0,'admin','2022-11-22 02:37:09','admin','2022-11-22 02:37:09',1,NULL);
INSERT INTO `oh_opd` VALUES (395,'OPD','2022-11-22 17:58:09','N',387,'M',63,'33','58',NULL,NULL,NULL,'',522,'admin',NULL,0,'admin','2022-11-22 17:58:09','admin','2022-11-22 17:58:09',1,NULL);
INSERT INTO `oh_opd` VALUES (396,'OPD','2022-11-23 15:58:35','N',388,'M',8,'31','3',NULL,NULL,NULL,'',523,'admin',NULL,0,'admin','2022-11-23 15:58:35','admin','2022-11-23 15:58:35',1,NULL);
INSERT INTO `oh_opd` VALUES (397,'OPD','2022-11-23 15:59:02','N',389,'F',62,'101',NULL,NULL,NULL,NULL,'',113,'admin',NULL,0,'admin','2022-11-23 15:59:02','admin','2022-11-23 15:59:02',1,NULL);
INSERT INTO `oh_opd` VALUES (398,'OPD','2022-11-23 15:59:23','N',390,'M',2,'90',NULL,NULL,NULL,NULL,'',483,'admin',NULL,0,'admin','2022-11-23 15:59:23','admin','2022-11-23 15:59:23',1,NULL);
INSERT INTO `oh_opd` VALUES (399,'OPD','2022-11-23 15:59:54','N',391,'F',2,'12',NULL,NULL,NULL,NULL,'',493,'admin',NULL,0,'admin','2022-11-23 15:59:54','admin','2022-11-23 15:59:54',1,NULL);
INSERT INTO `oh_opd` VALUES (400,'OPD','2022-11-23 16:00:23','N',392,'M',46,'68','84',NULL,NULL,NULL,'',470,'admin',NULL,0,'admin','2022-11-23 16:00:23','admin','2022-11-23 16:00:23',1,NULL);
INSERT INTO `oh_opd` VALUES (404,'OPD','2023-02-02 07:33:00','N',1,'F',21,'28',NULL,NULL,'','','',544,'admin',NULL,1,'admin','2023-02-02 22:38:54','admin','2024-02-10 19:16:10',1,NULL);
INSERT INTO `oh_opd` VALUES (405,'OPD','2023-02-02 22:38:00','R',2,'F',21,'28',NULL,NULL,'','','',544,'admin',NULL,0,'admin','2023-02-02 22:39:23','admin','2023-02-02 22:39:23',1,NULL);
INSERT INTO `oh_opd` VALUES (406,'OPD','2023-02-02 22:38:00','N',3,'M',41,'82',NULL,NULL,'','','',545,'admin',NULL,0,'admin','2023-02-02 22:41:08','admin','2023-02-02 22:41:08',1,NULL);
INSERT INTO `oh_opd` VALUES (407,'OPD','2023-02-03 23:29:00','N',4,'F',4,'12',NULL,NULL,'','','',546,'admin',NULL,0,'admin','2023-02-03 23:30:36','admin','2023-02-03 23:30:36',1,NULL);
INSERT INTO `oh_opd` VALUES (408,'OPD','2023-02-03 23:29:00','N',5,'M',55,'101',NULL,NULL,'','','',547,'admin',NULL,0,'admin','2023-02-03 23:34:10','admin','2023-02-03 23:34:10',1,NULL);
INSERT INTO `oh_opd` VALUES (409,'OPD','2023-02-03 23:29:00','N',6,'F',72,'104',NULL,NULL,'','','',548,'admin',NULL,0,'admin','2023-02-03 23:39:06','admin','2023-02-03 23:39:06',1,NULL);
INSERT INTO `oh_opd` VALUES (410,'OPD','2023-02-03 23:47:00','N',7,'F',51,'116',NULL,NULL,'','','',550,'admin',NULL,1,'admin','2023-02-03 23:48:42','admin','2023-02-03 23:48:48',1,NULL);
INSERT INTO `oh_opd` VALUES (411,'OPD','2023-02-04 00:09:00','N',8,'F',13,'13','68',NULL,'','','',551,'admin',NULL,0,'admin','2023-02-04 00:09:31','admin','2023-02-04 00:09:31',1,NULL);
INSERT INTO `oh_opd` VALUES (412,'OPD','2023-02-04 02:04:00','N',9,'M',45,'31',NULL,NULL,'','','',552,'admin',NULL,0,'admin','2023-02-04 02:05:59','admin','2023-02-04 02:05:59',1,NULL);
INSERT INTO `oh_opd` VALUES (413,'OPD','2023-02-04 02:25:00','N',10,'F',25,'88',NULL,NULL,'','','',553,'admin',NULL,0,'admin','2023-02-04 02:26:03','admin','2023-02-04 02:26:03',1,NULL);
INSERT INTO `oh_opd` VALUES (414,'OPD','2024-02-05 00:28:00','N',1,'M',57,'31',NULL,NULL,'','','',558,'admin',NULL,0,'admin','2024-02-05 00:31:00','admin','2024-02-05 00:31:00',1,NULL);
INSERT INTO `oh_opd` VALUES (415,'OPD','2024-02-05 18:42:00','N',2,'M',72,'127',NULL,NULL,'','','',559,'admin',NULL,0,'admin','2024-02-05 18:45:20','admin','2024-02-05 18:45:20',1,NULL);
INSERT INTO `oh_opd` VALUES (416,'OPD','2024-02-06 11:30:00','N',3,'F',0,'40',NULL,NULL,'','','',560,'admin',34,1,'admin','2024-02-06 11:33:50','admin','2024-02-06 11:34:34',1,NULL);
INSERT INTO `oh_opd` VALUES (417,'OPD','2024-02-07 00:26:00','N',4,'F',23,'27',NULL,NULL,'','','',561,'admin',NULL,0,'admin','2024-02-07 00:29:48','admin','2024-02-07 00:29:48',1,NULL);
INSERT INTO `oh_opd` VALUES (418,'OPD','2024-02-10 18:50:00','N',5,'M',67,'49','12',NULL,'','','',562,'admin',39,0,'admin','2024-02-10 18:54:04','admin','2024-02-10 18:54:04',1,NULL);
INSERT INTO `oh_opd` VALUES (419,'OPD','2026-01-14 16:52:00','N',1,'M',65,'103','14',NULL,'','','',565,'admin',NULL,0,'admin','2026-01-14 16:54:27','admin','2026-01-14 16:54:27',1,NULL);
INSERT INTO `oh_opd` VALUES (420,'OPD','2026-01-14 18:07:00','N',2,'F',14,'12','3',NULL,'','','',567,'admin',44,1,'admin','2026-01-14 18:09:39','admin','2026-01-14 18:10:28',1,NULL);
INSERT INTO `oh_opd` VALUES (421,'OPD','2026-01-14 18:07:00','N',3,'M',74,'16','43',NULL,'','','',568,'admin',NULL,0,'admin','2026-01-14 18:14:40','admin','2026-01-14 18:14:40',1,NULL);
INSERT INTO `oh_opd` VALUES (422,'OPD','2026-01-14 18:43:00','N',4,'F',32,'88',NULL,NULL,'','','',569,'admin',NULL,0,'admin','2026-01-14 18:45:52','admin','2026-01-14 18:45:52',1,NULL);
/*!40000 ALTER TABLE `oh_opd` ENABLE KEYS */;
UNLOCK TABLES;

--
-- Table structure for table `oh_operation`
--

DROP TABLE IF EXISTS `oh_operation`;
/*!40101 SET @saved_cs_client     = @@character_set_client */;
/*!40101 SET character_set_client = utf8mb4 */;
CREATE TABLE `oh_operation` (
  `OPE_ID_A` varchar(10) NOT NULL,
  `OPE_OCL_ID_A` char(2) NOT NULL,
  `OPE_DESC` varchar(50) NOT NULL,
  `OPE_STAT` int(11) NOT NULL DEFAULT 0,
  `OPE_FOR` enum('opd_admission','admission','opd') DEFAULT 'opd_admission',
  `OPE_LOCK` int(11) NOT NULL DEFAULT 0,
  `OPE_CREATED_BY` varchar(50) DEFAULT NULL,
  `OPE_CREATED_DATE` datetime DEFAULT NULL,
  `OPE_LAST_MODIFIED_BY` varchar(50) DEFAULT NULL,
  `OPE_LAST_MODIFIED_DATE` datetime DEFAULT NULL,
  `OPE_ACTIVE` tinyint(1) NOT NULL DEFAULT 1,
  PRIMARY KEY (`OPE_ID_A`),
  KEY `FK_OPERATION_OPERATIONTYPE` (`OPE_OCL_ID_A`),
  KEY `FK_OPERATION_CREATED_BY_IDX` (`OPE_CREATED_BY`),
  KEY `FK_OPERATION_LAST_MODIFIED_BY_IDX` (`OPE_LAST_MODIFIED_BY`),
  CONSTRAINT `FK_OPERATION_CREATED_BY` FOREIGN KEY (`OPE_CREATED_BY`) REFERENCES `oh_user` (`US_ID_A`) ON DELETE NO ACTION ON UPDATE NO ACTION,
  CONSTRAINT `FK_OPERATION_LAST_MODIFIED_BY` FOREIGN KEY (`OPE_LAST_MODIFIED_BY`) REFERENCES `oh_user` (`US_ID_A`) ON DELETE NO ACTION ON UPDATE NO ACTION,
  CONSTRAINT `FK_OPERATION_OPERATIONTYPE` FOREIGN KEY (`OPE_OCL_ID_A`) REFERENCES `oh_operationtype` (`OCL_ID_A`) ON DELETE NO ACTION ON UPDATE CASCADE
) ENGINE=InnoDB DEFAULT CHARSET=utf8mb3 COLLATE=utf8mb3_general_ci;
/*!40101 SET character_set_client = @saved_cs_client */;

--
-- Dumping data for table `oh_operation`
--

LOCK TABLES `oh_operation` WRITE;
/*!40000 ALTER TABLE `oh_operation` DISABLE KEYS */;
INSERT INTO `oh_operation` VALUES ('1','OB','Caesarian section',1,'opd_admission',0,NULL,NULL,NULL,NULL,1);
INSERT INTO `oh_operation` VALUES ('10','OB','Septic abortion',1,'opd_admission',0,NULL,NULL,NULL,NULL,1);
INSERT INTO `oh_operation` VALUES ('11','OB','Dilatation and curettage',1,'opd_admission',0,NULL,NULL,NULL,NULL,1);
INSERT INTO `oh_operation` VALUES ('12','OB','Repair of vesico-vaginal fistula (vvf)',1,'opd_admission',0,NULL,NULL,NULL,NULL,1);
INSERT INTO `oh_operation` VALUES ('13','GY','Acute abdomen',1,'opd_admission',0,NULL,NULL,NULL,NULL,1);
INSERT INTO `oh_operation` VALUES ('14','GY','Ectopic pregnancy',1,'opd_admission',0,NULL,NULL,NULL,NULL,1);
INSERT INTO `oh_operation` VALUES ('15','GY','Peritonitis',1,'opd_admission',0,NULL,NULL,NULL,NULL,1);
INSERT INTO `oh_operation` VALUES ('16','GY','Pelvic abscess',1,'opd_admission',0,NULL,NULL,NULL,NULL,1);
INSERT INTO `oh_operation` VALUES ('17','GY','Uterine fibroids',1,'opd_admission',0,NULL,NULL,NULL,NULL,1);
INSERT INTO `oh_operation` VALUES ('18','GY','Ovarian tumours',1,'opd_admission',0,NULL,NULL,NULL,NULL,1);
INSERT INTO `oh_operation` VALUES ('19','GY','Uterine prolapse',1,'opd_admission',0,NULL,NULL,NULL,NULL,1);
INSERT INTO `oh_operation` VALUES ('2','OB','emergency',1,'opd_admission',0,NULL,NULL,NULL,NULL,1);
INSERT INTO `oh_operation` VALUES ('20','GY','Cystorele',1,'opd_admission',0,NULL,NULL,NULL,NULL,1);
INSERT INTO `oh_operation` VALUES ('21','MG','circumcision',1,'opd_admission',0,NULL,NULL,NULL,NULL,1);
INSERT INTO `oh_operation` VALUES ('22','MG','phimosis',1,'opd_admission',0,NULL,NULL,NULL,NULL,1);
INSERT INTO `oh_operation` VALUES ('23','MG','paraphimosis',1,'opd_admission',0,NULL,NULL,NULL,NULL,1);
INSERT INTO `oh_operation` VALUES ('24','MG','dorsal slit-paraphimosis',1,'opd_admission',0,NULL,NULL,NULL,NULL,1);
INSERT INTO `oh_operation` VALUES ('25','MG','uretheral stricture-bougienage',1,'opd_admission',0,NULL,NULL,NULL,NULL,1);
INSERT INTO `oh_operation` VALUES ('26','MG','Hydroceletomy',1,'opd_admission',0,NULL,NULL,NULL,NULL,1);
INSERT INTO `oh_operation` VALUES ('27','MG','Testicular tumours',1,'opd_admission',0,NULL,NULL,NULL,NULL,1);
INSERT INTO `oh_operation` VALUES ('28','MG','Prostatectomy',1,'opd_admission',0,NULL,NULL,NULL,NULL,1);
INSERT INTO `oh_operation` VALUES ('29','MG','Prostate biopsy',1,'opd_admission',0,NULL,NULL,NULL,NULL,1);
INSERT INTO `oh_operation` VALUES ('3','OB','elective',1,'opd_admission',0,NULL,NULL,NULL,NULL,1);
INSERT INTO `oh_operation` VALUES ('30','MG','Bladder biopsy',1,'opd_admission',0,NULL,NULL,NULL,NULL,1);
INSERT INTO `oh_operation` VALUES ('31','AG','Hernia (inguinal & femoral)',1,'opd_admission',0,NULL,NULL,NULL,NULL,1);
INSERT INTO `oh_operation` VALUES ('32','AG','Strangulated',1,'opd_admission',0,NULL,NULL,NULL,NULL,1);
INSERT INTO `oh_operation` VALUES ('33','AG','Non strangulated',1,'opd_admission',0,NULL,NULL,NULL,NULL,1);
INSERT INTO `oh_operation` VALUES ('34','AG','Epigastrical Hernia',1,'opd_admission',0,NULL,NULL,NULL,NULL,1);
INSERT INTO `oh_operation` VALUES ('37','AG','Intestinal obstruction',1,'opd_admission',0,NULL,NULL,NULL,NULL,1);
INSERT INTO `oh_operation` VALUES ('38','AG','Mechanical',1,'opd_admission',0,NULL,NULL,NULL,NULL,1);
INSERT INTO `oh_operation` VALUES ('39','AG','Volvulus',1,'opd_admission',0,NULL,NULL,NULL,NULL,1);
INSERT INTO `oh_operation` VALUES ('4','OB','Hysterectomy',1,'opd_admission',0,NULL,NULL,NULL,NULL,1);
INSERT INTO `oh_operation` VALUES ('40','AG','Laparatomy',1,'opd_admission',0,NULL,NULL,NULL,NULL,1);
INSERT INTO `oh_operation` VALUES ('41','AG','Penetrating abdominal injuries',1,'opd_admission',0,NULL,NULL,NULL,NULL,1);
INSERT INTO `oh_operation` VALUES ('42','AG','Peritonitis',1,'opd_admission',0,NULL,NULL,NULL,NULL,1);
INSERT INTO `oh_operation` VALUES ('43','AG','Appendicitis',1,'opd_admission',0,NULL,NULL,NULL,NULL,1);
INSERT INTO `oh_operation` VALUES ('44','AG','Cholecystitis',1,'opd_admission',0,NULL,NULL,NULL,NULL,1);
INSERT INTO `oh_operation` VALUES ('45','AG','Abdominal Tumours',1,'opd_admission',0,NULL,NULL,NULL,NULL,1);
INSERT INTO `oh_operation` VALUES ('46','OR','Reduction of fractures',1,'opd_admission',0,NULL,NULL,NULL,NULL,1);
INSERT INTO `oh_operation` VALUES ('47','OR','Upper limb',1,'opd_admission',0,NULL,NULL,NULL,NULL,1);
INSERT INTO `oh_operation` VALUES ('48','OR','Lower limb',1,'opd_admission',0,NULL,NULL,NULL,NULL,1);
INSERT INTO `oh_operation` VALUES ('49','OR','Osteomyelitis - sequestrectomy',1,'opd_admission',0,NULL,NULL,NULL,NULL,1);
INSERT INTO `oh_operation` VALUES ('5','OB','Ruptured uterus',1,'opd_admission',0,NULL,NULL,NULL,NULL,1);
INSERT INTO `oh_operation` VALUES ('50','OS','Incission & drainage',1,'opd_admission',0,NULL,NULL,NULL,NULL,1);
INSERT INTO `oh_operation` VALUES ('51','OS','Debridement',1,'opd_admission',0,NULL,NULL,NULL,NULL,1);
INSERT INTO `oh_operation` VALUES ('52','OS','Mise -a- plat',1,'opd_admission',0,NULL,NULL,NULL,NULL,1);
INSERT INTO `oh_operation` VALUES ('53','OS','Surgical toilet  & suture',1,'opd_admission',0,NULL,NULL,NULL,NULL,1);
INSERT INTO `oh_operation` VALUES ('6','OB','Injured uterus',1,'opd_admission',0,NULL,NULL,NULL,NULL,1);
INSERT INTO `oh_operation` VALUES ('7','OB','Hysterectomy',1,'opd_admission',0,NULL,NULL,NULL,NULL,1);
INSERT INTO `oh_operation` VALUES ('8','OB','Evacuations',1,'opd_admission',0,NULL,NULL,NULL,NULL,1);
INSERT INTO `oh_operation` VALUES ('9','OB','Incomplete abortion',1,'opd_admission',0,NULL,NULL,NULL,NULL,1);
/*!40000 ALTER TABLE `oh_operation` ENABLE KEYS */;
UNLOCK TABLES;

--
-- Table structure for table `oh_operationrow`
--

DROP TABLE IF EXISTS `oh_operationrow`;
/*!40101 SET @saved_cs_client     = @@character_set_client */;
/*!40101 SET character_set_client = utf8mb4 */;
CREATE TABLE `oh_operationrow` (
  `OPER_ID_A` int(11) NOT NULL AUTO_INCREMENT,
  `OPER_OPE_ID_A` varchar(10) NOT NULL,
  `OPER_PRESCRIBER` varchar(150) NOT NULL,
  `OPER_RESULT` varchar(250) NOT NULL,
  `OPER_OPDATE` datetime NOT NULL,
  `OPER_REMARKS` varchar(250) NOT NULL,
  `OPER_ADMISSION_ID` int(11) DEFAULT NULL,
  `OPER_OPD_ID` int(11) DEFAULT NULL,
  `OPER_BILL_ID` int(11) DEFAULT NULL,
  `OPER_TRANS_UNIT` float DEFAULT 0,
  `OPER_CREATED_BY` varchar(50) DEFAULT NULL,
  `OPER_CREATED_DATE` datetime DEFAULT NULL,
  `OPER_LAST_MODIFIED_BY` varchar(50) DEFAULT NULL,
  `OPER_LAST_MODIFIED_DATE` datetime DEFAULT NULL,
  `OPER_ACTIVE` tinyint(1) NOT NULL DEFAULT 1,
  PRIMARY KEY (`OPER_ID_A`),
  KEY `FK_OPERATIONROW_OPERATION_idx` (`OPER_OPE_ID_A`),
  KEY `FK_OPERATIONROW_CREATED_BY_IDX` (`OPER_CREATED_BY`),
  KEY `FK_OPERATIONROW_LAST_MODIFIED_BY_IDX` (`OPER_LAST_MODIFIED_BY`),
  CONSTRAINT `FK_OPERATIONROW_CREATED_BY` FOREIGN KEY (`OPER_CREATED_BY`) REFERENCES `oh_user` (`US_ID_A`) ON DELETE NO ACTION ON UPDATE NO ACTION,
  CONSTRAINT `FK_OPERATIONROW_LAST_MODIFIED_BY` FOREIGN KEY (`OPER_LAST_MODIFIED_BY`) REFERENCES `oh_user` (`US_ID_A`) ON DELETE NO ACTION ON UPDATE NO ACTION,
  CONSTRAINT `FK_OPERATIONROW_OPERATION` FOREIGN KEY (`OPER_OPE_ID_A`) REFERENCES `oh_operation` (`OPE_ID_A`) ON DELETE NO ACTION ON UPDATE NO ACTION
) ENGINE=InnoDB AUTO_INCREMENT=4 DEFAULT CHARSET=utf8mb3 COLLATE=utf8mb3_general_ci;
/*!40101 SET character_set_client = @saved_cs_client */;

--
-- Dumping data for table `oh_operationrow`
--

LOCK TABLES `oh_operationrow` WRITE;
/*!40000 ALTER TABLE `oh_operationrow` DISABLE KEYS */;
INSERT INTO `oh_operationrow` VALUES (1,'38','admin','success','2021-11-09 17:12:39','',NULL,403,NULL,0,NULL,NULL,NULL,NULL,1);
INSERT INTO `oh_operationrow` VALUES (2,'8','admin','success','2024-02-05 00:28:00','',NULL,414,NULL,0,'admin','2024-02-05 00:31:00','admin','2024-02-05 00:31:00',1);
INSERT INTO `oh_operationrow` VALUES (3,'1','admin','success','2024-02-07 00:26:00','',NULL,417,NULL,0,'admin','2024-02-07 00:29:48','admin','2024-02-07 00:29:48',1);
/*!40000 ALTER TABLE `oh_operationrow` ENABLE KEYS */;
UNLOCK TABLES;

--
-- Table structure for table `oh_operationtype`
--

DROP TABLE IF EXISTS `oh_operationtype`;
/*!40101 SET @saved_cs_client     = @@character_set_client */;
/*!40101 SET character_set_client = utf8mb4 */;
CREATE TABLE `oh_operationtype` (
  `OCL_ID_A` char(2) NOT NULL,
  `OCL_DESC` varchar(50) NOT NULL,
  `OCL_TYPE` varchar(20) NOT NULL DEFAULT 'MAJOR',
  `OCL_CREATED_BY` varchar(50) DEFAULT NULL,
  `OCL_CREATED_DATE` datetime DEFAULT NULL,
  `OCL_LAST_MODIFIED_BY` varchar(50) DEFAULT NULL,
  `OCL_LAST_MODIFIED_DATE` datetime DEFAULT NULL,
  `OCL_ACTIVE` tinyint(1) NOT NULL DEFAULT 1,
  PRIMARY KEY (`OCL_ID_A`),
  KEY `FK_OPERATIONTYPE_CREATED_BY_IDX` (`OCL_CREATED_BY`),
  KEY `FK_OPERATIONTYPE_LAST_MODIFIED_BY_IDX` (`OCL_LAST_MODIFIED_BY`),
  CONSTRAINT `FK_OPERATIONTYPE_CREATED_BY` FOREIGN KEY (`OCL_CREATED_BY`) REFERENCES `oh_user` (`US_ID_A`) ON DELETE NO ACTION ON UPDATE NO ACTION,
  CONSTRAINT `FK_OPERATIONTYPE_LAST_MODIFIED_BY` FOREIGN KEY (`OCL_LAST_MODIFIED_BY`) REFERENCES `oh_user` (`US_ID_A`) ON DELETE NO ACTION ON UPDATE NO ACTION
) ENGINE=InnoDB DEFAULT CHARSET=utf8mb3 COLLATE=utf8mb3_general_ci;
/*!40101 SET character_set_client = @saved_cs_client */;

--
-- Dumping data for table `oh_operationtype`
--

LOCK TABLES `oh_operationtype` WRITE;
/*!40000 ALTER TABLE `oh_operationtype` DISABLE KEYS */;
INSERT INTO `oh_operationtype` VALUES ('AG','ABDOMINAL GENERAL SURGERY','MAJOR',NULL,NULL,NULL,NULL,1);
INSERT INTO `oh_operationtype` VALUES ('GY','GYNECOLOGICAL','MAJOR',NULL,NULL,NULL,NULL,1);
INSERT INTO `oh_operationtype` VALUES ('MG','MALE GENITOR-URINARY SYSTEM','MAJOR',NULL,NULL,NULL,NULL,1);
INSERT INTO `oh_operationtype` VALUES ('OB','OBSTETRICAL','MAJOR',NULL,NULL,NULL,NULL,1);
INSERT INTO `oh_operationtype` VALUES ('OR','ORTHOPEDICAL','MAJOR',NULL,NULL,NULL,NULL,1);
INSERT INTO `oh_operationtype` VALUES ('OS','OTHERS: SKIN AND SUBCUTANEOUS','MAJOR',NULL,NULL,NULL,NULL,1);
/*!40000 ALTER TABLE `oh_operationtype` ENABLE KEYS */;
UNLOCK TABLES;

--
-- Table structure for table `oh_patient`
--

DROP TABLE IF EXISTS `oh_patient`;
/*!40101 SET @saved_cs_client     = @@character_set_client */;
/*!40101 SET character_set_client = utf8mb4 */;
CREATE TABLE `oh_patient` (
  `PAT_ID` int(11) NOT NULL AUTO_INCREMENT,
  `PAT_FNAME` varchar(50) NOT NULL,
  `PAT_SNAME` varchar(50) NOT NULL,
  `PAT_NAME` varchar(100) DEFAULT NULL,
  `PAT_BDATE` date DEFAULT NULL,
  `PAT_AGE` int(11) NOT NULL DEFAULT 0,
  `PAT_AGETYPE` varchar(50) NOT NULL DEFAULT '',
  `PAT_SEX` char(1) NOT NULL,
  `PAT_ADDR` varchar(50) DEFAULT NULL,
  `PAT_CITY` varchar(50) NOT NULL,
  `PAT_NEXT_KIN` varchar(50) DEFAULT NULL,
  `PAT_TELE` varchar(50) DEFAULT NULL,
  `PAT_MOTH_NAME` varchar(50) NOT NULL DEFAULT '',
  `PAT_MOTH` char(1) DEFAULT NULL,
  `PAT_FATH_NAME` varchar(50) NOT NULL DEFAULT '',
  `PAT_FATH` char(1) DEFAULT NULL,
  `PAT_LEDU` char(1) DEFAULT NULL,
  `PAT_ESTA` char(1) DEFAULT NULL,
  `PAT_PTOGE` char(1) DEFAULT NULL,
  `PAT_NOTE` text DEFAULT NULL,
  `PAT_DELETED` char(1) NOT NULL DEFAULT 'N',
  `PAT_LOCK` int(11) NOT NULL DEFAULT 0,
  `PAT_BTYPE` varchar(15) NOT NULL DEFAULT 'Unknown',
  `PAT_TAXCODE` varchar(30) DEFAULT '',
  `PAT_TIMESTAMP` timestamp NOT NULL DEFAULT current_timestamp(),
  `PAT_CREATED_BY` varchar(50) DEFAULT NULL,
  `PAT_CREATED_DATE` datetime DEFAULT NULL,
  `PAT_LAST_MODIFIED_BY` varchar(50) DEFAULT NULL,
  `PAT_LAST_MODIFIED_DATE` datetime DEFAULT NULL,
  `PAT_ACTIVE` tinyint(1) NOT NULL DEFAULT 1,
  `PAT_PROFESSION` varchar(50) NOT NULL DEFAULT 'unknown',
  `PAT_MAR_STAT` varchar(50) NOT NULL DEFAULT 'unknown',
  `PAT_PROFILE_PHOTO_ID` int(11) DEFAULT NULL,
  `PAT_ALLERGIES` varchar(255) DEFAULT NULL,
  `PAT_ANAMNESIS` varchar(255) DEFAULT NULL,
  PRIMARY KEY (`PAT_ID`),
  KEY `FK_PATIENT_CREATED_BY_IDX` (`PAT_CREATED_BY`),
  KEY `FK_PATIENT_LAST_MODIFIED_BY_IDX` (`PAT_LAST_MODIFIED_BY`),
  CONSTRAINT `FK_PATIENT_CREATED_BY` FOREIGN KEY (`PAT_CREATED_BY`) REFERENCES `oh_user` (`US_ID_A`) ON DELETE NO ACTION ON UPDATE NO ACTION,
  CONSTRAINT `FK_PATIENT_LAST_MODIFIED_BY` FOREIGN KEY (`PAT_LAST_MODIFIED_BY`) REFERENCES `oh_user` (`US_ID_A`) ON DELETE NO ACTION ON UPDATE NO ACTION
) ENGINE=InnoDB AUTO_INCREMENT=570 DEFAULT CHARSET=utf8mb3 COLLATE=utf8mb3_general_ci;
/*!40101 SET character_set_client = @saved_cs_client */;

--
-- Dumping data for table `oh_patient`
--

LOCK TABLES `oh_patient` WRITE;
/*!40000 ALTER TABLE `oh_patient` DISABLE KEYS */;
INSERT INTO `oh_patient` VALUES (0,'Patient','Null','Patient Null',NULL,0,'-','U','-','-','-','-','-','U','-','U',NULL,'U','U','-','Y',0,'-','-','2020-11-12 16:40:55','admin','2020-11-12 17:40:55',NULL,NULL,1,'unknown','unknown',NULL,NULL,NULL);
INSERT INTO `oh_patient` VALUES (2,'Otello','Gunther','Otello Gunther','1990-09-03',30,'','M','Carringson','Jewel Rd.','','','','\0','','\0','\0','\0','\0','','Y',1,'Unknown','','2020-11-12 16:40:55','admin','2020-11-12 17:40:55',NULL,NULL,1,'unknown','unknown',NULL,NULL,NULL);
INSERT INTO `oh_patient` VALUES (4,'Stronach','Sharon','Stronach Sharon','1984-08-26',36,'','M','Brockton','Newington','','','','\0','','\0','\0','\0','\0','','Y',1,'Unknown','','2020-11-12 16:40:55','admin','2020-11-12 17:40:55',NULL,NULL,1,'unknown','unknown',NULL,NULL,NULL);
INSERT INTO `oh_patient` VALUES (5,'Merrihew','Pamila','Merrihew Pamila','1986-05-15',34,'','M','Memorial Road','Road','','+120975757','','U','','U','\0','U','U','','N',2,'Unknown','','2020-11-12 16:40:55','admin','2020-11-12 17:40:55','admin','2020-11-21 23:05:35',1,'unknown','unknown',NULL,NULL,NULL);
INSERT INTO `oh_patient` VALUES (16,'Justin','Frederick','Justin Frederick','1955-07-30',65,'','M','Kernigan','Long Road - 58','','+343341314','','U','','U','\0','U','U','','N',2,'Unknown','','2020-11-12 16:40:55','admin','2020-11-12 17:40:55','admin','2021-11-09 14:58:39',1,'unknown','unknown',NULL,NULL,NULL);
INSERT INTO `oh_patient` VALUES (42,'Anthon','Geremy','Anthon Geremy','1986-08-04',34,'','M','Winnipeg','Westerton Road','','','','\0','','\0','\0','\0','\0','','N',0,'Unknown','','2020-11-12 16:40:55','admin','2020-11-12 17:40:55',NULL,NULL,1,'unknown','unknown',NULL,NULL,NULL);
INSERT INTO `oh_patient` VALUES (43,'Leavell','Frederick','Leavell Frederick','1985-01-19',35,'','M','Hartford','Norwalk','','','','U','','U','\0','U','U','','N',1,'Unknown','','2020-11-12 16:40:55','admin','2020-11-12 17:40:55','admin','2021-11-09 17:41:27',1,'unknown','unknown',NULL,NULL,NULL);
INSERT INTO `oh_patient` VALUES (44,'Chick','Ossie','Chick Ossie','1962-02-02',58,'','M','Oak street 5','Norwalk','','+24521666','','U','','U','\0','U','U','','N',3,'A+','','2020-11-12 16:40:55','admin','2020-11-12 17:40:55','admin','2021-03-15 12:16:09',1,'unknown','married',NULL,NULL,NULL);
INSERT INTO `oh_patient` VALUES (45,'Pickford','Frederick','Pickford Frederick','1970-03-29',50,'','M','Parkhurst','Norwich','','','','\0','','\0','\0','\0','\0','','N',1,'Unknown','','2020-11-12 16:40:55','admin','2020-11-12 17:40:55',NULL,NULL,1,'unknown','unknown',NULL,NULL,NULL);
INSERT INTO `oh_patient` VALUES (46,'Bardsley','Zenaida','Bardsley Zenaida','1970-01-27',50,'','M','Memorial Road 01','Ramonville','','','','U','','U','\0','U','U','','N',1,'Unknown','','2020-11-12 16:40:55','admin','2020-11-12 17:40:55','admin','2020-11-21 23:05:03',1,'unknown','unknown',NULL,NULL,NULL);
INSERT INTO `oh_patient` VALUES (47,'Graney','Almedan','Graney Almedan','1948-06-04',72,'','M','Brooksby','Putnam','','+6525235325','','U','','U','\0','U','U','','N',1,'Unknown','','2020-11-12 16:40:55','admin','2020-11-12 17:40:55','admin','2021-11-09 14:58:51',1,'unknown','unknown',NULL,NULL,NULL);
INSERT INTO `oh_patient` VALUES (48,'Ackman','Sammy','Ackman Sammy','1985-03-18',35,'','M','Fairhaven St. N 1','Shelton','','','','U','','U','\0','U','U','','N',1,'Unknown','','2020-11-12 16:40:55','admin','2020-11-12 17:40:55','admin','2021-08-17 15:19:00',1,'unknown','unknown',NULL,NULL,NULL);
INSERT INTO `oh_patient` VALUES (49,'Doepke','Jeannus','Doepke Jeannus','1988-07-21',32,'','M','William','Southington','','','','\0','','\0','\0','\0','\0','','N',0,'Unknown','','2020-11-12 16:40:55','admin','2020-11-12 17:40:55',NULL,NULL,1,'unknown','unknown',NULL,NULL,NULL);
INSERT INTO `oh_patient` VALUES (50,'Delpino','Teenyo','Delpino Teenyo','1940-06-11',80,'','M','Worcester st. 11','Cutley city','','','','U','','U','\0','U','U','','N',4,'Unknown','','2020-11-12 16:40:55','admin','2020-11-12 17:40:55','admin','2021-11-09 17:41:35',1,'unknown','unknown',NULL,NULL,NULL);
INSERT INTO `oh_patient` VALUES (51,'Abramo','Oliver','Abramo Oliver','1950-07-07',70,'','M','Timpany','Torrington','','+5113212343','','U','','U','\0','U','U','','N',1,'Unknown','','2020-11-12 16:40:55','admin','2020-11-12 17:40:55','admin','2021-11-09 18:17:15',1,'unknown','unknown',NULL,NULL,NULL);
INSERT INTO `oh_patient` VALUES (52,'Hillman','Zenaida','Hillman Zenaida','1996-05-16',24,'','M','Russell road 4','Wellington','','','','U','','U','\0','U','U','','N',1,'Unknown','','2020-11-12 16:40:55','admin','2020-11-12 17:40:55','admin','2021-03-15 14:27:18',1,'unknown','unknown',NULL,NULL,NULL);
INSERT INTO `oh_patient` VALUES (53,'Navarro','Randee','Navarro Randee','1970-04-10',50,'','M','Plymouth','Waterbury','','','','\0','','\0','\0','\0','\0','','N',0,'Unknown','','2020-11-12 16:40:55','admin','2020-11-12 17:40:55',NULL,NULL,1,'unknown','unknown',NULL,NULL,NULL);
INSERT INTO `oh_patient` VALUES (54,'Demaree','Lauran','Demaree Lauran','2009-03-19',11,'','M','Washington St. 11','Ramonville','','+4178844','','U','','U','\0','U','U','','N',1,'Unknown','','2020-11-12 16:40:55','admin','2020-11-12 17:40:55','admin','2020-11-21 23:05:20',1,'unknown','unknown',NULL,NULL,NULL);
INSERT INTO `oh_patient` VALUES (55,'Julietta','Eslinger','Julietta Eslinger','1991-03-14',29,'','M','Washington','West','','','','U','','U','\0','U','U','','N',1,'Unknown','','2020-11-12 16:40:55','admin','2020-11-12 17:40:55','admin','2021-11-09 14:58:25',1,'unknown','unknown',NULL,NULL,NULL);
INSERT INTO `oh_patient` VALUES (56,'Pundt','Estell','Pundt Estell','1990-04-23',30,'','M','Soojian','Adamsville','','','','\0','','\0','\0','\0','\0','','N',0,'Unknown','','2020-11-12 16:40:55','admin','2020-11-12 17:40:55',NULL,NULL,1,'unknown','unknown',NULL,NULL,NULL);
INSERT INTO `oh_patient` VALUES (57,'Demeter','Celsa','Demeter Celsa','1964-01-30',56,'','M','Jungle way 10','Pkwy','','','','U','','U','\0','U','U','','N',1,'Unknown','','2020-11-12 16:40:55','admin','2020-11-12 17:40:55','admin','2021-03-15 14:27:03',1,'unknown','unknown',NULL,NULL,NULL);
INSERT INTO `oh_patient` VALUES (58,'Nesmith','Ashlyn','Nesmith Ashlyn','1982-04-02',38,'','M','Massy District N. 5','West Ampala','','','','U','','U','\0','U','U','','N',1,'Unknown','','2020-11-12 16:40:55','admin','2020-11-12 17:40:55','admin','2021-08-17 15:19:39',1,'unknown','unknown',NULL,NULL,NULL);
INSERT INTO `oh_patient` VALUES (59,'Winkel','Gertha','Winkel Gertha','2005-02-25',15,'','M','Lynnway','Andalusia','','','','\0','','\0','\0','\0','\0','','N',0,'Unknown','','2020-11-12 16:40:55','admin','2020-11-12 17:40:55',NULL,NULL,1,'unknown','unknown',NULL,NULL,NULL);
INSERT INTO `oh_patient` VALUES (60,'Berlin','Traciet','Berlin Traciet','1980-10-15',40,'','M','Pleasant','Anniston','','','','U','','U','\0','U','U','','N',1,'Unknown','','2020-11-12 16:40:55','admin','2020-11-12 17:40:55','admin','2021-11-09 17:41:20',1,'unknown','unknown',NULL,NULL,NULL);
INSERT INTO `oh_patient` VALUES (61,'Dresser','Hugh','Dresser Hugh','1975-02-25',45,'','M','Currdn garden','Matu','','+565555158','','U','','U','\0','U','U','','N',2,'A+','','2020-11-12 16:40:55','admin','2020-11-12 17:40:55','admin','2021-11-09 17:41:53',1,'unknown','married',NULL,NULL,NULL);
INSERT INTO `oh_patient` VALUES (62,'Poch','Jonna','Poch Jonna','2010-10-24',10,'','M','General','House','','','','\0','','\0','\0','\0','\0','','N',0,'Unknown','','2020-11-12 16:40:55','admin','2020-11-12 17:40:55',NULL,NULL,1,'unknown','unknown',NULL,NULL,NULL);
INSERT INTO `oh_patient` VALUES (63,'Kinnison','Geneva','Kinnison Geneva','1974-04-11',46,'','M','State road 66','Laskso','','','','U','','U','\0','U','U','','N',1,'Unknown','','2020-11-12 16:40:55','admin','2020-11-12 17:40:55','admin','2021-03-15 12:15:44',1,'unknown','unknown',NULL,NULL,NULL);
INSERT INTO `oh_patient` VALUES (64,'Niccum','Ezra','Niccum Ezra','2008-07-18',12,'','M','Main Street 9','Canary Island','','+6522333','','U','','U','\0','U','U','','N',1,'A-','','2020-11-12 16:40:55','admin','2020-11-12 17:40:55','admin','2021-03-15 14:26:50',1,'unknown','unknown',NULL,NULL,NULL);
INSERT INTO `oh_patient` VALUES (65,'Horwitz','Stuart','Horwitz Stuart','2008-03-17',12,'','M','Main Rd 03','Bay','','','','U','','U','\0','U','U','','N',1,'Unknown','','2020-11-12 16:40:55','admin','2020-11-12 17:40:55','admin','2021-03-15 14:27:57',1,'unknown','unknown',NULL,NULL,NULL);
INSERT INTO `oh_patient` VALUES (66,'Liller','Trudie','Liller Trudie','1975-03-06',45,'','M','Otis ave n. 1','Bessemer','','','','U','','U','\0','U','U','','N',1,'Unknown','','2020-11-12 16:40:55','admin','2020-11-12 17:40:55','admin','2021-11-09 18:20:30',1,'unknown','unknown',NULL,NULL,NULL);
INSERT INTO `oh_patient` VALUES (67,'Tobias','Dimaggio','Tobias Dimaggio','1992-03-24',28,'','M','North Street 10','Birmingham','','+09765713','','U','','U','\0','U','U','','N',1,'Unknown','','2020-11-12 16:40:55','admin','2020-11-12 17:40:55','admin','2020-11-21 23:04:47',1,'unknown','unknown',NULL,NULL,NULL);
INSERT INTO `oh_patient` VALUES (68,'Cripe','Forrest','Cripe Forrest','1988-07-21',32,'','M','East','Birmingham','','','','\0','','\0','\0','\0','\0','','N',0,'Unknown','','2020-11-12 16:40:55','admin','2020-11-12 17:40:55',NULL,NULL,1,'unknown','unknown',NULL,NULL,NULL);
INSERT INTO `oh_patient` VALUES (69,'Sherwood','Arica','Sherwood Arica','1985-05-26',35,'','M','Hubbard','Prospect','','','','\0','','\0','\0','\0','\0','','N',0,'Unknown','','2020-11-12 16:40:55','admin','2020-11-12 17:40:55',NULL,NULL,1,'unknown','unknown',NULL,NULL,NULL);
INSERT INTO `oh_patient` VALUES (70,'Kenny','Anzany','Kenny Anzany','1995-04-17',25,'','M','Colony Place 67','Gold Town','','+5252332','','U','','U','\0','U','U','','N',1,'AB+','','2020-11-12 16:40:55','admin','2020-11-12 17:40:55','admin','2021-03-15 14:26:23',1,'unknown','single',NULL,NULL,NULL);
INSERT INTO `oh_patient` VALUES (71,'Lant','Lynell','Lant Lynell','1969-03-23',51,'','M','Falls Road 1','Boston','','','','U','','U','\0','U','U','','N',1,'Unknown','','2020-11-12 16:40:55','admin','2020-11-12 17:40:55','admin','2021-08-17 15:19:47',1,'unknown','unknown',NULL,NULL,NULL);
INSERT INTO `oh_patient` VALUES (72,'Doak','Arminda','Doak Arminda','1994-03-11',26,'','M','Paramount ave. 151','Dixwell','','+5412123213','','U','','U','\0','U','U','','N',1,'Unknown','','2020-11-12 16:40:55','admin','2020-11-12 17:40:55','admin','2021-11-09 17:32:07',1,'unknown','unknown',NULL,NULL,NULL);
INSERT INTO `oh_patient` VALUES (73,'Elton','Mcnaught','Elton Mcnaught','1992-03-30',28,'','M','Highland','Flatbush','','','','\0','','\0','\0','\0','\0','','N',0,'Unknown','','2020-11-12 16:40:55','admin','2020-11-12 17:40:55',NULL,NULL,1,'unknown','unknown',NULL,NULL,NULL);
INSERT INTO `oh_patient` VALUES (74,'Vivienne','Stryker','Vivienne Stryker','1994-08-04',26,'','F','Fall','River','','+01848481','','U','','U','\0','U','U','','N',1,'Unknown','','2020-11-12 16:40:55','admin','2020-11-12 17:40:55','admin','2020-11-21 23:05:49',1,'unknown','unknown',NULL,NULL,NULL);
INSERT INTO `oh_patient` VALUES (75,'Elvera','Crutcher','Elvera Crutcher','1973-07-17',47,'','F','Bostonridget 92','Buckland','','','','U','','U','\0','U','U','','N',1,'Unknown','','2020-11-12 16:40:55','admin','2020-11-12 17:40:55','admin','2021-08-17 15:18:50',1,'unknown','unknown',NULL,NULL,NULL);
INSERT INTO `oh_patient` VALUES (76,'Debby','Messinger','Debby Messinger','1990-01-25',30,'','F','Charlton st','Boston','','','','U','','U','\0','U','U','','N',1,'Unknown','','2020-11-12 16:40:55','admin','2020-11-12 17:40:55','admin','2021-08-17 15:18:34',1,'unknown','unknown',NULL,NULL,NULL);
INSERT INTO `oh_patient` VALUES (77,'Hauery','Mana','Hauery Mana','1960-04-26',60,'','F','Swansea','New Town','','+12.1221211','','U','','U','\0','U','U','','N',1,'Unknown','','2020-11-12 16:40:55','admin','2020-11-12 17:40:55','admin','2021-08-17 15:18:27',1,'unknown','unknown',NULL,NULL,NULL);
INSERT INTO `oh_patient` VALUES (78,'Valeria','Swindler','Valeria Swindler','1988-07-07',32,'','F','Main rd 88','Foxon','','','','U','','U','\0','U','U','','N',1,'Unknown','','2020-11-12 16:40:55','admin','2020-11-12 17:40:55','admin','2021-03-15 14:27:46',1,'unknown','unknown',NULL,NULL,NULL);
INSERT INTO `oh_patient` VALUES (79,'Veloz','Su','Veloz Su','1942-10-04',78,'','F','Providence','Danbury','','','','\0','','\0','\0','\0','\0','','N',0,'Unknown','','2020-11-12 16:40:55','admin','2020-11-12 17:40:55',NULL,NULL,1,'unknown','unknown',NULL,NULL,NULL);
INSERT INTO `oh_patient` VALUES (80,'Dame','Joyce','Dame Joyce','1964-07-21',56,'','F','Palmer way 5','Berlin','','','','U','','U','\0','U','U','','N',1,'Unknown','','2020-11-12 16:40:55','admin','2020-11-12 17:40:55','admin','2021-03-15 14:28:09',1,'unknown','unknown',NULL,NULL,NULL);
INSERT INTO `oh_patient` VALUES (81,'Terresa','Tolmann','Terresa Tolmann','1962-06-13',58,'','F','Cranberry','Boston','','','','\0','','\0','\0','\0','\0','','N',0,'Unknown','','2020-11-12 16:40:55','admin','2020-11-12 17:40:55',NULL,NULL,1,'unknown','unknown',NULL,NULL,NULL);
INSERT INTO `oh_patient` VALUES (82,'Odette','Kerry','Odette Kerry','1959-07-15',61,'','F','Furry Rt','Main','','+23123211','','U','','U','\0','U','U','','N',1,'Unknown','','2020-11-12 16:40:55','admin','2020-11-12 17:40:55','admin','2020-11-20 14:47:59',1,'unknown','unknown',NULL,NULL,NULL);
INSERT INTO `oh_patient` VALUES (83,'Ruley','Kacie','Ruley Kacie','1960-06-20',60,'','F','Washington','Connecticut','','','','\0','','\0','\0','\0','\0','','N',0,'Unknown','','2020-11-12 16:40:55','admin','2020-11-12 17:40:55',NULL,NULL,1,'unknown','unknown',NULL,NULL,NULL);
INSERT INTO `oh_patient` VALUES (84,'Lisa','Broeckel','Lisa Broeckel','2006-09-09',14,'','F','Cranberry','Salem','','+65223434','','U','','U','\0','U','U','','N',1,'Unknown','','2020-11-12 16:40:55','admin','2020-11-12 17:40:55','admin','2021-11-09 14:59:12',1,'unknown','unknown',NULL,NULL,NULL);
INSERT INTO `oh_patient` VALUES (85,'Threadgill','Mack','Threadgill Mack','1960-05-11',60,'','F','Clifton','Boston','','','','\0','','\0','\0','\0','\0','','N',0,'Unknown','','2020-11-12 16:40:55','admin','2020-11-12 17:40:55',NULL,NULL,1,'unknown','unknown',NULL,NULL,NULL);
INSERT INTO `oh_patient` VALUES (86,'Veronique','Fountain','Veronique Fountain','1960-07-01',60,'','F','Old Avenue','Scholton','','','','U','','U','\0','U','U','','N',1,'B-','','2020-11-12 16:40:55','admin','2020-11-12 17:40:55','admin','2021-03-15 22:16:28',1,'unknown','widowed',NULL,NULL,NULL);
INSERT INTO `oh_patient` VALUES (87,'Cypher','Marica','Cypher Marica','1980-07-21',40,'','F','Grant Rd 1','Town','','','','U','','U','\0','U','U','','N',1,'Unknown','','2020-11-12 16:40:55','admin','2020-11-12 17:40:55','admin','2021-03-15 22:16:45',1,'unknown','unknown',NULL,NULL,NULL);
INSERT INTO `oh_patient` VALUES (88,'Pohlman','Margot','Pohlman Margot','1973-05-28',47,'','F','Veterans','Bridgeport','','','','\0','','\0','\0','\0','\0','','N',0,'Unknown','','2020-11-12 16:40:55','admin','2020-11-12 17:40:55',NULL,NULL,1,'unknown','unknown',NULL,NULL,NULL);
INSERT INTO `oh_patient` VALUES (89,'Orbison','An','Orbison An','1972-04-28',48,'','F','Brockport St 11','Queen','','+67344441','','U','','U','\0','U','U','','N',1,'Unknown','','2020-11-12 16:40:55','admin','2020-11-12 17:40:55','admin','2020-11-21 23:04:34',1,'unknown','unknown',NULL,NULL,NULL);
INSERT INTO `oh_patient` VALUES (90,'Thomas','Shawn','Thomas Shawn','1960-05-08',60,'','F','West','Barnum','','','','\0','','\0','\0','\0','\0','','N',0,'Unknown','','2020-11-12 16:40:55','admin','2020-11-12 17:40:55',NULL,NULL,1,'unknown','unknown',NULL,NULL,NULL);
INSERT INTO `oh_patient` VALUES (91,'Cofield','Brynn','Cofield Brynn','1987-09-28',33,'','F','County','Torringford','','','','\0','','\0','\0','\0','\0','','N',0,'Unknown','','2020-11-12 16:40:55','admin','2020-11-12 17:40:55',NULL,NULL,1,'unknown','unknown',NULL,NULL,NULL);
INSERT INTO `oh_patient` VALUES (92,'Kendricks','Dewitt','Kendricks Dewitt','2004-02-22',16,'','F','Catskill','Kucwiny','','','','\0','','\0','\0','\0','\0','','N',0,'Unknown','','2020-11-12 16:40:55','admin','2020-11-12 17:40:55',NULL,NULL,1,'unknown','unknown',NULL,NULL,NULL);
INSERT INTO `oh_patient` VALUES (93,'Call','Pearle','Call Pearle','2002-01-31',18,'','F','Centereach Village N. 1312','NY','','','','U','','U','\0','U','U','','N',1,'Unknown','','2020-11-12 16:40:55','admin','2020-11-12 17:40:55','admin','2021-08-17 15:19:57',1,'unknown','unknown',NULL,NULL,NULL);
INSERT INTO `oh_patient` VALUES (94,'Wiseman','Lynna','Wiseman Lynna','1998-10-08',22,'','F','East Way 1','Commack','','','','U','','U','\0','U','U','','N',1,'Unknown','','2020-11-12 16:40:55','admin','2020-11-12 17:40:55','admin','2021-03-15 14:34:08',1,'unknown','unknown',NULL,NULL,NULL);
INSERT INTO `oh_patient` VALUES (95,'Moad','Renee','Moad Renee','1992-04-09',28,'','F','Thruway Avenue 521','NY - New York','','+1.1.679244521','','U','','U','\0','U','U','','N',1,'Unknown','','2020-11-12 16:40:55','admin','2020-11-12 17:40:55','admin','2021-08-17 15:20:24',1,'unknown','unknown',NULL,NULL,NULL);
INSERT INTO `oh_patient` VALUES (96,'Holaday','Rodney','Holaday Rodney','2002-08-21',18,'','F','Brewerton','Greenbush','','','','\0','','\0','\0','\0','\0','','N',0,'Unknown','','2020-11-12 16:40:55','admin','2020-11-12 17:40:55',NULL,NULL,1,'unknown','unknown',NULL,NULL,NULL);
INSERT INTO `oh_patient` VALUES (97,'Gudger','Fermin','Gudger Fermin','1958-09-10',62,'','F','Transit','Newburgh','','','','\0','','\0','\0','\0','\0','','N',0,'Unknown','','2020-11-12 16:40:55','admin','2020-11-12 17:40:55',NULL,NULL,1,'unknown','unknown',NULL,NULL,NULL);
INSERT INTO `oh_patient` VALUES (98,'Clarissa','Grund','Clarissa Grund','1986-09-04',34,'','F','New St. 1','Newburgh','','','','U','','U','\0','U','U','','N',1,'Unknown','','2020-11-12 16:40:55','admin','2020-11-12 17:40:55','admin','2021-11-09 14:59:35',1,'unknown','unknown',NULL,NULL,NULL);
INSERT INTO `oh_patient` VALUES (99,'Jezierski','Jarvis','Jezierski Jarvis','1976-06-12',44,'','F','Eeri Place rd 12','Branford','','+55350988','','U','','U','\0','U','U','','N',3,'Unknown','','2020-11-12 16:40:55','admin','2020-11-12 17:40:55','admin','2020-11-21 23:04:21',1,'unknown','unknown',NULL,NULL,NULL);
INSERT INTO `oh_patient` VALUES (100,'Carletta','Christman','Carletta Christman','1960-02-26',60,'','F','Branford rd','Bristol North','','','','U','','U','\0','U','U','','N',1,'Unknown','','2020-11-12 16:40:55','admin','2020-11-12 17:40:55','admin','2021-08-17 15:18:14',1,'unknown','unknown',NULL,NULL,NULL);
INSERT INTO `oh_patient` VALUES (101,'Criselda','Tomann','Criselda Tomann','1970-03-14',50,'','F','Cromwell street','Bristol North','','','','U','','U','\0','U','U','','N',1,'Unknown','','2020-11-12 16:40:55','admin','2020-11-12 17:40:55','admin','2021-08-17 15:18:03',1,'unknown','unknown',NULL,NULL,NULL);
INSERT INTO `oh_patient` VALUES (102,'Doke','Joni','Doke Joni','2000-07-01',20,'','F','Cromwell','Danbury','','','','\0','','\0','\0','\0','\0','','N',0,'Unknown','','2020-11-12 16:40:55','admin','2020-11-12 17:40:55',NULL,NULL,1,'unknown','unknown',NULL,NULL,NULL);
INSERT INTO `oh_patient` VALUES (103,'Burris','Ranae','Burris Ranae','1974-03-16',46,'','F','Danbury ave','Dansington','','+4132213213','','U','','U','\0','U','U','','N',1,'Unknown','','2020-11-12 16:40:55','admin','2020-11-12 17:40:55','admin','2021-11-09 18:20:52',1,'unknown','unknown',NULL,NULL,NULL);
INSERT INTO `oh_patient` VALUES (104,'Linda','Tarah','Linda Tarah','1986-04-24',34,'','F','Avenue Wide Garden 4','Springfield','','+511131','','U','','U','\0','U','U','','N',1,'0-','','2020-11-12 16:40:55','admin','2020-11-12 17:40:55','admin','2021-03-15 14:28:59',1,'unknown','married',NULL,NULL,NULL);
INSERT INTO `oh_patient` VALUES (105,'Stano','Karolyn','Stano Karolyn','1964-01-27',56,'','F','Road Wy 7','Hwy Town','','','','U','','U','\0','U','U','','N',1,'Unknown','','2020-11-12 16:40:55','admin','2020-11-12 17:40:55','admin','2021-03-15 14:29:13',1,'unknown','unknown',NULL,NULL,NULL);
INSERT INTO `oh_patient` VALUES (106,'Singley','Lola','Singley Lola','1970-03-15',50,'','F','Highway Road','Junly','','','','U','','U','\0','U','U','','N',1,'Unknown','','2020-11-12 16:40:55','admin','2020-11-12 17:40:55','admin','2021-03-15 14:29:34',1,'unknown','unknown',NULL,NULL,NULL);
INSERT INTO `oh_patient` VALUES (107,'Reanna','Rumfelt','Reanna Rumfelt','1960-09-30',60,'','F','Road 56','Hamden village','','','','U','','U','\0','U','U','','N',1,'Unknown','','2020-11-12 16:40:55','admin','2020-11-12 17:40:55','admin','2021-11-09 17:31:52',1,'unknown','unknown',NULL,NULL,NULL);
INSERT INTO `oh_patient` VALUES (108,'Ivery','Hyman','Ivery Hyman','1980-08-17',40,'','F','Hamden Rd 89','Hartford','','+3451231\\234','','U','','U','\0','U','U','','N',1,'Unknown','','2020-11-12 16:40:55','admin','2020-11-12 17:40:55','admin','2020-11-21 23:04:03',1,'unknown','unknown',NULL,NULL,NULL);
INSERT INTO `oh_patient` VALUES (109,'Ingrassia','Malena','Ingrassia Malena','1990-11-03',30,'','F','Hartford','Lisbon','','','','\0','','\0','\0','\0','\0','','N',0,'Unknown','','2020-11-12 16:40:55','admin','2020-11-12 17:40:55',NULL,NULL,1,'unknown','unknown',NULL,NULL,NULL);
INSERT INTO `oh_patient` VALUES (110,'Lena','Howard','Lena Howard','1960-08-19',60,'','F','Gardenia corner','Nebbi','','+2144112','','U','','U','\0','U','U','','N',2,'0-','','2020-11-12 16:40:55','admin','2020-11-12 17:40:55','admin','2021-03-15 22:18:23',1,'unknown','divorced',NULL,NULL,NULL);
INSERT INTO `oh_patient` VALUES (111,'Roberta','Torie','Roberta Torie','1980-08-06',40,'','F','Uerey','Nebbi','','','','U','','U','\0','U','U','','N',1,'Unknown','','2020-11-12 16:40:55','admin','2020-11-12 17:40:55','admin','2021-11-09 17:41:00',1,'unknown','unknown',NULL,NULL,NULL);
INSERT INTO `oh_patient` VALUES (112,'Hale','Nichol','Hale Nichol','1960-03-20',60,'','F','New Road 1','koch','','','','U','','U','\0','U','U','','N',1,'Unknown','','2020-11-12 16:40:55','admin','2020-11-12 17:40:55','admin','2021-03-15 12:15:28',1,'unknown','unknown',NULL,NULL,NULL);
INSERT INTO `oh_patient` VALUES (113,'Nicolette','Monkey','Nicolette Monkey','1960-01-28',60,'','F','New Road 1','Laju','','+5234111','','U','','U','\0','U','U','','N',1,'A+','','2020-11-12 16:40:55','admin','2020-11-12 17:40:55','admin','2021-03-15 14:29:56',1,'unknown','widowed',NULL,NULL,NULL);
INSERT INTO `oh_patient` VALUES (114,'Madeleine','Hoagland','Madeleine Hoagland','1984-06-30',36,'','F','New Rd 67','Pabego','','','','U','','U','\0','U','U','','N',1,'Unknown','','2020-11-12 16:40:55','admin','2020-11-12 17:40:55','admin','2021-03-15 14:30:03',1,'unknown','unknown',NULL,NULL,NULL);
INSERT INTO `oh_patient` VALUES (115,'Lida','Tussey','Lida Tussey','1960-07-28',60,'','F','New Street 8','Koch Abira','','','','U','','U','\0','U','U','','N',1,'Unknown','','2020-11-12 16:40:55','admin','2020-11-12 17:40:55','admin','2021-03-15 14:30:13',1,'unknown','unknown',NULL,NULL,NULL);
INSERT INTO `oh_patient` VALUES (116,'Nieves','Julietta','Nieves Julietta','1944-07-05',76,'','F','Newington Road 44','Acwala','','+123144','','U','','U','\0','U','U','','N',1,'Unknown','','2020-11-12 16:40:55','admin','2020-11-12 17:40:55','admin','2020-11-21 23:06:03',1,'unknown','unknown',NULL,NULL,NULL);
INSERT INTO `oh_patient` VALUES (117,'Natera','Rickie','Natera Rickie','1996-10-11',24,'','F','Wide Road 55','Kigwela','','+212144412','','U','','U','\0','U','U','','N',1,'0-','','2020-11-12 16:40:55','admin','2020-11-12 17:40:55','admin','2021-03-15 22:15:42',1,'unknown','single',NULL,NULL,NULL);
INSERT INTO `oh_patient` VALUES (118,'Elvira','Milstead','Elvira Milstead','1985-09-02',35,'','F','Norwalk','Keramia','','','','\0','','\0','\0','\0','\0','','N',0,'Unknown','','2020-11-12 16:40:55','admin','2020-11-12 17:40:55',NULL,NULL,1,'unknown','unknown',NULL,NULL,NULL);
INSERT INTO `oh_patient` VALUES (119,'Linehan','Jed','Linehan Jed','1971-02-26',49,'','F','Norwalk','Nebbi Town','','','','\0','','\0','\0','\0','\0','','N',0,'Unknown','','2020-11-12 16:40:55','admin','2020-11-12 17:40:55',NULL,NULL,1,'unknown','unknown',NULL,NULL,NULL);
INSERT INTO `oh_patient` VALUES (120,'Jenny','Gaynelle','Jenny Gaynelle','2007-05-15',13,'','F','Norwich Place N. 5/a','Nyacara','','+5424135413','','U','','U','\0','U','U','','N',1,'Unknown','','2020-11-12 16:40:55','admin','2020-11-12 17:40:55','admin','2021-11-09 14:59:57',1,'unknown','unknown',NULL,NULL,NULL);
INSERT INTO `oh_patient` VALUES (121,'Rathke','Michiko','Rathke Michiko','1960-07-07',60,'','F','Rd garden n.1','Ocego','','+41241122','','U','','U','\0','U','U','','N',1,'AB-','','2020-11-12 16:40:55','admin','2020-11-12 17:40:55','admin','2021-03-15 14:34:35',1,'unknown','widowed',NULL,NULL,NULL);
INSERT INTO `oh_patient` VALUES (122,'Ellis','Johnathon','Ellis Johnathon','1984-08-06',36,'','F','Putnam','Pawong','','','','\0','','\0','\0','\0','\0','','N',0,'Unknown','','2020-11-12 16:40:55','admin','2020-11-12 17:40:55',NULL,NULL,1,'unknown','unknown',NULL,NULL,NULL);
INSERT INTO `oh_patient` VALUES (123,'Jansson','Yahaira','Jansson Yahaira','1963-07-30',57,'','F','Main Rd 1','Akesi','','+0914411','','U','','U','\0','U','U','','N',1,'Unknown','','2020-11-12 16:40:55','admin','2020-11-12 17:40:55','admin','2020-11-21 23:06:16',1,'unknown','unknown',NULL,NULL,NULL);
INSERT INTO `oh_patient` VALUES (124,'Margerite','Greenburg','Margerite Greenburg','1975-03-25',45,'','F','Shelton','Akesi village','','+6166121','','U','','U','\0','U','U','','N',1,'Unknown','','2020-11-12 16:40:55','admin','2020-11-12 17:40:55','admin','2021-11-09 18:27:20',1,'unknown','unknown',NULL,NULL,NULL);
INSERT INTO `oh_patient` VALUES (125,'Muldoon','Kristie','Muldoon Kristie','1986-03-12',34,'','F','Southington','Patek','','','','\0','','\0','\0','\0','\0','','N',0,'Unknown','','2020-11-12 16:40:55','admin','2020-11-12 17:40:55',NULL,NULL,1,'unknown','unknown',NULL,NULL,NULL);
INSERT INTO `oh_patient` VALUES (126,'Julia','Denice','Julia Denice','1987-03-25',33,'','F','Cutoff','Jupayanga','','','','\0','','\0','\0','\0','\0','','N',0,'Unknown','','2020-11-12 16:40:55','admin','2020-11-12 17:40:55',NULL,NULL,1,'unknown','unknown',NULL,NULL,NULL);
INSERT INTO `oh_patient` VALUES (127,'Shana','Yoner','Shana Yoner','1988-07-11',32,'','F','Berlin place','Juputhwol','','','','U','','U','\0','U','U','','N',1,'Unknown','','2020-11-12 16:40:55','admin','2020-11-12 17:40:55','admin','2021-08-17 15:17:16',1,'unknown','unknown',NULL,NULL,NULL);
INSERT INTO `oh_patient` VALUES (128,'May','Elsy','May Elsy','1958-03-31',62,'','F','Boston','Nebbi boma','','','','\0','','\0','\0','\0','\0','','N',0,'Unknown','','2020-11-12 16:40:55','admin','2020-11-12 17:40:55',NULL,NULL,1,'unknown','unknown',NULL,NULL,NULL);
INSERT INTO `oh_patient` VALUES (129,'Knupp','Eric','Knupp Eric','1952-06-09',68,'','F','Main Road 6','Nyacara','','+05478146','','U','','U','\0','U','U','','N',1,'Unknown','','2020-11-12 16:40:55','admin','2020-11-12 17:40:55','admin','2020-11-21 23:03:52',1,'unknown','unknown',NULL,NULL,NULL);
INSERT INTO `oh_patient` VALUES (130,'Otha','Duer','Otha Duer','1995-08-02',25,'','F','Conn St','Anosi (VA)','','','','U','','U','\0','U','U','','N',1,'Unknown','','2020-11-12 16:40:55','admin','2020-11-12 17:40:55','admin','2021-08-17 15:17:30',1,'unknown','unknown',NULL,NULL,NULL);
INSERT INTO `oh_patient` VALUES (131,'Shultz','Ardis','Shultz Ardis','1970-09-30',50,'','F','Salem street','Opano','','','','U','','U','\0','U','U','','N',1,'Unknown','','2020-11-12 16:40:55','admin','2020-11-12 17:40:55','admin','2020-11-20 14:29:58',1,'unknown','unknown',NULL,NULL,NULL);
INSERT INTO `oh_patient` VALUES (132,'Eckhart','Idalia','Eckhart Idalia','1980-04-17',40,'','M','Boston avenue','Singla','','','','U','','U','\0','U','U','','N',4,'Unknown','','2020-11-12 16:40:55','admin','2020-11-12 17:40:55','admin','2020-11-20 14:29:48',1,'unknown','unknown',NULL,NULL,NULL);
INSERT INTO `oh_patient` VALUES (133,'Eklund','Archie','Eklund Archie','1994-10-26',26,'','M','School Place 7','Aluka','','','','U','','U','\0','U','U','','N',1,'Unknown','','2020-11-12 16:40:55','admin','2020-11-12 17:40:55','admin','2021-03-15 14:30:22',1,'unknown','unknown',NULL,NULL,NULL);
INSERT INTO `oh_patient` VALUES (134,'Andersen','Tawnya','Andersen Tawnya','1952-09-16',68,'','M','Bridgeport n. 11','Nyapii','','+1114431','','U','','U','\0','U','U','','N',1,'Unknown','','2020-11-12 16:40:55','admin','2020-11-12 17:40:55','admin','2021-11-09 18:27:37',1,'unknown','unknown',NULL,NULL,NULL);
INSERT INTO `oh_patient` VALUES (135,'Isreal','Jarred','Isreal Jarred','1971-03-21',49,'','M','Queen','Jupukidi','','+07843314','','U','','U','\0','U','U','','N',1,'Unknown','','2020-11-12 16:40:55','admin','2020-11-12 17:40:55','admin','2020-11-21 23:06:23',1,'unknown','unknown',NULL,NULL,NULL);
INSERT INTO `oh_patient` VALUES (136,'Christoper','Arriola','Christoper Arriola','1995-07-26',25,'','M','Barnum 51','Mbaro','','','','U','','U','\0','U','U','','N',1,'A-','','2020-11-12 16:40:55','admin','2020-11-12 17:40:55','admin','2021-03-15 22:18:54',1,'medicine','single',NULL,NULL,NULL);
INSERT INTO `oh_patient` VALUES (137,'Sharples','Lenny','Sharples Lenny','1971-06-29',49,'','M','Torringford','Mbaro','','','','\0','','\0','\0','\0','\0','','N',0,'Unknown','','2020-11-12 16:40:55','admin','2020-11-12 17:40:55',NULL,NULL,1,'unknown','unknown',NULL,NULL,NULL);
INSERT INTO `oh_patient` VALUES (138,'Temme','Mona','Temme Mona','1975-09-19',45,'','M','No rd 1','Munduryema','','+54111','','U','','U','\0','U','U','','N',1,'Unknown','','2020-11-12 16:40:55','admin','2020-11-12 17:40:55','admin','2021-11-09 17:31:33',1,'unknown','unknown',NULL,NULL,NULL);
INSERT INTO `oh_patient` VALUES (139,'Jerabek','Delsie','Jerabek Delsie','1953-06-01',67,'','M','Wolcott','Angal Lei','','','','\0','','\0','\0','\0','\0','','N',0,'Unknown','','2020-11-12 16:40:55','admin','2020-11-12 17:40:55',NULL,NULL,1,'unknown','unknown',NULL,NULL,NULL);
INSERT INTO `oh_patient` VALUES (140,'Courson','Curtis','Courson Curtis','1947-09-16',73,'','M','Waterford 1','Mbaro','','+99562222','','U','','U','\0','U','U','','N',1,'Unknown','','2020-11-12 16:40:55','admin','2020-11-12 17:40:55','admin','2021-11-09 17:40:51',1,'unknown','unknown',NULL,NULL,NULL);
INSERT INTO `oh_patient` VALUES (141,'Lutz','Brandie','Lutz Brandie','1944-08-08',76,'','M','Sawmill Court 66','Alwala','','+21145444','','U','','U','\0','U','U','','N',3,'Unknown','','2020-11-12 16:40:55','admin','2020-11-12 17:40:55','admin','2020-11-21 23:03:37',1,'unknown','unknown',NULL,NULL,NULL);
INSERT INTO `oh_patient` VALUES (142,'Montford','Ashely','Montford Ashely','1976-11-03',44,'','M','Hackworth','Apolla','','','','\0','','\0','\0','\0','\0','','N',0,'Unknown','','2020-11-12 16:40:55','admin','2020-11-12 17:40:55',NULL,NULL,1,'unknown','unknown',NULL,NULL,NULL);
INSERT INTO `oh_patient` VALUES (143,'Amerik','Dedmond','Amerik Dedmond','1973-09-18',47,'','M','Coonial District','Ojwang','','+541134331','','U','','U','\0','U','U','','N',1,'Unknown','','2020-11-12 16:40:55','admin','2020-11-12 17:40:55','admin','2021-11-09 15:00:19',1,'unknown','unknown',NULL,NULL,NULL);
INSERT INTO `oh_patient` VALUES (144,'Couey','Huey','Couey Huey','1968-03-07',52,'','M','Highway 23','Pamora','','','','U','','U','\0','U','U','','N',1,'Unknown','','2020-11-12 16:40:55','admin','2020-11-12 17:40:55','admin','2020-11-20 14:29:21',1,'unknown','unknown',NULL,NULL,NULL);
INSERT INTO `oh_patient` VALUES (145,'Brewer','Simona','Brewer Simona','1975-05-11',45,'','M','West road 45','Palei','','','','U','','U','\0','U','U','','N',1,'Unknown','','2020-11-12 16:40:55','admin','2020-11-12 17:40:55','admin','2020-11-20 14:29:33',1,'unknown','unknown',NULL,NULL,NULL);
INSERT INTO `oh_patient` VALUES (146,'Alex','Kala','Alex Kala','1983-05-22',37,'','M','Mcclellan','Pamora Ambere','','','','\0','','\0','\0','\0','\0','','N',0,'Unknown','','2020-11-12 16:40:55','admin','2020-11-12 17:40:55',NULL,NULL,1,'unknown','unknown',NULL,NULL,NULL);
INSERT INTO `oh_patient` VALUES (147,'Audia','Norah','Audia Norah','1981-10-26',39,'','M','No','Awera Forest','','','','\0','','\0','\0','\0','\0','','N',0,'Unknown','','2020-11-12 16:40:55','admin','2020-11-12 17:40:55',NULL,NULL,1,'unknown','unknown',NULL,NULL,NULL);
INSERT INTO `oh_patient` VALUES (148,'Heard','Elna','Heard Elna','1964-06-02',56,'','M','Welgo Street 789','Olyeko','','','','U','','U','\0','U','U','','N',1,'Unknown','','2020-11-12 16:40:55','admin','2020-11-12 17:40:55','admin','2020-11-20 14:31:03',1,'unknown','unknown',NULL,NULL,NULL);
INSERT INTO `oh_patient` VALUES (149,'Selley','Glendon','Selley Glendon','1970-05-31',50,'','M','Gilbert way 4','Kyera','','+424311','','U','','U','\0','U','U','','N',1,'Unknown','','2020-11-12 16:40:55','admin','2020-11-12 17:40:55','admin','2021-03-15 22:26:04',1,'unknown','unknown',NULL,NULL,NULL);
INSERT INTO `oh_patient` VALUES (150,'Keasler','Shakia','Keasler Shakia','1952-10-06',68,'','M','South','Paminya','','+14390955','','U','','U','\0','U','U','','N',1,'Unknown','','2020-11-12 16:40:55','admin','2020-11-12 17:40:55','admin','2020-11-21 23:06:29',1,'unknown','unknown',NULL,NULL,NULL);
INSERT INTO `oh_patient` VALUES (151,'Notter','Lien','Notter Lien','1984-01-26',36,'','M','Mcmeans','Kwio Owaro','','','','\0','','\0','\0','\0','\0','','N',0,'Unknown','','2020-11-12 16:40:55','admin','2020-11-12 17:40:55',NULL,NULL,1,'unknown','unknown',NULL,NULL,NULL);
INSERT INTO `oh_patient` VALUES (152,'Eichner','Nikol','Eichner Nikol','1984-06-20',36,'','M','Academy','Mbaro Akanga','','','','\0','','\0','\0','\0','\0','','N',0,'Unknown','','2020-11-12 16:40:55','admin','2020-11-12 17:40:55',NULL,NULL,1,'unknown','unknown',NULL,NULL,NULL);
INSERT INTO `oh_patient` VALUES (153,'Geissler','Carie','Geissler Carie','1980-06-12',40,'','M','Palisades street','Gute','','','','U','','U','\0','U','U','','N',1,'Unknown','','2020-11-12 16:40:55','admin','2020-11-12 17:40:55','admin','2021-08-17 15:17:03',1,'unknown','unknown',NULL,NULL,NULL);
INSERT INTO `oh_patient` VALUES (154,'Lamer','Warren','Lamer Warren','1963-10-14',57,'','M','Trussville','Pamora','','','','\0','','\0','\0','\0','\0','','N',0,'Unknown','','2020-11-12 16:40:55','admin','2020-11-12 17:40:55',NULL,NULL,1,'unknown','unknown',NULL,NULL,NULL);
INSERT INTO `oh_patient` VALUES (155,'Nagata','Kory','Nagata Kory','2007-01-28',13,'','M','Adams 23','Harrington','','+043124114','','U','','U','\0','U','U','','N',2,'Unknown','','2020-11-12 16:40:55','admin','2020-11-12 17:40:55','admin','2020-11-21 23:06:39',1,'unknown','unknown',NULL,NULL,NULL);
INSERT INTO `oh_patient` VALUES (156,'Chain','Claudy','Chain Claudy','1984-06-14',36,'','M','West St. 5','Homewood','','+5222222','','U','','U','\0','U','U','N','N',2,'Unknown','','2020-11-12 16:40:55','admin','2020-11-12 17:40:55','admin','2021-11-09 17:40:36',1,'unknown','unknown',NULL,NULL,NULL);
INSERT INTO `oh_patient` VALUES (157,'Fiala','Zack','Fiala Zack','1995-05-05',25,'','M','Garnet road','Umago','','','','U','','U','\0','U','U','','N',1,'Unknown','','2020-11-12 16:40:55','admin','2020-11-12 17:40:55','admin','2020-11-20 14:31:18',1,'unknown','unknown',NULL,NULL,NULL);
INSERT INTO `oh_patient` VALUES (158,'Waring','Kenneth','Waring Kenneth','1938-04-22',82,'','M','North st 6','Overlook','','','','U','','U','\0','U','U','','N',1,'Unknown','','2020-11-12 16:40:55','admin','2020-11-12 17:40:55','admin','2021-03-15 22:19:05',1,'unknown','unknown',NULL,NULL,NULL);
INSERT INTO `oh_patient` VALUES (159,'Koons','Domingo','Koons Domingo','1966-06-19',54,'','M','South Street 88','Sherman','','+431341334','','U','','U','\0','U','U','','N',1,'A+','','2020-11-12 16:40:55','admin','2020-11-12 17:40:55','admin','2021-11-11 19:48:37',1,'unknown','married',NULL,NULL,NULL);
INSERT INTO `oh_patient` VALUES (160,'Capote','Parker','Capote Parker','1974-07-17',46,'','M','Marsh st. 94','Toryun','','','','U','','U','\0','U','U','','N',1,'Unknown','','2020-11-12 16:40:55','admin','2020-11-12 17:40:55','admin','2020-11-21 02:01:20',1,'unknown','unknown',NULL,NULL,NULL);
INSERT INTO `oh_patient` VALUES (161,'Zell','Lamar','Zell Lamar','1970-06-11',50,'','M','Green Street','Upper Hill','','+1412222','','U','','U','\0','U','U','','N',1,'0+','','2020-11-12 16:40:55','admin','2020-11-12 17:40:55','admin','2021-03-15 14:35:00',1,'unknown','divorced',NULL,NULL,NULL);
INSERT INTO `oh_patient` VALUES (162,'Karsten','Nickolas','Karsten Nickolas','2012-07-20',8,'','F','North way 8','Market','','','','U','','U','\0','U','U','','N',1,'Unknown','','2020-11-12 16:40:55','admin','2020-11-12 17:40:55','admin','2021-03-15 14:30:31',1,'unknown','unknown',NULL,NULL,NULL);
INSERT INTO `oh_patient` VALUES (163,'Dancy','Gerald','Dancy Gerald','1981-07-19',39,'','F','Trusel','Drive','','','','\0','','\0','\0','\0','\0','','N',0,'Unknown','','2020-11-12 16:40:55','admin','2020-11-12 17:40:55',NULL,NULL,1,'unknown','unknown',NULL,NULL,NULL);
INSERT INTO `oh_patient` VALUES (164,'Parcell','Moises','Parcell Moises','1996-03-21',24,'','F','Saffron','Durham','','','','U','','U','\0','U','U','','N',1,'Unknown','','2020-11-12 16:40:55','admin','2020-11-12 17:40:55','admin','2021-03-15 14:33:54',1,'unknown','unknown',NULL,NULL,NULL);
INSERT INTO `oh_patient` VALUES (165,'Lockamy','Maxwell','Lockamy Maxwell','1993-03-25',27,'','F','Parker','Court','','','','\0','','\0','\0','\0','\0','','N',0,'Unknown','','2020-11-12 16:40:55','admin','2020-11-12 17:40:55',NULL,NULL,1,'unknown','unknown',NULL,NULL,NULL);
INSERT INTO `oh_patient` VALUES (166,'Nalls','Santiago','Nalls Santiago','2000-06-13',20,'','M','West Road 11','Peninsula','','+54243342','','U','','U','\0','U','U','','N',2,'Unknown','','2020-11-12 16:40:55','admin','2020-11-12 17:40:55','admin','2020-11-21 23:03:26',1,'unknown','unknown',NULL,NULL,NULL);
INSERT INTO `oh_patient` VALUES (167,'Gauldin','Richard','Gauldin Richard','2003-09-08',17,'','F','Delta','St. Louis','','','','U','','U','\0','U','U','','N',1,'Unknown','','2020-11-12 16:40:55','admin','2020-11-12 17:40:55','admin','2020-11-20 14:31:33',1,'unknown','unknown',NULL,NULL,NULL);
INSERT INTO `oh_patient` VALUES (168,'Molly','Rod','Molly Rod','2001-05-29',19,'','F','East Rd 134','Trenton','','+54454121','','U','','U','\0','U','U','','N',1,'Unknown','','2020-11-12 16:40:55','admin','2020-11-12 17:40:55','admin','2021-11-09 14:52:22',1,'unknown','unknown',NULL,NULL,NULL);
INSERT INTO `oh_patient` VALUES (169,'Mondy','Darrell','Mondy Darrell','2000-10-01',20,'','F','Polverton street 91','House','','+13007844','','U','','U','\0','U','U','','N',1,'Unknown','','2020-11-12 16:40:55','admin','2020-11-12 17:40:55','admin','2020-11-21 23:07:04',1,'unknown','unknown',NULL,NULL,NULL);
INSERT INTO `oh_patient` VALUES (170,'Shelley','Cary','Shelley Cary','2002-11-02',18,'','F','Ruby street N. 71','Nicolls','','+1234134134','','U','','U','\0','U','U','','N',1,'Unknown','','2020-11-12 16:40:55','admin','2020-11-12 17:40:55','admin','2021-11-09 14:57:57',1,'unknown','single',NULL,NULL,NULL);
INSERT INTO `oh_patient` VALUES (171,'Rosa','Sterling','Rosa Sterling','1994-03-31',26,'','F','Edgewood N. 41','Court','','+54214331134','','U','','U','\0','U','U','','N',1,'Unknown','','2020-11-12 16:40:55','admin','2020-11-12 17:40:55','admin','2021-11-09 15:00:39',1,'unknown','unknown',NULL,NULL,NULL);
INSERT INTO `oh_patient` VALUES (172,'Randy','Eddy','Randy Eddy','1998-04-29',22,'','F','Bath dr. 613','Durham','','+43131434','','U','','U','\0','U','U','','N',2,'A+','','2020-11-12 16:40:55','admin','2020-11-12 17:40:55','admin','2021-11-11 19:48:04',1,'unknown','single',NULL,NULL,NULL);
INSERT INTO `oh_patient` VALUES (173,'Dexter','Alexis','Dexter Alexis','2002-11-02',18,'','F','Philmont Rd 1','Roshy','','','','U','','U','\0','U','U','','N',1,'Unknown','','2020-11-12 16:40:55','admin','2020-11-12 17:40:55','admin','2021-03-15 22:19:29',1,'unknown','unknown',NULL,NULL,NULL);
INSERT INTO `oh_patient` VALUES (174,'Maximo','Creviston','Maximo Creviston','2004-09-14',16,'','F','Kingston St.','Street Village','','+34.15644211','','U','','U','\0','U','U','','N',1,'Unknown','','2020-11-12 16:40:55','admin','2020-11-12 17:40:55','admin','2021-11-09 15:01:25',1,'unknown','unknown',NULL,NULL,NULL);
INSERT INTO `oh_patient` VALUES (175,'Simeone','Johnnie','Simeone Johnnie','1993-02-19',27,'','F','Lookout st.','St. Joseoh','','','','U','','U','\0','U','U','','N',1,'Unknown','','2020-11-12 16:40:55','admin','2020-11-12 17:40:55','admin','2021-03-15 22:25:48',1,'unknown','unknown',NULL,NULL,NULL);
INSERT INTO `oh_patient` VALUES (176,'Eyre','Branden','Eyre Branden','1996-03-05',24,'','F','Jersey rd','Queensville','','','','U','','U','\0','U','U','','N',1,'Unknown','','2020-11-12 16:40:55','admin','2020-11-12 17:40:55','admin','2021-08-17 15:16:54',1,'unknown','unknown',NULL,NULL,NULL);
INSERT INTO `oh_patient` VALUES (177,'Amidon','Brett','Amidon Brett','2000-05-31',20,'','F','Orchard','Ave.','','+45411241','','U','','U','\0','U','U','','N',1,'Unknown','','2020-11-12 16:40:55','admin','2020-11-12 17:40:55','admin','2020-11-21 23:03:05',1,'unknown','unknown',NULL,NULL,NULL);
INSERT INTO `oh_patient` VALUES (178,'Molly','Brooks','Molly Brooks','2017-09-04',3,'','F','Main avenue N. 51','Sierra','','','','U','','U','\0','U','U','','N',1,'Unknown','','2020-11-12 16:40:55','admin','2020-11-12 17:40:55','admin','2021-08-17 15:16:45',1,'unknown','unknown',NULL,NULL,NULL);
INSERT INTO `oh_patient` VALUES (179,'Jetter','Stanley','Jetter Stanley','1985-06-15',35,'','F','East','College','','+01912313123','','U','','U','\0','U','U','','N',1,'Unknown','','2020-11-12 16:40:55','admin','2020-11-12 17:40:55','admin','2020-11-21 23:07:12',1,'unknown','unknown',NULL,NULL,NULL);
INSERT INTO `oh_patient` VALUES (180,'Boyter','Brock','Boyter Brock','1985-03-15',35,'','F','West avenue 6','Oakwood','','+4323113','','U','','U','\0','U','U','','N',1,'B+','','2020-11-12 16:40:55','admin','2020-11-12 17:40:55','admin','2021-11-11 19:48:19',1,'unknown','single',NULL,NULL,NULL);
INSERT INTO `oh_patient` VALUES (181,'Batts','Stuart','Batts Stuart','1944-06-05',76,'','M','Mayfield st. 6','Drive','','+6t52222','','U','','U','\0','U','U','','N',2,'0-','','2020-11-12 16:40:55','admin','2020-11-12 17:40:55','admin','2021-11-09 17:40:19',1,'unknown','married',NULL,NULL,NULL);
INSERT INTO `oh_patient` VALUES (182,'Baldonado','Tod','Baldonado Tod','2007-08-29',13,'','M','Wayne','Dunston','','+141233','','U','','U','\0','U','U','','N',1,'A-','','2020-11-12 16:40:55','admin','2020-11-12 17:40:55','admin','2021-03-15 14:30:49',1,'unknown','unknown',NULL,NULL,NULL);
INSERT INTO `oh_patient` VALUES (183,'Strawder','Abraham','Strawder Abraham','1953-05-02',67,'','M','Duke 56','Lane','','+095484444','','U','','U','\0','U','U','','N',1,'Unknown','','2020-11-12 16:40:55','admin','2020-11-12 17:40:55','admin','2020-11-21 23:03:17',1,'unknown','unknown',NULL,NULL,NULL);
INSERT INTO `oh_patient` VALUES (187,'Bethel','Booker','Bethel Booker','2010-06-18',10,'','F','Ridge 77','York Wer','mary','','','U','','U','\0','U','U','','N',1,'Unknown','','2020-11-12 16:40:55','admin','2020-11-12 17:40:55','admin','2020-11-21 02:01:05',1,'unknown','unknown',NULL,NULL,NULL);
INSERT INTO `oh_patient` VALUES (188,'MArlon','Socha','MArlon Socha','1963-06-10',57,'','M','New Lane N .1','Prospect','','+54.23245245','','U','','U','\0','U','U','','N',1,'Unknown','','2020-11-12 16:40:55','admin','2020-11-12 17:40:55','admin','2021-11-09 14:51:43',1,'unknown','unknown',NULL,NULL,NULL);
INSERT INTO `oh_patient` VALUES (189,'Jake','Tibbetts','Jake Tibbetts','1967-10-11',53,'','M','Revolution ave.','Arlington','','+4231414','','U','','U','\0','U','U','','N',1,'B+','','2020-11-12 16:40:55','admin','2020-11-12 17:40:55','admin','2021-03-15 22:23:21',1,'unknown','married',NULL,NULL,NULL);
INSERT INTO `oh_patient` VALUES (190,'Sylvester','Anwar','Sylvester Anwar','1986-01-18',34,'','M','Knight lane','Langley','','+2121244','','U','','U','\0','U','U','','N',1,'AB+','','2020-11-12 16:40:55','admin','2020-11-12 17:40:55','admin','2021-03-15 22:24:22',1,'unknown','married',NULL,NULL,NULL);
INSERT INTO `oh_patient` VALUES (191,'Badgett','Leonard','Badgett Leonard','1964-05-04',56,'','M','Foster','Windfall','','','','\0','','\0','\0','\0','\0','','N',0,'Unknown','','2020-11-12 16:40:55','admin','2020-11-12 17:40:55',NULL,NULL,1,'unknown','unknown',NULL,NULL,NULL);
INSERT INTO `oh_patient` VALUES (192,'Mayhan','Man','Mayhan Man','1964-09-04',56,'','M','East','Marlborough','','+66513611','','U','','U','\0','U','U','','N',1,'Unknown','','2020-11-12 16:40:55','admin','2020-11-12 17:40:55','admin','2020-11-21 23:02:58',1,'unknown','unknown',NULL,NULL,NULL);
INSERT INTO `oh_patient` VALUES (193,'Juarez','Chong','Juarez Chong','1966-09-06',54,'','M','Congress','Avenue','','','','\0','','\0','\0','\0','\0','','N',0,'Unknown','','2020-11-12 16:40:55','admin','2020-11-12 17:40:55',NULL,NULL,1,'unknown','unknown',NULL,NULL,NULL);
INSERT INTO `oh_patient` VALUES (194,'Scheff','Benjamin','Scheff Benjamin','2006-07-06',14,'','M','Alderwood rd. 45','Dalton','','','','U','','U','\0','U','U','','N',1,'Unknown','','2020-11-12 16:40:55','admin','2020-11-12 17:40:55','admin','2020-11-20 14:32:00',1,'unknown','unknown',NULL,NULL,NULL);
INSERT INTO `oh_patient` VALUES (195,'Lafon','Andre','Lafon Andre','1997-06-18',23,'','M','East Suburb 5','Cherry','','','','U','','U','\0','U','U','','N',1,'Unknown','','2020-11-12 16:40:55','admin','2020-11-12 17:40:55','admin','2021-03-15 14:31:01',1,'unknown','unknown',NULL,NULL,NULL);
INSERT INTO `oh_patient` VALUES (196,'Madere','Dana','Madere Dana','1995-09-28',25,'','M','Sussex st.','Edimburgh','','','','U','','U','\0','U','U','','N',1,'Unknown','','2020-11-12 16:40:55','admin','2020-11-12 17:40:55','admin','2020-11-20 14:32:19',1,'unknown','unknown',NULL,NULL,NULL);
INSERT INTO `oh_patient` VALUES (197,'Jacob','Canino','Jacob Canino','1955-08-18',65,'','M','Country Way N. 43','Club town','','+54231431','','U','','U','\0','U','U','','N',1,'B-','','2020-11-12 16:40:55','admin','2020-11-12 17:40:55','admin','2021-11-09 15:01:52',1,'unknown','married',NULL,NULL,NULL);
INSERT INTO `oh_patient` VALUES (198,'Basye','Noble','Basye Noble','1999-01-23',21,'','M','Lowland Street','New heaven','','+431343114','','U','','U','\0','U','U','','N',1,'B+','','2020-11-12 16:40:55','admin','2020-11-12 17:40:55','admin','2021-11-11 19:47:46',1,'unknown','single',NULL,NULL,NULL);
INSERT INTO `oh_patient` VALUES (199,'Alexis','Newton','Alexis Newton','1982-11-01',38,'','M','Lake Road East 12','Court','','','','U','','U','\0','U','U','','N',1,'Unknown','','2020-11-12 16:40:55','admin','2020-11-12 17:40:55','admin','2020-11-21 23:07:22',1,'unknown','unknown',NULL,NULL,NULL);
INSERT INTO `oh_patient` VALUES (200,'Dahm','Son','Dahm Son','1942-08-29',78,'','M','Rawland','Colonial','','','','\0','','\0','\0','\0','\0','','N',0,'Unknown','','2020-11-12 16:40:55','admin','2020-11-12 17:40:55',NULL,NULL,1,'unknown','unknown',NULL,NULL,NULL);
INSERT INTO `oh_patient` VALUES (201,'Varien','Kelly','Varien Kelly','1952-10-02',68,'','F','Vasing St.','Looksy','','','','\0','','\0','\0','\0','\0','','N',0,'Unknown','','2020-11-12 16:40:55','admin','2020-11-12 17:40:55',NULL,NULL,1,'unknown','unknown',NULL,NULL,NULL);
INSERT INTO `oh_patient` VALUES (202,'Jimenez','Morton','Jimenez Morton','1967-02-03',53,'','F','East river 7','Moningbourough','','','','U','','U','\0','U','U','','N',2,'AB-','','2020-11-12 16:40:55','admin','2020-11-12 17:40:55','admin','2021-03-15 22:19:44',1,'unknown','widowed',NULL,NULL,NULL);
INSERT INTO `oh_patient` VALUES (203,'Nagel','Weldon','Nagel Weldon','1952-08-15',68,'','F','Howard','Avenue','','','','\0','','\0','\0','\0','\0','','N',0,'Unknown','','2020-11-12 16:40:55','admin','2020-11-12 17:40:55',NULL,NULL,1,'unknown','unknown',NULL,NULL,NULL);
INSERT INTO `oh_patient` VALUES (204,'Nowak','Curt','Nowak Curt','1938-04-26',82,'','F','East Road 12','Parker','','+62542425','','U','','U','\0','U','U','','N',1,'Unknown','','2020-11-12 16:40:55','admin','2020-11-12 17:40:55','admin','2020-11-21 23:02:36',1,'unknown','unknown',NULL,NULL,NULL);
INSERT INTO `oh_patient` VALUES (205,'Stanislawski','Wilmer','Stanislawski Wilmer','1990-07-05',30,'','F','Cactus neighbrd','St.Peter','','','','U','','U','\0','U','U','','N',1,'Unknown','','2020-11-12 16:40:55','admin','2020-11-12 17:40:55','admin','2021-03-15 14:31:24',1,'unknown','unknown',NULL,NULL,NULL);
INSERT INTO `oh_patient` VALUES (206,'Marsden','Fredrick','Marsden Fredrick','1981-09-20',39,'','F','Underwood','Drive','','','','\0','','\0','\0','\0','\0','','N',0,'Unknown','','2020-11-12 16:40:55','admin','2020-11-12 17:40:55',NULL,NULL,1,'unknown','unknown',NULL,NULL,NULL);
INSERT INTO `oh_patient` VALUES (208,'Wherry','Jewel','Wherry Jewel','1981-05-20',39,'','F','Broom ave. 55','Kulry','','+544224222','','U','','U','\0','U','U','','N',2,'Unknown','','2020-11-12 16:40:55','admin','2020-11-12 17:40:55','admin','2021-11-09 17:39:22',1,'unknown','unknown',NULL,NULL,NULL);
INSERT INTO `oh_patient` VALUES (213,'Catalan','Modesto','Catalan Modesto','1987-07-15',33,'','M','Edgemont','Drive','','','','\0','','\0','\0','\0','\0','','Y',0,'Unknown','','2020-11-12 16:40:55','admin','2020-11-12 17:40:55',NULL,NULL,1,'unknown','unknown',NULL,NULL,NULL);
INSERT INTO `oh_patient` VALUES (214,'Wicker','Ken','Wicker Ken','1968-08-30',52,'','M','Fletcher St 6','St. Francis','','','','U','','U','\0','U','U','','N',1,'Unknown','','2020-11-12 16:40:55','admin','2020-11-12 17:40:55','admin','2021-03-15 12:15:15',1,'unknown','unknown',NULL,NULL,NULL);
INSERT INTO `oh_patient` VALUES (215,'Farquhar','Mickie','Farquhar Mickie','1981-11-02',39,'','M','Ember 41','Suryn','','','','U','','U','\0','U','U','','N',1,'Unknown','','2020-11-12 16:40:55','admin','2020-11-12 17:40:55','admin','2020-11-21 02:00:45',1,'unknown','unknown',NULL,NULL,NULL);
INSERT INTO `oh_patient` VALUES (216,'Jonny','Ellie','Jonny Ellie','1985-07-07',35,'','M','Ash rd. 4','Springville','','','','U','','U','\0','U','U','','N',3,'Unknown','','2020-11-12 16:40:55','admin','2020-11-12 17:40:55','admin','2020-11-21 23:07:41',1,'unknown','unknown',NULL,NULL,NULL);
INSERT INTO `oh_patient` VALUES (217,'Mcsherry','Mortimer','Mcsherry Mortimer','2008-11-01',12,'','M','Arch court 5','Courtney','','','','U','','U','\0','U','U','','N',2,'Unknown','','2020-11-12 16:40:55','admin','2020-11-12 17:40:55','admin','2021-03-15 22:24:54',1,'unknown','unknown',NULL,NULL,NULL);
INSERT INTO `oh_patient` VALUES (218,'Kinlaw','John','Kinlaw John','1976-02-16',44,'','M','New Street N. 99','Berkshire Town','','+13487877','','U','','U','\0','U','U','','N',2,'Unknown','','2020-11-12 16:40:55','admin','2020-11-12 17:40:55','admin','2021-11-09 14:51:13',1,'unknown','unknown',NULL,NULL,NULL);
INSERT INTO `oh_patient` VALUES (219,'Meares','Jerrie','Meares Jerrie','1944-07-17',76,'','M','Huntersville','Hamilton','','','','\0','','\0','\0','\0','\0','','N',0,'Unknown','','2020-11-12 16:40:55','admin','2020-11-12 17:40:55',NULL,NULL,1,'unknown','unknown',NULL,NULL,NULL);
INSERT INTO `oh_patient` VALUES (220,'Espitia','Milton','Espitia Milton','2001-08-25',19,'','M','Drive n. 1','Hartford','','','','U','','U','\0','U','U','','N',1,'Unknown','','2020-11-12 16:40:55','admin','2020-11-12 17:40:55','admin','2021-08-17 15:16:14',1,'unknown','unknown',NULL,NULL,NULL);
INSERT INTO `oh_patient` VALUES (221,'Altom','Mervin','Altom Mervin','1987-09-28',33,'','M','Logan st','Lanestown','','','','U','','U','\0','U','U','','N',1,'Unknown','','2020-11-12 16:40:55','admin','2020-11-12 17:40:55','admin','2021-08-17 15:16:25',1,'unknown','unknown',NULL,NULL,NULL);
INSERT INTO `oh_patient` VALUES (222,'Judd','Hans','Judd Hans','1987-01-31',33,'','M','West st 11','Peace','','','','U','','U','\0','U','U','','N',1,'Unknown','','2020-11-12 16:40:55','admin','2020-11-12 17:40:55','admin','2020-11-21 02:00:36',1,'unknown','unknown',NULL,NULL,NULL);
INSERT INTO `oh_patient` VALUES (223,'Amakin','Syble','Amakin Syble','2011-08-12',9,'','M','Lowland Street','Madison','','+34314314','','U','','U','\0','U','U','','N',1,'Unknown','','2020-11-12 16:40:55','admin','2020-11-12 17:40:55','admin','2021-11-09 15:02:18',1,'unknown','unknown',NULL,NULL,NULL);
INSERT INTO `oh_patient` VALUES (224,'Mclendon','Daphon','Mclendon Daphon','1986-04-22',34,'','M','Lake Rd 5a','Court','','','','U','','U','\0','U','U','','N',2,'Unknown','','2020-11-12 16:40:55','admin','2020-11-12 17:40:55','admin','2021-03-15 22:25:32',1,'unknown','unknown',NULL,NULL,NULL);
INSERT INTO `oh_patient` VALUES (225,'Hayter','Leslee','Hayter Leslee','2019-06-21',1,'','F','Streamwood St. 12','Colonial','','+10545455','','U','','U','\0','U','U','','N',1,'Unknown','','2020-11-12 16:40:55','admin','2020-11-12 17:40:55','admin','2020-11-21 23:02:52',1,'unknown','unknown',NULL,NULL,NULL);
INSERT INTO `oh_patient` VALUES (226,'Hemsley','Chance','Hemsley Chance','2018-07-25',2,'','M','East Road 1','Moon','','+62431433','','U','','U','\0','U','U','','N',1,'AB+','','2020-11-12 16:40:55','admin','2020-11-12 17:40:55','admin','2021-03-15 12:14:28',1,'unknown','unknown',NULL,NULL,NULL);
INSERT INTO `oh_patient` VALUES (227,'Sargeant','Milda','Sargeant Milda','2019-07-15',1,'','M','Howard','Avenue','','','','\0','','\0','\0','\0','\0','','N',1,'Unknown','','2020-11-12 16:40:55','admin','2020-11-12 17:40:55',NULL,NULL,1,'unknown','unknown',NULL,NULL,NULL);
INSERT INTO `oh_patient` VALUES (228,'Davila','Jaqueline','Davila Jaqueline','2019-02-16',1,'','F','East Street 55','Parker','','+3414313','','U','','U','\0','U','U','','N',1,'B+','','2020-11-12 16:40:55','admin','2020-11-12 17:40:55','admin','2021-03-15 22:20:02',1,'unknown','unknown',NULL,NULL,NULL);
INSERT INTO `oh_patient` VALUES (229,'Latson','Gisele','Latson Gisele','2013-08-20',7,'','M','Cactus','St.Andrews','','','','U','','U','\0','U','U','','N',1,'Unknown','','2020-11-12 16:40:55','admin','2020-11-12 17:40:55','admin','2020-11-20 14:32:32',1,'unknown','unknown',NULL,NULL,NULL);
INSERT INTO `oh_patient` VALUES (230,'Che','Janis','Che Janis','2017-04-13',3,'','M','Underwood','Drive','','','','\0','','\0','\0','\0','\0','','N',0,'Unknown','','2020-11-12 16:40:55','admin','2020-11-12 17:40:55',NULL,NULL,1,'unknown','unknown',NULL,NULL,NULL);
INSERT INTO `oh_patient` VALUES (231,'Maddix','Delta','Maddix Delta','2019-04-11',1,'','F','Broom','Ave.','','','','U','','U','\0','U','U','','N',1,'Unknown','','2020-11-12 16:40:55','admin','2020-11-12 17:40:55','admin','2020-11-21 23:02:07',1,'unknown','unknown',NULL,NULL,NULL);
INSERT INTO `oh_patient` VALUES (232,'Jaeger','Laureen','Jaeger Laureen','2010-06-29',10,'','F','Edgemont','Drive','','+6562131','','U','','U','\0','U','U','','N',2,'Unknown','','2020-11-12 16:40:55','admin','2020-11-12 17:40:55','admin','2020-11-21 23:02:01',1,'unknown','unknown',NULL,NULL,NULL);
INSERT INTO `oh_patient` VALUES (233,'Jeffreys','Risa','Jeffreys Risa','2019-10-05',1,'','F','Ember','St. John','','','','U','','U','\0','U','U','','N',1,'Unknown','','2020-11-12 16:40:55','admin','2020-11-12 17:40:55','admin','2021-03-15 12:14:40',1,'unknown','unknown',NULL,NULL,NULL);
INSERT INTO `oh_patient` VALUES (234,'Days','Cristal','Days Cristal','2019-08-24',1,'','F','Ash St. 90','St. Cardinal','','+3432121','','U','','U','\0','U','U','','N',1,'Unknown','','2020-11-12 16:40:55','admin','2020-11-12 17:40:55','admin','2020-11-21 23:02:26',1,'unknown','unknown',NULL,NULL,NULL);
INSERT INTO `oh_patient` VALUES (235,'Lease','Royce','Lease Royce','2020-01-30',0,'','F','Arch 51','Court','','+13445111','','U','','U','\0','U','U','','N',1,'Unknown','','2020-11-12 16:40:55','admin','2020-11-12 17:40:55','admin','2020-11-21 23:01:52',1,'unknown','unknown',NULL,NULL,NULL);
INSERT INTO `oh_patient` VALUES (236,'Devon','Andra','Devon Andra','2019-01-19',1,'','M','Berkshire Street - 98/b','Benidorm','','+5424332413','','U','','U','\0','U','U','','N',1,'Unknown','','2020-11-12 16:40:55','admin','2020-11-12 17:40:55','admin','2021-11-09 15:03:38',1,'unknown','unknown',NULL,NULL,NULL);
INSERT INTO `oh_patient` VALUES (237,'Ritenour','Aurora','Ritenour Aurora','2019-10-22',1,'','M','Western','Hamilton','','','','\0','','\0','\0','\0','\0','','N',0,'Unknown','','2020-11-12 16:40:55','admin','2020-11-12 17:40:55',NULL,NULL,1,'unknown','unknown',NULL,NULL,NULL);
INSERT INTO `oh_patient` VALUES (238,'Blanche','Criswell','Blanche Criswell','2012-07-17',8,'','F','Hartford drive','Hartford town','','','','U','','U','\0','U','U','','N',1,'Unknown','','2020-11-12 16:40:55','admin','2020-11-12 17:40:55','admin','2021-11-09 15:02:46',1,'unknown','unknown',NULL,NULL,NULL);
INSERT INTO `oh_patient` VALUES (239,'Reynold','Marylyn','Reynold Marylyn','2011-03-30',9,'','M','Logan 23','Lane','','','','U','','U','\0','U','U','','N',1,'Unknown','','2020-11-12 16:40:55','admin','2020-11-12 17:40:55','admin','2020-11-21 02:00:04',1,'unknown','unknown',NULL,NULL,NULL);
INSERT INTO `oh_patient` VALUES (240,'Albers','Santo','Albers Santo','2017-05-14',3,'','M','West Lane 5','Peace','','','','U','','U','\0','U','U','','N',1,'Unknown','','2020-11-12 16:40:55','admin','2020-11-12 17:40:55','admin','2021-03-15 14:31:35',1,'unknown','unknown',NULL,NULL,NULL);
INSERT INTO `oh_patient` VALUES (241,'Aldrete','Valarie','Aldrete Valarie','2020-03-30',0,'','M','Victoria Avenue','Kolly','','','','U','','U','\0','U','U','','N',1,'A-','','2020-11-12 16:40:55','admin','2020-11-12 17:40:55','admin','2021-03-15 14:32:01',1,'unknown','unknown',NULL,NULL,NULL);
INSERT INTO `oh_patient` VALUES (242,'Bumpers','Ferdinand','Bumpers Ferdinand','2014-01-27',6,'','M','Fletcher','Ave.','','+4090138434','','U','','U','\0','U','U','','N',2,'Unknown','','2020-11-12 16:40:55','admin','2020-11-12 17:40:55','admin','2020-11-21 23:07:51',1,'unknown','unknown',NULL,NULL,NULL);
INSERT INTO `oh_patient` VALUES (243,'Moschella','Deangelo','Moschella Deangelo','2011-05-29',9,'','M','Estate drive','St.Louis','','','','U','','U','\0','U','U','','N',2,'Unknown','','2020-11-12 16:40:55','admin','2020-11-12 17:40:55','admin','2021-03-15 22:22:42',1,'unknown','unknown',NULL,NULL,NULL);
INSERT INTO `oh_patient` VALUES (244,'Schanz','Emmanuel','Schanz Emmanuel','2020-02-18',0,'','M','Piper lane 99','Sprins','','+31341341','','U','','U','\0','U','U','','N',1,'Unknown','','2020-11-12 16:40:55','admin','2020-11-12 17:40:55','admin','2021-03-15 22:25:20',1,'unknown','unknown',NULL,NULL,NULL);
INSERT INTO `oh_patient` VALUES (245,'Vanish','Katriny','Vanish Katriny','2019-03-18',1,'','M','Sierra st.','Wegion','','','','U','','U','\0','U','U','','N',2,'Unknown','','2020-11-12 16:40:55','admin','2020-11-12 17:40:55','admin','2021-11-09 17:39:09',1,'unknown','unknown',NULL,NULL,NULL);
INSERT INTO `oh_patient` VALUES (246,'Fredrickson','Denna','Fredrickson Denna','2009-08-13',11,'','M','Mayfield Ave.','Horford','','+5123141','','U','','U','\0','U','U','','N',1,'Unknown','','2020-11-12 16:40:55','admin','2020-11-12 17:40:55','admin','2021-03-15 14:32:17',1,'unknown','unknown',NULL,NULL,NULL);
INSERT INTO `oh_patient` VALUES (247,'Dacruz','Jestine','Dacruz Jestine','2019-10-04',1,'','F','Storm Ave.','Arlington','','+07346801015','','U','','U','\0','U','U','','N',2,'Unknown','','2020-11-12 16:40:55','admin','2020-11-12 17:40:55','admin','2021-03-15 14:32:28',1,'unknown','unknown',NULL,NULL,NULL);
INSERT INTO `oh_patient` VALUES (248,'Eddinger','Serafina','Eddinger Serafina','2012-04-01',8,'','F','Frost St.','Ramondksy','','','','U','','U','\0','U','U','','N',1,'Unknown','','2020-11-12 16:40:55','admin','2020-11-12 17:40:55','admin','2020-11-20 14:33:29',1,'unknown','unknown',NULL,NULL,NULL);
INSERT INTO `oh_patient` VALUES (249,'Konieczny','Renna','Konieczny Renna','2020-07-30',0,'','M','Virginia Street n. 121','Springville','','+13.1.14314341','','U','','U','\0','U','U','','N',1,'Unknown','','2020-11-12 16:40:55','admin','2020-11-12 17:40:55','admin','2021-08-17 15:15:46',1,'unknown','unknown',NULL,NULL,NULL);
INSERT INTO `oh_patient` VALUES (250,'Deville','Krystina','Deville Krystina','2020-06-14',0,'','M','Depot place','Drivetown','','','','U','','U','\0','U','U','','N',3,'Unknown','','2020-11-12 16:40:55','admin','2020-11-12 17:40:55','admin','2021-08-17 15:15:19',1,'unknown','unknown',NULL,NULL,NULL);
INSERT INTO `oh_patient` VALUES (251,'Jerome','Raguel','Jerome Raguel','2020-06-23',0,'','M','Hope Avenue 66','Saint town','','','','U','','U','\0','U','U','','N',3,'Unknown','','2020-11-12 16:40:55','admin','2020-11-12 17:40:55','admin','2020-11-21 23:01:22',1,'unknown','unknown',NULL,NULL,NULL);
INSERT INTO `oh_patient` VALUES (252,'Stefano','Laquita','Stefano Laquita','2019-03-01',1,'','M','Nova','Avenue','','+4332577764','','U','','U','\0','U','U','','N',1,'Unknown','','2020-11-12 16:40:55','admin','2020-11-12 17:40:55','admin','2020-11-21 23:08:05',1,'unknown','unknown',NULL,NULL,NULL);
INSERT INTO `oh_patient` VALUES (253,'Juliana','Risk','Juliana Risk','2020-03-02',0,'','F','Liberty st','Courtville','','+3411111','','U','','U','\0','U','U','','N',1,'Unknown','','2020-11-12 16:40:55','admin','2020-11-12 17:40:55','admin','2021-11-09 17:24:01',1,'unknown','unknown',NULL,NULL,NULL);
INSERT INTO `oh_patient` VALUES (254,'Kendall','Adrian','Kendall Adrian','2020-04-20',0,'','M','Arnold Ave.','Guildon','','','','U','','U','\0','U','U','','N',2,'Unknown','','2020-11-12 16:40:55','admin','2020-11-12 17:40:55','admin','2020-11-20 14:33:09',1,'unknown','unknown',NULL,NULL,NULL);
INSERT INTO `oh_patient` VALUES (255,'Reder','Otilia','Reder Otilia','1994-02-19',26,'','F','Penrose Ave.','Martinsoon','','','','U','','U','\0','U','U','','N',1,'Unknown','','2020-11-12 16:40:55','admin','2020-11-12 17:40:55','admin','2020-11-20 14:32:55',1,'unknown','unknown',NULL,NULL,NULL);
INSERT INTO `oh_patient` VALUES (256,'Lightfoot','Carlton','Lightfoot Carlton','2014-07-24',6,'','M','South','Westminster','','','','\0','','\0','\0','\0','\0','','N',0,'Unknown','','2020-11-12 16:40:55','admin','2020-11-12 17:40:55',NULL,NULL,1,'unknown','unknown',NULL,NULL,NULL);
INSERT INTO `oh_patient` VALUES (257,'Jollif','Edra','Jollif Edra','2010-09-13',10,'','F','Meadow','Court','','+013435432','','U','','U','\0','U','U','','N',1,'Unknown','','2020-11-12 16:40:55','admin','2020-11-12 17:40:55','admin','2020-11-21 23:07:58',1,'unknown','unknown',NULL,NULL,NULL);
INSERT INTO `oh_patient` VALUES (258,'Carmelina','Rauch','Carmelina Rauch','2015-02-17',5,'','M','Locust Rd.','Waymo','','+54213434','','U','','U','\0','U','U','','N',1,'Unknown','','2020-11-12 16:40:55','admin','2020-11-12 17:40:55','admin','2021-11-09 15:04:42',1,'unknown','unknown',NULL,NULL,NULL);
INSERT INTO `oh_patient` VALUES (259,'Ascencio','Breann','Ascencio Breann','2019-02-24',1,'','F','W.Ghuil 67','Trenton','','','','U','','U','\0','U','U','','N',1,'Unknown','','2020-11-12 16:40:55','admin','2020-11-12 17:40:55','admin','2020-11-20 19:35:20',1,'unknown','unknown',NULL,NULL,NULL);
INSERT INTO `oh_patient` VALUES (260,'Osgood','Elicia','Osgood Elicia','1996-04-27',24,'','F','Lexington','Street','','','','\0','','\0','\0','\0','\0','','N',0,'Unknown','','2020-11-12 16:40:55','admin','2020-11-12 17:40:55',NULL,NULL,1,'unknown','unknown',NULL,NULL,NULL);
INSERT INTO `oh_patient` VALUES (261,'Maryetta','Echols','Maryetta Echols','2020-04-14',0,'','F','North Road 21','Anchor','','+412.3141341','','U','','U','\0','U','U','','N',2,'Unknown','','2020-11-12 16:40:55','admin','2020-11-12 17:40:55','admin','2021-11-09 15:04:03',1,'unknown','unknown',NULL,NULL,NULL);
INSERT INTO `oh_patient` VALUES (262,'Dean','Criger','Dean Criger','2017-06-01',3,'','M','Columbia st.','Galvon','','','','U','','U','\0','U','U','','N',2,'Unknown','','2020-11-12 16:40:55','admin','2020-11-12 17:40:55','admin','2021-03-15 22:20:54',1,'unknown','unknown',NULL,NULL,NULL);
INSERT INTO `oh_patient` VALUES (263,'Beebe','Artie','Beebe Artie','2012-05-13',8,'','M','Long Avenue 6','Hambrog','','','','U','','U','\0','U','U','','N',1,'Unknown','','2020-11-12 16:40:55','admin','2020-11-12 17:40:55','admin','2021-03-15 22:20:24',1,'unknown','unknown',NULL,NULL,NULL);
INSERT INTO `oh_patient` VALUES (264,'Every','Raquel','Every Raquel','1990-07-11',30,'','F','Beech St.','Springfield','','','','U','','U','\0','U','U','','N',1,'Unknown','','2020-11-12 16:40:55','admin','2020-11-12 17:40:55','admin','2021-03-15 14:32:39',1,'unknown','unknown',NULL,NULL,NULL);
INSERT INTO `oh_patient` VALUES (265,'Keefe','Mable','Keefe Mable','2018-09-01',2,'','F','Penrose','Street','','','','U','','U','\0','U','U','','N',2,'Unknown','','2020-11-12 16:40:55','admin','2020-11-12 17:40:55','admin','2020-11-21 23:00:37',1,'unknown','unknown',NULL,NULL,NULL);
INSERT INTO `oh_patient` VALUES (266,'Mcnair','Cleo','Mcnair Cleo','2020-01-28',0,'','M','Talbot lane 3','Lanuour','','','','U','','U','\0','U','U','','N',1,'A-','','2020-11-12 16:40:55','admin','2020-11-12 17:40:55','admin','2021-03-15 22:20:42',1,'unknown','unknown',NULL,NULL,NULL);
INSERT INTO `oh_patient` VALUES (267,'Duclos','Deon','Duclos Deon','2020-10-14',0,'','M','Roosevelt St.','Fulham','','+12111','','U','','U','\0','U','U','','N',1,'A-','','2020-11-12 16:40:55','admin','2020-11-12 17:40:55','admin','2021-03-15 14:33:02',1,'unknown','unknown',NULL,NULL,NULL);
INSERT INTO `oh_patient` VALUES (268,'Rinke','Alexis','Rinke Alexis','2020-05-19',0,'','F','Plaza  12','Santa Barbara','','+3415555','','U','','U','\0','U','U','','N',3,'Unknown','','2020-11-12 16:40:55','admin','2020-11-12 17:40:55','admin','2020-11-21 23:00:31',1,'unknown','unknown',NULL,NULL,NULL);
INSERT INTO `oh_patient` VALUES (269,'Madaline','Mincks','Madaline Mincks','1970-04-27',50,'','F','Courtland st.','Sterling','','+542331431413','','U','','U','\0','U','U','','N',1,'AB-','','2020-11-12 16:40:55','admin','2020-11-12 17:40:55','admin','2021-11-09 15:05:11',1,'unknown','widowed',NULL,NULL,NULL);
INSERT INTO `oh_patient` VALUES (270,'Cerny','Belle','Cerny Belle','2020-06-02',0,'','M','Ave. Providence','Aveber','','','','U','','U','\0','U','U','','N',1,'Unknown','','2020-11-12 16:40:55','admin','2020-11-12 17:40:55','admin','2020-11-21 22:59:51',1,'unknown','unknown',NULL,NULL,NULL);
INSERT INTO `oh_patient` VALUES (271,'Diego','Roni','Diego Roni','1980-04-04',40,'','F','Sutor st. 5','Kiron','','','','U','','U','\0','U','U','','N',2,'Unknown','','2020-11-12 16:40:55','admin','2020-11-12 17:40:55','admin','2021-08-17 15:14:31',1,'unknown','unknown',NULL,NULL,NULL);
INSERT INTO `oh_patient` VALUES (272,'Agustina','Duby','Agustina Duby','2016-10-25',4,'','F','Courtland Road','Roadsy','','+52324331','','U','','U','\0','U','U','','N',2,'Unknown','','2020-11-12 16:40:55','admin','2020-11-12 17:40:55','admin','2021-11-09 15:06:12',1,'unknown','unknown',NULL,NULL,NULL);
INSERT INTO `oh_patient` VALUES (273,'Auzenne','Lashunda','Auzenne Lashunda','1953-10-16',67,'','F','Surrey st.','Georgetown','','','','U','','U','\0','U','U','','N',1,'Unknown','','2020-11-12 16:40:55','admin','2020-11-12 17:40:55','admin','2020-11-20 14:34:42',1,'unknown','unknown',NULL,NULL,NULL);
INSERT INTO `oh_patient` VALUES (274,'Mingo','Denise','Mingo Denise','1961-08-22',59,'','F','Old Central 45','Corpys','','','','U','','U','\0','U','U','','N',1,'Unknown','','2020-11-12 16:40:55','admin','2020-11-12 17:40:55','admin','2021-08-17 15:14:48',1,'unknown','unknown',NULL,NULL,NULL);
INSERT INTO `oh_patient` VALUES (275,'Burrell','Zane','Burrell Zane','2020-10-15',0,'','M','North Road 11','Squaw','','','','U','','U','\0','U','U','','N',2,'Unknown','','2020-11-12 16:40:55','admin','2020-11-12 17:40:55','admin','2021-08-17 15:14:25',1,'unknown','unknown',NULL,NULL,NULL);
INSERT INTO `oh_patient` VALUES (276,'Rakette','Frank','Rakette Frank','2018-04-30',2,'','F','Auburn st.','Northampton','','','','U','','U','\0','U','U','','N',1,'Unknown','','2020-11-12 16:40:55','admin','2020-11-12 17:40:55','admin','2020-11-20 14:34:04',1,'unknown','unknown',NULL,NULL,NULL);
INSERT INTO `oh_patient` VALUES (277,'Elouise','Ackerman','Elouise Ackerman','2019-01-22',1,'','F','Polygon Drive','Calumet City','','','','U','','U','\0','U','U','','N',2,'Unknown','','2020-11-12 16:40:55','admin','2020-11-12 17:40:55','admin','2020-11-20 14:34:24',1,'unknown','unknown',NULL,NULL,NULL);
INSERT INTO `oh_patient` VALUES (278,'Louque','Elian','Louque Elian','2020-02-02',0,'','M','Wellness','Dr. South Town','','+34234324314','','U','','U','\0','U','U','','N',1,'Unknown','','2020-11-12 16:40:55','admin','2020-11-12 17:40:55','admin','2020-11-21 22:58:42',1,'unknown','unknown',NULL,NULL,NULL);
INSERT INTO `oh_patient` VALUES (279,'Nerina','Vernell','Nerina Vernell','2020-03-18',0,'','F','West county 91','San Jos','','+412521434','','U','','U','\0','U','U','','N',2,'Unknown','','2020-11-12 16:40:55','admin','2020-11-12 17:40:55','admin','2021-03-15 12:03:24',1,'unknown','unknown',NULL,NULL,NULL);
INSERT INTO `oh_patient` VALUES (280,'Zdenek','Alejandren','Zdenek Alejandren','2020-09-30',0,'','M','Orchard Street','Orin','','+52343431','','U','','U','\0','U','U','','N',2,'Unknown','','2020-11-12 16:40:55','admin','2020-11-12 17:40:55','admin','2021-11-09 15:05:36',1,'unknown','unknown',NULL,NULL,NULL);
INSERT INTO `oh_patient` VALUES (281,'Feehan','Tiana','Feehan Tiana','2020-08-04',0,'','F','Parker','Drive town','','','','U','','U','\0','U','U','','N',1,'Unknown','','2020-11-12 16:40:55','admin','2020-11-12 17:40:55','admin','2020-11-21 22:58:56',1,'unknown','unknown',NULL,NULL,NULL);
INSERT INTO `oh_patient` VALUES (282,'Eckler','Sadye','Eckler Sadye','2020-09-03',0,'','M','Addison','Avenue','','+41446621','','U','','U','\0','U','U','','N',3,'Unknown','','2020-11-12 16:40:55','admin','2020-11-12 17:40:55','admin','2020-11-21 22:59:30',1,'unknown','unknown',NULL,NULL,NULL);
INSERT INTO `oh_patient` VALUES (283,'Eckler','Eli','Eckler Eli','2020-09-21',0,'','F','Autumn','Street','','+14525235','','U','','U','\0','U','U','','N',1,'Unknown','','2020-11-12 16:40:55','admin','2020-11-12 17:40:55','admin','2020-11-21 22:59:12',1,'unknown','unknown',NULL,NULL,NULL);
INSERT INTO `oh_patient` VALUES (284,'Allard','Denita','Allard Denita','2020-09-25',0,'','M','Belmont','Street','','+4225555','','U','','U','\0','U','U','','N',1,'Unknown','','2020-11-12 16:40:55','admin','2020-11-12 17:40:55','admin','2020-11-21 22:59:05',1,'unknown','unknown',NULL,NULL,NULL);
INSERT INTO `oh_patient` VALUES (285,'Tuft','Jeffie','Tuft Jeffie','1975-08-19',45,'','M','Theatre St.','Covington','','','','U','','U','\0','U','U','','N',1,'Unknown','','2020-11-12 16:40:55','admin','2020-11-12 17:40:55','admin','2021-03-15 12:03:46',1,'unknown','unknown',NULL,NULL,NULL);
INSERT INTO `oh_patient` VALUES (286,'Silvernail','Brenna','Silvernail Brenna','2020-02-06',0,'','F','Bath Dr. 66','Willygh','Father','+536222','','U','','U','\0','U','U','','N',2,'Unknown','','2020-11-12 16:40:55','admin','2020-11-12 17:40:55','admin','2021-11-11 19:47:19',1,'unknown','unknown',NULL,NULL,NULL);
INSERT INTO `oh_patient` VALUES (287,'Ellenburg','Gina','Ellenburg Gina','1960-03-09',60,'','M','North 55','Wehry','','','','U','','U','\0','U','U','','N',1,'Unknown','','2020-11-12 16:40:55','admin','2020-11-12 17:40:55','admin','2020-11-21 01:59:02',1,'unknown','unknown',NULL,NULL,NULL);
INSERT INTO `oh_patient` VALUES (288,'Sowers','Yevette','Sowers Yevette','1947-08-04',73,'','F','Primrose St.','Sulley','','','','U','','U','\0','U','U','','N',2,'Unknown','','2020-11-12 16:40:55','admin','2020-11-12 17:40:55','admin','2021-03-15 14:33:11',1,'unknown','unknown',NULL,NULL,NULL);
INSERT INTO `oh_patient` VALUES (289,'Dewall','Karen','Dewall Karen','1950-09-17',70,'','M','South Avenue 1b','Earl','','+2331541','','U','','U','\0','U','U','','N',1,'Unknown','','2020-11-12 16:40:55','admin','2020-11-12 17:40:55','admin','2020-11-21 01:59:36',1,'unknown','unknown',NULL,NULL,NULL);
INSERT INTO `oh_patient` VALUES (290,'Joesph','Kenna','Joesph Kenna','1959-02-04',61,'','M','53rd Street','COuntu west evans','','','','U','','U','\0','U','U','','N',1,'Unknown','','2020-11-12 16:40:55','admin','2020-11-12 17:40:55','admin','2020-11-21 02:00:24',1,'unknown','unknown',NULL,NULL,NULL);
INSERT INTO `oh_patient` VALUES (291,'Benard','Cynthia','Benard Cynthia','1987-10-05',33,'','F','Marine ave.','Glossington','','','','U','','U','\0','U','U','','N',3,'Unknown','','2020-11-12 16:40:55','admin','2020-11-12 17:40:55','admin','2021-03-15 12:02:53',1,'unknown','unknown',NULL,NULL,NULL);
INSERT INTO `oh_patient` VALUES (292,'Gelman','Demetrice','Gelman Demetrice','1950-03-10',70,'','M','Glen ridge','Springfield','','','','U','','U','\0','U','U','','N',1,'B+','','2020-11-12 16:40:55','admin','2020-11-12 17:40:55','admin','2021-03-15 12:14:11',1,'unknown','widowed',NULL,NULL,NULL);
INSERT INTO `oh_patient` VALUES (293,'Yanni','Charlena','Yanni Charlena','1960-04-02',60,'','M','West. seyn 2','Galvin','','','','U','','U','\0','U','U','','N',2,'Unknown','','2020-11-12 16:40:55','admin','2020-11-12 17:40:55','admin','2021-11-09 17:38:55',1,'unknown','unknown',NULL,NULL,NULL);
INSERT INTO `oh_patient` VALUES (294,'Keltner','Josefina','Keltner Josefina','1990-08-28',30,'','F','Luna ave.','Springfield','','','','U','','U','\0','U','U','','N',2,'B+','','2020-11-12 16:40:55','admin','2020-11-12 17:40:55','admin','2021-03-15 12:09:04',1,'unknown','married',NULL,NULL,NULL);
INSERT INTO `oh_patient` VALUES (295,'Kirby','Ai','Kirby Ai','1973-11-03',47,'','M','Lafayette 5','Durban','','+34343\\35','','U','','U','\0','U','U','','N',2,'Unknown','','2020-11-12 16:40:55','admin','2020-11-12 17:40:55','admin','2020-11-21 01:59:56',1,'unknown','unknown',NULL,NULL,NULL);
INSERT INTO `oh_patient` VALUES (296,'Cousineau','Keesha','Cousineau Keesha','2011-07-19',9,'','M','Mammoth ave.','Springfield','','','','U','','U','\0','U','U','','N',1,'Unknown','','2020-11-12 16:40:55','admin','2020-11-12 17:40:55','admin','2021-03-15 12:09:29',1,'unknown','unknown',NULL,NULL,NULL);
INSERT INTO `oh_patient` VALUES (297,'Drake','Synthia','Drake Synthia','2001-03-01',19,'','M','Gorny boul. 21','Wellington','','+542241','','U','','U','\0','U','U','','N',1,'0-','','2020-11-12 16:40:55','admin','2020-11-12 17:40:55','admin','2021-03-15 22:21:35',1,'unknown','single',NULL,NULL,NULL);
INSERT INTO `oh_patient` VALUES (298,'Crystal','Venessa','Crystal Venessa','1961-10-10',59,'','F','Court rd 5','Nannisville','','','','U','','U','\0','U','U','','N',2,'Unknown','','2020-11-12 16:40:55','admin','2020-11-12 17:40:55','admin','2021-08-17 15:14:04',1,'unknown','unknown',NULL,NULL,NULL);
INSERT INTO `oh_patient` VALUES (299,'Junior','Annie','Junior Annie','1985-01-21',35,'','M','South Street 5','Windsor town','','','','U','','U','\0','U','U','','N',1,'Unknown','','2020-11-12 16:40:55','admin','2020-11-12 17:40:55','admin','2021-08-17 15:13:27',1,'unknown','unknown',NULL,NULL,NULL);
INSERT INTO `oh_patient` VALUES (300,'Andrepont','Golden','Andrepont Golden','2005-05-18',15,'','M','Drive way 62','Maryville','','+343245555','','U','','U','\0','U','U','','N',1,'Unknown','','2020-11-12 16:40:55','admin','2020-11-12 17:40:55','admin','2020-11-21 22:58:27',1,'unknown','unknown',NULL,NULL,NULL);
INSERT INTO `oh_patient` VALUES (301,'Kruse','Noe','Kruse Noe','1981-11-08',39,'','M','Virginia rd 66','Beachville','','','','U','','U','\0','U','U','','N',1,'Unknown','','2020-11-12 16:40:55','admin','2020-11-12 17:40:55','admin','2021-08-17 15:13:15',1,'unknown','unknown',NULL,NULL,NULL);
INSERT INTO `oh_patient` VALUES (302,'Scheffer','Terina','Scheffer Terina','1988-08-16',32,'','F','Road New 14','Lewiston','','+34235112','','U','','U','\0','U','U','','N',2,'Unknown','','2020-11-12 16:40:55','admin','2020-11-12 17:40:55','admin','2021-03-15 22:22:10',1,'unknown','unknown',NULL,NULL,NULL);
INSERT INTO `oh_patient` VALUES (303,'Vanover','Tuyet','Vanover Tuyet','1981-07-05',39,'','M','Drive road 151','Mount','','','','U','','U','\0','U','U','','N',1,'Unknown','','2020-11-12 16:40:55','admin','2020-11-12 17:40:55','admin','2021-03-15 14:33:32',1,'unknown','unknown',NULL,NULL,NULL);
INSERT INTO `oh_patient` VALUES (304,'Amo','Natalia','Amo Natalia','1949-08-20',71,'','M','Saint street 1','Charlesville','','','','U','','U','\0','U','U','','N',1,'Unknown','','2020-11-12 16:40:55','admin','2020-11-12 17:40:55','admin','2021-08-17 15:13:04',1,'unknown','unknown',NULL,NULL,NULL);
INSERT INTO `oh_patient` VALUES (305,'Grose','Rosalba','Grose Rosalba','1963-10-11',57,'','F','Lendor St.','Lenoir','','','','U','','U','\0','U','U','','N',2,'Unknown','','2020-11-12 16:40:55','admin','2020-11-12 17:40:55','admin','2021-03-15 14:33:23',1,'unknown','unknown',NULL,NULL,NULL);
INSERT INTO `oh_patient` VALUES (306,'Nantz','Ahmad','Nantz Ahmad','1992-04-19',28,'','M','Pickerington st','OH town','','','','U','','U','\0','U','U','','N',1,'Unknown','','2020-11-12 16:40:55','admin','2020-11-12 17:40:55','admin','2021-08-17 15:13:50',1,'unknown','unknown',NULL,NULL,NULL);
INSERT INTO `oh_patient` VALUES (307,'Terranova','Quinn','Terranova Quinn','2009-10-01',11,'','M','Drive Road 35','Old','','','','U','','U','\0','U','U','','N',1,'Unknown','','2020-11-12 16:40:55','admin','2020-11-12 17:40:55','admin','2020-11-21 22:58:15',1,'unknown','unknown',NULL,NULL,NULL);
INSERT INTO `oh_patient` VALUES (308,'Trantham','Donte','Trantham Donte','1995-05-08',25,'','M','Curry Rd.','Roslindale','','+652214554245','','U','','U','\0','U','U','','N',1,'A-','','2020-11-12 16:40:55','admin','2020-11-12 17:40:55','admin','2021-11-09 17:19:40',1,'medicine','single',NULL,NULL,NULL);
INSERT INTO `oh_patient` VALUES (309,'Neguson','Deangelo','Neguson Deangelo','1973-04-11',47,'','M','Elmhurst Avn. 51','NY','','+542543111','','U','','U','\0','U','U','','N',1,'Unknown','','2020-11-12 16:40:55','admin','2020-11-12 17:40:55','admin','2021-11-09 15:06:35',1,'unknown','unknown',NULL,NULL,NULL);
INSERT INTO `oh_patient` VALUES (310,'Raymo','Kieth','Raymo Kieth','1984-04-17',36,'','M','Wayne Road main','Stillwater','','+034321311','','U','','U','\0','U','U','','N',1,'Unknown','','2020-11-12 16:40:55','admin','2020-11-12 17:40:55','admin','2020-11-21 23:08:23',1,'unknown','unknown',NULL,NULL,NULL);
INSERT INTO `oh_patient` VALUES (311,'Arata','Vincent','Arata Vincent','1938-08-01',82,'','M','Fort Rd. 1','Fort','','+45341313','','U','','U','\0','U','U','','N',2,'Unknown','','2020-11-12 16:40:55','admin','2020-11-12 17:40:55','admin','2021-11-11 19:46:53',1,'unknown','unknown',NULL,NULL,NULL);
INSERT INTO `oh_patient` VALUES (312,'Quiroga','Isreal','Quiroga Isreal','1978-05-07',42,'','M','Teaneck St. 1','New River Village','','+62.872564524','','U','','U','\0','U','U','','N',1,'Unknown','','2020-11-12 16:40:55','admin','2020-11-12 17:40:55','admin','2021-11-09 14:50:20',1,'unknown','unknown',NULL,NULL,NULL);
INSERT INTO `oh_patient` VALUES (313,'Depuy','Darrell','Depuy Darrell','1969-10-07',51,'','M','Large Street 731','Beloit','','','','U','','U','\0','U','U','','N',1,'Unknown','','2020-11-12 16:40:55','admin','2020-11-12 17:40:55','admin','2021-03-15 12:10:00',1,'unknown','unknown',NULL,NULL,NULL);
INSERT INTO `oh_patient` VALUES (314,'Dark','Shon','Dark Shon','1979-04-13',41,'','M','Avery Lane 123','Savage','','','','U','','U','\0','U','U','','N',1,'Unknown','','2020-11-12 16:40:55','admin','2020-11-12 17:40:55','admin','2021-03-15 12:10:12',1,'unknown','unknown',NULL,NULL,NULL);
INSERT INTO `oh_patient` VALUES (315,'Kittelson','Hobert','Kittelson Hobert','1972-09-15',48,'','M','Kent rd 1','OH Town','','+542252111','','U','','U','\0','U','U','','N',2,'Unknown','','2020-11-12 16:40:55','admin','2020-11-12 17:40:55','admin','2021-11-09 17:21:32',1,'unknown','unknown',NULL,NULL,NULL);
INSERT INTO `oh_patient` VALUES (316,'Vitela','Jerrod','Vitela Jerrod','1945-03-04',75,'','M','South st 55','Windsor','','343143155','','U','','U','\0','U','U','','N',1,'Unknown','','2020-11-12 16:40:55','admin','2020-11-12 17:40:55','admin','2021-11-11 19:47:02',1,'unknown','unknown',NULL,NULL,NULL);
INSERT INTO `oh_patient` VALUES (317,'Isaiah','Isabelle','Isaiah Isabelle','1948-05-04',72,'','M','Cartersville district 5','Gary Town','','+45211111','','U','','U','\0','U','U','','N',1,'A+','','2020-11-12 16:40:55','admin','2020-11-12 17:40:55','admin','2021-11-09 17:21:00',1,'farming','widowed',NULL,NULL,NULL);
INSERT INTO `oh_patient` VALUES (318,'Durrah','Stanton','Durrah Stanton','1978-04-27',42,'','M','Dover Pl. 823','North Hover','','','','U','','U','\0','U','U','','N',1,'Unknown','','2020-11-12 16:40:55','admin','2020-11-12 17:40:55','admin','2020-11-21 01:58:49',1,'unknown','unknown',NULL,NULL,NULL);
INSERT INTO `oh_patient` VALUES (319,'Stackpole','Solomon','Stackpole Solomon','2003-07-15',17,'','M','Bayside','New Town','','+5411111','','U','','U','\0','U','U','','N',1,'Unknown','','2020-11-12 16:40:55','admin','2020-11-12 17:40:55','admin','2021-11-09 17:31:11',1,'unknown','unknown',NULL,NULL,NULL);
INSERT INTO `oh_patient` VALUES (320,'Stacy','Hauger','Stacy Hauger','1972-11-09',48,'','F','Warminster','PA','','','','U','','U','\0','U','U','','N',1,'Unknown','','2020-11-12 16:40:55','admin','2020-11-12 17:40:55','admin','2020-11-20 02:19:18',1,'unknown','unknown',NULL,NULL,NULL);
INSERT INTO `oh_patient` VALUES (321,'Jemison','Roscoe','Jemison Roscoe','1954-03-02',66,'','M','Muligan Drive N. 4','Cottage Town','','+134.343213','','U','','U','\0','U','U','','N',1,'Unknown','','2020-11-12 16:40:55','admin','2020-11-12 17:40:55','admin','2021-11-09 14:50:45',1,'unknown','unknown',NULL,NULL,NULL);
INSERT INTO `oh_patient` VALUES (322,'Iraheta','Jerome','Iraheta Jerome','1981-09-07',39,'','M','Street','Aberdeen','','','','\0','','\0','\0','\0','\0','','N',0,'Unknown','','2020-11-12 16:40:55','admin','2020-11-12 17:40:55',NULL,NULL,1,'unknown','unknown',NULL,NULL,NULL);
INSERT INTO `oh_patient` VALUES (323,'Skiba','Millard','Skiba Millard','1971-05-28',49,'','M','Large Lane 5','Meadville','','+65222222','','U','','U','\0','U','U','','N',1,'Unknown','','2020-11-12 16:40:55','admin','2020-11-12 17:40:55','admin','2021-11-09 17:18:15',1,'unknown','unknown',NULL,NULL,NULL);
INSERT INTO `oh_patient` VALUES (324,'Tony','Salmeron','Tony Salmeron','1952-09-30',68,'','M','Sun street 1/b','Sun City','','','','U','','U','\0','U','U','','N',2,'Unknown','','2020-11-12 16:40:55','admin','2020-11-12 17:40:55','admin','2021-03-15 22:21:53',1,'unknown','unknown',NULL,NULL,NULL);
INSERT INTO `oh_patient` VALUES (325,'Ramon','Saltz','Ramon Saltz','1974-10-31',46,'','M','Maplewood Rd. 89','New Jam','','+514541311','','U','','U','\0','U','U','','N',1,'A-','','2020-11-12 16:40:55','admin','2020-11-12 17:40:55','admin','2021-11-09 15:26:35',1,'unknown','divorced',NULL,NULL,NULL);
INSERT INTO `oh_patient` VALUES (326,'Raborn','Nathanael','Raborn Nathanael','1984-03-28',36,'','M','Red St.','North','','+4512512455','','U','','U','\0','U','U','','N',1,'Unknown','','2020-11-12 16:40:55','admin','2020-11-12 17:40:55','admin','2020-11-21 22:58:00',1,'unknown','unknown',NULL,NULL,NULL);
INSERT INTO `oh_patient` VALUES (327,'Montealegre','Cesar','Montealegre Cesar','1983-04-13',37,'','M','Dalton 1','Gat Husnt','','','','U','','U','\0','U','U','','N',1,'Unknown','','2020-11-12 16:40:55','admin','2020-11-12 17:40:55','admin','2020-11-21 02:01:40',1,'unknown','unknown',NULL,NULL,NULL);
INSERT INTO `oh_patient` VALUES (328,'Teller','King','Teller King','1992-08-29',28,'','M','Ashtabula Rd','Open','','87546563','','U','','U','\0','U','U','','N',1,'Unknown','','2020-11-12 16:40:55','admin','2020-11-12 17:40:55','admin','2021-11-09 15:06:54',1,'unknown','unknown',NULL,NULL,NULL);
INSERT INTO `oh_patient` VALUES (329,'Rausch','Santo','Rausch Santo','1975-10-07',45,'','M','Stavinger St. 1','Canonsburg','','+542433431','','U','','U','\0','U','U','','N',1,'0+','','2020-11-12 16:40:55','admin','2020-11-12 17:40:55','admin','2021-11-09 15:27:02',1,'unknown','married',NULL,NULL,NULL);
INSERT INTO `oh_patient` VALUES (330,'Noblitt','Kenton','Noblitt Kenton','1992-02-29',28,'','M','Washington','PA','','+18484841','','U','','U','\0','U','U','','N',1,'Unknown','','2020-11-12 16:40:55','admin','2020-11-12 17:40:55','admin','2020-11-21 23:08:31',1,'unknown','unknown',NULL,NULL,NULL);
INSERT INTO `oh_patient` VALUES (331,'Raven','Philip','Raven Philip','1993-02-08',27,'','M','Beverly st. 1','Margy','','','','U','','U','\0','U','U','','N',1,'Unknown','','2020-11-12 16:40:55','admin','2020-11-12 17:40:55','admin','2021-03-15 12:10:41',1,'unknown','unknown',NULL,NULL,NULL);
INSERT INTO `oh_patient` VALUES (332,'Cullen','Minh','Cullen Minh','1989-10-29',31,'','M','Henderson N. 51','Kerigan','','+42542525','','U','','U','\0','U','U','','N',4,'Unknown','','2020-11-12 16:40:55','admin','2020-11-12 17:40:55','admin','2021-11-09 15:07:12',1,'unknown','unknown',NULL,NULL,NULL);
INSERT INTO `oh_patient` VALUES (333,'Erik','Kimpel','Erik Kimpel','1998-06-23',22,'','M','Bonita Av. 671','Springs Town','','+54211111','','U','','U','\0','U','U','','N',1,'A+','','2020-11-12 16:40:55','admin','2020-11-12 17:40:55','admin','2021-11-09 15:27:29',1,'unknown','single',NULL,NULL,NULL);
INSERT INTO `oh_patient` VALUES (334,'Starns','Kristopher','Starns Kristopher','2006-09-07',14,'','M','Lowell st 5','Mass Cambrisge','','','','U','','U','\0','U','U','','N',1,'Unknown','','2020-11-12 16:40:55','admin','2020-11-12 17:40:55','admin','2020-11-21 02:01:58',1,'unknown','unknown',NULL,NULL,NULL);
INSERT INTO `oh_patient` VALUES (335,'Provenzano','Branden','Provenzano Branden','1945-04-21',75,'','M','Leland st. 56','Wartingon','','','','U','','U','\0','U','U','','N',1,'Unknown','','2020-11-12 16:40:55','admin','2020-11-12 17:40:55','admin','2020-11-21 01:58:35',1,'unknown','unknown',NULL,NULL,NULL);
INSERT INTO `oh_patient` VALUES (336,'Moreles','Emery','Moreles Emery','1984-03-30',36,'','M','Drive st 66','Des Moines','','','','U','','U','\0','U','U','','N',1,'Unknown','','2020-11-12 16:40:55','admin','2020-11-12 17:40:55','admin','2020-11-21 22:57:37',1,'unknown','unknown',NULL,NULL,NULL);
INSERT INTO `oh_patient` VALUES (337,'Emberton','John','Emberton John','1981-04-04',39,'','M','Ormond road','Beach town','','+1.22.4535135','','U','','U','\0','U','U','','N',1,'Unknown','','2020-11-12 16:40:55','admin','2020-11-12 17:40:55','admin','2021-08-17 15:12:52',1,'unknown','unknown',NULL,NULL,NULL);
INSERT INTO `oh_patient` VALUES (338,'Koski','Raul','Koski Raul','1987-07-05',33,'','M','Bismarck way 1','Nordost','','','','U','','U','\0','U','U','','N',1,'Unknown','','2020-11-12 16:40:55','admin','2020-11-12 17:40:55','admin','2021-08-17 15:12:33',1,'unknown','unknown',NULL,NULL,NULL);
INSERT INTO `oh_patient` VALUES (339,'Jack','Lupe','Jack Lupe','1978-01-31',42,'','M','Fall road N. 782','River town','','','','U','','U','\0','U','U','','N',2,'Unknown','','2020-11-12 16:40:55','admin','2020-11-12 17:40:55','admin','2021-11-09 17:18:02',1,'unknown','unknown',NULL,NULL,NULL);
INSERT INTO `oh_patient` VALUES (340,'Lindon','Everart','Lindon Everart','2000-06-29',20,'','M','Opal new','Lurewon','','','','\0','','\0','\0','\0','\0','','N',0,'Unknown','','2020-11-12 16:40:55','admin','2020-11-12 17:40:55',NULL,NULL,1,'unknown','unknown',NULL,NULL,NULL);
INSERT INTO `oh_patient` VALUES (341,'Bryden','Keneth','Bryden Keneth','2020-07-10',0,'','M','North Drive 23','Desplains','','','','U','','U','\0','U','U','','N',2,'Unknown','','2020-11-12 16:40:55','admin','2020-11-12 17:40:55','admin','2021-03-15 12:02:22',1,'unknown','unknown',NULL,NULL,NULL);
INSERT INTO `oh_patient` VALUES (342,'Ellard','Hyman','Ellard Hyman','2019-04-09',1,'','M','Leesburg','Varnish','','+343413413','','U','','U','\0','U','U','','N',2,'Unknown','','2020-11-12 16:40:55','admin','2020-11-12 17:40:55','admin','2021-11-09 17:30:40',1,'unknown','unknown',NULL,NULL,NULL);
INSERT INTO `oh_patient` VALUES (343,'Jenna','Modesto','Jenna Modesto','2020-07-25',0,'','F','Waynesboro Rd n.66','Parington','','','','U','','U','\0','U','U','','N',2,'Unknown','','2020-11-12 16:40:55','admin','2020-11-12 17:40:55','admin','2021-11-09 14:49:09',1,'unknown','unknown',NULL,NULL,NULL);
INSERT INTO `oh_patient` VALUES (344,'Rowse','Manual','Rowse Manual','1977-04-27',43,'','M','Menasha','Willington','','+35211','','U','','U','\0','U','U','','N',1,'AB-','','2020-11-12 16:40:55','admin','2020-11-12 17:40:55','admin','2021-11-11 19:46:41',1,'farming','married',NULL,NULL,NULL);
INSERT INTO `oh_patient` VALUES (345,'Lamara','Dylan','Lamara Dylan','2001-09-06',19,'','F','Salem County West','Wyring','','+31431341','','U','','U','\0','U','U','','N',1,'Unknown','','2020-11-12 16:40:55','admin','2020-11-12 17:40:55','admin','2020-11-21 02:02:26',1,'unknown','unknown',NULL,NULL,NULL);
INSERT INTO `oh_patient` VALUES (346,'Kirta','Winford','Kirta Winford','1983-10-05',37,'','F','Dr. 56','Parkville','','','','U','','U','\0','U','U','','N',1,'Unknown','','2020-11-12 16:40:55','admin','2020-11-12 17:40:55','admin','2021-03-15 12:13:40',1,'unknown','unknown',NULL,NULL,NULL);
INSERT INTO `oh_patient` VALUES (347,'Hutcheson','Jere','Hutcheson Jere','1980-01-29',40,'','F','Fairport Avenue 45','New Town','','+12.124554651','','U','','U','\0','U','U','','N',1,'Unknown','','2020-11-12 16:40:55','admin','2020-11-12 17:40:55','admin','2021-11-09 14:49:29',1,'unknown','unknown',NULL,NULL,NULL);
INSERT INTO `oh_patient` VALUES (348,'Meche','Carlosy','Meche Carlosy','1980-07-09',40,'','F','Lane','Fredericksburg','','','','\0','','\0','\0','\0','\0','','N',0,'Unknown','','2020-11-12 16:40:55','admin','2020-11-12 17:40:55',NULL,NULL,1,'unknown','unknown',NULL,NULL,NULL);
INSERT INTO `oh_patient` VALUES (349,'Jeana','Bennett','Jeana Bennett','1980-09-07',40,'','F','Elizabeth','NJ','','+5242421412','','U','','U','\0','U','U','','N',1,'Unknown','','2020-11-12 16:40:55','admin','2020-11-12 17:40:55','admin','2020-11-21 22:57:25',1,'unknown','unknown',NULL,NULL,NULL);
INSERT INTO `oh_patient` VALUES (350,'Deforge','Martin','Deforge Martin','2002-03-02',18,'','F','Niagara','Falls','','','','\0','','\0','\0','\0','\0','','N',0,'Unknown','','2020-11-12 16:40:55','admin','2020-11-12 17:40:55',NULL,NULL,1,'unknown','unknown',NULL,NULL,NULL);
INSERT INTO `oh_patient` VALUES (351,'Westbrook','Connie','Westbrook Connie','1992-05-18',28,'','F','New Avene 27','Mount city','','+66.13446521','','U','','U','\0','U','U','','N',2,'Unknown','','2020-11-12 16:40:55','admin','2020-11-12 17:40:55','admin','2021-11-09 14:49:50',1,'unknown','unknown',NULL,NULL,NULL);
INSERT INTO `oh_patient` VALUES (352,'Jarvis','Dean','Jarvis Dean','1981-07-12',39,'','F','Royal','Oak','','','','\0','','\0','\0','\0','\0','','N',0,'Unknown','','2020-11-12 16:40:55','admin','2020-11-12 17:40:55',NULL,NULL,1,'unknown','unknown',NULL,NULL,NULL);
INSERT INTO `oh_patient` VALUES (353,'Ciancio','Michale','Ciancio Michale','1992-08-22',28,'','F','Harvey Pl. 4','Ilvers','','+141434','','U','','U','\0','U','U','','N',1,'Unknown','','2020-11-12 16:40:55','admin','2020-11-12 17:40:55','admin','2021-03-15 12:11:41',1,'unknown','unknown',NULL,NULL,NULL);
INSERT INTO `oh_patient` VALUES (354,'Beckmann','Kurt','Beckmann Kurt','1982-10-02',38,'','F','Rollen Dr. 134','Orchard','','+0754524245','','U','','U','\0','U','U','','N',1,'Unknown','','2020-11-12 16:40:55','admin','2020-11-12 17:40:55','admin','2020-11-21 22:57:18',1,'unknown','unknown',NULL,NULL,NULL);
INSERT INTO `oh_patient` VALUES (355,'Mallery','Stephanie','Mallery Stephanie','1994-02-24',26,'','F','Tallahassee Rd 45','Renington','','+21.3.135451','','U','','U','\0','U','U','','N',1,'B+','','2020-11-12 16:40:55','admin','2020-11-12 17:40:55','admin','2021-08-17 15:03:01',1,'unknown','unknown',NULL,NULL,NULL);
INSERT INTO `oh_patient` VALUES (356,'Tiana','Chessy','Tiana Chessy','1996-02-04',24,'','F','Ridgecrest rd 652','Calverton','','+54214331413','','U','','U','\0','U','U','','N',1,'B+','','2020-11-12 16:40:55','admin','2020-11-12 17:40:55','admin','2021-11-09 15:45:40',1,'unknown','single',NULL,NULL,NULL);
INSERT INTO `oh_patient` VALUES (357,'Debus','Nakesha','Debus Nakesha','1997-10-15',23,'','F','Deland rd','Fullerton','','','','U','','U','\0','U','U','','N',2,'Unknown','','2020-11-12 16:40:55','admin','2020-11-12 17:40:55','admin','2021-11-09 17:17:52',1,'unknown','unknown',NULL,NULL,NULL);
INSERT INTO `oh_patient` VALUES (358,'Maxton','Tania','Maxton Tania','2004-05-02',16,'','F','Fuller St.3','Arlington','','+312434314','','U','','U','\0','U','U','','N',1,'Unknown','','2020-11-12 16:40:55','admin','2020-11-12 17:40:55','admin','2021-03-15 12:10:58',1,'unknown','unknown',NULL,NULL,NULL);
INSERT INTO `oh_patient` VALUES (359,'Kruse','Twanda','Kruse Twanda','1993-01-28',27,'','F','Dublin Ave 6','Gerinia','','+11143433','','U','','U','\0','U','U','','N',2,'Unknown','','2020-11-12 16:40:55','admin','2020-11-12 17:40:55','admin','2021-11-09 17:17:11',1,'unknown','unknown',NULL,NULL,NULL);
INSERT INTO `oh_patient` VALUES (360,'Silvester','Riley','Silvester Riley','1990-03-01',30,'','F','Glen Street 23','Allen Town','','+12.123151351','','U','','U','\0','U','U','','N',1,'Unknown','','2020-11-12 16:40:55','admin','2020-11-12 17:40:55','admin','2021-11-09 14:48:43',1,'unknown','unknown',NULL,NULL,NULL);
INSERT INTO `oh_patient` VALUES (361,'Lena','Temblador','Lena Temblador','1987-07-17',33,'','F','Cartersville place n. 713','Ganiver','','+933554','','U','','U','\0','U','U','','N',1,'0-','','2020-11-12 16:40:55','admin','2020-11-12 17:40:55','admin','2021-11-09 15:28:00',1,'unknown','married',NULL,NULL,NULL);
INSERT INTO `oh_patient` VALUES (362,'Adina','Nuckolls','Adina Nuckolls','1996-07-13',24,'','F','Long Lane n 4','Amsterdam','','+5424dfgsdsfg','','U','','U','\0','U','U','','N',1,'Unknown','','2020-11-12 16:40:55','admin','2020-11-12 17:40:55','admin','2021-11-09 17:11:00',1,'unknown','unknown',NULL,NULL,NULL);
INSERT INTO `oh_patient` VALUES (363,'Tichenor','Alita','Tichenor Alita','1988-03-01',32,'','F','Savage','MN','','+4311333','','U','','U','\0','U','U','','N',1,'Unknown','','2020-11-12 16:40:55','admin','2020-11-12 17:40:55','admin','2020-11-21 23:08:43',1,'unknown','unknown',NULL,NULL,NULL);
INSERT INTO `oh_patient` VALUES (364,'Georgette','Tusji','Georgette Tusji','2002-10-28',18,'','F','Tertia Avenida 3','Trussville','','+134344131','','U','','U','\0','U','U','','N',1,'Unknown','','2020-11-12 16:40:55','admin','2020-11-12 17:40:55','admin','2021-11-09 16:58:45',1,'unknown','unknown',NULL,NULL,NULL);
INSERT INTO `oh_patient` VALUES (365,'Reardon','Mora','Reardon Mora','1997-04-18',23,'','F','East Rugh 66','Lansing','','','','U','','U','\0','U','U','','N',1,'Unknown','','2020-11-12 16:40:55','admin','2020-11-12 17:40:55','admin','2020-11-21 02:02:37',1,'unknown','unknown',NULL,NULL,NULL);
INSERT INTO `oh_patient` VALUES (366,'Lipton','Luba','Lipton Luba','2001-08-07',19,'','F','North Street 1','Green Town','','','','U','','U','\0','U','U','','N',5,'AB+','','2020-11-12 16:40:55','admin','2020-11-12 17:40:55','admin','2021-03-15 14:47:02',1,'unknown','single',NULL,NULL,NULL);
INSERT INTO `oh_patient` VALUES (367,'Alderson','Katrice','Alderson Katrice','2003-06-06',17,'','F','Key Road 62','West','','','','U','','U','\0','U','U','','N',1,'Unknown','','2020-11-12 16:40:55','admin','2020-11-12 17:40:55','admin','2020-11-21 22:57:01',1,'unknown','unknown',NULL,NULL,NULL);
INSERT INTO `oh_patient` VALUES (368,'Stella','Alleen','Stella Alleen','1985-04-20',35,'','F','New Avenue 1','Morgantown','','+65321111','','U','','U','\0','U','U','','N',1,'Unknown','','2020-11-12 16:40:55','admin','2020-11-12 17:40:55','admin','2021-11-09 17:17:46',1,'unknown','unknown',NULL,NULL,NULL);
INSERT INTO `oh_patient` VALUES (369,'Gwyn','Jazmine','Gwyn Jazmine','1984-03-05',36,'','F','Amityville','NY','','+43431113','','U','','U','\0','U','U','','N',2,'A-','','2020-11-12 16:40:55','admin','2020-11-12 17:40:55','admin','2021-11-11 19:46:20',1,'unknown','married',NULL,NULL,NULL);
INSERT INTO `oh_patient` VALUES (370,'Nia','Micheck','Nia Micheck','1996-10-01',24,'','F','Park Avenue 12','Ridge','','6527887578','','U','','U','\0','U','U','','N',1,'B+','','2020-11-12 16:40:55','admin','2020-11-12 17:40:55','admin','2021-11-09 17:14:12',1,'unknown','single',NULL,NULL,NULL);
INSERT INTO `oh_patient` VALUES (371,'Lara','Terrilyn','Lara Terrilyn','1990-09-16',30,'','F','Street','Springfield','','+34009831','','U','','U','\0','U','U','','N',1,'Unknown','','2020-11-12 16:40:55','admin','2020-11-12 17:40:55','admin','2020-11-21 23:08:50',1,'unknown','unknown',NULL,NULL,NULL);
INSERT INTO `oh_patient` VALUES (372,'Kissane','Lakeesha','Kissane Lakeesha','1968-06-08',52,'','M','Garner road','NC','','','','U','','U','\0','U','U','','N',1,'Unknown','','2020-11-12 16:40:55','admin','2020-11-12 17:40:55','admin','2021-03-15 12:11:49',1,'unknown','unknown',NULL,NULL,NULL);
INSERT INTO `oh_patient` VALUES (373,'Eleanora','Albrect','Eleanora Albrect','1980-10-26',40,'','F','Tewksbury','Mastinway','','+521134354314','','U','','U','\0','U','U','','N',1,'B+','','2020-11-12 16:40:55','admin','2020-11-12 17:40:55','admin','2021-11-09 17:15:09',1,'unknown','married',NULL,NULL,NULL);
INSERT INTO `oh_patient` VALUES (374,'Janusz','Lavera','Janusz Lavera','1950-04-15',70,'','F','Whitestone','Evanrod','','','','U','','U','\0','U','U','','N',1,'Unknown','','2020-11-12 16:40:55','admin','2020-11-12 17:40:55','admin','2020-11-21 01:57:28',1,'unknown','unknown',NULL,NULL,NULL);
INSERT INTO `oh_patient` VALUES (375,'Nicolai','Adan','Nicolai Adan','1944-07-27',76,'','M','Prattville','Arlington','','+541675647','','U','','U','\0','U','U','','N',1,'Unknown','','2020-11-12 16:40:55','admin','2020-11-12 17:40:55','admin','2021-11-09 17:14:34',1,'unknown','unknown',NULL,NULL,NULL);
INSERT INTO `oh_patient` VALUES (376,'Leila','Tomas','Leila Tomas','1973-04-20',47,'','F','Corner plaa 667','Moncks','','+7662222','','U','','U','\0','U','U','','N',2,'Unknown','','2020-11-12 16:40:55','admin','2020-11-12 17:40:55','admin','2021-11-09 17:29:08',1,'unknown','unknown',NULL,NULL,NULL);
INSERT INTO `oh_patient` VALUES (377,'Serena','Levinson','Serena Levinson','1973-07-30',47,'','F','Gaines rd 51','Varstsville','','','','U','','U','\0','U','U','','N',1,'Unknown','','2020-11-12 16:40:55','admin','2020-11-12 17:40:55','admin','2021-11-09 17:15:32',1,'unknown','unknown',NULL,NULL,NULL);
INSERT INTO `oh_patient` VALUES (378,'Estep','Jayson','Estep Jayson','1991-04-15',29,'','M','Hendersonville','New Carnen','','','','U','','U','\0','U','U','','N',1,'Unknown','','2020-11-12 16:40:55','admin','2020-11-12 17:40:55','admin','2020-11-21 01:58:02',1,'unknown','unknown',NULL,NULL,NULL);
INSERT INTO `oh_patient` VALUES (379,'Locicero','Kristy','Locicero Kristy','1989-06-28',31,'','F','Mahwah st. 1','NJ','','+5421111','','U','','U','\0','U','U','','N',1,'Unknown','','2020-11-12 16:40:55','admin','2020-11-12 17:40:55','admin','2021-11-09 17:16:52',1,'unknown','unknown',NULL,NULL,NULL);
INSERT INTO `oh_patient` VALUES (380,'Amos','Lady','Amos Lady','2019-09-19',1,'','F','Roy place 66','UT Foster','','+45256562','','U','','U','\0','U','U','','N',1,'Unknown','','2020-11-12 16:40:55','admin','2020-11-12 17:40:55','admin','2020-11-21 22:56:50',1,'unknown','unknown',NULL,NULL,NULL);
INSERT INTO `oh_patient` VALUES (381,'Linwood','Marnamont','Linwood Marnamont','1998-06-06',22,'','M','Elk place 23','River Town','','','','U','','U','\0','U','U','','N',1,'Unknown','','2020-11-12 16:40:55','admin','2020-11-12 17:40:55','admin','2021-11-09 14:48:24',1,'unknown','unknown',NULL,NULL,NULL);
INSERT INTO `oh_patient` VALUES (382,'Spiller','Dann','Spiller Dann','2019-10-07',1,'','M','Margarets','Street','','','','\0','','\0','\0','\0','\0','','N',2,'Unknown','','2020-11-12 16:40:55','admin','2020-11-12 17:40:55',NULL,NULL,1,'unknown','unknown',NULL,NULL,NULL);
INSERT INTO `oh_patient` VALUES (383,'Jacks','Megany','Jacks Megany','1960-11-11',60,'','M','Saint st. 1','Cloudville','','+67234532521','','U','','U','\0','U','U','','N',1,'Unknown','','2020-11-12 16:40:55','admin','2020-11-12 17:40:55','admin','2021-11-09 15:28:19',1,'unknown','unknown',NULL,NULL,NULL);
INSERT INTO `oh_patient` VALUES (384,'Kreiger','Astrid','Kreiger Astrid','2001-04-29',19,'','F','Cape District 67','Coral','','','','U','','U','\0','U','U','','N',1,'Unknown','','2020-11-12 16:40:55','admin','2020-11-12 17:40:55','admin','2021-03-15 12:02:01',1,'unknown','unknown',NULL,NULL,NULL);
INSERT INTO `oh_patient` VALUES (385,'Lauder','Jurghen','Lauder Jurghen','2010-08-19',10,'','M','Charlotte','North Carolina','','+62233434','','U','','U','\0','U','U','','N',1,'Unknown','','2020-11-12 16:40:55','admin','2020-11-12 17:40:55','admin','2021-11-09 17:30:06',1,'unknown','unknown',NULL,NULL,NULL);
INSERT INTO `oh_patient` VALUES (386,'Marmo','Garth','Marmo Garth','2017-07-03',3,'','F','Clinton','Township','','','','\0','','\0','\0','\0','\0','','N',0,'Unknown','','2020-11-12 16:40:55','admin','2020-11-12 17:40:55',NULL,NULL,1,'unknown','unknown',NULL,NULL,NULL);
INSERT INTO `oh_patient` VALUES (387,'Denmon','Valeri','Denmon Valeri','1959-07-27',61,'','F','Foyr Lane 1','Palm','','','','U','','U','\0','U','U','','N',3,'Unknown','','2020-11-12 16:40:55','admin','2020-11-12 17:40:55','admin','2021-03-15 12:12:39',1,'unknown','unknown',NULL,NULL,NULL);
INSERT INTO `oh_patient` VALUES (388,'Merkel','Suellen','Merkel Suellen','2020-06-22',0,'','F','Highland','IN','','+51245245','','U','','U','\0','U','U','','N',1,'Unknown','','2020-11-12 16:40:55','admin','2020-11-12 17:40:55','admin','2020-11-21 22:56:21',1,'unknown','unknown',NULL,NULL,NULL);
INSERT INTO `oh_patient` VALUES (389,'Ali','Norman','Ali Norman','1980-08-14',40,'','M','London St. 1','Fairfield','','','','U','','U','\0','U','U','','N',1,'Unknown','','2020-11-12 16:40:55','admin','2020-11-12 17:40:55','admin','2021-08-17 15:11:52',1,'unknown','unknown',NULL,NULL,NULL);
INSERT INTO `oh_patient` VALUES (390,'Jonas','August','Jonas August','2020-10-21',0,'','M','Athens','GA','','+653324324','','U','','U','\0','U','U','','N',2,'Unknown','','2020-11-12 16:40:55','admin','2020-11-12 17:40:55','admin','2020-11-21 22:56:29',1,'unknown','unknown',NULL,NULL,NULL);
INSERT INTO `oh_patient` VALUES (391,'Glanton','Malika','Glanton Malika','1995-06-25',25,'','F','Hialeah 1','Flock','','','','U','','U','\0','U','U','','N',2,'Unknown','','2020-11-12 16:40:55','admin','2020-11-12 17:40:55','admin','2021-03-15 12:12:02',1,'unknown','unknown',NULL,NULL,NULL);
INSERT INTO `oh_patient` VALUES (392,'Villanova','Blanca','Villanova Blanca','2018-10-08',2,'','M','Garden Ave.','Miamisburg','','','','U','','U','\0','U','U','','N',1,'Unknown','','2020-11-12 16:40:55','admin','2020-11-12 17:40:55','admin','2021-08-17 15:12:00',1,'unknown','unknown',NULL,NULL,NULL);
INSERT INTO `oh_patient` VALUES (393,'Saucedo','Hortense','Saucedo Hortense','1979-09-19',41,'','F','Hope st 131','Mills Town','','','','U','','U','\0','U','U','','N',1,'Unknown','','2020-11-12 16:40:55','admin','2020-11-12 17:40:55','admin','2021-08-17 15:12:16',1,'unknown','unknown',NULL,NULL,NULL);
INSERT INTO `oh_patient` VALUES (394,'Nazario','Dominic','Nazario Dominic','2004-05-29',16,'','M','Avenue','Ridgefield','','','','\0','','\0','\0','\0','\0','','N',0,'Unknown','','2020-11-12 16:40:55','admin','2020-11-12 17:40:55',NULL,NULL,1,'unknown','unknown',NULL,NULL,NULL);
INSERT INTO `oh_patient` VALUES (395,'Mccutchan','Analisa','Mccutchan Analisa','2020-09-01',0,'','F','Avenue','Hummelstown','','+542145425','','U','','U','\0','U','U','','N',1,'Unknown','','2020-11-12 16:40:55','admin','2020-11-12 17:40:55','admin','2020-11-21 22:56:13',1,'unknown','unknown',NULL,NULL,NULL);
INSERT INTO `oh_patient` VALUES (396,'Batman','Camelia','Batman Camelia','2020-06-04',0,'','F','Sewell','New Kirt','','','','U','','U','\0','U','U','','N',1,'Unknown','','2020-11-12 16:40:55','admin','2020-11-12 17:40:55','admin','2021-03-15 12:12:20',1,'unknown','unknown',NULL,NULL,NULL);
INSERT INTO `oh_patient` VALUES (397,'Hassan','Ashlee','Hassan Ashlee','1944-01-26',76,'','F','Saddle Pl. 4','Laney','','+4311341','','U','','U','\0','U','U','','N',1,'A-','','2020-11-12 16:40:55','admin','2020-11-12 17:40:55','admin','2021-11-11 19:46:08',1,'unknown','widowed',NULL,NULL,NULL);
INSERT INTO `oh_patient` VALUES (398,'Divito','Marhtam','Divito Marhtam','2008-09-03',12,'','M','Ophius Rd. 4132','Wyandotte','','','','U','','U','\0','U','U','','N',1,'Unknown','','2020-11-12 16:40:55','admin','2020-11-12 17:40:55','admin','2021-11-09 14:48:02',1,'unknown','unknown',NULL,NULL,NULL);
INSERT INTO `oh_patient` VALUES (399,'Matias','Shannan','Matias Shannan','1953-08-25',67,'','F','Beloit 14','Williamson','','','','U','','U','\0','U','U','','N',1,'Unknown','','2020-11-12 16:40:55','admin','2020-11-12 17:40:55','admin','2020-11-21 22:55:57',1,'unknown','unknown',NULL,NULL,NULL);
INSERT INTO `oh_patient` VALUES (400,'Allmond','Eura','Allmond Eura','2019-05-11',1,'','F','Anchorage','AK','','','','\0','','\0','\0','\0','\0','','N',0,'Unknown','','2020-11-12 16:40:55','admin','2020-11-12 17:40:55',NULL,NULL,1,'unknown','unknown',NULL,NULL,NULL);
INSERT INTO `oh_patient` VALUES (401,'Coale','Anneliese','Coale Anneliese','1980-08-14',40,'','F','Glen drive','Ellyn','','','','U','','U','\0','U','U','','N',1,'Unknown','','2020-11-12 16:40:55','admin','2020-11-12 17:40:55','admin','2020-11-20 14:41:49',1,'unknown','unknown',NULL,NULL,NULL);
INSERT INTO `oh_patient` VALUES (402,'Arana','Trina','Arana Trina','2019-05-01',1,'','M','Oxnard','Caffrey','','+231213123','','U','','U','\0','U','U','','N',1,'Unknown','','2020-11-12 16:40:55','admin','2020-11-12 17:40:55','admin','2020-11-20 14:42:18',1,'unknown','unknown',NULL,NULL,NULL);
INSERT INTO `oh_patient` VALUES (403,'Moua','Faustino','Moua Faustino','1960-07-29',60,'','M','Fullteron Dr. 612','Dearborn','','','','U','','U','\0','U','U','','N',2,'Unknown','','2020-11-12 16:40:55','admin','2020-11-12 17:40:55','admin','2020-11-20 14:42:01',1,'unknown','unknown',NULL,NULL,NULL);
INSERT INTO `oh_patient` VALUES (404,'Stermer','Genevie','Stermer Genevie','2020-03-14',0,'','F','Indiana avenue 6','Pamaro','','','','U','','U','\0','U','U','','N',2,'Unknown','','2020-11-12 16:40:55','admin','2020-11-12 17:40:55','admin','2021-03-15 12:13:00',1,'unknown','unknown',NULL,NULL,NULL);
INSERT INTO `oh_patient` VALUES (405,'Eddings','Carmine','Eddings Carmine','2006-01-18',14,'','M','Ave. Gulk','Buffalo','','','','U','','U','\0','U','U','','N',1,'Unknown','','2020-11-12 16:40:55','admin','2020-11-12 17:40:55','admin','2020-11-21 22:55:46',1,'unknown','unknown',NULL,NULL,NULL);
INSERT INTO `oh_patient` VALUES (406,'Amundsen','Mac','Amundsen Mac','2005-06-02',15,'','F','Rolling','Meadows','','','','\0','','\0','\0','\0','\0','','N',0,'Unknown','','2020-11-12 16:40:55','admin','2020-11-12 17:40:55',NULL,NULL,1,'unknown','unknown',NULL,NULL,NULL);
INSERT INTO `oh_patient` VALUES (407,'Tirrell','Stacy','Tirrell Stacy','2020-04-06',0,'','M','Oconomowo','WI','','','','U','','U','\0','U','U','','N',1,'Unknown','','2020-11-12 16:40:55','admin','2020-11-12 17:40:55','admin','2020-11-21 22:56:04',1,'unknown','unknown',NULL,NULL,NULL);
INSERT INTO `oh_patient` VALUES (408,'Fyock','Ashley','Fyock Ashley','1973-10-30',47,'','F','Poland Dr.534','Sterling','','+56-123124','','U','','U','\0','U','U','','N',1,'Unknown','','2020-11-12 16:40:55','admin','2020-11-12 17:40:55','admin','2020-11-20 14:47:22',1,'unknown','unknown',NULL,NULL,NULL);
INSERT INTO `oh_patient` VALUES (409,'Gillon','Anibal','Gillon Anibal','1952-11-08',68,'','M','Highland place','Indy','','+76232355464','','U','','U','\0','U','U','','N',1,'0-','','2020-11-12 16:40:55','admin','2020-11-12 17:40:55','admin','2021-11-09 15:29:07',1,'unknown','widowed',NULL,NULL,NULL);
INSERT INTO `oh_patient` VALUES (410,'Cutts','Yong','Cutts Yong','2019-02-04',1,'','M','Willoughby rd 81','Ovington','','+5413431134','','U','','U','\0','U','U','','N',2,'Unknown','','2020-11-12 16:40:55','admin','2020-11-12 17:40:55','admin','2021-11-09 15:28:34',1,'unknown','unknown',NULL,NULL,NULL);
INSERT INTO `oh_patient` VALUES (411,'Marisa','Darren','Marisa Darren','1960-05-04',60,'','F','Pillow Buolevard 1','Santa Monica','','+542134134','','U','','U','\0','U','U','','N',1,'B+','','2020-11-12 16:40:55','admin','2020-11-12 17:40:55','admin','2021-11-09 15:42:00',1,'unknown','married',NULL,NULL,NULL);
INSERT INTO `oh_patient` VALUES (412,'Shannon','Jonah','Shannon Jonah','2020-07-15',0,'','F','Rome Road 52','NY','','','','U','','U','\0','U','U','','N',1,'Unknown','','2020-11-12 16:40:55','admin','2020-11-12 17:40:55','admin','2020-11-21 22:55:15',1,'unknown','unknown',NULL,NULL,NULL);
INSERT INTO `oh_patient` VALUES (413,'Abdul','Burton','Abdul Burton','1988-10-18',32,'','M','Hill Road 923','Road Town','','','','U','','U','\0','U','U','','N',1,'Unknown','','2020-11-12 16:40:55','admin','2020-11-12 17:40:55','admin','2020-11-21 22:55:27',1,'unknown','unknown',NULL,NULL,NULL);
INSERT INTO `oh_patient` VALUES (414,'Bertram','Aucon','Bertram Aucon','1946-09-06',74,'','M','Cranston st. 5','Rinja','','+56254354234','','U','','U','\0','U','U','','N',1,'AB+','','2020-11-12 16:40:55','admin','2020-11-12 17:40:55','admin','2021-11-09 15:42:35',1,'unknown','widowed',NULL,NULL,NULL);
INSERT INTO `oh_patient` VALUES (415,'Yonts','Dee','Yonts Dee','2014-02-27',6,'','F','Gurgy Street 11','Oak','','+34-143143','','U','','U','\0','U','U','','N',1,'Unknown','','2020-11-12 16:40:55','admin','2020-11-12 17:40:55','admin','2020-11-20 14:47:36',1,'unknown','unknown',NULL,NULL,NULL);
INSERT INTO `oh_patient` VALUES (416,'Das','Lloyd','Das Lloyd','1988-05-05',32,'','M','Anaheim st 5','Calverton','','','','U','','U','\0','U','U','','N',1,'Unknown','','2020-11-12 16:40:55','admin','2020-11-12 17:40:55','admin','2021-03-15 14:46:45',1,'unknown','unknown',NULL,NULL,NULL);
INSERT INTO `oh_patient` VALUES (417,'Jose','Stephanson','Jose Stephanson','2020-05-17',0,'','M','Braintree','Marynlan','','+56422332','','U','','U','\0','U','U','','N',2,'Unknown','','2020-11-12 16:40:55','admin','2020-11-12 17:40:55','admin','2021-11-09 15:29:32',1,'unknown','unknown',NULL,NULL,NULL);
INSERT INTO `oh_patient` VALUES (418,'Berta','Basil','Berta Basil','2019-10-20',1,'','F','Huntsville','AL','','+366542235','','U','','U','\0','U','U','','N',1,'Unknown','','2020-11-12 16:40:55','admin','2020-11-12 17:40:55','admin','2020-11-21 22:55:05',1,'unknown','unknown',NULL,NULL,NULL);
INSERT INTO `oh_patient` VALUES (419,'Destefano','Tuan','Destefano Tuan','1956-05-18',64,'','M','East Road 78a','Northport','','','','U','','U','\0','U','U','','N',1,'Unknown','','2020-11-12 16:40:55','admin','2020-11-12 17:40:55','admin','2021-08-17 15:11:38',1,'unknown','unknown',NULL,NULL,NULL);
INSERT INTO `oh_patient` VALUES (420,'Lampert','Lacy','Lampert Lacy','2014-04-02',6,'','F','Street','Jeffersonville','','','','U','','U','\0','U','U','','N',1,'Unknown','','2020-11-12 16:40:55','admin','2020-11-12 17:40:55','admin','2020-11-20 14:25:35',1,'unknown','unknown',NULL,NULL,NULL);
INSERT INTO `oh_patient` VALUES (421,'Kurt','Strain','Kurt Strain','2019-01-31',1,'','M','Winter Rd','Garden','','+541143134','','U','','U','\0','U','U','','N',1,'Unknown','','2020-11-12 16:40:55','admin','2020-11-12 17:40:55','admin','2021-11-09 15:43:20',1,'unknown','unknown',NULL,NULL,NULL);
INSERT INTO `oh_patient` VALUES (422,'Etherton','Hong','Etherton Hong','2000-06-10',20,'','M','North Drive 22','Fort','','','','U','','U','\0','U','U','','N',1,'Unknown','','2020-11-12 16:40:55','admin','2020-11-12 17:40:55','admin','2020-11-20 14:41:22',1,'unknown','unknown',NULL,NULL,NULL);
INSERT INTO `oh_patient` VALUES (423,'Bergdoll','Rafael','Bergdoll Rafael','1992-04-04',28,'','M','Carlington Ave. 11','Sioux','','','','U','','U','\0','U','U','','N',1,'Unknown','','2020-11-12 16:40:55','admin','2020-11-12 17:40:55','admin','2020-11-20 14:40:22',1,'unknown','unknown',NULL,NULL,NULL);
INSERT INTO `oh_patient` VALUES (424,'Tiedemann','Hayden','Tiedemann Hayden','1998-10-01',22,'','M','Saint St 81','Albans','','+4313431','','U','','U','\0','U','U','','N',1,'B-','','2020-11-12 16:40:55','admin','2020-11-12 17:40:55','admin','2021-11-11 19:45:36',1,'foodhospitality','single',NULL,NULL,NULL);
INSERT INTO `oh_patient` VALUES (426,'Lemmer','Chance','Lemmer Chance','2018-06-19',2,'','M','Felden Dr.','Galloway','','+2-1233642','','U','','U','\0','U','U','','N',1,'Unknown','','2020-11-12 16:40:55','admin','2020-11-12 17:40:55','admin','2020-11-20 14:40:33',1,'unknown','unknown',NULL,NULL,NULL);
INSERT INTO `oh_patient` VALUES (427,'Knoblock','Winston','Knoblock Winston','2018-11-08',2,'','M','Northbrook street','Evanston','','+62-343411','','U','','U','\0','U','U','','N',2,'Unknown','','2020-11-12 16:40:55','admin','2020-11-12 17:40:55','admin','2020-11-20 14:41:38',1,'unknown','unknown',NULL,NULL,NULL);
INSERT INTO `oh_patient` VALUES (428,'Dorian','Holtzman','Dorian Holtzman','2015-05-12',5,'','F','Bismark Street','Benidorn','','+54233243','','U','','U','\0','U','U','','N',1,'Unknown','','2020-11-12 16:40:55','admin','2020-11-12 17:40:55','admin','2021-11-09 15:43:01',1,'unknown','unknown',NULL,NULL,NULL);
INSERT INTO `oh_patient` VALUES (429,'Russom','Emmitt','Russom Emmitt','2020-11-06',0,'','F','Kingston','West Bromwich','','','','U','','U','\0','U','U','','N',2,'Unknown','','2020-11-12 16:40:55','admin','2020-11-12 17:40:55','admin','2020-11-21 22:54:49',1,'unknown','unknown',NULL,NULL,NULL);
INSERT INTO `oh_patient` VALUES (430,'Hemsley','Mohammad','Hemsley Mohammad','2019-08-23',1,'','M','Hephzibah Way N. 56','Madison','','','','U','','U','\0','U','U','','N',2,'Unknown','','2020-11-12 16:40:55','admin','2020-11-12 17:40:55','admin','2021-11-09 14:47:05',1,'unknown','unknown',NULL,NULL,NULL);
INSERT INTO `oh_patient` VALUES (431,'Croy','Max','Croy Max','2020-08-18',0,'','M','Killy Dr.','Blackwood','','','','U','','U','\0','U','U','','N',1,'Unknown','','2020-11-12 16:40:55','admin','2020-11-12 17:40:55','admin','2020-11-20 14:40:44',1,'unknown','unknown',NULL,NULL,NULL);
INSERT INTO `oh_patient` VALUES (432,'Watters','Hai','Watters Hai','2019-05-07',1,'','F','Genson St. 72','Rockville','','','','U','','U','\0','U','U','','N',1,'Unknown','','2020-11-12 16:40:55','admin','2020-11-12 17:40:55','admin','2020-11-20 14:40:54',1,'unknown','unknown',NULL,NULL,NULL);
INSERT INTO `oh_patient` VALUES (433,'Duby','Jewel','Duby Jewel','2020-08-17',0,'','F','Cranberry','Two port','','','','U','','U','\0','U','U','','N',1,'Unknown','','2020-11-12 16:40:55','admin','2020-11-12 17:40:55','admin','2020-11-21 22:54:28',1,'unknown','unknown',NULL,NULL,NULL);
INSERT INTO `oh_patient` VALUES (434,'Erdmann','Dustin','Erdmann Dustin','2019-05-27',1,'','F','Clifton','Parkville','','+1031133','','U','','U','\0','U','U','','N',2,'Unknown','','2020-11-12 16:40:55','admin','2020-11-12 17:40:55','admin','2020-11-21 23:09:02',1,'unknown','unknown',NULL,NULL,NULL);
INSERT INTO `oh_patient` VALUES (435,'Mastro','Domenic','Mastro Domenic','2018-02-01',2,'','M','Main avenue N. 1','Flint','','+41.2134431341','','U','','U','\0','U','U','','N',2,'Unknown','','2020-11-12 16:40:55','admin','2020-11-12 17:40:55','admin','2021-11-09 14:47:31',1,'unknown','unknown',NULL,NULL,NULL);
INSERT INTO `oh_patient` VALUES (436,'Murphey','Leana','Murphey Leana','2019-10-28',1,'','M','Forest','Hills','','+5124352','','U','','U','\0','U','U','','N',1,'Unknown','','2020-11-12 16:40:55','admin','2020-11-12 17:40:55','admin','2020-11-21 22:54:19',1,'unknown','unknown',NULL,NULL,NULL);
INSERT INTO `oh_patient` VALUES (437,'Hagwood','Velma','Hagwood Velma','2013-07-12',7,'','F','Qualis St. 11','Stone','','','','U','','U','\0','U','U','','N',1,'Unknown','','2020-11-12 16:40:55','admin','2020-11-12 17:40:55','admin','2020-11-20 14:41:09',1,'unknown','unknown',NULL,NULL,NULL);
INSERT INTO `oh_patient` VALUES (438,'Juarbe','Dong','Juarbe Dong','2020-02-14',0,'','F','Gusty Ave.','Mchenry','','+423423232','','U','','U','\0','U','U','','N',2,'Unknown','','2020-11-12 16:40:55','admin','2020-11-12 17:40:55','admin','2021-11-09 15:29:47',1,'unknown','unknown',NULL,NULL,NULL);
INSERT INTO `oh_patient` VALUES (439,'Denver','Aleta','Denver Aleta','2019-08-14',1,'','M','Huntsville 66','Albreight','','','','U','','U','\0','U','U','','N',1,'Unknown','','2020-11-12 16:40:55','admin','2020-11-12 17:40:55','admin','2020-11-21 22:53:38',1,'unknown','unknown',NULL,NULL,NULL);
INSERT INTO `oh_patient` VALUES (440,'Deschamp','Shonda','Deschamp Shonda','2016-03-21',4,'','F','Lane','Aberdeen','','','','\0','','\0','\0','\0','\0','','N',0,'Unknown','','2020-11-12 16:40:55','admin','2020-11-12 17:40:55',NULL,NULL,1,'unknown','unknown',NULL,NULL,NULL);
INSERT INTO `oh_patient` VALUES (441,'Loveland','Shirley','Loveland Shirley','2020-11-04',0,'','F','Minot 2','New Doppel','','','','U','','U','\0','U','U','','N',2,'Unknown','','2020-11-12 16:40:55','admin','2020-11-12 17:40:55','admin','2020-11-21 22:53:15',1,'unknown','unknown',NULL,NULL,NULL);
INSERT INTO `oh_patient` VALUES (442,'Valderas','Kenneth','Valderas Kenneth','2016-03-23',4,'','F','Court Ave. 12','Minneapolis','','','','U','','U','\0','U','U','','N',1,'Unknown','','2020-11-12 16:40:55','admin','2020-11-12 17:40:55','admin','2021-03-15 12:01:41',1,'unknown','unknown',NULL,NULL,NULL);
INSERT INTO `oh_patient` VALUES (443,'Abboud','Jeanene','Abboud Jeanene','2020-03-10',0,'','F','Deer','Park','','+3053424125','','U','','U','\0','U','U','','N',2,'Unknown','','2020-11-12 16:40:55','admin','2020-11-12 17:40:55','admin','2020-11-21 22:54:03',1,'unknown','unknown',NULL,NULL,NULL);
INSERT INTO `oh_patient` VALUES (444,'Slape','Kathrine','Slape Kathrine','2020-03-22',0,'','F','Ave. One 11','Boca','','','','U','','U','\0','U','U','','N',2,'Unknown','','2020-11-12 16:40:55','admin','2020-11-12 17:40:55','admin','2020-11-21 22:53:23',1,'unknown','unknown',NULL,NULL,NULL);
INSERT INTO `oh_patient` VALUES (445,'Scoggins','Rodolfo','Scoggins Rodolfo','2017-07-02',3,'','M','Bowling','Green','','+23254545','','U','','U','\0','U','U','','N',1,'Unknown','','2020-11-12 16:40:55','admin','2020-11-12 17:40:55','admin','2020-11-21 22:53:47',1,'unknown','unknown',NULL,NULL,NULL);
INSERT INTO `oh_patient` VALUES (446,'Kasper','Agripina','Kasper Agripina','2020-02-25',0,'','F','Racine St.','WIchita','','','','U','','U','\0','U','U','','N',2,'Unknown','','2020-11-12 16:40:55','admin','2020-11-12 17:40:55','admin','2020-11-21 22:50:00',1,'unknown','unknown',NULL,NULL,NULL);
INSERT INTO `oh_patient` VALUES (447,'Crooks','Amos','Crooks Amos','2020-11-06',0,'','M','Forney rd','Texy block','','','','U','','U','\0','U','U','','N',1,'Unknown','','2020-11-12 16:40:55','admin','2020-11-12 17:40:55','admin','2020-11-21 22:50:19',1,'unknown','unknown',NULL,NULL,NULL);
INSERT INTO `oh_patient` VALUES (448,'Jurgensen','Fritz','Jurgensen Fritz','2018-06-15',2,'','M','Staunton','VA Virginia','','','','U','','U','\0','U','U','','N',1,'Unknown','','2020-11-12 16:40:55','admin','2020-11-12 17:40:55','admin','2020-11-21 22:53:01',1,'unknown','unknown',NULL,NULL,NULL);
INSERT INTO `oh_patient` VALUES (449,'Kondo','Hoyt','Kondo Hoyt','2018-07-06',2,'','F','St. West 112','Farmington','','','','U','','U','\0','U','U','','N',2,'Unknown','','2020-11-12 16:40:55','admin','2020-11-12 17:40:55','admin','2020-11-21 22:52:42',1,'unknown','unknown',NULL,NULL,NULL);
INSERT INTO `oh_patient` VALUES (450,'Reigle','Marquita','Reigle Marquita','2018-05-01',2,'','M','Niles Plaza','Milton','','+21-1-532413','','U','','U','\0','U','U','','N',1,'Unknown','','2020-11-12 16:40:55','admin','2020-11-12 17:40:55','admin','2021-08-17 15:11:21',1,'unknown','unknown',NULL,NULL,NULL);
INSERT INTO `oh_patient` VALUES (451,'Adelman','Kandace','Adelman Kandace','2018-01-24',2,'','F','Bear road 61','Derivy','','','','U','','U','\0','U','U','','N',3,'Unknown','','2020-11-12 16:40:55','admin','2020-11-12 17:40:55','admin','2020-11-21 01:54:11',1,'unknown','unknown',NULL,NULL,NULL);
INSERT INTO `oh_patient` VALUES (452,'Agosto','Aja','Agosto Aja','2020-02-13',0,'','F','Huntersville','Nort caol','','','','U','','U','\0','U','U','','N',3,'Unknown','','2020-11-12 16:40:55','admin','2020-11-12 17:40:55','admin','2020-11-21 22:50:31',1,'unknown','unknown',NULL,NULL,NULL);
INSERT INTO `oh_patient` VALUES (453,'Flagg','Apryl','Flagg Apryl','2020-05-04',0,'','F','Streamwood 51','Ilenton','','+541243134','','U','','U','\0','U','U','','N',4,'Unknown','','2020-11-12 16:40:55','admin','2020-11-12 17:40:55','admin','2021-11-10 15:52:16',1,'unknown','unknown',NULL,NULL,NULL);
INSERT INTO `oh_patient` VALUES (454,'Hebron','Leoma','Hebron Leoma','2020-06-24',0,'','M','Brick St. 12','NJ town','','','','U','','U','\0','U','U','','N',2,'Unknown','','2020-11-12 16:40:55','admin','2020-11-12 17:40:55','admin','2021-11-09 14:46:45',1,'unknown','unknown',NULL,NULL,NULL);
INSERT INTO `oh_patient` VALUES (455,'Melone','Ara','Melone Ara','2020-07-06',0,'','F','Olive Strett','Branch','','','','U','','U','\0','U','U','','N',2,'Unknown','','2020-11-12 16:40:55','admin','2020-11-12 17:40:55','admin','2020-11-21 22:50:41',1,'unknown','unknown',NULL,NULL,NULL);
INSERT INTO `oh_patient` VALUES (456,'Karin','Janessen','Karin Janessen','2020-04-05',0,'','F','Reidsville Av.','New City','','+5431134134','','U','','U','\0','U','U','','N',3,'Unknown','','2020-11-12 16:40:55','admin','2020-11-12 17:40:55','admin','2021-11-09 15:43:39',1,'unknown','unknown',NULL,NULL,NULL);
INSERT INTO `oh_patient` VALUES (457,'Antunez','Christel','Antunez Christel','2019-07-14',1,'','F','Perrysburg','Open Town','','+1231345325','','U','','U','\0','U','U','','N',1,'Unknown','','2020-11-12 16:40:55','admin','2020-11-12 17:40:55','admin','2020-11-21 22:52:10',1,'unknown','unknown',NULL,NULL,NULL);
INSERT INTO `oh_patient` VALUES (458,'Asberry','Jenny','Asberry Jenny','2020-03-17',0,'','F','Buckeye south','AZ Way','','','','U','','U','\0','U','U','','N',1,'Unknown','','2020-11-12 16:40:55','admin','2020-11-12 17:40:55','admin','2020-11-21 22:50:54',1,'unknown','unknown',NULL,NULL,NULL);
INSERT INTO `oh_patient` VALUES (459,'Lounsbury','Valda','Lounsbury Valda','2016-03-17',4,'','F','St.Loque','Bloomfield','','','','U','','U','\0','U','U','','N',2,'Unknown','','2020-11-12 16:40:55','admin','2020-11-12 17:40:55','admin','2020-11-21 22:51:53',1,'unknown','unknown',NULL,NULL,NULL);
INSERT INTO `oh_patient` VALUES (460,'Abramowitz','Heath','Abramowitz Heath','2013-05-16',7,'','M','Vassil Dr.','Navarre','','+34-4-54235','','U','','U','\0','U','U','','N',1,'Unknown','','2020-11-12 16:40:55','admin','2020-11-12 17:40:55','admin','2020-11-20 14:39:57',1,'unknown','unknown',NULL,NULL,NULL);
INSERT INTO `oh_patient` VALUES (461,'Jerabek','Emile','Jerabek Emile','2020-05-16',0,'','M','Lake Road west','Charles','','','','U','','U','\0','U','U','','N',1,'Unknown','','2020-11-12 16:40:55','admin','2020-11-12 17:40:55','admin','2020-11-21 22:51:05',1,'unknown','unknown',NULL,NULL,NULL);
INSERT INTO `oh_patient` VALUES (462,'Coe','Florinda','Coe Florinda','1990-09-12',30,'','F','Jonesborough','Springville','','+12001010','','U','','U','\0','U','U','','N',1,'Unknown','','2020-11-12 16:40:55','admin','2020-11-12 17:40:55','admin','2020-11-21 23:09:18',1,'unknown','unknown',NULL,NULL,NULL);
INSERT INTO `oh_patient` VALUES (463,'Jorgensen','Anissa','Jorgensen Anissa','1973-09-08',47,'','F','West St. 5','Manchester','','','','U','','U','\0','U','U','','N',1,'Unknown','','2020-11-12 16:40:55','admin','2020-11-12 17:40:55','admin','2021-03-15 14:46:31',1,'unknown','unknown',NULL,NULL,NULL);
INSERT INTO `oh_patient` VALUES (464,'Vossler','Quintin','Vossler Quintin','1960-06-23',60,'','F','Edison 51','New Jeskey','','','','U','','U','\0','U','U','','N',1,'Unknown','','2020-11-12 16:40:55','admin','2020-11-12 17:40:55','admin','2020-11-21 22:51:28',1,'unknown','unknown',NULL,NULL,NULL);
INSERT INTO `oh_patient` VALUES (465,'Harrell','Lucy','Harrell Lucy','2009-04-10',11,'','F','Palmetto','Florida town','','','','U','','U','\0','U','U','','N',2,'Unknown','','2020-11-12 16:40:55','admin','2020-11-12 17:40:55','admin','2020-11-21 22:51:39',1,'unknown','unknown',NULL,NULL,NULL);
INSERT INTO `oh_patient` VALUES (466,'Enders','Tammi','Enders Tammi','2019-09-19',1,'','F','Tyo Street 77','Council','','','','U','','U','\0','U','U','','N',1,'Unknown','','2020-11-12 16:40:55','admin','2020-11-12 17:40:55','admin','2021-03-15 12:13:22',1,'unknown','unknown',NULL,NULL,NULL);
INSERT INTO `oh_patient` VALUES (467,'Falkner','Ruthison','Falkner Ruthison','2010-04-04',10,'','M','Second street 82','Mishawaka','','','','U','','U','\0','U','U','','N',3,'Unknown','','2020-11-12 16:40:55','admin','2020-11-12 17:40:55','admin','2020-11-21 01:55:03',1,'unknown','unknown',NULL,NULL,NULL);
INSERT INTO `oh_patient` VALUES (468,'Albus','Tyree','Albus Tyree','2013-09-26',7,'','M','Halethorpe 45','Medidon','','','','U','','U','\0','U','U','','N',1,'Unknown','','2020-11-12 16:40:55','admin','2020-11-12 17:40:55','admin','2020-11-20 14:35:29',1,'unknown','unknown',NULL,NULL,NULL);
INSERT INTO `oh_patient` VALUES (469,'Quinley','Arden','Quinley Arden','1974-05-24',46,'','M','Stockbridge 678','Galverson','','','','U','','U','\0','U','U','','N',1,'Unknown','','2020-11-12 16:40:55','admin','2020-11-12 17:40:55','admin','2020-11-20 14:35:41',1,'unknown','unknown',NULL,NULL,NULL);
INSERT INTO `oh_patient` VALUES (470,'Leddy','Everette','Leddy Everette','1976-07-15',44,'','M','Elizabeth','City of Werthomn','','','','U','','U','\0','U','U','','N',1,'Unknown','','2020-11-12 16:40:55','admin','2020-11-12 17:40:55','admin','2020-11-20 14:35:07',1,'unknown','unknown',NULL,NULL,NULL);
INSERT INTO `oh_patient` VALUES (471,'Teixeira','Levi','Teixeira Levi','2020-08-19',0,'','F','Tallahassee Rd.','Florin','','','','U','','U','\0','U','U','.','N',1,'Unknown','','2020-11-12 16:40:55','admin','2020-11-12 17:40:55','admin','2020-11-20 14:35:19',1,'unknown','unknown',NULL,NULL,NULL);
INSERT INTO `oh_patient` VALUES (472,'Rodrigues','Tod','Rodrigues Tod','2019-09-09',1,'','F','Ave.','Mechanicsville','','','','\0','','\0','\0','\0','\0','','N',0,'Unknown','','2020-11-12 16:40:55','admin','2020-11-12 17:40:55',NULL,NULL,1,'unknown','unknown',NULL,NULL,NULL);
INSERT INTO `oh_patient` VALUES (473,'Taplin','Roxane','Taplin Roxane','2018-09-08',2,'','M','St. Strett 62','New Gutty','','','','U','','U','\0','U','U','','N',2,'Unknown','','2020-11-12 16:40:55','admin','2020-11-12 17:40:55','admin','2020-11-21 22:49:12',1,'unknown','unknown',NULL,NULL,NULL);
INSERT INTO `oh_patient` VALUES (474,'Alverson','Stacy','Alverson Stacy','2020-07-01',0,'','F','Road','Chatsworth','','','','U','','U','\0','U','U','Malaria.','N',2,'Unknown','','2020-11-12 16:40:55','admin','2020-11-12 17:40:55','admin','2020-11-21 22:48:54',1,'unknown','unknown',NULL,NULL,NULL);
INSERT INTO `oh_patient` VALUES (475,'Edmonds','Evan','Edmonds Evan','2015-05-21',5,'','M','Quory Dr.','Woonsocket','','','','U','','U','\0','U','U','','N',1,'Unknown','','2020-11-12 16:40:55','admin','2020-11-12 17:40:55','admin','2020-11-20 14:36:12',1,'unknown','unknown',NULL,NULL,NULL);
INSERT INTO `oh_patient` VALUES (476,'Linhart','Fausto','Linhart Fausto','2020-05-21',0,'','F','Kearny st. 56','NJ','','','','U','','U','\0','U','U','','N',1,'Unknown','','2020-11-12 16:40:55','admin','2020-11-12 17:40:55','admin','2021-08-17 15:11:02',1,'unknown','unknown',NULL,NULL,NULL);
INSERT INTO `oh_patient` VALUES (477,'Eloise','Tullius','Eloise Tullius','2019-09-25',1,'','F','Downtown plasa','MN - Minneapolis','','+54143141','','U','','U','\0','U','U','','N',3,'Unknown','','2020-11-12 16:40:55','admin','2020-11-12 17:40:55','admin','2021-11-09 15:44:12',1,'unknown','unknown',NULL,NULL,NULL);
INSERT INTO `oh_patient` VALUES (479,'Rozier','Lydia','Rozier Lydia','2020-10-28',0,'','M','Eugene way 61','Orange county','','','','U','','U','\0','U','U','','N',2,'Unknown','','2020-11-12 16:40:55','admin','2020-11-12 17:40:55','admin','2020-11-21 22:49:24',1,'unknown','unknown',NULL,NULL,NULL);
INSERT INTO `oh_patient` VALUES (480,'Swicegood','See','Swicegood See','2014-03-23',6,'','M','Saint etienne 56','Albans','','','','U','','U','\0','U','U','','N',1,'Unknown','','2020-11-12 16:40:55','admin','2020-11-12 17:40:55','admin','2020-11-20 14:35:49',1,'unknown','unknown',NULL,NULL,NULL);
INSERT INTO `oh_patient` VALUES (482,'Efird','Arlen','Efird Arlen','2020-03-31',0,'','F','Atwater','CA','','+194413431','','U','','U','\0','U','U','','N',1,'Unknown','','2020-11-12 16:40:55','admin','2020-11-12 17:40:55','admin','2020-11-21 23:09:38',1,'unknown','unknown',NULL,NULL,NULL);
INSERT INTO `oh_patient` VALUES (483,'Eddins','Queenie','Eddins Queenie','2020-07-07',0,'','M','Hampton','VA','','+1212311','','U','','U','\0','U','U','','N',1,'Unknown','','2020-11-12 16:40:55','admin','2020-11-12 17:40:55','admin','2020-11-21 23:09:29',1,'unknown','unknown',NULL,NULL,NULL);
INSERT INTO `oh_patient` VALUES (484,'Lajeunesse','Chanell','Lajeunesse Chanell','2012-02-25',8,'','M','Ocean springs Rd 542','Palm','','','','U','','U','\0','U','U','','N',1,'Unknown','','2020-11-12 16:40:55','admin','2020-11-12 17:40:55','admin','2020-11-20 14:39:15',1,'unknown','unknown',NULL,NULL,NULL);
INSERT INTO `oh_patient` VALUES (485,'Aguil','Cortes','Aguil Cortes','2019-10-22',1,'','M','Cranck Ave.','Cornelius village','','+87234','','U','','U','\0','U','U','','N',2,'Unknown','','2020-11-12 16:40:55','admin','2020-11-12 17:40:55','admin','2021-11-09 15:44:30',1,'unknown','unknown',NULL,NULL,NULL);
INSERT INTO `oh_patient` VALUES (486,'Belverin','Anthony','Belverin Anthony','2020-04-04',0,'','F','Lindenhurst st. 12','NY Fully','','','','U','','U','\0','U','U','','N',2,'Unknown','','2020-11-12 16:40:55','admin','2020-11-12 17:40:55','admin','2020-11-21 22:49:37',1,'unknown','unknown',NULL,NULL,NULL);
INSERT INTO `oh_patient` VALUES (487,'Johanson','Tamie','Johanson Tamie','2019-06-15',1,'','F','Gulcon St.','Butte Town','','+334134134','','U','','U','\0','U','U','','N',2,'Unknown','','2020-11-12 16:40:55','admin','2020-11-12 17:40:55','admin','2021-11-10 15:51:45',1,'unknown','unknown',NULL,NULL,NULL);
INSERT INTO `oh_patient` VALUES (488,'Isabelle','Glennis','Isabelle Glennis','2014-08-19',6,'','F','Downers Rd south','Grove','','+34123443','','U','','U','\0','U','U','','N',1,'B-','','2020-11-12 16:40:55','admin','2020-11-12 17:40:55','admin','2021-11-10 15:52:05',1,'unknown','unknown',NULL,NULL,NULL);
INSERT INTO `oh_patient` VALUES (489,'Morning','Mellis','Morning Mellis','2018-02-09',2,'','M','New Ave. 55','Waxhaw','','+71661111','','U','','U','\0','U','U','','N',2,'Unknown','','2020-11-12 16:40:55','admin','2020-11-12 17:40:55','admin','2021-11-09 15:44:48',1,'unknown','unknown',NULL,NULL,NULL);
INSERT INTO `oh_patient` VALUES (490,'Cairo','Tawnya','Cairo Tawnya','2018-03-31',2,'','F','Patchogue 12','NY Westerton','','','','U','','U','\0','U','U','','N',1,'Unknown','','2020-11-12 16:40:55','admin','2020-11-12 17:40:55','admin','2020-11-21 22:48:23',1,'unknown','unknown',NULL,NULL,NULL);
INSERT INTO `oh_patient` VALUES (491,'Holter','Josette','Holter Josette','2017-11-10',3,'','M','Drive road 55','Villa','','','','U','','U','\0','U','U','','N',1,'Unknown','','2020-11-12 16:40:55','admin','2020-11-12 17:40:55','admin','2020-11-21 22:49:47',1,'unknown','unknown',NULL,NULL,NULL);
INSERT INTO `oh_patient` VALUES (492,'Ballantine','Lashawna','Ballantine Lashawna','2020-03-24',0,'','F','Lekan Ave.','Upland Town','','','','U','','U','\0','U','U','','N',2,'Unknown','','2020-11-12 16:40:55','admin','2020-11-12 17:40:55','admin','2021-03-15 12:01:20',1,'unknown','unknown',NULL,NULL,NULL);
INSERT INTO `oh_patient` VALUES (493,'Musso','Kina','Musso Kina','2020-02-29',0,'','F','South Street 91','Jamison','','+4111112','','U','','U','\0','U','U','','N',1,'Unknown','','2020-11-12 16:40:55','admin','2020-11-12 17:40:55','admin','2020-11-21 23:09:57',1,'unknown','unknown',NULL,NULL,NULL);
INSERT INTO `oh_patient` VALUES (494,'James','Veronica','James Veronica','2020-01-27',0,'','F','South street 11','Warady','','','','U','','U','\0','U','U','','N',1,'Unknown','','2020-11-12 16:40:55','admin','2020-11-12 17:40:55','admin','2020-11-21 22:46:15',1,'unknown','unknown',NULL,NULL,NULL);
INSERT INTO `oh_patient` VALUES (495,'Rodriguez','Oscar','Rodriguez Oscar','2020-08-28',0,'','M','East road N 4','Green land','','','','U','','U','\0','U','U','','N',2,'Unknown','','2020-11-12 16:40:55','admin','2020-11-12 17:40:55','admin','2021-11-09 15:45:02',1,'unknown','unknown',NULL,NULL,NULL);
INSERT INTO `oh_patient` VALUES (496,'Angelo','Jaime','Angelo Jaime','2020-07-22',0,'','M','South Street 11','Rangon 545','','+22113123','','U','','U','\0','U','U','','N',1,'Unknown','','2020-11-12 16:40:55','admin','2020-11-12 17:40:55','admin','2020-11-21 22:48:11',1,'unknown','unknown',NULL,NULL,NULL);
INSERT INTO `oh_patient` VALUES (497,'Vernon','Reklin','Vernon Reklin','2020-10-07',0,'','F','West corridor 1','Stonybrook','','','','U','','U','\0','U','U','','N',1,'Unknown','','2020-11-12 16:40:55','admin','2020-11-12 17:40:55','admin','2020-11-21 22:46:40',1,'unknown','unknown',NULL,NULL,NULL);
INSERT INTO `oh_patient` VALUES (498,'Falky','Mady','Falky Mady','2020-06-21',0,'','F','Suburb  55','Lonesdale','','+123142114','','U','','U','\0','U','U','','N',2,'Unknown','','2020-11-12 16:40:55','admin','2020-11-12 17:40:55','admin','2020-11-21 22:46:56',1,'unknown','unknown',NULL,NULL,NULL);
INSERT INTO `oh_patient` VALUES (499,'Vessin','Jordan','Vessin Jordan','2020-11-02',0,'','M','West street','Figueroa','','+3443113413','','U','','U','\0','U','U','','N',1,'Unknown','','2020-11-12 16:40:55','admin','2020-11-12 17:40:55','admin','2020-11-21 22:46:06',1,'unknown','unknown',NULL,NULL,NULL);
INSERT INTO `oh_patient` VALUES (500,'Matthews','Ruth','Matthews Ruth','2018-04-05',2,'','F','East Road n. 77','Wesfield','','','','U','','U','\0','U','U','','N',2,'Unknown','','2020-11-12 16:40:55','admin','2020-11-12 17:40:55','admin','2021-11-09 15:45:10',1,'unknown','unknown',NULL,NULL,NULL);
INSERT INTO `oh_patient` VALUES (501,'Mario','Rossi','Mario Rossi','1991-05-11',29,'','M','Via Verdi','Roma','','+390611111','','U','','U',NULL,'Y','U','','Y',0,'A+','','2020-11-19 00:19:42','admin','2020-11-19 01:19:42','admin','2020-11-19 01:19:42',1,'engineering','married',NULL,NULL,NULL);
INSERT INTO `oh_patient` VALUES (502,'Furlong','Merryman','Furlong Merryman','2005-04-07',15,'','M','West Road 131','Field','','+2-12-43341','','U','','U',NULL,'U','U','','N',1,'Unknown','','2020-11-19 22:51:47','admin','2020-11-19 23:51:47','admin','2020-11-20 14:38:55',1,'unknown','unknown',NULL,NULL,NULL);
INSERT INTO `oh_patient` VALUES (503,'Sturgeon','Charlie','Sturgeon Charlie','1990-03-01',30,'','M','Gronky Plaza','Benidorm','','','','U','','U','\0','U','U','','N',2,'Unknown','','2020-11-12 16:40:55','admin','2020-11-12 17:40:55','admin','2020-11-21 22:45:28',1,'unknown','unknown',NULL,NULL,NULL);
INSERT INTO `oh_patient` VALUES (504,'Froue','Jane','Froue Jane','2000-10-14',20,'','F','South road 16','Rangon','','','','U','','U','\0','U','U','','N',2,'Unknown','','2020-11-12 16:40:55','admin','2020-11-12 17:40:55','admin','2020-11-21 22:45:02',1,'unknown','unknown',NULL,NULL,NULL);
INSERT INTO `oh_patient` VALUES (505,'Curtney','Gina','Curtney Gina','2010-02-07',10,'','F','North Way 11','Rangon','','','','U','','U','\0','U','U','','N',2,'Unknown','','2020-11-12 16:40:55','admin','2020-11-12 17:40:55','admin','2020-11-21 22:47:44',1,'unknown','unknown',NULL,NULL,NULL);
INSERT INTO `oh_patient` VALUES (506,'Zabel','John','Zabel John','2020-08-02',0,'','M','South suburb','Illman','','','','U','','U','\0','U','U','','N',2,'Unknown','','2020-11-12 16:40:55','admin','2020-11-12 17:40:55','admin','2020-11-21 22:44:25',1,'unknown','unknown',NULL,NULL,NULL);
INSERT INTO `oh_patient` VALUES (507,'Westermann','Fred','Westermann Fred','1999-02-06',21,'','M','Avenida johanes 84','Bilbao','','','','U','','U','\0','U','U','','N',2,'Unknown','','2020-11-12 16:40:55','admin','2020-11-12 17:40:55','admin','2020-11-21 22:44:20',1,'unknown','unknown',NULL,NULL,NULL);
INSERT INTO `oh_patient` VALUES (508,'De Koenig','Melissa','De Koenig Melissa','1970-05-07',50,'','F','Merriam plaza','Furklo','','','','U','','U','\0','U','U','','N',1,'Unknown','','2020-11-12 16:40:55','admin','2020-11-12 17:40:55','admin','2020-11-21 22:45:17',1,'unknown','unknown',NULL,NULL,NULL);
INSERT INTO `oh_patient` VALUES (509,'Ventier','Asia','Ventier Asia','1988-07-28',32,'','F','Flamingo 45','Roadinsy','','','','U','','U','\0','U','U','','N',2,'Unknown','','2020-11-12 16:40:55','admin','2020-11-12 17:40:55','admin','2020-11-21 22:44:55',1,'unknown','unknown',NULL,NULL,NULL);
INSERT INTO `oh_patient` VALUES (510,'Racuba','Scottie','Racuba Scottie','1978-02-16',42,'','F','Montgomery road 11','Valley south','','+12-43541\\54','','U','','U','\0','U','U','','N',2,'Unknown','','2020-11-12 16:40:55','admin','2020-11-12 17:40:55','admin','2020-11-21 22:47:19',1,'unknown','married',NULL,NULL,NULL);
INSERT INTO `oh_patient` VALUES (511,'Henderson','Alba','Henderson Alba','1967-07-12',53,'','F','South Ilford Street','Palmington','','+44-1-2345351','','U','','U','\0','U','U','','N',3,'Unknown','','2020-11-12 16:40:55','admin','2020-11-12 17:40:55','admin','2021-08-17 15:10:54',1,'unknown','unknown',NULL,NULL,NULL);
INSERT INTO `oh_patient` VALUES (512,'Millman','Enriquetta','Millman Enriquetta','1940-07-23',80,'','F','Hartney St. 55','Crossing','','','','U','','U','\0','U','U','','N',2,'Unknown','','2020-11-12 16:40:55','admin','2020-11-12 17:40:55','admin','2020-11-21 22:47:34',1,'unknown','unknown',NULL,NULL,NULL);
INSERT INTO `oh_patient` VALUES (513,'Makenzie','Everton','Makenzie Everton','1993-05-19',27,'','M','Wayland 21','Albrington','','+3924534314','','U','','U',NULL,'U','U','','N',1,'B-','','2020-11-20 01:26:06','admin','2020-11-20 02:26:06','admin','2020-11-20 14:38:00',1,'foodhospitality','single',NULL,NULL,NULL);
INSERT INTO `oh_patient` VALUES (514,'Mario','Rossi','Mario Rossi','1992-11-11',28,'','M','Via Verdi','Roma','','+397653431','','U','','U',NULL,'U','U','','N',1,'A-','','2020-11-20 01:40:05','admin','2020-11-20 02:40:05','admin','2020-11-20 14:38:32',1,'mechanic','married',NULL,NULL,NULL);
INSERT INTO `oh_patient` VALUES (515,'Alvaro','Robertson','Alvaro Robertson','2009-05-14',11,'','M','Courtney ST. 27','Guarinton','','+39','','U','','U',NULL,'U','U','','N',1,'0-','','2020-11-21 00:53:16','admin','2020-11-21 01:53:16','admin','2020-11-21 01:53:36',1,'unknown','unknown',NULL,NULL,NULL);
INSERT INTO `oh_patient` VALUES (516,'Genna','Susterlind','Genna Susterlind','1975-05-21',45,'','F','Genev Road 77','Rudkenny','','+3813144111','','U','','U',NULL,'U','U','','N',0,'Unknown','','2020-11-21 01:20:48','admin','2020-11-21 02:20:48','admin','2020-11-21 02:20:48',1,'unknown','unknown',NULL,NULL,NULL);
INSERT INTO `oh_patient` VALUES (517,'Maria','Njoko','Maria Njoko','2000-08-01',20,'','F','Mongi Road 56','West Kurtika','','+2434\\334','','U','','U',NULL,'U','U','','N',0,'AB+','','2020-11-21 02:29:57','admin','2020-11-21 03:29:57','admin','2020-11-21 03:29:57',1,'unknown','married',NULL,NULL,NULL);
INSERT INTO `oh_patient` VALUES (518,'Jeremy','Lindon','Jeremy Lindon','1963-01-04',57,'','M','Stenton Plaza 151','Misurel','','+394252422','','U','','U',NULL,'U','U','','N',0,'B-','','2020-11-21 20:56:24','admin','2020-11-21 21:56:24','admin','2020-11-21 21:56:24',1,'unknown','married',NULL,NULL,NULL);
INSERT INTO `oh_patient` VALUES (519,'Jeanna','Rickember','Jeanna Rickember','2017-06-08',3,'','F','Lavon Road 62','Justin','','+2243143213','','U','','U',NULL,'U','U','','N',0,'B+','','2020-11-21 20:58:52','admin','2020-11-21 21:58:52','admin','2020-11-21 21:58:52',1,'unknown','unknown',NULL,NULL,NULL);
INSERT INTO `oh_patient` VALUES (520,'Rochester','Lenny','Rochester Lenny','2020-03-25',0,'','M','Letterman St. 512','Warengton','','+005199944','','U','','U',NULL,'U','U','','N',0,'A-','','2020-11-22 01:34:49','admin','2020-11-22 02:34:49','admin','2020-11-22 02:34:49',1,'unknown','single',NULL,NULL,NULL);
INSERT INTO `oh_patient` VALUES (521,'Betta','Jamison','Betta Jamison','2010-08-22',10,'','F','Kinney Rd. 43','Kensington','','+39','','U','','U',NULL,'U','U','','N',0,'Unknown','','2020-11-22 01:36:53','admin','2020-11-22 02:36:53','admin','2020-11-22 02:36:53',1,'unknown','unknown',NULL,NULL,NULL);
INSERT INTO `oh_patient` VALUES (522,'Harry','Colterson','Harry Colterson','1959-02-12',61,'','M','Westeman St. 12','Ottey','','+912314411','','U','','U',NULL,'U','U','','N',0,'A-','','2020-11-22 16:57:57','admin','2020-11-22 17:57:57','admin','2020-11-22 17:57:57',1,'unknown','divorced',NULL,NULL,NULL);
INSERT INTO `oh_patient` VALUES (523,'Quinlan','Coors','Quinlan Coors','2014-08-04',6,'','M','Franlkin St 12','Derbyshire','','+416824999','','U','','U',NULL,'U','U','','N',0,'B-','','2020-11-23 14:58:01','admin','2020-11-23 15:58:01','admin','2020-11-23 15:58:01',1,'unknown','unknown',NULL,NULL,NULL);
INSERT INTO `oh_patient` VALUES (524,'Geremia','Dickinson','Geremia Dickinson','1953-08-06',67,'','M','Springfiled','Kellog','','+396131211','','U','','U',NULL,'U','U','','N',1,'AB+','','2021-03-13 21:42:59','admin','2021-03-13 22:42:59','admin','2021-08-17 15:10:18',1,'construction','married',NULL,NULL,NULL);
INSERT INTO `oh_patient` VALUES (525,'Mary','Garrington','Mary Garrington','2020-08-20',0,'','F','Ganston','Kendring','','+393413231','','U','','U',NULL,'U','U','','N',1,'0+','','2021-03-14 23:45:47','admin','2021-03-15 00:45:47','admin','2021-08-17 15:10:11',1,'unknown','unknown',NULL,NULL,NULL);
INSERT INTO `oh_patient` VALUES (526,'Genina','Justterin','Genina Justterin','1984-12-14',36,'','F','Ghoulam Rd 231','Uribe','','+393452432','','U','','U',NULL,'U','U','','N',0,'B-','','2021-03-14 23:57:26','admin','2021-03-15 00:57:26','admin','2021-03-15 00:57:26',1,'farming','widowed',NULL,NULL,NULL);
INSERT INTO `oh_patient` VALUES (527,'Marcus','Kellop','Marcus Kellop','1968-02-15',53,'','M','Fullister Pl. 45/b','Mirly','','+396153134','','U','','U',NULL,'U','U','','N',0,'0-','','2021-03-15 00:04:03','admin','2021-03-15 01:04:03','admin','2021-03-15 01:04:03',1,'unknown','married',NULL,NULL,NULL);
INSERT INTO `oh_patient` VALUES (528,'Kenty','Willis','Kenty Willis','2006-07-16',14,'','F','Furja Street 81','Jikney','','+3914413','','U','','U',NULL,'U','U','','N',0,'B-','','2021-03-15 00:15:05','admin','2021-03-15 01:15:05','admin','2021-03-15 01:15:05',1,'unknown','single',NULL,NULL,NULL);
INSERT INTO `oh_patient` VALUES (529,'Sara','Hucklington','Sara Hucklington','2020-02-29',1,'','F','Long Road 1','Kulele','','+39','','U','','U',NULL,'U','U','','N',0,'B+','','2021-03-15 11:19:27','admin','2021-03-15 12:19:27','admin','2021-03-15 12:19:27',1,'unknown','unknown',NULL,NULL,NULL);
INSERT INTO `oh_patient` VALUES (530,'Jeanina','Smith','Jeanina Smith','1997-06-24',24,'','F','Flanders Rd','Springfield','','+12443111','','U','','U',NULL,'U','U','','N',1,'A+','','2021-08-17 13:28:09','admin','2021-08-17 15:28:09','admin','2021-11-10 16:49:27',1,'farming','married',NULL,NULL,NULL);
INSERT INTO `oh_patient` VALUES (531,'Maximilian','Huntis','Maximilian Huntis','1966-11-30',54,'','M','Wilson road 51','Restiville','','+2-23131312','','U','','D',NULL,'U','U','','N',0,'AB-','','2021-08-17 13:34:31','admin','2021-08-17 15:34:31','admin','2021-08-17 15:34:31',1,'mechanic','widowed',NULL,NULL,NULL);
INSERT INTO `oh_patient` VALUES (532,'Kevin','Aramburu','Kevin Aramburu','1978-11-01',43,'','M','St. Regents Road 45','Medington','','+21.112431545','','U','','U',NULL,'U','U','','N',0,'A+','','2021-11-09 13:41:05','admin','2021-11-09 14:41:05','admin','2021-11-09 14:41:05',1,'unknown','married',NULL,NULL,NULL);
INSERT INTO `oh_patient` VALUES (533,'Jennifer','Stantson','Jennifer Stantson','1996-05-14',25,'','F','Fersy Plaza 1','Madison','','+39','','U','','U',NULL,'U','U','','N',0,'B+','','2021-11-09 13:45:06','admin','2021-11-09 14:45:06','admin','2021-11-09 14:45:06',1,'unknown','married',NULL,NULL,NULL);
INSERT INTO `oh_patient` VALUES (534,'Mirta','Veluma','Mirta Veluma','1981-05-06',40,'','F','Ambalony way','Alimbu','','+39432313123','','U','','U',NULL,'U','U','','N',0,'AB+','','2021-11-09 14:36:51','admin','2021-11-09 15:36:51','admin','2021-11-09 15:36:51',1,'unknown','married',NULL,NULL,NULL);
INSERT INTO `oh_patient` VALUES (535,'Kenny','Flanagan','Kenny Flanagan','1966-06-01',55,'','M','First Avn. 762','Wally','','+123451354','','U','','U',NULL,'U','U','','N',0,'AB+','','2021-11-09 14:40:30','admin','2021-11-09 15:40:30','admin','2021-11-09 15:40:30',1,'construction','married',NULL,NULL,NULL);
INSERT INTO `oh_patient` VALUES (536,'Geofrey','Adenilson','Geofrey Adenilson','1970-01-13',51,'','M','Jefferson lane 258','Juskey','','+1443521111','','U','','U',NULL,'U','U','','N',0,'0-','','2021-11-09 16:11:57','admin','2021-11-09 17:11:57','admin','2021-11-09 17:11:57',1,'engineering','married',NULL,NULL,NULL);
INSERT INTO `oh_patient` VALUES (537,'Wally','Simpsons','Wally Simpsons','1976-05-06',45,'','M','Remsy Av. 1','New Village','','+394331112313','','U','','U',NULL,'U','U','','N',0,'0+','','2021-11-09 16:22:19','admin','2021-11-09 17:22:19','admin','2021-11-09 17:22:19',1,'other','married',NULL,NULL,NULL);
INSERT INTO `oh_patient` VALUES (538,'Veronica','Erini','Veronica Erini','2020-03-14',1,'','F','New place 1','Uroha','','+2154215434314','','U','','U',NULL,'U','U','','N',0,'B+','','2021-11-09 16:27:05','admin','2021-11-09 17:27:05','admin','2021-11-09 17:27:05',1,'unknown','unknown',NULL,NULL,NULL);
INSERT INTO `oh_patient` VALUES (539,'Philomena','Redondo','Philomena Redondo','1982-07-28',39,'','F','Westfiled district','Muoni','','+180287435746545','','U','','U',NULL,'U','U','','N',0,'A-','','2021-11-09 16:43:04','admin','2021-11-09 17:43:04','admin','2021-11-09 17:43:04',1,'farming','married',NULL,NULL,NULL);
INSERT INTO `oh_patient` VALUES (540,'Redy','Villen','Redy Villen','1979-02-12',42,'','F','Willer road 81','Bloomingdale','','+393134341','','U','','U',NULL,'U','U','','N',0,'A+','','2021-11-09 17:28:48','admin','2021-11-09 18:28:48','admin','2021-11-09 18:28:48',1,'foodhospitality','married',NULL,NULL,NULL);
INSERT INTO `oh_patient` VALUES (541,'Philomena','Jenkins','Philomena Jenkins','1984-06-30',37,'','F','Western park N. 23','Wellington','','+72145462545','','U','','U',NULL,'U','U','','N',0,'0-','','2021-11-10 14:50:20','admin','2021-11-10 15:50:20','admin','2021-11-10 15:50:20',1,'janitorial','married',NULL,NULL,NULL);
INSERT INTO `oh_patient` VALUES (542,'Jeff','Buskey','Jeff Buskey','2001-04-22',20,'','M','Ruster Street 27','Kernigan','','+851344333','','U','','U',NULL,'U','U','','N',0,'A+','','2021-11-10 15:47:00','admin','2021-11-10 16:47:00','admin','2021-11-10 16:47:00',1,'mining','single',NULL,NULL,NULL);
INSERT INTO `oh_patient` VALUES (543,'Jeremy','Keenan','Jeremy Keenan','1976-02-10',46,'','M','Giant Plaza 24','Gherson','','+39213221312','','U','','U',NULL,'U','U','','N',0,'B-','','2023-02-02 21:35:18','admin','2023-02-02 22:35:18','admin','2023-02-02 22:35:18',1,'mechanic','married',NULL,NULL,NULL);
INSERT INTO `oh_patient` VALUES (544,'Rosa','Ursily','Rosa Ursily','2002-01-14',21,'','F','Westington st. N. 45','Maryint','','+39','','U','','U',NULL,'U','U','','N',0,'A+','','2023-02-02 21:37:11','admin','2023-02-02 22:37:11','admin','2023-02-02 22:37:11',1,'unknown','single',NULL,NULL,NULL);
INSERT INTO `oh_patient` VALUES (545,'Kenny','Gurion','Kenny Gurion','1982-02-02',41,'','M','Wayland town N 45','Resping','','+442315435425','','U','','U',NULL,'U','U','','N',0,'B+','','2023-02-02 21:40:33','admin','2023-02-02 22:40:33','admin','2023-02-02 22:40:33',1,'unknown','divorced',NULL,NULL,NULL);
INSERT INTO `oh_patient` VALUES (546,'Jennifer','Florence','Jennifer Florence','2018-02-06',4,'','F','Sesame st. 26/2','Johnson','','+2245423234','','U','David','U',NULL,'U','U','','N',0,'A+','','2023-02-03 22:30:25','admin','2023-02-03 23:30:25','admin','2023-02-03 23:30:25',1,'unknown','unknown',NULL,NULL,NULL);
INSERT INTO `oh_patient` VALUES (547,'John','Mastiry','John Mastiry','1968-02-03',55,'','M','Korty Road lt. 55','Keiring','','+144542245','','U','','U',NULL,'U','U','','N',0,'B+','','2023-02-03 22:33:04','admin','2023-02-03 23:33:04','admin','2023-02-03 23:33:04',1,'foodhospitality','widowed',NULL,NULL,NULL);
INSERT INTO `oh_patient` VALUES (548,'Mary','Parway','Mary Parway','1950-02-07',72,'','F','Marins Place 86/b','Verink','','+39','','U','','U',NULL,'U','U','','N',0,'0-','','2023-02-03 22:38:17','admin','2023-02-03 23:38:17','admin','2023-02-03 23:38:17',1,'farming','widowed',NULL,NULL,NULL);
INSERT INTO `oh_patient` VALUES (549,'Kerry','Johnson','Kerry Johnson','2020-11-29',2,'','M','Local way 27/2','Madison Town','','+2145245253','Flora','U','John','U',NULL,'U','U','','N',0,'A-','','2023-02-03 22:45:08','admin','2023-02-03 23:45:08','admin','2023-02-03 23:45:08',1,'unknown','unknown',NULL,NULL,NULL);
INSERT INTO `oh_patient` VALUES (550,'Loredana','Worthy','Loredana Worthy','1971-07-23',51,'','F','Portland way 4','Misty city','','+551354224','','U','','U',NULL,'U','U','','N',0,'AB+','','2023-02-03 22:48:27','admin','2023-02-03 23:48:27','admin','2023-02-03 23:48:27',1,'medicine','unknown',NULL,NULL,NULL);
INSERT INTO `oh_patient` VALUES (551,'Anna','Porttison','Anna Porttison','2010-02-04',13,'','F','Road Village st. 1','Roty','','+11.4322121','Fanny','U','','U',NULL,'U','U','','N',0,'B-','','2023-02-03 23:07:23','admin','2023-02-04 00:07:23','admin','2023-02-04 00:07:23',1,'unknown','unknown',NULL,NULL,NULL);
INSERT INTO `oh_patient` VALUES (552,'Troy','Daniels','Troy Daniels','1978-02-04',45,'','M','Joysan avenu 27','Kroster','','+33143143431','','U','','U',NULL,'U','U','','N',0,'AB+','','2023-02-04 01:05:22','admin','2023-02-04 02:05:22','admin','2023-02-04 02:05:22',1,'construction','married',NULL,NULL,NULL);
INSERT INTO `oh_patient` VALUES (553,'Yellen','Unison','Yellen Unison','1998-02-04',25,'','F','Maddy rd. 90','Tuscin','','+39','','U','','U',NULL,'U','U','','N',0,'A+','','2023-02-04 01:25:25','admin','2023-02-04 02:25:25','admin','2023-02-04 02:25:25',1,'unknown','married',NULL,NULL,NULL);
INSERT INTO `oh_patient` VALUES (554,'Stephen','Gemison','Stephen Gemison','1966-06-23',57,'','M','Fulham St. 4','Hartford','','+23454523453','','U','','U',NULL,'N','U','','N',0,'0-','','2024-02-01 22:57:10','admin','2024-02-01 23:57:10','admin','2024-02-01 23:57:10',1,'mining','married',NULL,NULL,NULL);
INSERT INTO `oh_patient` VALUES (555,'Mary','Killian','Mary Killian','1947-02-01',77,'','F','Gurth Road 56','Masterland','','+455235422','','U','','U',NULL,'N','N','','N',0,'AB-','','2024-02-01 22:59:15','admin','2024-02-01 23:59:15','admin','2024-02-01 23:59:15',1,'other','widowed',NULL,NULL,NULL);
INSERT INTO `oh_patient` VALUES (556,'Rose','Gentle','Rose Gentle','2024-01-18',0,'','F','Yardys 27/a','Konu','Father','+12321112','Bethel','A','Gerson','A',NULL,'U','Y','','N',0,'A+','','2024-02-02 00:13:00','admin','2024-02-02 01:13:00','admin','2024-02-02 01:13:00',1,'other','single',NULL,NULL,NULL);
INSERT INTO `oh_patient` VALUES (557,'Karen','Cunningham','Karen Cunningham','1994-08-19',29,'','F','First Plaza N. 5','Reptin','Mother','+12445242314','Mary','A','John','U',NULL,'N','Y','','N',0,'A-','','2024-02-02 16:05:24','admin','2024-02-02 17:05:24','admin','2024-02-02 17:05:24',1,'medicine','unknown',NULL,NULL,NULL);
INSERT INTO `oh_patient` VALUES (558,'Killian','Margo','Killian Margo','1966-10-10',57,'','M','Goran Road 237b','Melly','','+56267736','','U','','U',NULL,'U','U','','N',0,'A+','','2024-02-04 23:29:50','admin','2024-02-05 00:29:50','admin','2024-02-05 00:29:50',1,'farming','single',NULL,NULL,NULL);
INSERT INTO `oh_patient` VALUES (559,'Jonathan','Smitherson','Jonathan Smitherson','1951-10-03',72,'','M','Urlan Street 67/c','Jorly','Wife','+21341234134','','D','','U',NULL,'Y','U','','N',0,'B+','','2024-02-05 17:44:26','admin','2024-02-05 18:44:26','admin','2024-02-05 18:44:26',1,'other','widowed',NULL,NULL,NULL);
INSERT INTO `oh_patient` VALUES (560,'Rosaline','Jeffrey','Rosaline Jeffrey','2024-02-02',0,'','F','Husfer pl. 45/1','Fernal Town','Mother','+458872111','Muriel','A','Frederick','A',NULL,'N','Y','','N',0,'A+','','2024-02-06 10:32:07','admin','2024-02-06 11:32:07','admin','2024-02-06 11:32:07',1,'unknown','single',NULL,NULL,NULL);
INSERT INTO `oh_patient` VALUES (561,'Georgina','Urguanu','Georgina Urguanu','2000-07-02',23,'','F','Morry st. 55','Quellig','Husband','+92345421','','A','','U',NULL,'U','U','','N',0,'0+','','2024-02-06 23:28:09','admin','2024-02-07 00:28:09','admin','2024-02-07 00:28:09',1,'janitorial','married',NULL,NULL,NULL);
INSERT INTO `oh_patient` VALUES (562,'Julian','Freeman','Julian Freeman','1956-08-06',67,'','M','Gary st. 151','West Lamour','Son','+125616590','','D','','D',NULL,'U','U','','N',0,'A+','','2024-02-10 17:52:51','admin','2024-02-10 18:52:51','admin','2024-02-10 18:52:51',1,'other','widowed',NULL,NULL,NULL);
INSERT INTO `oh_patient` VALUES (563,'John','Okoche','John Okoche','2000-05-15',25,'','M','Regent St. 542','Blumington','','+1233432525','Mary','A','Jonas','D',NULL,'U','N','','N',0,'0-','24234','2026-01-14 15:44:51','admin','2026-01-14 16:44:51','admin','2026-01-14 16:44:51',1,'engineering','single',NULL,NULL,NULL);
INSERT INTO `oh_patient` VALUES (564,'Julie','Oteja','Julie Oteja','2023-09-18',2,'','F','Mullligan Place 542','Horly','Mother','+12312413531','Rebecca','A','Ferdinand','A',NULL,'N','Y','','N',0,'A+','','2026-01-14 15:50:24','admin','2026-01-14 16:50:24','admin','2026-01-14 16:50:24',1,'unknown','single',NULL,NULL,NULL);
INSERT INTO `oh_patient` VALUES (565,'George','Simland','George Simland','1960-07-14',65,'','M','Rubysto road 24','Welly','','+5422552143','','D','','D',NULL,'N','N','','N',0,'AB+','','2026-01-14 15:53:33','admin','2026-01-14 16:53:33','admin','2026-01-14 16:53:33',1,'farming','widowed',NULL,NULL,NULL);
INSERT INTO `oh_patient` VALUES (566,'Lisa','Franklin','Lisa Franklin','1996-09-17',29,'','F','Reviland Road 44','Juston','','+1231413','','A','','U',NULL,'N','Y','','N',0,'B+','','2026-01-14 16:04:31','admin','2026-01-14 17:04:31','admin','2026-01-14 17:04:31',1,'unknown','divorced',NULL,NULL,NULL);
INSERT INTO `oh_patient` VALUES (567,'Melissa','Reboy','Melissa Reboy','2011-08-15',14,'','F','ST harris 211','Genidorm','father','+123213123','Vero','A','Dan','A',NULL,'Y','U','','N',0,'B-','','2026-01-14 17:09:11','admin','2026-01-14 18:09:11','admin','2026-01-14 18:09:11',1,'other','single',NULL,NULL,NULL);
INSERT INTO `oh_patient` VALUES (568,'Morris','Bariold','Morris Bariold','1951-10-02',74,'','M','Republic Rd, N.1','Centerville','son','+33451413413','','D','','D',NULL,'Y','N','','N',0,'B+','311','2026-01-14 17:13:46','admin','2026-01-14 18:13:46','admin','2026-01-14 18:13:46',1,'construction','widowed',NULL,NULL,NULL);
INSERT INTO `oh_patient` VALUES (569,'Reny','Velin','Reny Velin','1993-09-14',32,'','F','Geonla Pl. n. 461','Kirban','Husband','+12321323','Viola','A','John','A',NULL,'N','Y','','N',0,'A+','42155','2026-01-14 17:45:17','admin','2026-01-14 18:45:17','admin','2026-01-14 18:45:17',1,'foodhospitality','married',NULL,NULL,NULL);
/*!40000 ALTER TABLE `oh_patient` ENABLE KEYS */;
UNLOCK TABLES;

--
-- Table structure for table `oh_patient_consensus`
--

DROP TABLE IF EXISTS `oh_patient_consensus`;
/*!40101 SET @saved_cs_client     = @@character_set_client */;
/*!40101 SET character_set_client = utf8mb4 */;
CREATE TABLE `oh_patient_consensus` (
  `PTC_ID` int(11) unsigned NOT NULL AUTO_INCREMENT,
  `PTC_PAT_ID` int(11) NOT NULL,
  `PTC_CONSENSUS` tinyint(1) NOT NULL DEFAULT 0,
  `PTC_SERVICE` tinyint(1) NOT NULL DEFAULT 0,
  `PTC_CREATED_BY` varchar(50) DEFAULT NULL,
  `PTC_CREATED_DATE` datetime DEFAULT NULL,
  `PTC_LAST_MODIFIED_BY` varchar(50) DEFAULT NULL,
  `PTC_LAST_MODIFIED_DATE` datetime DEFAULT NULL,
  `PTC_ACTIVE` tinyint(1) NOT NULL DEFAULT 1,
  PRIMARY KEY (`PTC_ID`),
  UNIQUE KEY `PTC_PAT_ID` (`PTC_PAT_ID`),
  KEY `FK_PATIENT_CONSENSUS_USER_1` (`PTC_CREATED_BY`),
  KEY `FK_PATIENT_CONSENSUS_USER_2` (`PTC_LAST_MODIFIED_BY`),
  CONSTRAINT `FK_PATIENT_CONSENSUS_PATIENT` FOREIGN KEY (`PTC_PAT_ID`) REFERENCES `oh_patient` (`PAT_ID`) ON DELETE NO ACTION ON UPDATE NO ACTION,
  CONSTRAINT `FK_PATIENT_CONSENSUS_USER_1` FOREIGN KEY (`PTC_CREATED_BY`) REFERENCES `oh_user` (`US_ID_A`) ON DELETE NO ACTION ON UPDATE NO ACTION,
  CONSTRAINT `FK_PATIENT_CONSENSUS_USER_2` FOREIGN KEY (`PTC_LAST_MODIFIED_BY`) REFERENCES `oh_user` (`US_ID_A`) ON DELETE NO ACTION ON UPDATE NO ACTION
) ENGINE=InnoDB AUTO_INCREMENT=570 DEFAULT CHARSET=utf8mb3 COLLATE=utf8mb3_general_ci;
/*!40101 SET character_set_client = @saved_cs_client */;

--
-- Dumping data for table `oh_patient_consensus`
--

LOCK TABLES `oh_patient_consensus` WRITE;
/*!40000 ALTER TABLE `oh_patient_consensus` DISABLE KEYS */;
INSERT INTO `oh_patient_consensus` VALUES (0,0,1,1,'admin','2023-03-22 21:06:29','admin','2023-03-22 21:06:29',1);
INSERT INTO `oh_patient_consensus` VALUES (2,2,1,1,'admin','2023-03-22 21:06:29','admin','2023-03-22 21:06:29',1);
INSERT INTO `oh_patient_consensus` VALUES (4,4,1,0,'admin','2023-03-22 21:06:29','admin','2023-03-22 21:06:29',1);
INSERT INTO `oh_patient_consensus` VALUES (5,5,1,0,'admin','2023-03-22 21:06:29','admin','2023-03-22 21:06:29',1);
INSERT INTO `oh_patient_consensus` VALUES (16,16,1,1,'admin','2023-03-22 21:06:29','admin','2023-03-22 21:06:29',1);
INSERT INTO `oh_patient_consensus` VALUES (42,42,1,0,'admin','2023-03-22 21:06:29','admin','2023-03-22 21:06:29',1);
INSERT INTO `oh_patient_consensus` VALUES (43,43,1,0,'admin','2023-03-22 21:06:29','admin','2023-03-22 21:06:29',1);
INSERT INTO `oh_patient_consensus` VALUES (44,44,1,1,'admin','2023-03-22 21:06:29','admin','2023-03-22 21:06:29',1);
INSERT INTO `oh_patient_consensus` VALUES (45,45,1,1,'admin','2023-03-22 21:06:29','admin','2023-03-22 21:06:29',1);
INSERT INTO `oh_patient_consensus` VALUES (46,46,1,1,'admin','2023-03-22 21:06:29','admin','2023-03-22 21:06:29',1);
INSERT INTO `oh_patient_consensus` VALUES (47,47,1,0,'admin','2023-03-22 21:06:29','admin','2023-03-22 21:06:29',1);
INSERT INTO `oh_patient_consensus` VALUES (48,48,1,0,'admin','2023-03-22 21:06:29','admin','2023-03-22 21:06:29',1);
INSERT INTO `oh_patient_consensus` VALUES (49,49,1,0,'admin','2023-03-22 21:06:29','admin','2023-03-22 21:06:29',1);
INSERT INTO `oh_patient_consensus` VALUES (50,50,1,1,'admin','2023-03-22 21:06:29','admin','2023-03-22 21:06:29',1);
INSERT INTO `oh_patient_consensus` VALUES (51,51,1,1,'admin','2023-03-22 21:06:29','admin','2023-03-22 21:06:29',1);
INSERT INTO `oh_patient_consensus` VALUES (52,52,1,1,'admin','2023-03-22 21:06:29','admin','2023-03-22 21:06:29',1);
INSERT INTO `oh_patient_consensus` VALUES (53,53,1,0,'admin','2023-03-22 21:06:29','admin','2023-03-22 21:06:29',1);
INSERT INTO `oh_patient_consensus` VALUES (54,54,1,0,'admin','2023-03-22 21:06:29','admin','2023-03-22 21:06:29',1);
INSERT INTO `oh_patient_consensus` VALUES (55,55,1,1,'admin','2023-03-22 21:06:29','admin','2023-03-22 21:06:29',1);
INSERT INTO `oh_patient_consensus` VALUES (56,56,1,1,'admin','2023-03-22 21:06:29','admin','2023-03-22 21:06:29',1);
INSERT INTO `oh_patient_consensus` VALUES (57,57,1,1,'admin','2023-03-22 21:06:29','admin','2023-03-22 21:06:29',1);
INSERT INTO `oh_patient_consensus` VALUES (58,58,1,1,'admin','2023-03-22 21:06:29','admin','2023-03-22 21:06:29',1);
INSERT INTO `oh_patient_consensus` VALUES (59,59,1,0,'admin','2023-03-22 21:06:29','admin','2023-03-22 21:06:29',1);
INSERT INTO `oh_patient_consensus` VALUES (60,60,1,1,'admin','2023-03-22 21:06:29','admin','2023-03-22 21:06:29',1);
INSERT INTO `oh_patient_consensus` VALUES (61,61,1,1,'admin','2023-03-22 21:06:29','admin','2023-03-22 21:06:29',1);
INSERT INTO `oh_patient_consensus` VALUES (62,62,1,0,'admin','2023-03-22 21:06:29','admin','2023-03-22 21:06:29',1);
INSERT INTO `oh_patient_consensus` VALUES (63,63,1,1,'admin','2023-03-22 21:06:29','admin','2023-03-22 21:06:29',1);
INSERT INTO `oh_patient_consensus` VALUES (64,64,1,0,'admin','2023-03-22 21:06:29','admin','2023-03-22 21:06:29',1);
INSERT INTO `oh_patient_consensus` VALUES (65,65,1,0,'admin','2023-03-22 21:06:29','admin','2023-03-22 21:06:29',1);
INSERT INTO `oh_patient_consensus` VALUES (66,66,1,1,'admin','2023-03-22 21:06:29','admin','2023-03-22 21:06:29',1);
INSERT INTO `oh_patient_consensus` VALUES (67,67,1,0,'admin','2023-03-22 21:06:29','admin','2023-03-22 21:06:29',1);
INSERT INTO `oh_patient_consensus` VALUES (68,68,1,0,'admin','2023-03-22 21:06:29','admin','2023-03-22 21:06:29',1);
INSERT INTO `oh_patient_consensus` VALUES (69,69,1,0,'admin','2023-03-22 21:06:29','admin','2023-03-22 21:06:29',1);
INSERT INTO `oh_patient_consensus` VALUES (70,70,1,1,'admin','2023-03-22 21:06:29','admin','2023-03-22 21:06:29',1);
INSERT INTO `oh_patient_consensus` VALUES (71,71,1,0,'admin','2023-03-22 21:06:29','admin','2023-03-22 21:06:29',1);
INSERT INTO `oh_patient_consensus` VALUES (72,72,1,1,'admin','2023-03-22 21:06:29','admin','2023-03-22 21:06:29',1);
INSERT INTO `oh_patient_consensus` VALUES (73,73,1,1,'admin','2023-03-22 21:06:29','admin','2023-03-22 21:06:29',1);
INSERT INTO `oh_patient_consensus` VALUES (74,74,1,0,'admin','2023-03-22 21:06:29','admin','2023-03-22 21:06:29',1);
INSERT INTO `oh_patient_consensus` VALUES (75,75,1,1,'admin','2023-03-22 21:06:29','admin','2023-03-22 21:06:29',1);
INSERT INTO `oh_patient_consensus` VALUES (76,76,1,1,'admin','2023-03-22 21:06:29','admin','2023-03-22 21:06:29',1);
INSERT INTO `oh_patient_consensus` VALUES (77,77,1,1,'admin','2023-03-22 21:06:29','admin','2023-03-22 21:06:29',1);
INSERT INTO `oh_patient_consensus` VALUES (78,78,1,0,'admin','2023-03-22 21:06:29','admin','2023-03-22 21:06:29',1);
INSERT INTO `oh_patient_consensus` VALUES (79,79,1,1,'admin','2023-03-22 21:06:29','admin','2023-03-22 21:06:29',1);
INSERT INTO `oh_patient_consensus` VALUES (80,80,1,1,'admin','2023-03-22 21:06:29','admin','2023-03-22 21:06:29',1);
INSERT INTO `oh_patient_consensus` VALUES (81,81,1,1,'admin','2023-03-22 21:06:29','admin','2023-03-22 21:06:29',1);
INSERT INTO `oh_patient_consensus` VALUES (82,82,1,1,'admin','2023-03-22 21:06:29','admin','2023-03-22 21:06:29',1);
INSERT INTO `oh_patient_consensus` VALUES (83,83,1,1,'admin','2023-03-22 21:06:29','admin','2023-03-22 21:06:29',1);
INSERT INTO `oh_patient_consensus` VALUES (84,84,1,1,'admin','2023-03-22 21:06:29','admin','2023-03-22 21:06:29',1);
INSERT INTO `oh_patient_consensus` VALUES (85,85,1,1,'admin','2023-03-22 21:06:29','admin','2023-03-22 21:06:29',1);
INSERT INTO `oh_patient_consensus` VALUES (86,86,1,1,'admin','2023-03-22 21:06:29','admin','2023-03-22 21:06:29',1);
INSERT INTO `oh_patient_consensus` VALUES (87,87,1,1,'admin','2023-03-22 21:06:29','admin','2023-03-22 21:06:29',1);
INSERT INTO `oh_patient_consensus` VALUES (88,88,1,1,'admin','2023-03-22 21:06:29','admin','2023-03-22 21:06:29',1);
INSERT INTO `oh_patient_consensus` VALUES (89,89,1,1,'admin','2023-03-22 21:06:29','admin','2023-03-22 21:06:29',1);
INSERT INTO `oh_patient_consensus` VALUES (90,90,1,0,'admin','2023-03-22 21:06:29','admin','2023-03-22 21:06:29',1);
INSERT INTO `oh_patient_consensus` VALUES (91,91,1,1,'admin','2023-03-22 21:06:29','admin','2023-03-22 21:06:29',1);
INSERT INTO `oh_patient_consensus` VALUES (92,92,1,1,'admin','2023-03-22 21:06:29','admin','2023-03-22 21:06:29',1);
INSERT INTO `oh_patient_consensus` VALUES (93,93,1,1,'admin','2023-03-22 21:06:29','admin','2023-03-22 21:06:29',1);
INSERT INTO `oh_patient_consensus` VALUES (94,94,1,0,'admin','2023-03-22 21:06:29','admin','2023-03-22 21:06:29',1);
INSERT INTO `oh_patient_consensus` VALUES (95,95,1,0,'admin','2023-03-22 21:06:29','admin','2023-03-22 21:06:29',1);
INSERT INTO `oh_patient_consensus` VALUES (96,96,1,1,'admin','2023-03-22 21:06:29','admin','2023-03-22 21:06:29',1);
INSERT INTO `oh_patient_consensus` VALUES (97,97,1,1,'admin','2023-03-22 21:06:29','admin','2023-03-22 21:06:29',1);
INSERT INTO `oh_patient_consensus` VALUES (98,98,1,1,'admin','2023-03-22 21:06:29','admin','2023-03-22 21:06:29',1);
INSERT INTO `oh_patient_consensus` VALUES (99,99,1,1,'admin','2023-03-22 21:06:29','admin','2023-03-22 21:06:29',1);
INSERT INTO `oh_patient_consensus` VALUES (100,100,1,1,'admin','2023-03-22 21:06:29','admin','2023-03-22 21:06:29',1);
INSERT INTO `oh_patient_consensus` VALUES (101,101,1,0,'admin','2023-03-22 21:06:29','admin','2023-03-22 21:06:29',1);
INSERT INTO `oh_patient_consensus` VALUES (102,102,1,1,'admin','2023-03-22 21:06:29','admin','2023-03-22 21:06:29',1);
INSERT INTO `oh_patient_consensus` VALUES (103,103,1,1,'admin','2023-03-22 21:06:29','admin','2023-03-22 21:06:29',1);
INSERT INTO `oh_patient_consensus` VALUES (104,104,1,1,'admin','2023-03-22 21:06:29','admin','2023-03-22 21:06:29',1);
INSERT INTO `oh_patient_consensus` VALUES (105,105,1,0,'admin','2023-03-22 21:06:29','admin','2023-03-22 21:06:29',1);
INSERT INTO `oh_patient_consensus` VALUES (106,106,1,1,'admin','2023-03-22 21:06:29','admin','2023-03-22 21:06:29',1);
INSERT INTO `oh_patient_consensus` VALUES (107,107,1,0,'admin','2023-03-22 21:06:29','admin','2023-03-22 21:06:29',1);
INSERT INTO `oh_patient_consensus` VALUES (108,108,1,1,'admin','2023-03-22 21:06:29','admin','2023-03-22 21:06:29',1);
INSERT INTO `oh_patient_consensus` VALUES (109,109,1,1,'admin','2023-03-22 21:06:29','admin','2023-03-22 21:06:29',1);
INSERT INTO `oh_patient_consensus` VALUES (110,110,1,0,'admin','2023-03-22 21:06:29','admin','2023-03-22 21:06:29',1);
INSERT INTO `oh_patient_consensus` VALUES (111,111,1,1,'admin','2023-03-22 21:06:29','admin','2023-03-22 21:06:29',1);
INSERT INTO `oh_patient_consensus` VALUES (112,112,1,1,'admin','2023-03-22 21:06:29','admin','2023-03-22 21:06:29',1);
INSERT INTO `oh_patient_consensus` VALUES (113,113,1,1,'admin','2023-03-22 21:06:29','admin','2023-03-22 21:06:29',1);
INSERT INTO `oh_patient_consensus` VALUES (114,114,1,0,'admin','2023-03-22 21:06:29','admin','2023-03-22 21:06:29',1);
INSERT INTO `oh_patient_consensus` VALUES (115,115,1,1,'admin','2023-03-22 21:06:29','admin','2023-03-22 21:06:29',1);
INSERT INTO `oh_patient_consensus` VALUES (116,116,1,1,'admin','2023-03-22 21:06:29','admin','2023-03-22 21:06:29',1);
INSERT INTO `oh_patient_consensus` VALUES (117,117,1,1,'admin','2023-03-22 21:06:29','admin','2023-03-22 21:06:29',1);
INSERT INTO `oh_patient_consensus` VALUES (118,118,1,1,'admin','2023-03-22 21:06:29','admin','2023-03-22 21:06:29',1);
INSERT INTO `oh_patient_consensus` VALUES (119,119,1,0,'admin','2023-03-22 21:06:29','admin','2023-03-22 21:06:29',1);
INSERT INTO `oh_patient_consensus` VALUES (120,120,1,0,'admin','2023-03-22 21:06:29','admin','2023-03-22 21:06:29',1);
INSERT INTO `oh_patient_consensus` VALUES (121,121,1,1,'admin','2023-03-22 21:06:29','admin','2023-03-22 21:06:29',1);
INSERT INTO `oh_patient_consensus` VALUES (122,122,1,0,'admin','2023-03-22 21:06:29','admin','2023-03-22 21:06:29',1);
INSERT INTO `oh_patient_consensus` VALUES (123,123,1,0,'admin','2023-03-22 21:06:29','admin','2023-03-22 21:06:29',1);
INSERT INTO `oh_patient_consensus` VALUES (124,124,1,1,'admin','2023-03-22 21:06:29','admin','2023-03-22 21:06:29',1);
INSERT INTO `oh_patient_consensus` VALUES (125,125,1,0,'admin','2023-03-22 21:06:29','admin','2023-03-22 21:06:29',1);
INSERT INTO `oh_patient_consensus` VALUES (126,126,1,1,'admin','2023-03-22 21:06:29','admin','2023-03-22 21:06:29',1);
INSERT INTO `oh_patient_consensus` VALUES (127,127,1,0,'admin','2023-03-22 21:06:29','admin','2023-03-22 21:06:29',1);
INSERT INTO `oh_patient_consensus` VALUES (128,128,1,0,'admin','2023-03-22 21:06:29','admin','2023-03-22 21:06:29',1);
INSERT INTO `oh_patient_consensus` VALUES (129,129,1,0,'admin','2023-03-22 21:06:29','admin','2023-03-22 21:06:29',1);
INSERT INTO `oh_patient_consensus` VALUES (130,130,1,0,'admin','2023-03-22 21:06:29','admin','2023-03-22 21:06:29',1);
INSERT INTO `oh_patient_consensus` VALUES (131,131,1,0,'admin','2023-03-22 21:06:29','admin','2023-03-22 21:06:29',1);
INSERT INTO `oh_patient_consensus` VALUES (132,132,1,1,'admin','2023-03-22 21:06:29','admin','2023-03-22 21:06:29',1);
INSERT INTO `oh_patient_consensus` VALUES (133,133,1,0,'admin','2023-03-22 21:06:29','admin','2023-03-22 21:06:29',1);
INSERT INTO `oh_patient_consensus` VALUES (134,134,1,0,'admin','2023-03-22 21:06:29','admin','2023-03-22 21:06:29',1);
INSERT INTO `oh_patient_consensus` VALUES (135,135,1,1,'admin','2023-03-22 21:06:29','admin','2023-03-22 21:06:29',1);
INSERT INTO `oh_patient_consensus` VALUES (136,136,1,0,'admin','2023-03-22 21:06:29','admin','2023-03-22 21:06:29',1);
INSERT INTO `oh_patient_consensus` VALUES (137,137,1,0,'admin','2023-03-22 21:06:29','admin','2023-03-22 21:06:29',1);
INSERT INTO `oh_patient_consensus` VALUES (138,138,1,1,'admin','2023-03-22 21:06:29','admin','2023-03-22 21:06:29',1);
INSERT INTO `oh_patient_consensus` VALUES (139,139,1,0,'admin','2023-03-22 21:06:29','admin','2023-03-22 21:06:29',1);
INSERT INTO `oh_patient_consensus` VALUES (140,140,1,0,'admin','2023-03-22 21:06:29','admin','2023-03-22 21:06:29',1);
INSERT INTO `oh_patient_consensus` VALUES (141,141,1,0,'admin','2023-03-22 21:06:29','admin','2023-03-22 21:06:29',1);
INSERT INTO `oh_patient_consensus` VALUES (142,142,1,1,'admin','2023-03-22 21:06:29','admin','2023-03-22 21:06:29',1);
INSERT INTO `oh_patient_consensus` VALUES (143,143,1,1,'admin','2023-03-22 21:06:29','admin','2023-03-22 21:06:29',1);
INSERT INTO `oh_patient_consensus` VALUES (144,144,1,1,'admin','2023-03-22 21:06:29','admin','2023-03-22 21:06:29',1);
INSERT INTO `oh_patient_consensus` VALUES (145,145,1,1,'admin','2023-03-22 21:06:29','admin','2023-03-22 21:06:29',1);
INSERT INTO `oh_patient_consensus` VALUES (146,146,1,1,'admin','2023-03-22 21:06:29','admin','2023-03-22 21:06:29',1);
INSERT INTO `oh_patient_consensus` VALUES (147,147,1,0,'admin','2023-03-22 21:06:29','admin','2023-03-22 21:06:29',1);
INSERT INTO `oh_patient_consensus` VALUES (148,148,1,0,'admin','2023-03-22 21:06:29','admin','2023-03-22 21:06:29',1);
INSERT INTO `oh_patient_consensus` VALUES (149,149,1,0,'admin','2023-03-22 21:06:29','admin','2023-03-22 21:06:29',1);
INSERT INTO `oh_patient_consensus` VALUES (150,150,1,1,'admin','2023-03-22 21:06:29','admin','2023-03-22 21:06:29',1);
INSERT INTO `oh_patient_consensus` VALUES (151,151,1,0,'admin','2023-03-22 21:06:29','admin','2023-03-22 21:06:29',1);
INSERT INTO `oh_patient_consensus` VALUES (152,152,1,0,'admin','2023-03-22 21:06:29','admin','2023-03-22 21:06:29',1);
INSERT INTO `oh_patient_consensus` VALUES (153,153,1,0,'admin','2023-03-22 21:06:29','admin','2023-03-22 21:06:29',1);
INSERT INTO `oh_patient_consensus` VALUES (154,154,1,1,'admin','2023-03-22 21:06:29','admin','2023-03-22 21:06:29',1);
INSERT INTO `oh_patient_consensus` VALUES (155,155,1,0,'admin','2023-03-22 21:06:29','admin','2023-03-22 21:06:29',1);
INSERT INTO `oh_patient_consensus` VALUES (156,156,1,1,'admin','2023-03-22 21:06:29','admin','2023-03-22 21:06:29',1);
INSERT INTO `oh_patient_consensus` VALUES (157,157,1,0,'admin','2023-03-22 21:06:29','admin','2023-03-22 21:06:29',1);
INSERT INTO `oh_patient_consensus` VALUES (158,158,1,1,'admin','2023-03-22 21:06:29','admin','2023-03-22 21:06:29',1);
INSERT INTO `oh_patient_consensus` VALUES (159,159,1,0,'admin','2023-03-22 21:06:29','admin','2023-03-22 21:06:29',1);
INSERT INTO `oh_patient_consensus` VALUES (160,160,1,1,'admin','2023-03-22 21:06:29','admin','2023-03-22 21:06:29',1);
INSERT INTO `oh_patient_consensus` VALUES (161,161,1,1,'admin','2023-03-22 21:06:29','admin','2023-03-22 21:06:29',1);
INSERT INTO `oh_patient_consensus` VALUES (162,162,1,1,'admin','2023-03-22 21:06:29','admin','2023-03-22 21:06:29',1);
INSERT INTO `oh_patient_consensus` VALUES (163,163,1,0,'admin','2023-03-22 21:06:29','admin','2023-03-22 21:06:29',1);
INSERT INTO `oh_patient_consensus` VALUES (164,164,1,1,'admin','2023-03-22 21:06:29','admin','2023-03-22 21:06:29',1);
INSERT INTO `oh_patient_consensus` VALUES (165,165,1,0,'admin','2023-03-22 21:06:29','admin','2023-03-22 21:06:29',1);
INSERT INTO `oh_patient_consensus` VALUES (166,166,1,1,'admin','2023-03-22 21:06:29','admin','2023-03-22 21:06:29',1);
INSERT INTO `oh_patient_consensus` VALUES (167,167,1,1,'admin','2023-03-22 21:06:29','admin','2023-03-22 21:06:29',1);
INSERT INTO `oh_patient_consensus` VALUES (168,168,1,0,'admin','2023-03-22 21:06:29','admin','2023-03-22 21:06:29',1);
INSERT INTO `oh_patient_consensus` VALUES (169,169,1,0,'admin','2023-03-22 21:06:29','admin','2023-03-22 21:06:29',1);
INSERT INTO `oh_patient_consensus` VALUES (170,170,1,1,'admin','2023-03-22 21:06:29','admin','2023-03-22 21:06:29',1);
INSERT INTO `oh_patient_consensus` VALUES (171,171,1,0,'admin','2023-03-22 21:06:29','admin','2023-03-22 21:06:29',1);
INSERT INTO `oh_patient_consensus` VALUES (172,172,1,0,'admin','2023-03-22 21:06:29','admin','2023-03-22 21:06:29',1);
INSERT INTO `oh_patient_consensus` VALUES (173,173,1,0,'admin','2023-03-22 21:06:29','admin','2023-03-22 21:06:29',1);
INSERT INTO `oh_patient_consensus` VALUES (174,174,1,1,'admin','2023-03-22 21:06:29','admin','2023-03-22 21:06:29',1);
INSERT INTO `oh_patient_consensus` VALUES (175,175,1,1,'admin','2023-03-22 21:06:29','admin','2023-03-22 21:06:29',1);
INSERT INTO `oh_patient_consensus` VALUES (176,176,1,1,'admin','2023-03-22 21:06:29','admin','2023-03-22 21:06:29',1);
INSERT INTO `oh_patient_consensus` VALUES (177,177,1,1,'admin','2023-03-22 21:06:29','admin','2023-03-22 21:06:29',1);
INSERT INTO `oh_patient_consensus` VALUES (178,178,1,1,'admin','2023-03-22 21:06:29','admin','2023-03-22 21:06:29',1);
INSERT INTO `oh_patient_consensus` VALUES (179,179,1,0,'admin','2023-03-22 21:06:29','admin','2023-03-22 21:06:29',1);
INSERT INTO `oh_patient_consensus` VALUES (180,180,1,1,'admin','2023-03-22 21:06:29','admin','2023-03-22 21:06:29',1);
INSERT INTO `oh_patient_consensus` VALUES (181,181,1,1,'admin','2023-03-22 21:06:29','admin','2023-03-22 21:06:29',1);
INSERT INTO `oh_patient_consensus` VALUES (182,182,1,0,'admin','2023-03-22 21:06:29','admin','2023-03-22 21:06:29',1);
INSERT INTO `oh_patient_consensus` VALUES (183,183,1,0,'admin','2023-03-22 21:06:29','admin','2023-03-22 21:06:29',1);
INSERT INTO `oh_patient_consensus` VALUES (187,187,1,0,'admin','2023-03-22 21:06:29','admin','2023-03-22 21:06:29',1);
INSERT INTO `oh_patient_consensus` VALUES (188,188,1,1,'admin','2023-03-22 21:06:29','admin','2023-03-22 21:06:29',1);
INSERT INTO `oh_patient_consensus` VALUES (189,189,1,0,'admin','2023-03-22 21:06:29','admin','2023-03-22 21:06:29',1);
INSERT INTO `oh_patient_consensus` VALUES (190,190,1,1,'admin','2023-03-22 21:06:29','admin','2023-03-22 21:06:29',1);
INSERT INTO `oh_patient_consensus` VALUES (191,191,1,0,'admin','2023-03-22 21:06:29','admin','2023-03-22 21:06:29',1);
INSERT INTO `oh_patient_consensus` VALUES (192,192,1,1,'admin','2023-03-22 21:06:29','admin','2023-03-22 21:06:29',1);
INSERT INTO `oh_patient_consensus` VALUES (193,193,1,1,'admin','2023-03-22 21:06:29','admin','2023-03-22 21:06:29',1);
INSERT INTO `oh_patient_consensus` VALUES (194,194,1,1,'admin','2023-03-22 21:06:29','admin','2023-03-22 21:06:29',1);
INSERT INTO `oh_patient_consensus` VALUES (195,195,1,1,'admin','2023-03-22 21:06:29','admin','2023-03-22 21:06:29',1);
INSERT INTO `oh_patient_consensus` VALUES (196,196,1,0,'admin','2023-03-22 21:06:29','admin','2023-03-22 21:06:29',1);
INSERT INTO `oh_patient_consensus` VALUES (197,197,1,1,'admin','2023-03-22 21:06:29','admin','2023-03-22 21:06:29',1);
INSERT INTO `oh_patient_consensus` VALUES (198,198,1,0,'admin','2023-03-22 21:06:29','admin','2023-03-22 21:06:29',1);
INSERT INTO `oh_patient_consensus` VALUES (199,199,1,0,'admin','2023-03-22 21:06:29','admin','2023-03-22 21:06:29',1);
INSERT INTO `oh_patient_consensus` VALUES (200,200,1,0,'admin','2023-03-22 21:06:29','admin','2023-03-22 21:06:29',1);
INSERT INTO `oh_patient_consensus` VALUES (201,201,1,1,'admin','2023-03-22 21:06:29','admin','2023-03-22 21:06:29',1);
INSERT INTO `oh_patient_consensus` VALUES (202,202,1,1,'admin','2023-03-22 21:06:29','admin','2023-03-22 21:06:29',1);
INSERT INTO `oh_patient_consensus` VALUES (203,203,1,1,'admin','2023-03-22 21:06:29','admin','2023-03-22 21:06:29',1);
INSERT INTO `oh_patient_consensus` VALUES (204,204,1,1,'admin','2023-03-22 21:06:29','admin','2023-03-22 21:06:29',1);
INSERT INTO `oh_patient_consensus` VALUES (205,205,1,1,'admin','2023-03-22 21:06:29','admin','2023-03-22 21:06:29',1);
INSERT INTO `oh_patient_consensus` VALUES (206,206,1,0,'admin','2023-03-22 21:06:29','admin','2023-03-22 21:06:29',1);
INSERT INTO `oh_patient_consensus` VALUES (208,208,1,1,'admin','2023-03-22 21:06:29','admin','2023-03-22 21:06:29',1);
INSERT INTO `oh_patient_consensus` VALUES (213,213,1,0,'admin','2023-03-22 21:06:29','admin','2023-03-22 21:06:29',1);
INSERT INTO `oh_patient_consensus` VALUES (214,214,1,0,'admin','2023-03-22 21:06:29','admin','2023-03-22 21:06:29',1);
INSERT INTO `oh_patient_consensus` VALUES (215,215,1,0,'admin','2023-03-22 21:06:29','admin','2023-03-22 21:06:29',1);
INSERT INTO `oh_patient_consensus` VALUES (216,216,1,1,'admin','2023-03-22 21:06:29','admin','2023-03-22 21:06:29',1);
INSERT INTO `oh_patient_consensus` VALUES (217,217,1,1,'admin','2023-03-22 21:06:29','admin','2023-03-22 21:06:29',1);
INSERT INTO `oh_patient_consensus` VALUES (218,218,1,0,'admin','2023-03-22 21:06:29','admin','2023-03-22 21:06:29',1);
INSERT INTO `oh_patient_consensus` VALUES (219,219,1,0,'admin','2023-03-22 21:06:29','admin','2023-03-22 21:06:29',1);
INSERT INTO `oh_patient_consensus` VALUES (220,220,1,0,'admin','2023-03-22 21:06:29','admin','2023-03-22 21:06:29',1);
INSERT INTO `oh_patient_consensus` VALUES (221,221,1,0,'admin','2023-03-22 21:06:29','admin','2023-03-22 21:06:29',1);
INSERT INTO `oh_patient_consensus` VALUES (222,222,1,1,'admin','2023-03-22 21:06:29','admin','2023-03-22 21:06:29',1);
INSERT INTO `oh_patient_consensus` VALUES (223,223,1,1,'admin','2023-03-22 21:06:29','admin','2023-03-22 21:06:29',1);
INSERT INTO `oh_patient_consensus` VALUES (224,224,1,0,'admin','2023-03-22 21:06:29','admin','2023-03-22 21:06:29',1);
INSERT INTO `oh_patient_consensus` VALUES (225,225,1,1,'admin','2023-03-22 21:06:29','admin','2023-03-22 21:06:29',1);
INSERT INTO `oh_patient_consensus` VALUES (226,226,1,1,'admin','2023-03-22 21:06:29','admin','2023-03-22 21:06:29',1);
INSERT INTO `oh_patient_consensus` VALUES (227,227,1,0,'admin','2023-03-22 21:06:29','admin','2023-03-22 21:06:29',1);
INSERT INTO `oh_patient_consensus` VALUES (228,228,1,1,'admin','2023-03-22 21:06:29','admin','2023-03-22 21:06:29',1);
INSERT INTO `oh_patient_consensus` VALUES (229,229,1,0,'admin','2023-03-22 21:06:29','admin','2023-03-22 21:06:29',1);
INSERT INTO `oh_patient_consensus` VALUES (230,230,1,0,'admin','2023-03-22 21:06:29','admin','2023-03-22 21:06:29',1);
INSERT INTO `oh_patient_consensus` VALUES (231,231,1,0,'admin','2023-03-22 21:06:29','admin','2023-03-22 21:06:29',1);
INSERT INTO `oh_patient_consensus` VALUES (232,232,1,0,'admin','2023-03-22 21:06:29','admin','2023-03-22 21:06:29',1);
INSERT INTO `oh_patient_consensus` VALUES (233,233,1,0,'admin','2023-03-22 21:06:29','admin','2023-03-22 21:06:29',1);
INSERT INTO `oh_patient_consensus` VALUES (234,234,1,1,'admin','2023-03-22 21:06:29','admin','2023-03-22 21:06:29',1);
INSERT INTO `oh_patient_consensus` VALUES (235,235,1,1,'admin','2023-03-22 21:06:29','admin','2023-03-22 21:06:29',1);
INSERT INTO `oh_patient_consensus` VALUES (236,236,1,1,'admin','2023-03-22 21:06:29','admin','2023-03-22 21:06:29',1);
INSERT INTO `oh_patient_consensus` VALUES (237,237,1,0,'admin','2023-03-22 21:06:29','admin','2023-03-22 21:06:29',1);
INSERT INTO `oh_patient_consensus` VALUES (238,238,1,0,'admin','2023-03-22 21:06:29','admin','2023-03-22 21:06:29',1);
INSERT INTO `oh_patient_consensus` VALUES (239,239,1,0,'admin','2023-03-22 21:06:29','admin','2023-03-22 21:06:29',1);
INSERT INTO `oh_patient_consensus` VALUES (240,240,1,1,'admin','2023-03-22 21:06:29','admin','2023-03-22 21:06:29',1);
INSERT INTO `oh_patient_consensus` VALUES (241,241,1,0,'admin','2023-03-22 21:06:29','admin','2023-03-22 21:06:29',1);
INSERT INTO `oh_patient_consensus` VALUES (242,242,1,0,'admin','2023-03-22 21:06:29','admin','2023-03-22 21:06:29',1);
INSERT INTO `oh_patient_consensus` VALUES (243,243,1,1,'admin','2023-03-22 21:06:29','admin','2023-03-22 21:06:29',1);
INSERT INTO `oh_patient_consensus` VALUES (244,244,1,0,'admin','2023-03-22 21:06:29','admin','2023-03-22 21:06:29',1);
INSERT INTO `oh_patient_consensus` VALUES (245,245,1,1,'admin','2023-03-22 21:06:29','admin','2023-03-22 21:06:29',1);
INSERT INTO `oh_patient_consensus` VALUES (246,246,1,1,'admin','2023-03-22 21:06:29','admin','2023-03-22 21:06:29',1);
INSERT INTO `oh_patient_consensus` VALUES (247,247,1,0,'admin','2023-03-22 21:06:29','admin','2023-03-22 21:06:29',1);
INSERT INTO `oh_patient_consensus` VALUES (248,248,1,1,'admin','2023-03-22 21:06:29','admin','2023-03-22 21:06:29',1);
INSERT INTO `oh_patient_consensus` VALUES (249,249,1,1,'admin','2023-03-22 21:06:29','admin','2023-03-22 21:06:29',1);
INSERT INTO `oh_patient_consensus` VALUES (250,250,1,0,'admin','2023-03-22 21:06:29','admin','2023-03-22 21:06:29',1);
INSERT INTO `oh_patient_consensus` VALUES (251,251,1,0,'admin','2023-03-22 21:06:29','admin','2023-03-22 21:06:29',1);
INSERT INTO `oh_patient_consensus` VALUES (252,252,1,0,'admin','2023-03-22 21:06:29','admin','2023-03-22 21:06:29',1);
INSERT INTO `oh_patient_consensus` VALUES (253,253,1,0,'admin','2023-03-22 21:06:29','admin','2023-03-22 21:06:29',1);
INSERT INTO `oh_patient_consensus` VALUES (254,254,1,0,'admin','2023-03-22 21:06:29','admin','2023-03-22 21:06:29',1);
INSERT INTO `oh_patient_consensus` VALUES (255,255,1,0,'admin','2023-03-22 21:06:29','admin','2023-03-22 21:06:29',1);
INSERT INTO `oh_patient_consensus` VALUES (256,256,1,1,'admin','2023-03-22 21:06:29','admin','2023-03-22 21:06:29',1);
INSERT INTO `oh_patient_consensus` VALUES (257,257,1,0,'admin','2023-03-22 21:06:29','admin','2023-03-22 21:06:29',1);
INSERT INTO `oh_patient_consensus` VALUES (258,258,1,1,'admin','2023-03-22 21:06:29','admin','2023-03-22 21:06:29',1);
INSERT INTO `oh_patient_consensus` VALUES (259,259,1,0,'admin','2023-03-22 21:06:29','admin','2023-03-22 21:06:29',1);
INSERT INTO `oh_patient_consensus` VALUES (260,260,1,0,'admin','2023-03-22 21:06:29','admin','2023-03-22 21:06:29',1);
INSERT INTO `oh_patient_consensus` VALUES (261,261,1,0,'admin','2023-03-22 21:06:29','admin','2023-03-22 21:06:29',1);
INSERT INTO `oh_patient_consensus` VALUES (262,262,1,0,'admin','2023-03-22 21:06:29','admin','2023-03-22 21:06:29',1);
INSERT INTO `oh_patient_consensus` VALUES (263,263,1,1,'admin','2023-03-22 21:06:29','admin','2023-03-22 21:06:29',1);
INSERT INTO `oh_patient_consensus` VALUES (264,264,1,0,'admin','2023-03-22 21:06:29','admin','2023-03-22 21:06:29',1);
INSERT INTO `oh_patient_consensus` VALUES (265,265,1,0,'admin','2023-03-22 21:06:29','admin','2023-03-22 21:06:29',1);
INSERT INTO `oh_patient_consensus` VALUES (266,266,1,0,'admin','2023-03-22 21:06:29','admin','2023-03-22 21:06:29',1);
INSERT INTO `oh_patient_consensus` VALUES (267,267,1,1,'admin','2023-03-22 21:06:29','admin','2023-03-22 21:06:29',1);
INSERT INTO `oh_patient_consensus` VALUES (268,268,1,1,'admin','2023-03-22 21:06:29','admin','2023-03-22 21:06:29',1);
INSERT INTO `oh_patient_consensus` VALUES (269,269,1,0,'admin','2023-03-22 21:06:29','admin','2023-03-22 21:06:29',1);
INSERT INTO `oh_patient_consensus` VALUES (270,270,1,0,'admin','2023-03-22 21:06:29','admin','2023-03-22 21:06:29',1);
INSERT INTO `oh_patient_consensus` VALUES (271,271,1,1,'admin','2023-03-22 21:06:29','admin','2023-03-22 21:06:29',1);
INSERT INTO `oh_patient_consensus` VALUES (272,272,1,0,'admin','2023-03-22 21:06:29','admin','2023-03-22 21:06:29',1);
INSERT INTO `oh_patient_consensus` VALUES (273,273,1,0,'admin','2023-03-22 21:06:29','admin','2023-03-22 21:06:29',1);
INSERT INTO `oh_patient_consensus` VALUES (274,274,1,0,'admin','2023-03-22 21:06:29','admin','2023-03-22 21:06:29',1);
INSERT INTO `oh_patient_consensus` VALUES (275,275,1,0,'admin','2023-03-22 21:06:29','admin','2023-03-22 21:06:29',1);
INSERT INTO `oh_patient_consensus` VALUES (276,276,1,0,'admin','2023-03-22 21:06:29','admin','2023-03-22 21:06:29',1);
INSERT INTO `oh_patient_consensus` VALUES (277,277,1,1,'admin','2023-03-22 21:06:29','admin','2023-03-22 21:06:29',1);
INSERT INTO `oh_patient_consensus` VALUES (278,278,1,1,'admin','2023-03-22 21:06:29','admin','2023-03-22 21:06:29',1);
INSERT INTO `oh_patient_consensus` VALUES (279,279,1,0,'admin','2023-03-22 21:06:29','admin','2023-03-22 21:06:29',1);
INSERT INTO `oh_patient_consensus` VALUES (280,280,1,0,'admin','2023-03-22 21:06:29','admin','2023-03-22 21:06:29',1);
INSERT INTO `oh_patient_consensus` VALUES (281,281,1,1,'admin','2023-03-22 21:06:29','admin','2023-03-22 21:06:29',1);
INSERT INTO `oh_patient_consensus` VALUES (282,282,1,0,'admin','2023-03-22 21:06:29','admin','2023-03-22 21:06:29',1);
INSERT INTO `oh_patient_consensus` VALUES (283,283,1,0,'admin','2023-03-22 21:06:29','admin','2023-03-22 21:06:29',1);
INSERT INTO `oh_patient_consensus` VALUES (284,284,1,0,'admin','2023-03-22 21:06:29','admin','2023-03-22 21:06:29',1);
INSERT INTO `oh_patient_consensus` VALUES (285,285,1,1,'admin','2023-03-22 21:06:29','admin','2023-03-22 21:06:29',1);
INSERT INTO `oh_patient_consensus` VALUES (286,286,1,0,'admin','2023-03-22 21:06:29','admin','2023-03-22 21:06:29',1);
INSERT INTO `oh_patient_consensus` VALUES (287,287,1,1,'admin','2023-03-22 21:06:29','admin','2023-03-22 21:06:29',1);
INSERT INTO `oh_patient_consensus` VALUES (288,288,1,0,'admin','2023-03-22 21:06:29','admin','2023-03-22 21:06:29',1);
INSERT INTO `oh_patient_consensus` VALUES (289,289,1,0,'admin','2023-03-22 21:06:29','admin','2023-03-22 21:06:29',1);
INSERT INTO `oh_patient_consensus` VALUES (290,290,1,0,'admin','2023-03-22 21:06:29','admin','2023-03-22 21:06:29',1);
INSERT INTO `oh_patient_consensus` VALUES (291,291,1,1,'admin','2023-03-22 21:06:29','admin','2023-03-22 21:06:29',1);
INSERT INTO `oh_patient_consensus` VALUES (292,292,1,0,'admin','2023-03-22 21:06:29','admin','2023-03-22 21:06:29',1);
INSERT INTO `oh_patient_consensus` VALUES (293,293,1,1,'admin','2023-03-22 21:06:29','admin','2023-03-22 21:06:29',1);
INSERT INTO `oh_patient_consensus` VALUES (294,294,1,1,'admin','2023-03-22 21:06:29','admin','2023-03-22 21:06:29',1);
INSERT INTO `oh_patient_consensus` VALUES (295,295,1,1,'admin','2023-03-22 21:06:29','admin','2023-03-22 21:06:29',1);
INSERT INTO `oh_patient_consensus` VALUES (296,296,1,0,'admin','2023-03-22 21:06:29','admin','2023-03-22 21:06:29',1);
INSERT INTO `oh_patient_consensus` VALUES (297,297,1,0,'admin','2023-03-22 21:06:29','admin','2023-03-22 21:06:29',1);
INSERT INTO `oh_patient_consensus` VALUES (298,298,1,1,'admin','2023-03-22 21:06:29','admin','2023-03-22 21:06:29',1);
INSERT INTO `oh_patient_consensus` VALUES (299,299,1,0,'admin','2023-03-22 21:06:29','admin','2023-03-22 21:06:29',1);
INSERT INTO `oh_patient_consensus` VALUES (300,300,1,1,'admin','2023-03-22 21:06:29','admin','2023-03-22 21:06:29',1);
INSERT INTO `oh_patient_consensus` VALUES (301,301,1,1,'admin','2023-03-22 21:06:29','admin','2023-03-22 21:06:29',1);
INSERT INTO `oh_patient_consensus` VALUES (302,302,1,0,'admin','2023-03-22 21:06:29','admin','2023-03-22 21:06:29',1);
INSERT INTO `oh_patient_consensus` VALUES (303,303,1,0,'admin','2023-03-22 21:06:29','admin','2023-03-22 21:06:29',1);
INSERT INTO `oh_patient_consensus` VALUES (304,304,1,0,'admin','2023-03-22 21:06:29','admin','2023-03-22 21:06:29',1);
INSERT INTO `oh_patient_consensus` VALUES (305,305,1,1,'admin','2023-03-22 21:06:29','admin','2023-03-22 21:06:29',1);
INSERT INTO `oh_patient_consensus` VALUES (306,306,1,1,'admin','2023-03-22 21:06:29','admin','2023-03-22 21:06:29',1);
INSERT INTO `oh_patient_consensus` VALUES (307,307,1,0,'admin','2023-03-22 21:06:29','admin','2023-03-22 21:06:29',1);
INSERT INTO `oh_patient_consensus` VALUES (308,308,1,1,'admin','2023-03-22 21:06:29','admin','2023-03-22 21:06:29',1);
INSERT INTO `oh_patient_consensus` VALUES (309,309,1,0,'admin','2023-03-22 21:06:29','admin','2023-03-22 21:06:29',1);
INSERT INTO `oh_patient_consensus` VALUES (310,310,1,1,'admin','2023-03-22 21:06:29','admin','2023-03-22 21:06:29',1);
INSERT INTO `oh_patient_consensus` VALUES (311,311,1,1,'admin','2023-03-22 21:06:29','admin','2023-03-22 21:06:29',1);
INSERT INTO `oh_patient_consensus` VALUES (312,312,1,1,'admin','2023-03-22 21:06:29','admin','2023-03-22 21:06:29',1);
INSERT INTO `oh_patient_consensus` VALUES (313,313,1,1,'admin','2023-03-22 21:06:29','admin','2023-03-22 21:06:29',1);
INSERT INTO `oh_patient_consensus` VALUES (314,314,1,0,'admin','2023-03-22 21:06:29','admin','2023-03-22 21:06:29',1);
INSERT INTO `oh_patient_consensus` VALUES (315,315,1,0,'admin','2023-03-22 21:06:29','admin','2023-03-22 21:06:29',1);
INSERT INTO `oh_patient_consensus` VALUES (316,316,1,0,'admin','2023-03-22 21:06:29','admin','2023-03-22 21:06:29',1);
INSERT INTO `oh_patient_consensus` VALUES (317,317,1,0,'admin','2023-03-22 21:06:29','admin','2023-03-22 21:06:29',1);
INSERT INTO `oh_patient_consensus` VALUES (318,318,1,0,'admin','2023-03-22 21:06:29','admin','2023-03-22 21:06:29',1);
INSERT INTO `oh_patient_consensus` VALUES (319,319,1,0,'admin','2023-03-22 21:06:29','admin','2023-03-22 21:06:29',1);
INSERT INTO `oh_patient_consensus` VALUES (320,320,1,0,'admin','2023-03-22 21:06:29','admin','2023-03-22 21:06:29',1);
INSERT INTO `oh_patient_consensus` VALUES (321,321,1,1,'admin','2023-03-22 21:06:29','admin','2023-03-22 21:06:29',1);
INSERT INTO `oh_patient_consensus` VALUES (322,322,1,1,'admin','2023-03-22 21:06:29','admin','2023-03-22 21:06:29',1);
INSERT INTO `oh_patient_consensus` VALUES (323,323,1,1,'admin','2023-03-22 21:06:29','admin','2023-03-22 21:06:29',1);
INSERT INTO `oh_patient_consensus` VALUES (324,324,1,0,'admin','2023-03-22 21:06:29','admin','2023-03-22 21:06:29',1);
INSERT INTO `oh_patient_consensus` VALUES (325,325,1,0,'admin','2023-03-22 21:06:29','admin','2023-03-22 21:06:29',1);
INSERT INTO `oh_patient_consensus` VALUES (326,326,1,1,'admin','2023-03-22 21:06:29','admin','2023-03-22 21:06:29',1);
INSERT INTO `oh_patient_consensus` VALUES (327,327,1,1,'admin','2023-03-22 21:06:29','admin','2023-03-22 21:06:29',1);
INSERT INTO `oh_patient_consensus` VALUES (328,328,1,1,'admin','2023-03-22 21:06:29','admin','2023-03-22 21:06:29',1);
INSERT INTO `oh_patient_consensus` VALUES (329,329,1,1,'admin','2023-03-22 21:06:29','admin','2023-03-22 21:06:29',1);
INSERT INTO `oh_patient_consensus` VALUES (330,330,1,0,'admin','2023-03-22 21:06:29','admin','2023-03-22 21:06:29',1);
INSERT INTO `oh_patient_consensus` VALUES (331,331,1,1,'admin','2023-03-22 21:06:29','admin','2023-03-22 21:06:29',1);
INSERT INTO `oh_patient_consensus` VALUES (332,332,1,1,'admin','2023-03-22 21:06:29','admin','2023-03-22 21:06:29',1);
INSERT INTO `oh_patient_consensus` VALUES (333,333,1,0,'admin','2023-03-22 21:06:29','admin','2023-03-22 21:06:29',1);
INSERT INTO `oh_patient_consensus` VALUES (334,334,1,0,'admin','2023-03-22 21:06:29','admin','2023-03-22 21:06:29',1);
INSERT INTO `oh_patient_consensus` VALUES (335,335,1,1,'admin','2023-03-22 21:06:29','admin','2023-03-22 21:06:29',1);
INSERT INTO `oh_patient_consensus` VALUES (336,336,1,0,'admin','2023-03-22 21:06:29','admin','2023-03-22 21:06:29',1);
INSERT INTO `oh_patient_consensus` VALUES (337,337,1,0,'admin','2023-03-22 21:06:29','admin','2023-03-22 21:06:29',1);
INSERT INTO `oh_patient_consensus` VALUES (338,338,1,1,'admin','2023-03-22 21:06:29','admin','2023-03-22 21:06:29',1);
INSERT INTO `oh_patient_consensus` VALUES (339,339,1,0,'admin','2023-03-22 21:06:29','admin','2023-03-22 21:06:29',1);
INSERT INTO `oh_patient_consensus` VALUES (340,340,1,0,'admin','2023-03-22 21:06:29','admin','2023-03-22 21:06:29',1);
INSERT INTO `oh_patient_consensus` VALUES (341,341,1,0,'admin','2023-03-22 21:06:29','admin','2023-03-22 21:06:29',1);
INSERT INTO `oh_patient_consensus` VALUES (342,342,1,0,'admin','2023-03-22 21:06:29','admin','2023-03-22 21:06:29',1);
INSERT INTO `oh_patient_consensus` VALUES (343,343,1,1,'admin','2023-03-22 21:06:29','admin','2023-03-22 21:06:29',1);
INSERT INTO `oh_patient_consensus` VALUES (344,344,1,0,'admin','2023-03-22 21:06:29','admin','2023-03-22 21:06:29',1);
INSERT INTO `oh_patient_consensus` VALUES (345,345,1,0,'admin','2023-03-22 21:06:29','admin','2023-03-22 21:06:29',1);
INSERT INTO `oh_patient_consensus` VALUES (346,346,1,1,'admin','2023-03-22 21:06:29','admin','2023-03-22 21:06:29',1);
INSERT INTO `oh_patient_consensus` VALUES (347,347,1,0,'admin','2023-03-22 21:06:29','admin','2023-03-22 21:06:29',1);
INSERT INTO `oh_patient_consensus` VALUES (348,348,1,1,'admin','2023-03-22 21:06:29','admin','2023-03-22 21:06:29',1);
INSERT INTO `oh_patient_consensus` VALUES (349,349,1,0,'admin','2023-03-22 21:06:29','admin','2023-03-22 21:06:29',1);
INSERT INTO `oh_patient_consensus` VALUES (350,350,1,1,'admin','2023-03-22 21:06:29','admin','2023-03-22 21:06:29',1);
INSERT INTO `oh_patient_consensus` VALUES (351,351,1,0,'admin','2023-03-22 21:06:29','admin','2023-03-22 21:06:29',1);
INSERT INTO `oh_patient_consensus` VALUES (352,352,1,0,'admin','2023-03-22 21:06:29','admin','2023-03-22 21:06:29',1);
INSERT INTO `oh_patient_consensus` VALUES (353,353,1,0,'admin','2023-03-22 21:06:29','admin','2023-03-22 21:06:29',1);
INSERT INTO `oh_patient_consensus` VALUES (354,354,1,0,'admin','2023-03-22 21:06:29','admin','2023-03-22 21:06:29',1);
INSERT INTO `oh_patient_consensus` VALUES (355,355,1,1,'admin','2023-03-22 21:06:29','admin','2023-03-22 21:06:29',1);
INSERT INTO `oh_patient_consensus` VALUES (356,356,1,1,'admin','2023-03-22 21:06:29','admin','2023-03-22 21:06:29',1);
INSERT INTO `oh_patient_consensus` VALUES (357,357,1,0,'admin','2023-03-22 21:06:29','admin','2023-03-22 21:06:29',1);
INSERT INTO `oh_patient_consensus` VALUES (358,358,1,0,'admin','2023-03-22 21:06:29','admin','2023-03-22 21:06:29',1);
INSERT INTO `oh_patient_consensus` VALUES (359,359,1,0,'admin','2023-03-22 21:06:29','admin','2023-03-22 21:06:29',1);
INSERT INTO `oh_patient_consensus` VALUES (360,360,1,0,'admin','2023-03-22 21:06:29','admin','2023-03-22 21:06:29',1);
INSERT INTO `oh_patient_consensus` VALUES (361,361,1,0,'admin','2023-03-22 21:06:29','admin','2023-03-22 21:06:29',1);
INSERT INTO `oh_patient_consensus` VALUES (362,362,1,1,'admin','2023-03-22 21:06:29','admin','2023-03-22 21:06:29',1);
INSERT INTO `oh_patient_consensus` VALUES (363,363,1,1,'admin','2023-03-22 21:06:29','admin','2023-03-22 21:06:29',1);
INSERT INTO `oh_patient_consensus` VALUES (364,364,1,0,'admin','2023-03-22 21:06:29','admin','2023-03-22 21:06:29',1);
INSERT INTO `oh_patient_consensus` VALUES (365,365,1,0,'admin','2023-03-22 21:06:29','admin','2023-03-22 21:06:29',1);
INSERT INTO `oh_patient_consensus` VALUES (366,366,1,0,'admin','2023-03-22 21:06:29','admin','2023-03-22 21:06:29',1);
INSERT INTO `oh_patient_consensus` VALUES (367,367,1,0,'admin','2023-03-22 21:06:29','admin','2023-03-22 21:06:29',1);
INSERT INTO `oh_patient_consensus` VALUES (368,368,1,0,'admin','2023-03-22 21:06:29','admin','2023-03-22 21:06:29',1);
INSERT INTO `oh_patient_consensus` VALUES (369,369,1,1,'admin','2023-03-22 21:06:29','admin','2023-03-22 21:06:29',1);
INSERT INTO `oh_patient_consensus` VALUES (370,370,1,0,'admin','2023-03-22 21:06:29','admin','2023-03-22 21:06:29',1);
INSERT INTO `oh_patient_consensus` VALUES (371,371,1,1,'admin','2023-03-22 21:06:29','admin','2023-03-22 21:06:29',1);
INSERT INTO `oh_patient_consensus` VALUES (372,372,1,1,'admin','2023-03-22 21:06:29','admin','2023-03-22 21:06:29',1);
INSERT INTO `oh_patient_consensus` VALUES (373,373,1,1,'admin','2023-03-22 21:06:29','admin','2023-03-22 21:06:29',1);
INSERT INTO `oh_patient_consensus` VALUES (374,374,1,0,'admin','2023-03-22 21:06:29','admin','2023-03-22 21:06:29',1);
INSERT INTO `oh_patient_consensus` VALUES (375,375,1,0,'admin','2023-03-22 21:06:29','admin','2023-03-22 21:06:29',1);
INSERT INTO `oh_patient_consensus` VALUES (376,376,1,1,'admin','2023-03-22 21:06:29','admin','2023-03-22 21:06:29',1);
INSERT INTO `oh_patient_consensus` VALUES (377,377,1,0,'admin','2023-03-22 21:06:29','admin','2023-03-22 21:06:29',1);
INSERT INTO `oh_patient_consensus` VALUES (378,378,1,0,'admin','2023-03-22 21:06:29','admin','2023-03-22 21:06:29',1);
INSERT INTO `oh_patient_consensus` VALUES (379,379,1,0,'admin','2023-03-22 21:06:29','admin','2023-03-22 21:06:29',1);
INSERT INTO `oh_patient_consensus` VALUES (380,380,1,1,'admin','2023-03-22 21:06:29','admin','2023-03-22 21:06:29',1);
INSERT INTO `oh_patient_consensus` VALUES (381,381,1,1,'admin','2023-03-22 21:06:29','admin','2023-03-22 21:06:29',1);
INSERT INTO `oh_patient_consensus` VALUES (382,382,1,0,'admin','2023-03-22 21:06:29','admin','2023-03-22 21:06:29',1);
INSERT INTO `oh_patient_consensus` VALUES (383,383,1,0,'admin','2023-03-22 21:06:29','admin','2023-03-22 21:06:29',1);
INSERT INTO `oh_patient_consensus` VALUES (384,384,1,0,'admin','2023-03-22 21:06:29','admin','2023-03-22 21:06:29',1);
INSERT INTO `oh_patient_consensus` VALUES (385,385,1,1,'admin','2023-03-22 21:06:29','admin','2023-03-22 21:06:29',1);
INSERT INTO `oh_patient_consensus` VALUES (386,386,1,0,'admin','2023-03-22 21:06:29','admin','2023-03-22 21:06:29',1);
INSERT INTO `oh_patient_consensus` VALUES (387,387,1,1,'admin','2023-03-22 21:06:29','admin','2023-03-22 21:06:29',1);
INSERT INTO `oh_patient_consensus` VALUES (388,388,1,0,'admin','2023-03-22 21:06:29','admin','2023-03-22 21:06:29',1);
INSERT INTO `oh_patient_consensus` VALUES (389,389,1,1,'admin','2023-03-22 21:06:29','admin','2023-03-22 21:06:29',1);
INSERT INTO `oh_patient_consensus` VALUES (390,390,1,0,'admin','2023-03-22 21:06:29','admin','2023-03-22 21:06:29',1);
INSERT INTO `oh_patient_consensus` VALUES (391,391,1,1,'admin','2023-03-22 21:06:29','admin','2023-03-22 21:06:29',1);
INSERT INTO `oh_patient_consensus` VALUES (392,392,1,1,'admin','2023-03-22 21:06:29','admin','2023-03-22 21:06:29',1);
INSERT INTO `oh_patient_consensus` VALUES (393,393,1,1,'admin','2023-03-22 21:06:29','admin','2023-03-22 21:06:29',1);
INSERT INTO `oh_patient_consensus` VALUES (394,394,1,0,'admin','2023-03-22 21:06:29','admin','2023-03-22 21:06:29',1);
INSERT INTO `oh_patient_consensus` VALUES (395,395,1,1,'admin','2023-03-22 21:06:29','admin','2023-03-22 21:06:29',1);
INSERT INTO `oh_patient_consensus` VALUES (396,396,1,0,'admin','2023-03-22 21:06:29','admin','2023-03-22 21:06:29',1);
INSERT INTO `oh_patient_consensus` VALUES (397,397,1,1,'admin','2023-03-22 21:06:29','admin','2023-03-22 21:06:29',1);
INSERT INTO `oh_patient_consensus` VALUES (398,398,1,1,'admin','2023-03-22 21:06:29','admin','2023-03-22 21:06:29',1);
INSERT INTO `oh_patient_consensus` VALUES (399,399,1,1,'admin','2023-03-22 21:06:29','admin','2023-03-22 21:06:29',1);
INSERT INTO `oh_patient_consensus` VALUES (400,400,1,1,'admin','2023-03-22 21:06:29','admin','2023-03-22 21:06:29',1);
INSERT INTO `oh_patient_consensus` VALUES (401,401,1,0,'admin','2023-03-22 21:06:29','admin','2023-03-22 21:06:29',1);
INSERT INTO `oh_patient_consensus` VALUES (402,402,1,1,'admin','2023-03-22 21:06:29','admin','2023-03-22 21:06:29',1);
INSERT INTO `oh_patient_consensus` VALUES (403,403,1,0,'admin','2023-03-22 21:06:29','admin','2023-03-22 21:06:29',1);
INSERT INTO `oh_patient_consensus` VALUES (404,404,1,0,'admin','2023-03-22 21:06:29','admin','2023-03-22 21:06:29',1);
INSERT INTO `oh_patient_consensus` VALUES (405,405,1,0,'admin','2023-03-22 21:06:29','admin','2023-03-22 21:06:29',1);
INSERT INTO `oh_patient_consensus` VALUES (406,406,1,1,'admin','2023-03-22 21:06:29','admin','2023-03-22 21:06:29',1);
INSERT INTO `oh_patient_consensus` VALUES (407,407,1,0,'admin','2023-03-22 21:06:29','admin','2023-03-22 21:06:29',1);
INSERT INTO `oh_patient_consensus` VALUES (408,408,1,0,'admin','2023-03-22 21:06:29','admin','2023-03-22 21:06:29',1);
INSERT INTO `oh_patient_consensus` VALUES (409,409,1,1,'admin','2023-03-22 21:06:29','admin','2023-03-22 21:06:29',1);
INSERT INTO `oh_patient_consensus` VALUES (410,410,1,1,'admin','2023-03-22 21:06:29','admin','2023-03-22 21:06:29',1);
INSERT INTO `oh_patient_consensus` VALUES (411,411,1,1,'admin','2023-03-22 21:06:29','admin','2023-03-22 21:06:29',1);
INSERT INTO `oh_patient_consensus` VALUES (412,412,1,0,'admin','2023-03-22 21:06:29','admin','2023-03-22 21:06:29',1);
INSERT INTO `oh_patient_consensus` VALUES (413,413,1,1,'admin','2023-03-22 21:06:29','admin','2023-03-22 21:06:29',1);
INSERT INTO `oh_patient_consensus` VALUES (414,414,1,1,'admin','2023-03-22 21:06:29','admin','2023-03-22 21:06:29',1);
INSERT INTO `oh_patient_consensus` VALUES (415,415,1,0,'admin','2023-03-22 21:06:29','admin','2023-03-22 21:06:29',1);
INSERT INTO `oh_patient_consensus` VALUES (416,416,1,1,'admin','2023-03-22 21:06:29','admin','2023-03-22 21:06:29',1);
INSERT INTO `oh_patient_consensus` VALUES (417,417,1,1,'admin','2023-03-22 21:06:29','admin','2023-03-22 21:06:29',1);
INSERT INTO `oh_patient_consensus` VALUES (418,418,1,1,'admin','2023-03-22 21:06:29','admin','2023-03-22 21:06:29',1);
INSERT INTO `oh_patient_consensus` VALUES (419,419,1,1,'admin','2023-03-22 21:06:29','admin','2023-03-22 21:06:29',1);
INSERT INTO `oh_patient_consensus` VALUES (420,420,1,0,'admin','2023-03-22 21:06:29','admin','2023-03-22 21:06:29',1);
INSERT INTO `oh_patient_consensus` VALUES (421,421,1,0,'admin','2023-03-22 21:06:29','admin','2023-03-22 21:06:29',1);
INSERT INTO `oh_patient_consensus` VALUES (422,422,1,0,'admin','2023-03-22 21:06:29','admin','2023-03-22 21:06:29',1);
INSERT INTO `oh_patient_consensus` VALUES (423,423,1,0,'admin','2023-03-22 21:06:29','admin','2023-03-22 21:06:29',1);
INSERT INTO `oh_patient_consensus` VALUES (424,424,1,1,'admin','2023-03-22 21:06:29','admin','2023-03-22 21:06:29',1);
INSERT INTO `oh_patient_consensus` VALUES (426,426,1,0,'admin','2023-03-22 21:06:29','admin','2023-03-22 21:06:29',1);
INSERT INTO `oh_patient_consensus` VALUES (427,427,1,1,'admin','2023-03-22 21:06:29','admin','2023-03-22 21:06:29',1);
INSERT INTO `oh_patient_consensus` VALUES (428,428,1,0,'admin','2023-03-22 21:06:29','admin','2023-03-22 21:06:29',1);
INSERT INTO `oh_patient_consensus` VALUES (429,429,1,0,'admin','2023-03-22 21:06:29','admin','2023-03-22 21:06:29',1);
INSERT INTO `oh_patient_consensus` VALUES (430,430,1,1,'admin','2023-03-22 21:06:29','admin','2023-03-22 21:06:29',1);
INSERT INTO `oh_patient_consensus` VALUES (431,431,1,0,'admin','2023-03-22 21:06:29','admin','2023-03-22 21:06:29',1);
INSERT INTO `oh_patient_consensus` VALUES (432,432,1,1,'admin','2023-03-22 21:06:29','admin','2023-03-22 21:06:29',1);
INSERT INTO `oh_patient_consensus` VALUES (433,433,1,0,'admin','2023-03-22 21:06:29','admin','2023-03-22 21:06:29',1);
INSERT INTO `oh_patient_consensus` VALUES (434,434,1,1,'admin','2023-03-22 21:06:29','admin','2023-03-22 21:06:29',1);
INSERT INTO `oh_patient_consensus` VALUES (435,435,1,1,'admin','2023-03-22 21:06:29','admin','2023-03-22 21:06:29',1);
INSERT INTO `oh_patient_consensus` VALUES (436,436,1,1,'admin','2023-03-22 21:06:29','admin','2023-03-22 21:06:29',1);
INSERT INTO `oh_patient_consensus` VALUES (437,437,1,1,'admin','2023-03-22 21:06:29','admin','2023-03-22 21:06:29',1);
INSERT INTO `oh_patient_consensus` VALUES (438,438,1,0,'admin','2023-03-22 21:06:29','admin','2023-03-22 21:06:29',1);
INSERT INTO `oh_patient_consensus` VALUES (439,439,1,0,'admin','2023-03-22 21:06:29','admin','2023-03-22 21:06:29',1);
INSERT INTO `oh_patient_consensus` VALUES (440,440,1,1,'admin','2023-03-22 21:06:29','admin','2023-03-22 21:06:29',1);
INSERT INTO `oh_patient_consensus` VALUES (441,441,1,1,'admin','2023-03-22 21:06:29','admin','2023-03-22 21:06:29',1);
INSERT INTO `oh_patient_consensus` VALUES (442,442,1,1,'admin','2023-03-22 21:06:29','admin','2023-03-22 21:06:29',1);
INSERT INTO `oh_patient_consensus` VALUES (443,443,1,0,'admin','2023-03-22 21:06:29','admin','2023-03-22 21:06:29',1);
INSERT INTO `oh_patient_consensus` VALUES (444,444,1,0,'admin','2023-03-22 21:06:29','admin','2023-03-22 21:06:29',1);
INSERT INTO `oh_patient_consensus` VALUES (445,445,1,0,'admin','2023-03-22 21:06:29','admin','2023-03-22 21:06:29',1);
INSERT INTO `oh_patient_consensus` VALUES (446,446,1,1,'admin','2023-03-22 21:06:29','admin','2023-03-22 21:06:29',1);
INSERT INTO `oh_patient_consensus` VALUES (447,447,1,1,'admin','2023-03-22 21:06:29','admin','2023-03-22 21:06:29',1);
INSERT INTO `oh_patient_consensus` VALUES (448,448,1,0,'admin','2023-03-22 21:06:29','admin','2023-03-22 21:06:29',1);
INSERT INTO `oh_patient_consensus` VALUES (449,449,1,1,'admin','2023-03-22 21:06:29','admin','2023-03-22 21:06:29',1);
INSERT INTO `oh_patient_consensus` VALUES (450,450,1,0,'admin','2023-03-22 21:06:29','admin','2023-03-22 21:06:29',1);
INSERT INTO `oh_patient_consensus` VALUES (451,451,1,1,'admin','2023-03-22 21:06:29','admin','2023-03-22 21:06:29',1);
INSERT INTO `oh_patient_consensus` VALUES (452,452,1,0,'admin','2023-03-22 21:06:29','admin','2023-03-22 21:06:29',1);
INSERT INTO `oh_patient_consensus` VALUES (453,453,1,0,'admin','2023-03-22 21:06:29','admin','2023-03-22 21:06:29',1);
INSERT INTO `oh_patient_consensus` VALUES (454,454,1,1,'admin','2023-03-22 21:06:29','admin','2023-03-22 21:06:29',1);
INSERT INTO `oh_patient_consensus` VALUES (455,455,1,1,'admin','2023-03-22 21:06:29','admin','2023-03-22 21:06:29',1);
INSERT INTO `oh_patient_consensus` VALUES (456,456,1,0,'admin','2023-03-22 21:06:29','admin','2023-03-22 21:06:29',1);
INSERT INTO `oh_patient_consensus` VALUES (457,457,1,0,'admin','2023-03-22 21:06:29','admin','2023-03-22 21:06:29',1);
INSERT INTO `oh_patient_consensus` VALUES (458,458,1,1,'admin','2023-03-22 21:06:29','admin','2023-03-22 21:06:29',1);
INSERT INTO `oh_patient_consensus` VALUES (459,459,1,0,'admin','2023-03-22 21:06:29','admin','2023-03-22 21:06:29',1);
INSERT INTO `oh_patient_consensus` VALUES (460,460,1,0,'admin','2023-03-22 21:06:29','admin','2023-03-22 21:06:29',1);
INSERT INTO `oh_patient_consensus` VALUES (461,461,1,0,'admin','2023-03-22 21:06:29','admin','2023-03-22 21:06:29',1);
INSERT INTO `oh_patient_consensus` VALUES (462,462,1,1,'admin','2023-03-22 21:06:29','admin','2023-03-22 21:06:29',1);
INSERT INTO `oh_patient_consensus` VALUES (463,463,1,0,'admin','2023-03-22 21:06:29','admin','2023-03-22 21:06:29',1);
INSERT INTO `oh_patient_consensus` VALUES (464,464,1,0,'admin','2023-03-22 21:06:29','admin','2023-03-22 21:06:29',1);
INSERT INTO `oh_patient_consensus` VALUES (465,465,1,1,'admin','2023-03-22 21:06:29','admin','2023-03-22 21:06:29',1);
INSERT INTO `oh_patient_consensus` VALUES (466,466,1,1,'admin','2023-03-22 21:06:29','admin','2023-03-22 21:06:29',1);
INSERT INTO `oh_patient_consensus` VALUES (467,467,1,1,'admin','2023-03-22 21:06:29','admin','2023-03-22 21:06:29',1);
INSERT INTO `oh_patient_consensus` VALUES (468,468,1,1,'admin','2023-03-22 21:06:29','admin','2023-03-22 21:06:29',1);
INSERT INTO `oh_patient_consensus` VALUES (469,469,1,0,'admin','2023-03-22 21:06:29','admin','2023-03-22 21:06:29',1);
INSERT INTO `oh_patient_consensus` VALUES (470,470,1,1,'admin','2023-03-22 21:06:29','admin','2023-03-22 21:06:29',1);
INSERT INTO `oh_patient_consensus` VALUES (471,471,1,0,'admin','2023-03-22 21:06:29','admin','2023-03-22 21:06:29',1);
INSERT INTO `oh_patient_consensus` VALUES (472,472,1,1,'admin','2023-03-22 21:06:29','admin','2023-03-22 21:06:29',1);
INSERT INTO `oh_patient_consensus` VALUES (473,473,1,0,'admin','2023-03-22 21:06:29','admin','2023-03-22 21:06:29',1);
INSERT INTO `oh_patient_consensus` VALUES (474,474,1,0,'admin','2023-03-22 21:06:29','admin','2023-03-22 21:06:29',1);
INSERT INTO `oh_patient_consensus` VALUES (475,475,1,1,'admin','2023-03-22 21:06:29','admin','2023-03-22 21:06:29',1);
INSERT INTO `oh_patient_consensus` VALUES (476,476,1,1,'admin','2023-03-22 21:06:29','admin','2023-03-22 21:06:29',1);
INSERT INTO `oh_patient_consensus` VALUES (477,477,1,0,'admin','2023-03-22 21:06:29','admin','2023-03-22 21:06:29',1);
INSERT INTO `oh_patient_consensus` VALUES (479,479,1,0,'admin','2023-03-22 21:06:29','admin','2023-03-22 21:06:29',1);
INSERT INTO `oh_patient_consensus` VALUES (480,480,1,0,'admin','2023-03-22 21:06:29','admin','2023-03-22 21:06:29',1);
INSERT INTO `oh_patient_consensus` VALUES (482,482,1,1,'admin','2023-03-22 21:06:29','admin','2023-03-22 21:06:29',1);
INSERT INTO `oh_patient_consensus` VALUES (483,483,1,1,'admin','2023-03-22 21:06:29','admin','2023-03-22 21:06:29',1);
INSERT INTO `oh_patient_consensus` VALUES (484,484,1,1,'admin','2023-03-22 21:06:29','admin','2023-03-22 21:06:29',1);
INSERT INTO `oh_patient_consensus` VALUES (485,485,1,0,'admin','2023-03-22 21:06:29','admin','2023-03-22 21:06:29',1);
INSERT INTO `oh_patient_consensus` VALUES (486,486,1,0,'admin','2023-03-22 21:06:29','admin','2023-03-22 21:06:29',1);
INSERT INTO `oh_patient_consensus` VALUES (487,487,1,0,'admin','2023-03-22 21:06:29','admin','2023-03-22 21:06:29',1);
INSERT INTO `oh_patient_consensus` VALUES (488,488,1,0,'admin','2023-03-22 21:06:29','admin','2023-03-22 21:06:29',1);
INSERT INTO `oh_patient_consensus` VALUES (489,489,1,1,'admin','2023-03-22 21:06:29','admin','2023-03-22 21:06:29',1);
INSERT INTO `oh_patient_consensus` VALUES (490,490,1,0,'admin','2023-03-22 21:06:29','admin','2023-03-22 21:06:29',1);
INSERT INTO `oh_patient_consensus` VALUES (491,491,1,0,'admin','2023-03-22 21:06:29','admin','2023-03-22 21:06:29',1);
INSERT INTO `oh_patient_consensus` VALUES (492,492,1,0,'admin','2023-03-22 21:06:29','admin','2023-03-22 21:06:29',1);
INSERT INTO `oh_patient_consensus` VALUES (493,493,1,0,'admin','2023-03-22 21:06:29','admin','2023-03-22 21:06:29',1);
INSERT INTO `oh_patient_consensus` VALUES (494,494,1,0,'admin','2023-03-22 21:06:29','admin','2023-03-22 21:06:29',1);
INSERT INTO `oh_patient_consensus` VALUES (495,495,1,0,'admin','2023-03-22 21:06:29','admin','2023-03-22 21:06:29',1);
INSERT INTO `oh_patient_consensus` VALUES (496,496,1,0,'admin','2023-03-22 21:06:29','admin','2023-03-22 21:06:29',1);
INSERT INTO `oh_patient_consensus` VALUES (497,497,1,0,'admin','2023-03-22 21:06:29','admin','2023-03-22 21:06:29',1);
INSERT INTO `oh_patient_consensus` VALUES (498,498,1,0,'admin','2023-03-22 21:06:29','admin','2023-03-22 21:06:29',1);
INSERT INTO `oh_patient_consensus` VALUES (499,499,1,1,'admin','2023-03-22 21:06:29','admin','2023-03-22 21:06:29',1);
INSERT INTO `oh_patient_consensus` VALUES (500,500,1,1,'admin','2023-03-22 21:06:29','admin','2023-03-22 21:06:29',1);
INSERT INTO `oh_patient_consensus` VALUES (501,501,1,0,'admin','2023-03-22 21:06:29','admin','2023-03-22 21:06:29',1);
INSERT INTO `oh_patient_consensus` VALUES (502,502,1,1,'admin','2023-03-22 21:06:29','admin','2023-03-22 21:06:29',1);
INSERT INTO `oh_patient_consensus` VALUES (503,503,1,0,'admin','2023-03-22 21:06:29','admin','2023-03-22 21:06:29',1);
INSERT INTO `oh_patient_consensus` VALUES (504,504,1,1,'admin','2023-03-22 21:06:29','admin','2023-03-22 21:06:29',1);
INSERT INTO `oh_patient_consensus` VALUES (505,505,1,1,'admin','2023-03-22 21:06:29','admin','2023-03-22 21:06:29',1);
INSERT INTO `oh_patient_consensus` VALUES (506,506,1,0,'admin','2023-03-22 21:06:29','admin','2023-03-22 21:06:29',1);
INSERT INTO `oh_patient_consensus` VALUES (507,507,1,0,'admin','2023-03-22 21:06:29','admin','2023-03-22 21:06:29',1);
INSERT INTO `oh_patient_consensus` VALUES (508,508,1,1,'admin','2023-03-22 21:06:29','admin','2023-03-22 21:06:29',1);
INSERT INTO `oh_patient_consensus` VALUES (509,509,1,0,'admin','2023-03-22 21:06:29','admin','2023-03-22 21:06:29',1);
INSERT INTO `oh_patient_consensus` VALUES (510,510,1,1,'admin','2023-03-22 21:06:29','admin','2023-03-22 21:06:29',1);
INSERT INTO `oh_patient_consensus` VALUES (511,511,1,0,'admin','2023-03-22 21:06:29','admin','2023-03-22 21:06:29',1);
INSERT INTO `oh_patient_consensus` VALUES (512,512,1,1,'admin','2023-03-22 21:06:29','admin','2023-03-22 21:06:29',1);
INSERT INTO `oh_patient_consensus` VALUES (513,513,1,1,'admin','2023-03-22 21:06:29','admin','2023-03-22 21:06:29',1);
INSERT INTO `oh_patient_consensus` VALUES (514,514,1,0,'admin','2023-03-22 21:06:29','admin','2023-03-22 21:06:29',1);
INSERT INTO `oh_patient_consensus` VALUES (515,515,1,0,'admin','2023-03-22 21:06:29','admin','2023-03-22 21:06:29',1);
INSERT INTO `oh_patient_consensus` VALUES (516,516,1,0,'admin','2023-03-22 21:06:29','admin','2023-03-22 21:06:29',1);
INSERT INTO `oh_patient_consensus` VALUES (517,517,1,1,'admin','2023-03-22 21:06:29','admin','2023-03-22 21:06:29',1);
INSERT INTO `oh_patient_consensus` VALUES (518,518,1,0,'admin','2023-03-22 21:06:29','admin','2023-03-22 21:06:29',1);
INSERT INTO `oh_patient_consensus` VALUES (519,519,1,0,'admin','2023-03-22 21:06:29','admin','2023-03-22 21:06:29',1);
INSERT INTO `oh_patient_consensus` VALUES (520,520,1,0,'admin','2023-03-22 21:06:29','admin','2023-03-22 21:06:29',1);
INSERT INTO `oh_patient_consensus` VALUES (521,521,1,1,'admin','2023-03-22 21:06:29','admin','2023-03-22 21:06:29',1);
INSERT INTO `oh_patient_consensus` VALUES (522,522,1,0,'admin','2023-03-22 21:06:29','admin','2023-03-22 21:06:29',1);
INSERT INTO `oh_patient_consensus` VALUES (523,523,1,0,'admin','2023-03-22 21:06:29','admin','2023-03-22 21:06:29',1);
INSERT INTO `oh_patient_consensus` VALUES (524,524,1,1,'admin','2023-03-22 21:06:29','admin','2023-03-22 21:06:29',1);
INSERT INTO `oh_patient_consensus` VALUES (525,525,1,1,'admin','2023-03-22 21:06:29','admin','2023-03-22 21:06:29',1);
INSERT INTO `oh_patient_consensus` VALUES (526,526,1,0,'admin','2023-03-22 21:06:29','admin','2023-03-22 21:06:29',1);
INSERT INTO `oh_patient_consensus` VALUES (527,527,1,0,'admin','2023-03-22 21:06:29','admin','2023-03-22 21:06:29',1);
INSERT INTO `oh_patient_consensus` VALUES (528,528,1,0,'admin','2023-03-22 21:06:29','admin','2023-03-22 21:06:29',1);
INSERT INTO `oh_patient_consensus` VALUES (529,529,1,0,'admin','2023-03-22 21:06:29','admin','2023-03-22 21:06:29',1);
INSERT INTO `oh_patient_consensus` VALUES (530,530,1,1,'admin','2023-03-22 21:06:29','admin','2023-03-22 21:06:29',1);
INSERT INTO `oh_patient_consensus` VALUES (531,531,1,0,'admin','2023-03-22 21:06:29','admin','2023-03-22 21:06:29',1);
INSERT INTO `oh_patient_consensus` VALUES (532,532,1,1,'admin','2023-03-22 21:06:29','admin','2023-03-22 21:06:29',1);
INSERT INTO `oh_patient_consensus` VALUES (533,533,1,1,'admin','2023-03-22 21:06:29','admin','2023-03-22 21:06:29',1);
INSERT INTO `oh_patient_consensus` VALUES (534,534,1,0,'admin','2023-03-22 21:06:29','admin','2023-03-22 21:06:29',1);
INSERT INTO `oh_patient_consensus` VALUES (535,535,1,0,'admin','2023-03-22 21:06:29','admin','2023-03-22 21:06:29',1);
INSERT INTO `oh_patient_consensus` VALUES (536,536,1,0,'admin','2023-03-22 21:06:29','admin','2023-03-22 21:06:29',1);
INSERT INTO `oh_patient_consensus` VALUES (537,537,1,0,'admin','2023-03-22 21:06:29','admin','2023-03-22 21:06:29',1);
INSERT INTO `oh_patient_consensus` VALUES (538,538,1,0,'admin','2023-03-22 21:06:29','admin','2023-03-22 21:06:29',1);
INSERT INTO `oh_patient_consensus` VALUES (539,539,1,1,'admin','2023-03-22 21:06:29','admin','2023-03-22 21:06:29',1);
INSERT INTO `oh_patient_consensus` VALUES (540,540,1,0,'admin','2023-03-22 21:06:29','admin','2023-03-22 21:06:29',1);
INSERT INTO `oh_patient_consensus` VALUES (541,541,1,0,'admin','2023-03-22 21:06:29','admin','2023-03-22 21:06:29',1);
INSERT INTO `oh_patient_consensus` VALUES (542,542,1,0,'admin','2023-03-22 21:06:29','admin','2023-03-22 21:06:29',1);
INSERT INTO `oh_patient_consensus` VALUES (543,543,1,1,'admin','2023-03-22 21:06:29','admin','2023-03-22 21:06:29',1);
INSERT INTO `oh_patient_consensus` VALUES (544,544,1,0,'admin','2023-03-22 21:06:29','admin','2023-03-22 21:06:29',1);
INSERT INTO `oh_patient_consensus` VALUES (545,545,1,1,'admin','2023-03-22 21:06:29','admin','2023-03-22 21:06:29',1);
INSERT INTO `oh_patient_consensus` VALUES (546,546,1,1,'admin','2023-03-22 21:06:29','admin','2023-03-22 21:06:29',1);
INSERT INTO `oh_patient_consensus` VALUES (547,547,1,1,'admin','2023-03-22 21:06:29','admin','2023-03-22 21:06:29',1);
INSERT INTO `oh_patient_consensus` VALUES (548,548,1,0,'admin','2023-03-22 21:06:29','admin','2023-03-22 21:06:29',1);
INSERT INTO `oh_patient_consensus` VALUES (549,549,1,0,'admin','2023-03-22 21:06:29','admin','2023-03-22 21:06:29',1);
INSERT INTO `oh_patient_consensus` VALUES (550,550,1,1,'admin','2023-03-22 21:06:29','admin','2023-03-22 21:06:29',1);
INSERT INTO `oh_patient_consensus` VALUES (551,551,1,0,'admin','2023-03-22 21:06:29','admin','2023-03-22 21:06:29',1);
INSERT INTO `oh_patient_consensus` VALUES (552,552,1,1,'admin','2023-03-22 21:06:29','admin','2023-03-22 21:06:29',1);
INSERT INTO `oh_patient_consensus` VALUES (553,553,1,1,'admin','2023-03-22 21:06:29','admin','2023-03-22 21:06:29',1);
INSERT INTO `oh_patient_consensus` VALUES (554,554,1,1,'admin','2024-02-01 23:57:10','admin','2024-02-01 23:57:10',1);
INSERT INTO `oh_patient_consensus` VALUES (555,555,1,0,'admin','2024-02-01 23:59:15','admin','2024-02-01 23:59:15',1);
INSERT INTO `oh_patient_consensus` VALUES (556,556,1,1,'admin','2024-02-02 01:13:00','admin','2024-02-02 01:13:00',1);
INSERT INTO `oh_patient_consensus` VALUES (557,557,1,1,'admin','2024-02-02 17:05:24','admin','2024-02-02 17:05:24',1);
INSERT INTO `oh_patient_consensus` VALUES (558,558,1,1,'admin','2024-02-05 00:29:50','admin','2024-02-05 00:29:50',1);
INSERT INTO `oh_patient_consensus` VALUES (559,559,1,1,'admin','2024-02-05 18:44:26','admin','2024-02-05 18:44:26',1);
INSERT INTO `oh_patient_consensus` VALUES (560,560,1,1,'admin','2024-02-06 11:32:07','admin','2024-02-06 11:32:07',1);
INSERT INTO `oh_patient_consensus` VALUES (561,561,1,1,'admin','2024-02-07 00:28:09','admin','2024-02-07 00:28:09',1);
INSERT INTO `oh_patient_consensus` VALUES (562,562,1,1,'admin','2024-02-10 18:52:51','admin','2024-02-10 18:52:51',1);
INSERT INTO `oh_patient_consensus` VALUES (563,563,1,0,'admin','2026-01-14 16:44:51','admin','2026-01-14 16:44:51',1);
INSERT INTO `oh_patient_consensus` VALUES (564,564,1,0,'admin','2026-01-14 16:50:24','admin','2026-01-14 16:50:24',1);
INSERT INTO `oh_patient_consensus` VALUES (565,565,1,0,'admin','2026-01-14 16:53:33','admin','2026-01-14 16:53:33',1);
INSERT INTO `oh_patient_consensus` VALUES (566,566,1,0,'admin','2026-01-14 17:04:31','admin','2026-01-14 17:04:31',1);
INSERT INTO `oh_patient_consensus` VALUES (567,567,1,1,'admin','2026-01-14 18:09:11','admin','2026-01-14 18:09:11',1);
INSERT INTO `oh_patient_consensus` VALUES (568,568,1,1,'admin','2026-01-14 18:13:46','admin','2026-01-14 18:13:46',1);
INSERT INTO `oh_patient_consensus` VALUES (569,569,1,0,'admin','2026-01-14 18:45:17','admin','2026-01-14 18:45:17',1);
/*!40000 ALTER TABLE `oh_patient_consensus` ENABLE KEYS */;
UNLOCK TABLES;

--
-- Table structure for table `oh_patient_profile_photo`
--

DROP TABLE IF EXISTS `oh_patient_profile_photo`;
/*!40101 SET @saved_cs_client     = @@character_set_client */;
/*!40101 SET character_set_client = utf8mb4 */;
CREATE TABLE `oh_patient_profile_photo` (
  `PAT_PROFILE_PHOTO_ID` int(11) NOT NULL AUTO_INCREMENT,
  `PAT_PHOTO` blob DEFAULT NULL,
  PRIMARY KEY (`PAT_PROFILE_PHOTO_ID`)
) ENGINE=InnoDB DEFAULT CHARSET=utf8mb3 COLLATE=utf8mb3_general_ci;
/*!40101 SET character_set_client = @saved_cs_client */;

--
-- Dumping data for table `oh_patient_profile_photo`
--

LOCK TABLES `oh_patient_profile_photo` WRITE;
/*!40000 ALTER TABLE `oh_patient_profile_photo` DISABLE KEYS */;
/*!40000 ALTER TABLE `oh_patient_profile_photo` ENABLE KEYS */;
UNLOCK TABLES;

--
-- Table structure for table `oh_patientexamination`
--

DROP TABLE IF EXISTS `oh_patientexamination`;
/*!40101 SET @saved_cs_client     = @@character_set_client */;
/*!40101 SET character_set_client = utf8mb4 */;
CREATE TABLE `oh_patientexamination` (
  `PEX_ID` int(11) NOT NULL AUTO_INCREMENT,
  `PEX_DATE` datetime NOT NULL,
  `PEX_PAT_ID` int(11) NOT NULL,
  `PEX_HEIGHT` int(11) DEFAULT NULL COMMENT 'Height in cm',
  `PEX_WEIGHT` double DEFAULT NULL COMMENT 'Weight in Kg',
  `PEX_AP_MIN` int(11) DEFAULT NULL COMMENT 'Blood Pressure MIN in mmHg',
  `PEX_AP_MAX` int(11) DEFAULT NULL COMMENT 'Blood Pressure MAX in mmHg',
  `PEX_HR` int(11) DEFAULT NULL COMMENT 'Heart Rate in APm',
  `PEX_TEMP` double DEFAULT NULL COMMENT 'Temperature in C',
  `PEX_SAT` double DEFAULT NULL COMMENT 'Saturation in %',
  `PEX_HGT` int(3) DEFAULT NULL COMMENT 'Hemo Glucose Test',
  `PEX_DIURESIS` int(11) DEFAULT NULL COMMENT 'Daily Urine Volume in ml',
  `PEX_DIURESIS_DESC` varchar(45) DEFAULT NULL COMMENT 'Diuresis: physiological, oliguria, anuria, fequent, nocturia, stranguria, hematuria, pyuria',
  `PEX_BOWEL_DESC` varchar(45) DEFAULT NULL COMMENT 'Bowel Function: regular, irregular, constipation, diarrheal',
  `PEX_RR` int(11) DEFAULT NULL COMMENT 'Respiratory rate in bpm',
  `PEX_AUSC` varchar(50) DEFAULT NULL COMMENT 'Auscultation: normal, wheezes, rhonchi, crackles, stridor, bronchial',
  `PEX_NOTE` varchar(2000) DEFAULT NULL,
  `PEX_CREATED_BY` varchar(50) DEFAULT NULL,
  `PEX_CREATED_DATE` datetime DEFAULT NULL,
  `PEX_LAST_MODIFIED_BY` varchar(50) DEFAULT NULL,
  `PEX_LAST_MODIFIED_DATE` datetime DEFAULT NULL,
  `PEX_ACTIVE` tinyint(1) NOT NULL DEFAULT 1,
  `PEX_LOCK` int(11) NOT NULL DEFAULT 0,
  PRIMARY KEY (`PEX_ID`),
  KEY `PEX_PAT_ID` (`PEX_PAT_ID`),
  KEY `FK_PATIENTEXAMINATION_CREATED_BY_IDX` (`PEX_CREATED_BY`),
  KEY `FK_PATIENTEXAMINATION_LAST_MODIFIED_BY_IDX` (`PEX_LAST_MODIFIED_BY`),
  CONSTRAINT `FK_PATIENTEXAMINATION_CREATED_BY` FOREIGN KEY (`PEX_CREATED_BY`) REFERENCES `oh_user` (`US_ID_A`) ON DELETE NO ACTION ON UPDATE NO ACTION,
  CONSTRAINT `FK_PATIENTEXAMINATION_LAST_MODIFIED_BY` FOREIGN KEY (`PEX_LAST_MODIFIED_BY`) REFERENCES `oh_user` (`US_ID_A`) ON DELETE NO ACTION ON UPDATE NO ACTION,
  CONSTRAINT `FK_PATIENTEXAMINATION_PATIENT` FOREIGN KEY (`PEX_PAT_ID`) REFERENCES `oh_patient` (`PAT_ID`) ON DELETE CASCADE ON UPDATE CASCADE
) ENGINE=InnoDB AUTO_INCREMENT=65 DEFAULT CHARSET=utf8mb3 COLLATE=utf8mb3_general_ci;
/*!40101 SET character_set_client = @saved_cs_client */;

--
-- Dumping data for table `oh_patientexamination`
--

LOCK TABLES `oh_patientexamination` WRITE;
/*!40000 ALTER TABLE `oh_patientexamination` DISABLE KEYS */;
INSERT INTO `oh_patientexamination` VALUES (1,'2022-11-19 01:21:06',501,180,75,80,120,60,36,98,80,100,'physiological','regular',20,'normal','',NULL,NULL,NULL,NULL,1,0);
INSERT INTO `oh_patientexamination` VALUES (2,'2022-11-20 02:33:07',467,167,72,NULL,NULL,60,NULL,98,80,100,NULL,NULL,20,NULL,'',NULL,NULL,NULL,NULL,1,0);
INSERT INTO `oh_patientexamination` VALUES (3,'2022-11-20 02:40:08',514,185,87.1,80,120,60,36,98,80,100,'physiological','regular',20,'normal','',NULL,NULL,NULL,NULL,1,0);
INSERT INTO `oh_patientexamination` VALUES (4,'2022-11-20 14:28:05',161,155,55,80,120,60,36,98,80,100,'physiological','regular',20,'normal','',NULL,NULL,NULL,NULL,1,0);
INSERT INTO `oh_patientexamination` VALUES (5,'2022-11-20 23:29:27',42,171,74.2,80,120,60,36,98,80,100,'hematuria','regular',20,'bronchial','',NULL,NULL,NULL,NULL,1,0);
INSERT INTO `oh_patientexamination` VALUES (6,'2022-11-20 23:59:52',447,160,72,80,120,60,36,98,NULL,NULL,NULL,NULL,NULL,NULL,'',NULL,NULL,NULL,NULL,1,0);
INSERT INTO `oh_patientexamination` VALUES (7,'2022-11-21 00:00:39',43,191,86,90,130,60,NULL,NULL,80,100,'physiological','regular',NULL,'normal','',NULL,NULL,NULL,NULL,1,0);
INSERT INTO `oh_patientexamination` VALUES (8,'2022-11-21 00:33:06',229,0,0,NULL,NULL,NULL,NULL,NULL,NULL,100,'physiological',NULL,20,NULL,'',NULL,NULL,NULL,NULL,1,0);
INSERT INTO `oh_patientexamination` VALUES (9,'2022-11-21 01:48:56',144,0,0,NULL,NULL,60,36,98,80,100,NULL,'regular',NULL,'normal','',NULL,NULL,NULL,NULL,1,0);
INSERT INTO `oh_patientexamination` VALUES (10,'2022-11-21 02:23:50',196,0,0,NULL,NULL,60,36,98,80,NULL,NULL,NULL,20,NULL,'',NULL,NULL,NULL,NULL,1,0);
INSERT INTO `oh_patientexamination` VALUES (12,'2022-11-21 03:32:56',301,0,0,NULL,NULL,60,36,98,NULL,NULL,'hematuria','regular',20,'normal','',NULL,NULL,NULL,NULL,1,0);
INSERT INTO `oh_patientexamination` VALUES (13,'2022-11-21 03:33:07',301,172,71,NULL,NULL,NULL,NULL,NULL,NULL,NULL,NULL,NULL,NULL,NULL,'',NULL,NULL,NULL,NULL,1,0);
INSERT INTO `oh_patientexamination` VALUES (14,'2022-11-21 03:36:31',219,167,46.2,50,80,60,36,98,80,100,'physiological',NULL,20,NULL,'',NULL,NULL,NULL,NULL,1,0);
INSERT INTO `oh_patientexamination` VALUES (15,'2022-11-21 21:56:53',518,173,83.9,80,120,85,NULL,97.9,80,100,'physiological','irregular',20,'bronchial','',NULL,NULL,NULL,NULL,1,0);
INSERT INTO `oh_patientexamination` VALUES (16,'2022-11-21 22:42:51',217,180,75.3,NULL,NULL,63,36.1,97.6,83,100,'physiological','constipation',23,'wheezes','',NULL,NULL,NULL,NULL,1,0);
INSERT INTO `oh_patientexamination` VALUES (17,'2022-11-22 02:35:05',520,171,69.9,80,120,60,36,98,80,100,'oliguria','diarrheal',NULL,'crackles','',NULL,NULL,NULL,NULL,1,0);
INSERT INTO `oh_patientexamination` VALUES (18,'2022-11-23 15:58:17',523,120,40,NULL,NULL,60,36,98,80,100,'physiological','regular',20,'normal','',NULL,NULL,NULL,NULL,1,0);
INSERT INTO `oh_patientexamination` VALUES (19,'2022-11-23 15:59:45',493,0,0,NULL,NULL,NULL,36,NULL,80,100,'physiological',NULL,20,NULL,'',NULL,NULL,NULL,NULL,1,0);
INSERT INTO `oh_patientexamination` VALUES (20,'2021-03-13 22:43:23',524,180,88.2,80,120,61,NULL,95.2,NULL,100,'physiological',NULL,20,NULL,'',NULL,NULL,NULL,NULL,1,0);
INSERT INTO `oh_patientexamination` VALUES (21,'2021-03-13 22:45:18',409,164,66.7,80,120,60,36,98,80,100,NULL,NULL,20,NULL,'',NULL,NULL,NULL,NULL,1,0);
INSERT INTO `oh_patientexamination` VALUES (22,'2021-03-15 00:45:54',525,52,7.5,80,120,60,36,98,80,100,'physiological',NULL,20,NULL,'',NULL,NULL,NULL,NULL,1,0);
INSERT INTO `oh_patientexamination` VALUES (23,'2021-03-15 01:01:56',526,153,61.3,80,120,71,36.7,96,80,100,'physiological','regular',25,'normal','',NULL,NULL,NULL,NULL,1,0);
INSERT INTO `oh_patientexamination` VALUES (24,'2021-03-15 01:04:04',527,184,87.1,80,120,86,38.2,95.4,80,100,'anuria','regular',30,'bronchial','',NULL,NULL,NULL,NULL,1,0);
INSERT INTO `oh_patientexamination` VALUES (25,'2021-03-15 01:16:05',528,145,48.4,80,120,60,36,98,80,NULL,'physiological','irregular',20,'stridor','',NULL,NULL,NULL,NULL,1,0);
INSERT INTO `oh_patientexamination` VALUES (26,'2021-03-15 12:19:42',529,50,8,80,120,60,36,95.4,80,100,'anuria','diarrheal',40,'stridor','',NULL,NULL,NULL,NULL,1,0);
INSERT INTO `oh_patientexamination` VALUES (27,'2021-08-17 15:29:49',530,161,66.2,90,130,55,36,98,92,101,'physiological','regular',21,'normal','',NULL,NULL,NULL,NULL,1,0);
INSERT INTO `oh_patientexamination` VALUES (28,'2021-08-17 15:34:58',531,187,93.1,70,115,60,36,94.6,80,100,'physiological','regular',27,'bronchial','',NULL,NULL,NULL,NULL,1,0);
INSERT INTO `oh_patientexamination` VALUES (29,'2021-11-09 14:41:08',532,188,85.1,NULL,NULL,67,36.2,97.6,85,100,'physiological','regular',20,NULL,'',NULL,NULL,NULL,NULL,1,0);
INSERT INTO `oh_patientexamination` VALUES (30,'2021-11-09 14:45:15',533,158,54,80,120,60,36.2,97.8,101,102,'physiological','constipation',25,'normal','',NULL,NULL,NULL,NULL,1,0);
INSERT INTO `oh_patientexamination` VALUES (31,'2021-11-09 15:37:05',534,160,56,80,120,60,36,98,80,100,'physiological','regular',20,'normal','',NULL,NULL,NULL,NULL,1,0);
INSERT INTO `oh_patientexamination` VALUES (32,'2021-11-09 15:40:31',535,180,78,90,110,60,36,98,80,100,'physiological','irregular',20,'wheezes','',NULL,NULL,NULL,NULL,1,0);
INSERT INTO `oh_patientexamination` VALUES (33,'2021-11-09 17:11:58',536,174,71,NULL,NULL,60,36,98,80,100,'physiological','constipation',20,'crackles','',NULL,NULL,NULL,NULL,1,0);
INSERT INTO `oh_patientexamination` VALUES (34,'2021-11-09 17:22:22',537,0,0,NULL,NULL,60,36,98,80,NULL,'physiological','regular',20,NULL,'',NULL,NULL,NULL,NULL,1,0);
INSERT INTO `oh_patientexamination` VALUES (35,'2021-11-09 17:27:06',538,80,12,NULL,NULL,NULL,36,98,80,100,'physiological','regular',NULL,'normal','',NULL,NULL,NULL,NULL,1,0);
INSERT INTO `oh_patientexamination` VALUES (36,'2021-11-09 17:43:42',539,156,63,80,120,60,36,98,80,100,'nocturia','regular',20,'crackles','',NULL,NULL,NULL,NULL,1,0);
INSERT INTO `oh_patientexamination` VALUES (37,'2021-11-09 18:28:49',540,162,71,85,125,63,36.2,99.8,98,101,'physiological','regular',20,NULL,'',NULL,NULL,NULL,NULL,1,0);
INSERT INTO `oh_patientexamination` VALUES (38,'2021-11-10 15:50:21',541,161,59,80,120,67,NULL,94.8,154,100,'oliguria','regular',22,'normal','',NULL,NULL,NULL,NULL,1,0);
INSERT INTO `oh_patientexamination` VALUES (39,'2021-11-10 16:48:18',542,190,98,80,120,90,38,98,80,100,'physiological',NULL,20,'normal','',NULL,NULL,NULL,NULL,1,0);
INSERT INTO `oh_patientexamination` VALUES (40,'2023-02-02 22:35:00',543,180,76,NULL,NULL,67,36.1,95.7,81,100,'physiological','regular',20,'normal','',NULL,NULL,NULL,NULL,1,0);
INSERT INTO `oh_patientexamination` VALUES (41,'2023-02-02 22:37:00',544,157,61,80,120,58,36.8,96.6,92,102,'physiological','regular',NULL,'crackles','',NULL,NULL,NULL,NULL,1,0);
INSERT INTO `oh_patientexamination` VALUES (42,'2023-02-02 22:39:00',544,157,61,NULL,NULL,NULL,NULL,NULL,NULL,NULL,NULL,NULL,NULL,NULL,'',NULL,NULL,NULL,NULL,1,0);
INSERT INTO `oh_patientexamination` VALUES (43,'2023-02-02 22:40:00',545,171,76.6,80,120,60,38.8,86.7,80,NULL,'anuria','constipation',20,'rhonchi','',NULL,NULL,NULL,NULL,1,0);
INSERT INTO `oh_patientexamination` VALUES (44,'2023-02-03 23:33:00',547,188,100,80,120,69,36.5,95.7,80,100,'hematuria','regular',20,'normal','',NULL,NULL,NULL,NULL,1,0);
INSERT INTO `oh_patientexamination` VALUES (45,'2023-02-03 23:38:00',548,150,51,80,120,60,36,94.6,99,282,'physiological','regular',34,'rhonchi','',NULL,NULL,NULL,NULL,1,0);
INSERT INTO `oh_patientexamination` VALUES (47,'2023-02-04 00:08:00',551,140,40,80,120,60,37.2,96.2,115,100,'physiological','regular',31,'normal','',NULL,NULL,NULL,NULL,1,0);
INSERT INTO `oh_patientexamination` VALUES (48,'2023-02-04 02:05:00',552,178,78,78,118,69,37.2,95.5,80,100,'oliguria','regular',20,'normal','',NULL,NULL,NULL,NULL,1,0);
INSERT INTO `oh_patientexamination` VALUES (49,'2023-02-04 02:25:00',553,160,70,78,115,60,36.6,98,80,100,'physiological',NULL,20,'wheezes','',NULL,NULL,NULL,NULL,1,0);
INSERT INTO `oh_patientexamination` VALUES (50,'2024-02-01 23:57:00',554,180,80,70,118,72,36.8,95.7,80,225,'physiological','regular',20,'normal','','admin','2024-02-01 23:57:47','admin','2024-02-01 23:57:47',1,0);
INSERT INTO `oh_patientexamination` VALUES (51,'2024-02-01 23:59:00',555,152,51,90,135,52,36,98,80,100,'physiological','irregular',24,'rhonchi','','admin','2024-02-01 23:59:50','admin','2024-02-01 23:59:50',1,0);
INSERT INTO `oh_patientexamination` VALUES (52,'2024-02-02 01:13:00',556,47,7,80,120,84,37.6,98,146,100,'physiological','regular',31,'normal','','admin','2024-02-02 01:13:46','admin','2024-02-02 01:13:46',1,0);
INSERT INTO `oh_patientexamination` VALUES (53,'2024-02-02 17:06:00',557,160,65,82,122,74,36.9,98,80,100,'nocturia','regular',20,'stridor','','admin','2024-02-02 17:06:58','admin','2024-02-02 17:06:58',1,0);
INSERT INTO `oh_patientexamination` VALUES (54,'2024-02-05 00:30:00',558,178,78,80,120,70,37.1,94.4,107,180,'hematuria','diarrheal',20,'bronchial','','admin','2024-02-05 00:30:48','admin','2024-02-05 00:30:48',1,0);
INSERT INTO `oh_patientexamination` VALUES (55,'2024-02-05 18:44:00',559,172,68,70,110,67,36.7,94.1,80,100,'physiological','regular',20,'normal','','admin','2024-02-05 18:44:56','admin','2024-02-05 18:44:56',1,0);
INSERT INTO `oh_patientexamination` VALUES (56,'2024-02-06 11:32:00',560,45,4.8,80,120,90,38,95.5,80,75169,'physiological','regular',27,'stridor','','admin','2024-02-06 11:33:43','admin','2024-02-06 11:33:43',1,0);
INSERT INTO `oh_patientexamination` VALUES (57,'2024-02-07 00:28:00',561,161,55,80,134,68,36.7,95,89,146,'physiological','regular',30,'normal','','admin','2024-02-07 00:29:09','admin','2024-02-07 00:29:09',1,0);
INSERT INTO `oh_patientexamination` VALUES (58,'2024-02-10 18:52:00',562,181,71,75,138,72,36.6,94.4,92,100,'frequent','constipation',20,'normal','','admin','2024-02-10 18:53:35','admin','2024-02-10 18:53:35',1,0);
INSERT INTO `oh_patientexamination` VALUES (59,'2026-01-14 16:44:00',563,185,85,80,120,60,36.5,96.4,80,100,'physiological','regular',20,'normal','','admin','2026-01-14 16:45:10','admin','2026-01-14 16:45:10',1,0);
INSERT INTO `oh_patientexamination` VALUES (60,'2026-01-14 16:53:00',565,165,67,80,120,95,36.5,94,80,100,'physiological','regular',29,'wheezes','','admin','2026-01-14 16:54:24','admin','2026-01-14 16:54:24',1,0);
INSERT INTO `oh_patientexamination` VALUES (61,'2026-01-14 17:10:00',566,150,47,80,120,66,36.7,98,80,100,'physiological','regular',NULL,'normal','','admin','2026-01-14 17:10:41','admin','2026-01-14 17:10:41',1,0);
INSERT INTO `oh_patientexamination` VALUES (62,'2026-01-14 18:09:00',567,162,53,80,120,58,35.6,96.6,75,100,'physiological','regular',20,'normal','','admin','2026-01-14 18:10:04','admin','2026-01-14 18:10:04',1,0);
INSERT INTO `oh_patientexamination` VALUES (63,'2026-01-14 18:13:00',568,171,81,80,120,44,36.6,94,80,100,'nocturia','diarrheal',45,'stridor','','admin','2026-01-14 18:14:18','admin','2026-01-14 18:14:18',1,0);
INSERT INTO `oh_patientexamination` VALUES (64,'2026-01-14 18:45:00',569,153,58,80,120,65,36.3,98,80,120,'nocturia','regular',25,'normal','','admin','2026-01-14 18:45:49','admin','2026-01-14 18:45:49',1,0);
/*!40000 ALTER TABLE `oh_patientexamination` ENABLE KEYS */;
UNLOCK TABLES;

--
-- Table structure for table `oh_patienthistory`
--

DROP TABLE IF EXISTS `oh_patienthistory`;
/*!40101 SET @saved_cs_client     = @@character_set_client */;
/*!40101 SET character_set_client = utf8mb4 */;
CREATE TABLE `oh_patienthistory` (
  `PAH_ID` int(11) NOT NULL AUTO_INCREMENT,
  `PAH_PAT_ID` int(11) NOT NULL,
  `PAH_ACTIVE` tinyint(1) NOT NULL DEFAULT 1,
  `PAH_CREATED_BY` varchar(50) DEFAULT NULL,
  `PAH_CREATED_DATE` datetime DEFAULT NULL,
  `PAH_LAST_MODIFIED_BY` varchar(50) DEFAULT NULL,
  `PAH_LAST_MODIFIED_DATE` datetime DEFAULT NULL,
  `PAH_FAM_NOTHING` tinyint(1) DEFAULT 1,
  `PAH_FAM_HYPER` tinyint(1) DEFAULT 0,
  `PAH_FAM_DRUGADD` tinyint(1) DEFAULT 0,
  `PAH_FAM_CARDIO` tinyint(1) DEFAULT 0,
  `PAH_FAM_INFECT` tinyint(1) DEFAULT 0,
  `PAH_FAM_ENDO` tinyint(1) DEFAULT 0,
  `PAH_FAM_RESP` tinyint(1) DEFAULT 0,
  `PAH_FAM_CANCER` tinyint(1) DEFAULT 0,
  `PAH_FAM_ORTO` tinyint(1) DEFAULT 0,
  `PAH_FAM_GYNO` tinyint(1) DEFAULT 0,
  `PAH_FAM_OTHER` tinyint(1) DEFAULT 0,
  `PAH_FAM_NOTE` varchar(100) DEFAULT NULL,
  `PAH_PAT_CLO_NOTHING` tinyint(1) DEFAULT 1,
  `PAH_PAT_CLO_HYPER` tinyint(1) DEFAULT 0,
  `PAH_PAT_CLO_DRUGADD` tinyint(1) DEFAULT 0,
  `PAH_PAT_CLO_CARDIO` tinyint(1) DEFAULT 0,
  `PAH_PAT_CLO_INFECT` tinyint(1) DEFAULT 0,
  `PAH_PAT_CLO_ENDO` tinyint(1) DEFAULT 0,
  `PAH_PAT_CLO_RESP` tinyint(1) DEFAULT 0,
  `PAH_PAT_CLO_CANCER` tinyint(1) DEFAULT 0,
  `PAH_PAT_CLO_ORTO` tinyint(1) DEFAULT 0,
  `PAH_PAT_CLO_GYNO` tinyint(1) DEFAULT 0,
  `PAH_PAT_CLO_OTHER` tinyint(1) DEFAULT 0,
  `PAH_PAT_CLO_NOTE` varchar(100) DEFAULT NULL,
  `PAH_PAT_OPN_NOTHING` tinyint(1) DEFAULT 1,
  `PAH_PAT_OPN_HYPER` tinyint(1) DEFAULT 0,
  `PAH_PAT_OPN_DRUGADD` tinyint(1) DEFAULT 0,
  `PAH_PAT_OPN_CARDIO` tinyint(1) DEFAULT 0,
  `PAH_PAT_OPN_INFECT` tinyint(1) DEFAULT 0,
  `PAH_PAT_OPN_ENDO` tinyint(1) DEFAULT 0,
  `PAH_PAT_OPN_RESP` tinyint(1) DEFAULT 0,
  `PAH_PAT_OPN_CANCER` tinyint(1) DEFAULT 0,
  `PAH_PAT_OPN_ORTO` tinyint(1) DEFAULT 0,
  `PAH_PAT_OPN_GYNO` tinyint(1) DEFAULT 0,
  `PAH_PAT_OPN_OTHER` tinyint(1) DEFAULT 0,
  `PAH_PAT_OPN_NOTE` varchar(100) DEFAULT NULL,
  `PAH_PAT_SURGERY` varchar(200) DEFAULT NULL,
  `PAH_PAT_ALLERGY` varchar(100) DEFAULT NULL,
  `PAH_PAT_THERAPY` varchar(200) DEFAULT NULL,
  `PAH_PAT_MEDICINE` varchar(200) DEFAULT NULL,
  `PAH_PAT_NOTE` varchar(100) DEFAULT NULL,
  `PAH_PHY_NUTR_NOR` tinyint(1) DEFAULT 1,
  `PAH_PHY_NUTR_ABN` varchar(30) DEFAULT NULL,
  `PAH_PHY_BOWEL_NOR` tinyint(1) DEFAULT 1,
  `PAH_PHY_BOWEL_ABN` varchar(30) DEFAULT NULL,
  `PAH_PHY_DIURE_NOR` tinyint(1) DEFAULT 1,
  `PAH_PHY_DIURE_ABN` varchar(30) DEFAULT NULL,
  `PAH_PHY_ALCOHOL` tinyint(1) DEFAULT 0,
  `PAH_PHY_SMOKE` tinyint(1) DEFAULT 0,
  `PAH_PHY_DRUG` tinyint(1) DEFAULT 0,
  `PAH_PHY_PERIOD_NOR` tinyint(1) DEFAULT 1,
  `PAH_PHY_PERIOD_ABN` varchar(30) DEFAULT NULL,
  `PAH_PHY_MENOP` tinyint(1) DEFAULT 0,
  `PAH_PHY_MENOP_Y` int(11) DEFAULT NULL,
  `PAH_PHY_HRT_NOR` tinyint(1) DEFAULT 1,
  `PAH_PHY_HRT_ABN` varchar(30) DEFAULT NULL,
  `PAH_PHY_PREG` tinyint(1) DEFAULT 0,
  `PAH_PHY_PREG_N` int(11) DEFAULT NULL,
  `PAH_PHY_PREG_BIRTH` int(11) DEFAULT NULL,
  `PAH_PHY_PREG_ABORT` int(11) DEFAULT NULL,
  `PAH_DATE_UPDATE` timestamp NOT NULL DEFAULT current_timestamp() ON UPDATE current_timestamp(),
  `PAH_LOCK` int(11) NOT NULL DEFAULT 0,
  PRIMARY KEY (`PAH_ID`),
  KEY `PAH_PAT_ID` (`PAH_PAT_ID`),
  KEY `FK_PATIENTHISTORY_CREATED_BY_IDX` (`PAH_CREATED_BY`),
  KEY `FK_PATIENTHISTORY_LAST_MODIFIED_BY_IDX` (`PAH_LAST_MODIFIED_BY`),
  CONSTRAINT `FK_PATIENTHISTORY_CREATED_BY` FOREIGN KEY (`PAH_CREATED_BY`) REFERENCES `oh_user` (`US_ID_A`) ON DELETE NO ACTION ON UPDATE NO ACTION,
  CONSTRAINT `FK_PATIENTHISTORY_LAST_MODIFIED_BY` FOREIGN KEY (`PAH_LAST_MODIFIED_BY`) REFERENCES `oh_user` (`US_ID_A`) ON DELETE NO ACTION ON UPDATE NO ACTION
) ENGINE=InnoDB AUTO_INCREMENT=21 DEFAULT CHARSET=utf8mb3 COLLATE=utf8mb3_general_ci;
/*!40101 SET character_set_client = @saved_cs_client */;

--
-- Dumping data for table `oh_patienthistory`
--

LOCK TABLES `oh_patienthistory` WRITE;
/*!40000 ALTER TABLE `oh_patienthistory` DISABLE KEYS */;
INSERT INTO `oh_patienthistory` VALUES (1,543,1,'admin','2023-02-02 22:35:18','admin','2023-02-02 22:35:18',0,0,0,0,0,0,1,0,0,0,0,'',0,1,0,0,0,0,0,0,0,0,0,'',0,0,0,0,0,1,0,0,0,0,0,'','','','','','',1,'',1,'',1,'',0,0,0,1,'',0,0,1,'',0,0,0,0,'2023-02-02 21:35:18',0);
INSERT INTO `oh_patienthistory` VALUES (2,544,1,'admin','2023-02-02 22:37:11','admin','2023-02-02 22:37:11',0,0,0,0,0,0,0,0,0,0,0,'',0,0,0,0,0,0,0,0,0,1,0,'',0,0,0,0,0,0,0,0,0,0,0,'','','','','','',1,'',1,'',1,'',0,0,0,1,'',0,0,1,'',0,0,0,0,'2023-02-02 21:37:11',0);
INSERT INTO `oh_patienthistory` VALUES (3,546,1,'admin','2023-02-03 23:30:25','admin','2023-02-03 23:30:25',0,0,0,0,1,0,0,0,0,0,0,'',0,0,0,0,1,0,0,0,0,0,0,'',0,0,0,0,1,0,0,0,0,0,0,'','','','','','',1,'',1,'',1,'',0,0,0,1,'',0,0,1,'',0,0,0,0,'2023-02-03 22:30:25',0);
INSERT INTO `oh_patienthistory` VALUES (4,548,1,'admin','2023-02-03 23:38:17','admin','2023-02-03 23:38:17',0,0,0,1,0,0,0,0,0,0,0,'',0,1,0,0,0,0,0,0,0,0,0,'',0,0,0,0,0,0,0,0,0,0,1,'','','','','','',1,'',1,'',1,'',0,0,0,1,'',0,0,1,'',0,0,0,0,'2023-02-03 22:38:17',0);
INSERT INTO `oh_patienthistory` VALUES (5,550,1,'admin','2023-02-03 23:48:27','admin','2023-02-03 23:48:27',0,0,0,0,0,0,1,0,0,0,0,'',1,0,0,0,0,0,0,0,0,0,0,'',1,0,0,0,0,0,0,0,0,0,0,'','','','','','',1,'',1,'',1,'',0,0,0,1,'',0,0,1,'',0,0,0,0,'2023-02-03 22:48:27',0);
INSERT INTO `oh_patienthistory` VALUES (6,553,1,'admin','2023-02-04 02:28:36','admin','2023-02-04 02:28:36',0,0,0,0,0,0,1,0,0,0,0,'',0,0,0,0,0,0,0,0,0,1,0,'',1,0,0,0,0,0,0,0,0,0,0,'','','','','','',1,'',1,'',1,'',0,0,0,1,'',0,0,1,'',0,0,0,0,'2023-02-04 01:28:36',0);
INSERT INTO `oh_patienthistory` VALUES (7,554,1,'admin','2024-02-01 23:57:10','admin','2024-02-01 23:57:10',0,1,0,0,0,0,0,0,0,0,0,'',0,0,0,0,0,0,1,0,0,0,0,'',0,0,0,0,0,0,0,0,0,0,0,'','','','','','',1,'',1,'',1,'',0,0,0,1,'',0,0,1,'',0,0,0,0,'2024-02-01 22:57:10',0);
INSERT INTO `oh_patienthistory` VALUES (8,555,1,'admin','2024-02-01 23:59:15','admin','2024-02-01 23:59:15',0,0,0,0,0,0,0,0,1,0,0,'',0,0,0,0,0,0,0,0,1,0,0,'',0,0,0,0,0,0,0,0,1,0,0,'','','','','','',1,'',1,'',1,'',0,0,0,1,'',0,0,1,'',0,0,0,0,'2024-02-01 22:59:15',0);
INSERT INTO `oh_patienthistory` VALUES (9,556,1,'admin','2024-02-02 01:13:00','admin','2024-02-02 01:13:00',1,0,0,0,0,0,0,0,0,0,0,'',1,0,0,0,0,0,0,0,0,0,0,'',1,0,0,0,0,0,0,0,0,0,0,'','','','','','',1,'',1,'',1,'',0,0,0,1,'',0,0,1,'',0,0,0,0,'2024-02-02 00:13:00',0);
INSERT INTO `oh_patienthistory` VALUES (10,557,1,'admin','2024-02-02 17:05:24','admin','2024-02-02 17:05:24',0,0,0,1,0,0,0,0,0,0,0,'',0,1,0,0,0,0,0,0,0,0,0,'',0,1,0,0,0,0,0,0,0,0,0,'','','','','','',1,'',1,'',1,'',0,0,0,1,'',0,0,1,'',0,0,0,0,'2024-02-02 16:05:24',0);
INSERT INTO `oh_patienthistory` VALUES (11,558,1,'admin','2024-02-05 00:30:15','admin','2024-02-05 00:30:15',0,0,0,1,0,0,0,0,0,0,0,'',0,0,0,0,0,0,1,0,0,0,0,'',0,0,0,0,0,0,1,0,0,0,0,'','','','','','',1,'',1,'',1,'',0,0,0,1,'',0,0,1,'',0,0,0,0,'2024-02-04 23:30:15',0);
INSERT INTO `oh_patienthistory` VALUES (12,559,1,'admin','2024-02-05 18:44:26','admin','2024-02-05 18:44:26',0,0,0,0,0,0,0,0,1,0,0,'',0,0,0,0,0,0,0,0,0,0,1,'',0,0,0,0,0,0,0,0,0,0,1,'','','','','','',1,'',1,'',1,'',1,1,0,1,'',0,0,1,'',0,0,0,0,'2024-02-05 17:44:26',0);
INSERT INTO `oh_patienthistory` VALUES (13,560,1,'admin','2024-02-06 11:32:07','admin','2024-02-06 11:32:07',1,0,0,0,0,0,0,0,0,0,0,'',1,0,0,0,0,0,0,0,0,0,0,'',0,0,0,0,0,0,1,0,0,0,0,'','','','','','',1,'',1,'',1,'',0,0,0,1,'',0,0,1,'',0,0,0,0,'2024-02-06 10:32:07',0);
INSERT INTO `oh_patienthistory` VALUES (14,561,1,'admin','2024-02-07 00:28:09','admin','2024-02-07 00:28:09',1,0,0,0,0,0,0,0,0,0,0,'',0,0,0,0,0,0,0,0,0,0,1,'',0,0,0,0,0,0,0,0,0,0,1,'','','','','','',1,'',1,'',1,'',0,0,0,1,'',0,0,1,'',0,0,0,0,'2024-02-06 23:28:09',0);
INSERT INTO `oh_patienthistory` VALUES (15,562,1,'admin','2024-02-10 18:52:51','admin','2024-02-10 18:52:51',0,0,0,1,1,0,0,0,0,0,0,'',0,0,0,0,1,0,0,0,0,0,0,'',0,0,0,0,1,0,0,0,0,0,0,'','','','','','',1,'',1,'',1,'',0,0,0,1,'',0,0,1,'',0,0,0,0,'2024-02-10 17:52:51',0);
INSERT INTO `oh_patienthistory` VALUES (16,563,1,'admin','2026-01-14 16:44:51','admin','2026-01-14 16:44:51',0,0,0,0,1,0,0,0,0,0,0,'',0,0,0,0,1,0,0,0,0,0,1,'',0,0,0,0,1,0,0,0,0,0,0,'','','','','','',1,'',1,'',1,'',0,0,0,1,'',0,0,1,'',0,0,0,0,'2026-01-14 15:44:51',0);
INSERT INTO `oh_patienthistory` VALUES (17,564,1,'admin','2026-01-14 16:50:24','admin','2026-01-14 16:50:24',0,0,0,0,0,0,0,0,1,0,0,'',0,0,0,0,0,0,0,0,0,0,0,'',0,0,0,0,0,0,0,0,0,0,0,'','','','','','',1,'',1,'',1,'',0,0,0,1,'',0,0,1,'',0,0,0,0,'2026-01-14 15:50:24',0);
INSERT INTO `oh_patienthistory` VALUES (18,567,1,'admin','2026-01-14 18:09:11','admin','2026-01-14 18:09:11',0,0,0,0,0,0,0,0,0,0,1,'',0,0,0,0,0,0,0,0,0,0,0,'',0,0,0,0,0,0,1,0,0,0,0,'','','','','','',1,'',1,'',1,'',0,0,0,1,'',0,0,1,'',0,0,0,0,'2026-01-14 17:09:11',0);
INSERT INTO `oh_patienthistory` VALUES (19,568,1,'admin','2026-01-14 18:13:46','admin','2026-01-14 18:13:46',0,0,0,0,0,0,1,0,0,0,0,'',0,0,0,0,1,1,0,1,1,0,0,'',0,0,0,0,0,0,1,0,1,0,0,'','','','','','',1,'',1,'',1,'',0,0,0,1,'',0,0,1,'',0,0,0,0,'2026-01-14 17:13:46',0);
INSERT INTO `oh_patienthistory` VALUES (20,569,1,'admin','2026-01-14 18:45:17','admin','2026-01-14 18:45:17',0,0,0,0,0,1,0,0,0,0,0,'',0,0,0,1,1,1,0,0,0,0,0,'',0,0,0,0,1,1,0,0,0,0,0,'','','','','','',1,'',1,'',1,'',0,0,0,1,'',0,0,1,'',0,0,0,0,'2026-01-14 17:45:17',0);
/*!40000 ALTER TABLE `oh_patienthistory` ENABLE KEYS */;
UNLOCK TABLES;

--
-- Table structure for table `oh_patientvaccine`
--

DROP TABLE IF EXISTS `oh_patientvaccine`;
/*!40101 SET @saved_cs_client     = @@character_set_client */;
/*!40101 SET character_set_client = utf8mb4 */;
CREATE TABLE `oh_patientvaccine` (
  `PAV_ID` int(11) NOT NULL AUTO_INCREMENT,
  `PAV_YPROG` int(11) NOT NULL,
  `PAV_DATE` datetime NOT NULL,
  `PAV_PAT_ID` int(11) NOT NULL,
  `PAV_VAC_ID_A` varchar(10) NOT NULL,
  `PAV_LOCK` int(11) NOT NULL DEFAULT 0,
  `PAV_CREATED_BY` varchar(50) DEFAULT NULL,
  `PAV_CREATED_DATE` datetime DEFAULT NULL,
  `PAV_LAST_MODIFIED_BY` varchar(50) DEFAULT NULL,
  `PAV_LAST_MODIFIED_DATE` datetime DEFAULT NULL,
  `PAV_ACTIVE` tinyint(1) NOT NULL DEFAULT 1,
  PRIMARY KEY (`PAV_ID`),
  KEY `FK_PATIENTVACCINE_PATIENT` (`PAV_PAT_ID`),
  KEY `FK_PATIENTVACCINE_VACCINE` (`PAV_VAC_ID_A`),
  KEY `FK_PATIENTVACCINE_CREATED_BY_IDX` (`PAV_CREATED_BY`),
  KEY `FK_PATIENTVACCINE_LAST_MODIFIED_BY_IDX` (`PAV_LAST_MODIFIED_BY`),
  CONSTRAINT `FK_PATIENTVACCINE_CREATED_BY` FOREIGN KEY (`PAV_CREATED_BY`) REFERENCES `oh_user` (`US_ID_A`) ON DELETE NO ACTION ON UPDATE NO ACTION,
  CONSTRAINT `FK_PATIENTVACCINE_LAST_MODIFIED_BY` FOREIGN KEY (`PAV_LAST_MODIFIED_BY`) REFERENCES `oh_user` (`US_ID_A`) ON DELETE NO ACTION ON UPDATE NO ACTION,
  CONSTRAINT `FK_PATIENTVACCINE_PATIENT` FOREIGN KEY (`PAV_PAT_ID`) REFERENCES `oh_patient` (`PAT_ID`) ON DELETE CASCADE ON UPDATE CASCADE,
  CONSTRAINT `FK_PATIENTVACCINE_VACCINE` FOREIGN KEY (`PAV_VAC_ID_A`) REFERENCES `oh_vaccine` (`VAC_ID_A`) ON DELETE NO ACTION ON UPDATE NO ACTION
) ENGINE=InnoDB AUTO_INCREMENT=32 DEFAULT CHARSET=utf8mb3 COLLATE=utf8mb3_general_ci;
/*!40101 SET character_set_client = @saved_cs_client */;

--
-- Dumping data for table `oh_patientvaccine`
--

LOCK TABLES `oh_patientvaccine` WRITE;
/*!40000 ALTER TABLE `oh_patientvaccine` DISABLE KEYS */;
INSERT INTO `oh_patientvaccine` VALUES (1,1,'2022-11-19 00:00:00',501,'16',0,'admin','2022-11-19 01:35:10','admin','2022-11-19 01:35:10',1);
INSERT INTO `oh_patientvaccine` VALUES (2,2,'2022-11-20 00:18:05',5,'5',0,'admin','2022-11-20 00:18:15','admin','2022-11-20 00:18:15',1);
INSERT INTO `oh_patientvaccine` VALUES (3,3,'2022-11-20 00:18:19',217,'1',0,'admin','2022-11-20 00:18:57','admin','2022-11-20 00:18:57',1);
INSERT INTO `oh_patientvaccine` VALUES (4,4,'2022-11-20 00:18:59',413,'13',0,'admin','2022-11-20 00:19:07','admin','2022-11-20 00:19:07',1);
INSERT INTO `oh_patientvaccine` VALUES (5,5,'2022-11-20 00:19:08',79,'18',0,'admin','2022-11-20 00:19:20','admin','2022-11-20 00:19:20',1);
INSERT INTO `oh_patientvaccine` VALUES (6,6,'2022-11-20 00:19:22',300,'1',0,'admin','2022-11-20 00:19:29','admin','2022-11-20 00:19:29',1);
INSERT INTO `oh_patientvaccine` VALUES (7,7,'2022-11-20 00:19:31',440,'9',0,'admin','2022-11-20 00:19:40','admin','2022-11-20 00:19:40',1);
INSERT INTO `oh_patientvaccine` VALUES (8,8,'2022-11-20 00:19:41',393,'11',0,'admin','2022-11-20 00:19:48','admin','2022-11-20 00:19:48',1);
INSERT INTO `oh_patientvaccine` VALUES (9,9,'2022-11-20 00:19:51',349,'8',0,'admin','2022-11-20 00:20:13','admin','2022-11-20 00:20:13',1);
INSERT INTO `oh_patientvaccine` VALUES (10,10,'2022-11-20 00:20:15',279,'7',0,'admin','2022-11-20 00:20:25','admin','2022-11-20 00:20:25',1);
INSERT INTO `oh_patientvaccine` VALUES (11,11,'2022-11-20 00:20:28',434,'3',0,'admin','2022-11-20 00:20:37','admin','2022-11-20 00:20:37',1);
INSERT INTO `oh_patientvaccine` VALUES (12,12,'2022-11-20 02:07:35',389,'8',0,'admin','2022-11-20 02:07:48','admin','2022-11-20 02:07:48',1);
INSERT INTO `oh_patientvaccine` VALUES (13,13,'2022-11-20 23:38:00',396,'7',0,'admin','2022-11-20 23:38:08','admin','2022-11-20 23:38:08',1);
INSERT INTO `oh_patientvaccine` VALUES (14,14,'2022-11-20 23:38:09',353,'11',0,'admin','2022-11-20 23:38:22','admin','2022-11-20 23:38:22',1);
INSERT INTO `oh_patientvaccine` VALUES (15,15,'2022-11-21 02:05:03',269,'12',0,'admin','2022-11-21 02:05:11','admin','2022-11-21 02:05:11',1);
INSERT INTO `oh_patientvaccine` VALUES (16,16,'2022-11-21 02:05:11',131,'4',0,'admin','2022-11-21 02:05:21','admin','2022-11-21 02:05:21',1);
INSERT INTO `oh_patientvaccine` VALUES (17,17,'2022-11-21 02:05:23',227,'9',0,'admin','2022-11-21 02:05:46','admin','2022-11-21 02:05:46',1);
INSERT INTO `oh_patientvaccine` VALUES (18,18,'2022-11-21 03:30:08',459,'3',0,'admin','2022-11-21 03:30:19','admin','2022-11-21 03:30:19',1);
INSERT INTO `oh_patientvaccine` VALUES (19,19,'2022-11-22 17:59:23',520,'5',0,'admin','2022-11-22 17:59:32','admin','2022-11-22 17:59:32',1);
INSERT INTO `oh_patientvaccine` VALUES (20,20,'2022-11-23 16:00:39',65,'9',0,'admin','2022-11-23 16:00:47','admin','2022-11-23 16:00:47',1);
INSERT INTO `oh_patientvaccine` VALUES (21,21,'2022-11-23 16:00:48',89,'11',0,'admin','2022-11-23 16:00:58','admin','2022-11-23 16:00:58',1);
INSERT INTO `oh_patientvaccine` VALUES (22,22,'2022-11-23 16:00:59',148,'5',0,'admin','2022-11-23 16:01:05','admin','2022-11-23 16:01:05',1);
INSERT INTO `oh_patientvaccine` VALUES (23,23,'2021-03-15 01:24:07',527,'13',0,'admin','2021-03-15 01:24:23','admin','2021-03-15 01:24:23',1);
INSERT INTO `oh_patientvaccine` VALUES (24,24,'2021-03-15 01:24:31',42,'12',0,'admin','2021-03-15 01:24:44','admin','2021-03-15 01:24:44',1);
INSERT INTO `oh_patientvaccine` VALUES (25,25,'2021-03-15 01:24:45',526,'11',0,'admin','2021-03-15 01:24:59','admin','2021-03-15 01:24:59',1);
INSERT INTO `oh_patientvaccine` VALUES (26,26,'2021-03-15 14:54:31',499,'3',0,'admin','2021-03-15 14:54:50','admin','2021-03-15 14:54:50',1);
INSERT INTO `oh_patientvaccine` VALUES (27,27,'2023-02-04 00:00:00',57,'9',0,'admin','2023-02-04 00:08:50','admin','2023-02-04 00:08:50',1);
INSERT INTO `oh_patientvaccine` VALUES (28,28,'2023-02-04 00:00:00',5,'13',0,'admin','2023-02-04 00:09:02','admin','2023-02-04 00:09:02',1);
INSERT INTO `oh_patientvaccine` VALUES (29,29,'2023-02-04 00:00:00',242,'14',0,'admin','2023-02-04 02:07:17','admin','2023-02-04 02:07:17',1);
INSERT INTO `oh_patientvaccine` VALUES (30,30,'2024-02-07 00:00:00',560,'2',0,'admin','2024-02-07 01:02:21','admin','2024-02-07 01:02:21',1);
INSERT INTO `oh_patientvaccine` VALUES (31,31,'2024-02-07 00:00:00',556,'4',0,'admin','2024-02-07 01:02:44','admin','2024-02-07 01:02:44',1);
/*!40000 ALTER TABLE `oh_patientvaccine` ENABLE KEYS */;
UNLOCK TABLES;

--
-- Table structure for table `oh_permissions`
--

DROP TABLE IF EXISTS `oh_permissions`;
/*!40101 SET @saved_cs_client     = @@character_set_client */;
/*!40101 SET character_set_client = utf8mb4 */;
CREATE TABLE `oh_permissions` (
  `P_ID_A` int(11) NOT NULL AUTO_INCREMENT,
  `P_NAME` varchar(50) NOT NULL DEFAULT '',
  `P_DESCRIPTION` varchar(255) NOT NULL DEFAULT '',
  `P_ACTIVE` char(1) NOT NULL DEFAULT '',
  `P_CREATED_BY` varchar(50) DEFAULT NULL,
  `P_CREATED_DATE` datetime DEFAULT NULL,
  `P_LAST_MODIFIED_BY` varchar(50) DEFAULT NULL,
  `P_LAST_MODIFIED_DATE` datetime DEFAULT NULL,
  PRIMARY KEY (`P_ID_A`),
  KEY `FK_PERMISSIONS_CREATED_BY_IDX` (`P_CREATED_BY`),
  KEY `FK_PERMISSIONS_LAST_MODIFIED_BY_IDX` (`P_LAST_MODIFIED_BY`),
  CONSTRAINT `FK_PERMISSIONS_CREATED_BY` FOREIGN KEY (`P_CREATED_BY`) REFERENCES `oh_user` (`US_ID_A`) ON DELETE NO ACTION ON UPDATE NO ACTION,
  CONSTRAINT `FK_PERMISSIONS_LAST_MODIFIED_BY` FOREIGN KEY (`P_LAST_MODIFIED_BY`) REFERENCES `oh_user` (`US_ID_A`) ON DELETE NO ACTION ON UPDATE NO ACTION
) ENGINE=InnoDB AUTO_INCREMENT=172 DEFAULT CHARSET=utf8mb3 COLLATE=utf8mb3_general_ci;
/*!40101 SET character_set_client = @saved_cs_client */;

--
-- Dumping data for table `oh_permissions`
--

LOCK TABLES `oh_permissions` WRITE;
/*!40000 ALTER TABLE `oh_permissions` DISABLE KEYS */;
INSERT INTO `oh_permissions` VALUES (1,'admissions.create','','1',NULL,NULL,NULL,NULL);
INSERT INTO `oh_permissions` VALUES (2,'admissions.read','','1',NULL,NULL,NULL,NULL);
INSERT INTO `oh_permissions` VALUES (3,'admissions.update','','1',NULL,NULL,NULL,NULL);
INSERT INTO `oh_permissions` VALUES (4,'admissions.delete','','1',NULL,NULL,NULL,NULL);
INSERT INTO `oh_permissions` VALUES (5,'admissiontypes.create','','1',NULL,NULL,NULL,NULL);
INSERT INTO `oh_permissions` VALUES (6,'admissiontypes.read','','1',NULL,NULL,NULL,NULL);
INSERT INTO `oh_permissions` VALUES (7,'admissiontypes.update','','1',NULL,NULL,NULL,NULL);
INSERT INTO `oh_permissions` VALUES (8,'admissiontypes.delete','','1',NULL,NULL,NULL,NULL);
INSERT INTO `oh_permissions` VALUES (9,'agetypes.read','','1',NULL,NULL,NULL,NULL);
INSERT INTO `oh_permissions` VALUES (10,'agetypes.update','','1',NULL,NULL,NULL,NULL);
INSERT INTO `oh_permissions` VALUES (11,'dischargetypes.create','','1',NULL,NULL,NULL,NULL);
INSERT INTO `oh_permissions` VALUES (12,'dischargetypes.read','','1',NULL,NULL,NULL,NULL);
INSERT INTO `oh_permissions` VALUES (13,'dischargetypes.update','','1',NULL,NULL,NULL,NULL);
INSERT INTO `oh_permissions` VALUES (14,'dischargetypes.delete','','1',NULL,NULL,NULL,NULL);
INSERT INTO `oh_permissions` VALUES (15,'diseases.create','','1',NULL,NULL,NULL,NULL);
INSERT INTO `oh_permissions` VALUES (16,'diseases.read','','1',NULL,NULL,NULL,NULL);
INSERT INTO `oh_permissions` VALUES (17,'diseases.update','','1',NULL,NULL,NULL,NULL);
INSERT INTO `oh_permissions` VALUES (18,'diseases.delete','','1',NULL,NULL,NULL,NULL);
INSERT INTO `oh_permissions` VALUES (19,'diseasetypes.create','','1',NULL,NULL,NULL,NULL);
INSERT INTO `oh_permissions` VALUES (20,'diseasetypes.read','','1',NULL,NULL,NULL,NULL);
INSERT INTO `oh_permissions` VALUES (21,'diseasetypes.update','','1',NULL,NULL,NULL,NULL);
INSERT INTO `oh_permissions` VALUES (22,'diseasetypes.delete','','1',NULL,NULL,NULL,NULL);
INSERT INTO `oh_permissions` VALUES (23,'deliveryresulttypes.create','','1',NULL,NULL,NULL,NULL);
INSERT INTO `oh_permissions` VALUES (24,'deliveryresulttypes.read','','1',NULL,NULL,NULL,NULL);
INSERT INTO `oh_permissions` VALUES (25,'deliveryresulttypes.update','','1',NULL,NULL,NULL,NULL);
INSERT INTO `oh_permissions` VALUES (26,'deliveryresulttypes.delete','','1',NULL,NULL,NULL,NULL);
INSERT INTO `oh_permissions` VALUES (27,'deliverytypes.create','','1',NULL,NULL,NULL,NULL);
INSERT INTO `oh_permissions` VALUES (28,'deliverytypes.read','','1',NULL,NULL,NULL,NULL);
INSERT INTO `oh_permissions` VALUES (29,'deliverytypes.update','','1',NULL,NULL,NULL,NULL);
INSERT INTO `oh_permissions` VALUES (30,'deliverytypes.delete','','1',NULL,NULL,NULL,NULL);
INSERT INTO `oh_permissions` VALUES (31,'exams.create','','1',NULL,NULL,NULL,NULL);
INSERT INTO `oh_permissions` VALUES (32,'exams.read','','1',NULL,NULL,NULL,NULL);
INSERT INTO `oh_permissions` VALUES (33,'exams.update','','1',NULL,NULL,NULL,NULL);
INSERT INTO `oh_permissions` VALUES (34,'exams.delete','','1',NULL,NULL,NULL,NULL);
INSERT INTO `oh_permissions` VALUES (35,'examrows.create','','1',NULL,NULL,NULL,NULL);
INSERT INTO `oh_permissions` VALUES (36,'examrows.read','','1',NULL,NULL,NULL,NULL);
INSERT INTO `oh_permissions` VALUES (37,'examrows.update','','1',NULL,NULL,NULL,NULL);
INSERT INTO `oh_permissions` VALUES (38,'examrows.delete','','1',NULL,NULL,NULL,NULL);
INSERT INTO `oh_permissions` VALUES (39,'examinations.create','','1',NULL,NULL,NULL,NULL);
INSERT INTO `oh_permissions` VALUES (40,'examinations.read','','1',NULL,NULL,NULL,NULL);
INSERT INTO `oh_permissions` VALUES (41,'examinations.update','','1',NULL,NULL,NULL,NULL);
INSERT INTO `oh_permissions` VALUES (42,'examinations.delete','','1',NULL,NULL,NULL,NULL);
INSERT INTO `oh_permissions` VALUES (43,'examtypes.create','','1',NULL,NULL,NULL,NULL);
INSERT INTO `oh_permissions` VALUES (44,'examtypes.read','','1',NULL,NULL,NULL,NULL);
INSERT INTO `oh_permissions` VALUES (45,'examtypes.update','','1',NULL,NULL,NULL,NULL);
INSERT INTO `oh_permissions` VALUES (46,'examtypes.delete','','1',NULL,NULL,NULL,NULL);
INSERT INTO `oh_permissions` VALUES (47,'hospitals.create','','1',NULL,NULL,NULL,NULL);
INSERT INTO `oh_permissions` VALUES (48,'hospitals.read','','1',NULL,NULL,NULL,NULL);
INSERT INTO `oh_permissions` VALUES (49,'hospitals.update','','1',NULL,NULL,NULL,NULL);
INSERT INTO `oh_permissions` VALUES (50,'hospitals.delete','','1',NULL,NULL,NULL,NULL);
INSERT INTO `oh_permissions` VALUES (51,'laboratories.create','','1',NULL,NULL,NULL,NULL);
INSERT INTO `oh_permissions` VALUES (52,'laboratories.read','','1',NULL,NULL,NULL,NULL);
INSERT INTO `oh_permissions` VALUES (53,'laboratories.update','','1',NULL,NULL,NULL,NULL);
INSERT INTO `oh_permissions` VALUES (54,'laboratories.delete','','1',NULL,NULL,NULL,NULL);
INSERT INTO `oh_permissions` VALUES (55,'malnutritions.create','','1',NULL,NULL,NULL,NULL);
INSERT INTO `oh_permissions` VALUES (56,'malnutritions.read','','1',NULL,NULL,NULL,NULL);
INSERT INTO `oh_permissions` VALUES (57,'malnutritions.update','','1',NULL,NULL,NULL,NULL);
INSERT INTO `oh_permissions` VALUES (58,'malnutritions.delete','','1',NULL,NULL,NULL,NULL);
INSERT INTO `oh_permissions` VALUES (59,'medicals.create','','1',NULL,NULL,NULL,NULL);
INSERT INTO `oh_permissions` VALUES (60,'medicals.read','','1',NULL,NULL,NULL,NULL);
INSERT INTO `oh_permissions` VALUES (61,'medicals.update','','1',NULL,NULL,NULL,NULL);
INSERT INTO `oh_permissions` VALUES (62,'medicals.delete','','1',NULL,NULL,NULL,NULL);
INSERT INTO `oh_permissions` VALUES (63,'medicalstockmovements.create','','1',NULL,NULL,NULL,NULL);
INSERT INTO `oh_permissions` VALUES (64,'medicalstockmovements.read','','1',NULL,NULL,NULL,NULL);
INSERT INTO `oh_permissions` VALUES (65,'medicalstockmovements.update','','1',NULL,NULL,NULL,NULL);
INSERT INTO `oh_permissions` VALUES (66,'medicalstockmovements.delete','','1',NULL,NULL,NULL,NULL);
INSERT INTO `oh_permissions` VALUES (67,'medicalstockward.create','','1',NULL,NULL,NULL,NULL);
INSERT INTO `oh_permissions` VALUES (68,'medicalstockward.read','','1',NULL,NULL,NULL,NULL);
INSERT INTO `oh_permissions` VALUES (69,'medicalstockward.update','','1',NULL,NULL,NULL,NULL);
INSERT INTO `oh_permissions` VALUES (70,'medicalstockward.delete','','1',NULL,NULL,NULL,NULL);
INSERT INTO `oh_permissions` VALUES (71,'medstockmovementtypes.create','','1',NULL,NULL,NULL,NULL);
INSERT INTO `oh_permissions` VALUES (72,'medstockmovementtypes.read','','1',NULL,NULL,NULL,NULL);
INSERT INTO `oh_permissions` VALUES (73,'medstockmovementtypes.update','','1',NULL,NULL,NULL,NULL);
INSERT INTO `oh_permissions` VALUES (74,'medstockmovementtypes.delete','','1',NULL,NULL,NULL,NULL);
INSERT INTO `oh_permissions` VALUES (75,'medicaltypes.create','','1',NULL,NULL,NULL,NULL);
INSERT INTO `oh_permissions` VALUES (76,'medicaltypes.read','','1',NULL,NULL,NULL,NULL);
INSERT INTO `oh_permissions` VALUES (77,'medicaltypes.update','','1',NULL,NULL,NULL,NULL);
INSERT INTO `oh_permissions` VALUES (78,'medicaltypes.delete','','1',NULL,NULL,NULL,NULL);
INSERT INTO `oh_permissions` VALUES (79,'opds.create','','1',NULL,NULL,NULL,NULL);
INSERT INTO `oh_permissions` VALUES (80,'opds.read','','1',NULL,NULL,NULL,NULL);
INSERT INTO `oh_permissions` VALUES (81,'opds.update','','1',NULL,NULL,NULL,NULL);
INSERT INTO `oh_permissions` VALUES (82,'opds.delete','','1',NULL,NULL,NULL,NULL);
INSERT INTO `oh_permissions` VALUES (83,'operations.create','','1',NULL,NULL,NULL,NULL);
INSERT INTO `oh_permissions` VALUES (84,'operations.read','','1',NULL,NULL,NULL,NULL);
INSERT INTO `oh_permissions` VALUES (85,'operations.update','','1',NULL,NULL,NULL,NULL);
INSERT INTO `oh_permissions` VALUES (86,'operations.delete','','1',NULL,NULL,NULL,NULL);
INSERT INTO `oh_permissions` VALUES (87,'operationtypes.create','','1',NULL,NULL,NULL,NULL);
INSERT INTO `oh_permissions` VALUES (88,'operationtypes.read','','1',NULL,NULL,NULL,NULL);
INSERT INTO `oh_permissions` VALUES (89,'operationtypes.update','','1',NULL,NULL,NULL,NULL);
INSERT INTO `oh_permissions` VALUES (90,'operationtypes.delete','','1',NULL,NULL,NULL,NULL);
INSERT INTO `oh_permissions` VALUES (91,'patientconsensus.create','','1',NULL,NULL,NULL,NULL);
INSERT INTO `oh_permissions` VALUES (92,'patientconsensus.read','','1',NULL,NULL,NULL,NULL);
INSERT INTO `oh_permissions` VALUES (93,'patientconsensus.update','','1',NULL,NULL,NULL,NULL);
INSERT INTO `oh_permissions` VALUES (94,'patientconsensus.delete','','1',NULL,NULL,NULL,NULL);
INSERT INTO `oh_permissions` VALUES (95,'patients.create','','1',NULL,NULL,NULL,NULL);
INSERT INTO `oh_permissions` VALUES (96,'patients.read','','1',NULL,NULL,NULL,NULL);
INSERT INTO `oh_permissions` VALUES (97,'patients.update','','1',NULL,NULL,NULL,NULL);
INSERT INTO `oh_permissions` VALUES (98,'patients.delete','','1',NULL,NULL,NULL,NULL);
INSERT INTO `oh_permissions` VALUES (99,'patientvaccines.create','','1',NULL,NULL,NULL,NULL);
INSERT INTO `oh_permissions` VALUES (100,'patientvaccines.read','','1',NULL,NULL,NULL,NULL);
INSERT INTO `oh_permissions` VALUES (101,'patientvaccines.update','','1',NULL,NULL,NULL,NULL);
INSERT INTO `oh_permissions` VALUES (102,'patientvaccines.delete','','1',NULL,NULL,NULL,NULL);
INSERT INTO `oh_permissions` VALUES (103,'permissions.create','','1',NULL,NULL,NULL,NULL);
INSERT INTO `oh_permissions` VALUES (104,'permissions.read','','1',NULL,NULL,NULL,NULL);
INSERT INTO `oh_permissions` VALUES (105,'permissions.update','','1',NULL,NULL,NULL,NULL);
INSERT INTO `oh_permissions` VALUES (106,'permissions.delete','','1',NULL,NULL,NULL,NULL);
INSERT INTO `oh_permissions` VALUES (107,'grouppermission.create','','1',NULL,NULL,NULL,NULL);
INSERT INTO `oh_permissions` VALUES (108,'grouppermission.read','','1',NULL,NULL,NULL,NULL);
INSERT INTO `oh_permissions` VALUES (109,'grouppermission.update','','1',NULL,NULL,NULL,NULL);
INSERT INTO `oh_permissions` VALUES (110,'grouppermission.delete','','1',NULL,NULL,NULL,NULL);
INSERT INTO `oh_permissions` VALUES (111,'users.create','','1',NULL,NULL,NULL,NULL);
INSERT INTO `oh_permissions` VALUES (112,'users.read','','1',NULL,NULL,NULL,NULL);
INSERT INTO `oh_permissions` VALUES (113,'users.update','','1',NULL,NULL,NULL,NULL);
INSERT INTO `oh_permissions` VALUES (114,'users.delete','','1',NULL,NULL,NULL,NULL);
INSERT INTO `oh_permissions` VALUES (115,'usersettings.create','','1',NULL,NULL,NULL,NULL);
INSERT INTO `oh_permissions` VALUES (116,'usersettings.read','','1',NULL,NULL,NULL,NULL);
INSERT INTO `oh_permissions` VALUES (117,'usersettings.update','','1',NULL,NULL,NULL,NULL);
INSERT INTO `oh_permissions` VALUES (118,'usersettings.delete','','1',NULL,NULL,NULL,NULL);
INSERT INTO `oh_permissions` VALUES (119,'pregnanttreatmenttypes.create','','1',NULL,NULL,NULL,NULL);
INSERT INTO `oh_permissions` VALUES (120,'pregnanttreatmenttypes.read','','1',NULL,NULL,NULL,NULL);
INSERT INTO `oh_permissions` VALUES (121,'pregnanttreatmenttypes.update','','1',NULL,NULL,NULL,NULL);
INSERT INTO `oh_permissions` VALUES (122,'pregnanttreatmenttypes.delete','','1',NULL,NULL,NULL,NULL);
INSERT INTO `oh_permissions` VALUES (123,'pricelists.create','','1',NULL,NULL,NULL,NULL);
INSERT INTO `oh_permissions` VALUES (124,'pricelists.read','','1',NULL,NULL,NULL,NULL);
INSERT INTO `oh_permissions` VALUES (125,'pricelists.update','','1',NULL,NULL,NULL,NULL);
INSERT INTO `oh_permissions` VALUES (126,'pricelists.delete','','1',NULL,NULL,NULL,NULL);
INSERT INTO `oh_permissions` VALUES (127,'pricesothers.create','','1',NULL,NULL,NULL,NULL);
INSERT INTO `oh_permissions` VALUES (128,'pricesothers.read','','1',NULL,NULL,NULL,NULL);
INSERT INTO `oh_permissions` VALUES (129,'pricesothers.update','','1',NULL,NULL,NULL,NULL);
INSERT INTO `oh_permissions` VALUES (130,'pricesothers.delete','','1',NULL,NULL,NULL,NULL);
INSERT INTO `oh_permissions` VALUES (131,'reports.create','','1',NULL,NULL,NULL,NULL);
INSERT INTO `oh_permissions` VALUES (132,'reports.read','','1',NULL,NULL,NULL,NULL);
INSERT INTO `oh_permissions` VALUES (133,'reports.update','','1',NULL,NULL,NULL,NULL);
INSERT INTO `oh_permissions` VALUES (134,'reports.delete','','1',NULL,NULL,NULL,NULL);
INSERT INTO `oh_permissions` VALUES (135,'sms.create','','1',NULL,NULL,NULL,NULL);
INSERT INTO `oh_permissions` VALUES (136,'sms.read','','1',NULL,NULL,NULL,NULL);
INSERT INTO `oh_permissions` VALUES (137,'sms.update','','1',NULL,NULL,NULL,NULL);
INSERT INTO `oh_permissions` VALUES (138,'sms.delete','','1',NULL,NULL,NULL,NULL);
INSERT INTO `oh_permissions` VALUES (139,'suppliers.create','','1',NULL,NULL,NULL,NULL);
INSERT INTO `oh_permissions` VALUES (140,'suppliers.read','','1',NULL,NULL,NULL,NULL);
INSERT INTO `oh_permissions` VALUES (141,'suppliers.update','','1',NULL,NULL,NULL,NULL);
INSERT INTO `oh_permissions` VALUES (142,'suppliers.delete','','1',NULL,NULL,NULL,NULL);
INSERT INTO `oh_permissions` VALUES (143,'therapies.create','','1',NULL,NULL,NULL,NULL);
INSERT INTO `oh_permissions` VALUES (144,'therapies.read','','1',NULL,NULL,NULL,NULL);
INSERT INTO `oh_permissions` VALUES (145,'therapies.update','','1',NULL,NULL,NULL,NULL);
INSERT INTO `oh_permissions` VALUES (146,'therapies.delete','','1',NULL,NULL,NULL,NULL);
INSERT INTO `oh_permissions` VALUES (147,'vaccines.create','','1',NULL,NULL,NULL,NULL);
INSERT INTO `oh_permissions` VALUES (148,'vaccines.read','','1',NULL,NULL,NULL,NULL);
INSERT INTO `oh_permissions` VALUES (149,'vaccines.update','','1',NULL,NULL,NULL,NULL);
INSERT INTO `oh_permissions` VALUES (150,'vaccines.delete','','1',NULL,NULL,NULL,NULL);
INSERT INTO `oh_permissions` VALUES (151,'vaccinetypes.create','','1',NULL,NULL,NULL,NULL);
INSERT INTO `oh_permissions` VALUES (152,'vaccinetypes.read','','1',NULL,NULL,NULL,NULL);
INSERT INTO `oh_permissions` VALUES (153,'vaccinetypes.update','','1',NULL,NULL,NULL,NULL);
INSERT INTO `oh_permissions` VALUES (154,'vaccinetypes.delete','','1',NULL,NULL,NULL,NULL);
INSERT INTO `oh_permissions` VALUES (155,'visits.create','','1',NULL,NULL,NULL,NULL);
INSERT INTO `oh_permissions` VALUES (156,'visits.read','','1',NULL,NULL,NULL,NULL);
INSERT INTO `oh_permissions` VALUES (157,'visits.update','','1',NULL,NULL,NULL,NULL);
INSERT INTO `oh_permissions` VALUES (158,'visits.delete','','1',NULL,NULL,NULL,NULL);
INSERT INTO `oh_permissions` VALUES (159,'wards.create','','1',NULL,NULL,NULL,NULL);
INSERT INTO `oh_permissions` VALUES (160,'wards.read','','1',NULL,NULL,NULL,NULL);
INSERT INTO `oh_permissions` VALUES (161,'wards.update','','1',NULL,NULL,NULL,NULL);
INSERT INTO `oh_permissions` VALUES (162,'wards.delete','','1',NULL,NULL,NULL,NULL);
INSERT INTO `oh_permissions` VALUES (163,'dashboard.access','','1',NULL,NULL,NULL,NULL);
INSERT INTO `oh_permissions` VALUES (164,'laboratories.access','','1',NULL,NULL,NULL,NULL);
INSERT INTO `oh_permissions` VALUES (165,'patients.access','','1',NULL,NULL,NULL,NULL);
INSERT INTO `oh_permissions` VALUES (166,'opds.access','','1',NULL,NULL,NULL,NULL);
INSERT INTO `oh_permissions` VALUES (167,'admin.access','','1',NULL,NULL,NULL,NULL);
INSERT INTO `oh_permissions` VALUES (168,'usergroups.create','','1',NULL,NULL,NULL,NULL);
INSERT INTO `oh_permissions` VALUES (169,'usergroups.read','','1',NULL,NULL,NULL,NULL);
INSERT INTO `oh_permissions` VALUES (170,'usergroups.update','','1',NULL,NULL,NULL,NULL);
INSERT INTO `oh_permissions` VALUES (171,'usergroups.delete','','1',NULL,NULL,NULL,NULL);
/*!40000 ALTER TABLE `oh_permissions` ENABLE KEYS */;
UNLOCK TABLES;

--
-- Table structure for table `oh_pregnanttreatmenttype`
--

DROP TABLE IF EXISTS `oh_pregnanttreatmenttype`;
/*!40101 SET @saved_cs_client     = @@character_set_client */;
/*!40101 SET character_set_client = utf8mb4 */;
CREATE TABLE `oh_pregnanttreatmenttype` (
  `PTT_ID_A` varchar(10) NOT NULL,
  `PTT_DESC` varchar(50) NOT NULL,
  `PTT_CREATED_BY` varchar(50) DEFAULT NULL,
  `PTT_CREATED_DATE` datetime DEFAULT NULL,
  `PTT_LAST_MODIFIED_BY` varchar(50) DEFAULT NULL,
  `PTT_LAST_MODIFIED_DATE` datetime DEFAULT NULL,
  `PTT_ACTIVE` tinyint(1) NOT NULL DEFAULT 1,
  PRIMARY KEY (`PTT_ID_A`),
  KEY `FK_PREGNANTTREATMENTTYPE_CREATED_BY_IDX` (`PTT_CREATED_BY`),
  KEY `FK_PREGNANTTREATMENTTYPE_LAST_MODIFIED_BY_IDX` (`PTT_LAST_MODIFIED_BY`),
  CONSTRAINT `FK_PREGNANTTREATMENTTYPE_CREATED_BY` FOREIGN KEY (`PTT_CREATED_BY`) REFERENCES `oh_user` (`US_ID_A`) ON DELETE NO ACTION ON UPDATE NO ACTION,
  CONSTRAINT `FK_PREGNANTTREATMENTTYPE_LAST_MODIFIED_BY` FOREIGN KEY (`PTT_LAST_MODIFIED_BY`) REFERENCES `oh_user` (`US_ID_A`) ON DELETE NO ACTION ON UPDATE NO ACTION
) ENGINE=InnoDB DEFAULT CHARSET=utf8mb3 COLLATE=utf8mb3_general_ci;
/*!40101 SET character_set_client = @saved_cs_client */;

--
-- Dumping data for table `oh_pregnanttreatmenttype`
--

LOCK TABLES `oh_pregnanttreatmenttype` WRITE;
/*!40000 ALTER TABLE `oh_pregnanttreatmenttype` DISABLE KEYS */;
INSERT INTO `oh_pregnanttreatmenttype` VALUES ('A','ANC RE-ATTENDANCE',NULL,NULL,NULL,NULL,1);
INSERT INTO `oh_pregnanttreatmenttype` VALUES ('I1','IMMUNISATION 1',NULL,NULL,NULL,NULL,1);
INSERT INTO `oh_pregnanttreatmenttype` VALUES ('I2','IMMUNISATION 2',NULL,NULL,NULL,NULL,1);
INSERT INTO `oh_pregnanttreatmenttype` VALUES ('I3','IMMUNISATION 3',NULL,NULL,NULL,NULL,1);
INSERT INTO `oh_pregnanttreatmenttype` VALUES ('N','NEW ANC ATTENDANCE',NULL,NULL,NULL,NULL,1);
INSERT INTO `oh_pregnanttreatmenttype` VALUES ('S1','FIRST DOSE WITH SP',NULL,NULL,NULL,NULL,1);
INSERT INTO `oh_pregnanttreatmenttype` VALUES ('S2','SECOND DOSE WITH SP',NULL,NULL,NULL,NULL,1);
/*!40000 ALTER TABLE `oh_pregnanttreatmenttype` ENABLE KEYS */;
UNLOCK TABLES;

--
-- Table structure for table `oh_pricelists`
--

DROP TABLE IF EXISTS `oh_pricelists`;
/*!40101 SET @saved_cs_client     = @@character_set_client */;
/*!40101 SET character_set_client = utf8mb4 */;
CREATE TABLE `oh_pricelists` (
  `LST_ID` int(11) NOT NULL AUTO_INCREMENT,
  `LST_CODE` varchar(7) NOT NULL,
  `LST_NAME` varchar(50) NOT NULL,
  `LST_DESC` varchar(100) NOT NULL,
  `LST_CURRENCY` varchar(10) NOT NULL,
  `LST_CREATED_BY` varchar(50) DEFAULT NULL,
  `LST_CREATED_DATE` datetime DEFAULT NULL,
  `LST_LAST_MODIFIED_BY` varchar(50) DEFAULT NULL,
  `LST_LAST_MODIFIED_DATE` datetime DEFAULT NULL,
  `LST_ACTIVE` tinyint(1) NOT NULL DEFAULT 1,
  `LST_LOCK` int(11) NOT NULL DEFAULT 0,
  PRIMARY KEY (`LST_ID`),
  KEY `FK_PRICELISTS_CREATED_BY_IDX` (`LST_CREATED_BY`),
  KEY `FK_PRICELISTS_LAST_MODIFIED_BY_IDX` (`LST_LAST_MODIFIED_BY`),
  CONSTRAINT `FK_PRICELISTS_CREATED_BY` FOREIGN KEY (`LST_CREATED_BY`) REFERENCES `oh_user` (`US_ID_A`) ON DELETE NO ACTION ON UPDATE NO ACTION,
  CONSTRAINT `FK_PRICELISTS_LAST_MODIFIED_BY` FOREIGN KEY (`LST_LAST_MODIFIED_BY`) REFERENCES `oh_user` (`US_ID_A`) ON DELETE NO ACTION ON UPDATE NO ACTION
) ENGINE=InnoDB AUTO_INCREMENT=6 DEFAULT CHARSET=utf8mb3 COLLATE=utf8mb3_general_ci;
/*!40101 SET character_set_client = @saved_cs_client */;

--
-- Dumping data for table `oh_pricelists`
--

LOCK TABLES `oh_pricelists` WRITE;
/*!40000 ALTER TABLE `oh_pricelists` DISABLE KEYS */;
INSERT INTO `oh_pricelists` VALUES (1,'LIST001','Basic','Basic price list','UGX',NULL,NULL,NULL,NULL,1,0);
INSERT INTO `oh_pricelists` VALUES (4,'LIST_A','Affiliated','Price list for affiliated patients','UGX','admin','2024-02-10 18:36:09','admin','2024-02-10 18:37:06',1,0);
INSERT INTO `oh_pricelists` VALUES (5,'LIST_N','Non affiliated','Price list for non affiliated patients','UGX','admin','2024-02-10 18:36:36','admin','2024-02-10 18:37:26',1,0);
/*!40000 ALTER TABLE `oh_pricelists` ENABLE KEYS */;
UNLOCK TABLES;

--
-- Table structure for table `oh_prices`
--

DROP TABLE IF EXISTS `oh_prices`;
/*!40101 SET @saved_cs_client     = @@character_set_client */;
/*!40101 SET character_set_client = utf8mb4 */;
CREATE TABLE `oh_prices` (
  `PRC_ID` int(11) NOT NULL AUTO_INCREMENT,
  `PRC_LST_ID` int(11) NOT NULL,
  `PRC_GRP` char(3) NOT NULL,
  `PRC_ITEM` varchar(10) NOT NULL,
  `PRC_DESC` varchar(100) NOT NULL,
  `PRC_PRICE` double NOT NULL,
  `PRC_CREATED_BY` varchar(50) DEFAULT NULL,
  `PRC_CREATED_DATE` datetime DEFAULT NULL,
  `PRC_LAST_MODIFIED_BY` varchar(50) DEFAULT NULL,
  `PRC_LAST_MODIFIED_DATE` datetime DEFAULT NULL,
  `PRC_ACTIVE` tinyint(1) NOT NULL DEFAULT 1,
  `PRC_LOCK` int(11) NOT NULL DEFAULT 0,
  PRIMARY KEY (`PRC_ID`),
  KEY `FK_PRICES_PRICELISTS` (`PRC_LST_ID`),
  KEY `FK_PRICES_CREATED_BY_IDX` (`PRC_CREATED_BY`),
  KEY `FK_PRICES_LAST_MODIFIED_BY_IDX` (`PRC_LAST_MODIFIED_BY`),
  CONSTRAINT `FK_PRICES_CREATED_BY` FOREIGN KEY (`PRC_CREATED_BY`) REFERENCES `oh_user` (`US_ID_A`) ON DELETE NO ACTION ON UPDATE NO ACTION,
  CONSTRAINT `FK_PRICES_LAST_MODIFIED_BY` FOREIGN KEY (`PRC_LAST_MODIFIED_BY`) REFERENCES `oh_user` (`US_ID_A`) ON DELETE NO ACTION ON UPDATE NO ACTION,
  CONSTRAINT `FK_PRICES_PRICELISTS` FOREIGN KEY (`PRC_LST_ID`) REFERENCES `oh_pricelists` (`LST_ID`) ON DELETE CASCADE ON UPDATE CASCADE
) ENGINE=InnoDB AUTO_INCREMENT=31993 DEFAULT CHARSET=utf8mb3 COLLATE=utf8mb3_general_ci;
/*!40101 SET character_set_client = @saved_cs_client */;

--
-- Dumping data for table `oh_prices`
--

LOCK TABLES `oh_prices` WRITE;
/*!40000 ALTER TABLE `oh_prices` DISABLE KEYS */;
INSERT INTO `oh_prices` VALUES (30445,1,'EXA','01.01','1.1 HB',10,'admin','2024-02-10 18:34:47','admin','2024-02-10 18:34:47',1,0);
INSERT INTO `oh_prices` VALUES (30446,1,'EXA','01.02','1.2 WBC Count',10,'admin','2024-02-10 18:34:47','admin','2024-02-10 18:34:47',1,0);
INSERT INTO `oh_prices` VALUES (30447,1,'EXA','01.03','1.3 Differential ',12,'admin','2024-02-10 18:34:47','admin','2024-02-10 18:34:47',1,0);
INSERT INTO `oh_prices` VALUES (30448,1,'EXA','01.04','1.4 Film Comment',8,'admin','2024-02-10 18:34:47','admin','2024-02-10 18:34:47',1,0);
INSERT INTO `oh_prices` VALUES (30449,1,'EXA','01.05','1.5 ESR',14,'admin','2024-02-10 18:34:47','admin','2024-02-10 18:34:47',1,0);
INSERT INTO `oh_prices` VALUES (30450,1,'EXA','01.06','1.6 Sickling Test',14,'admin','2024-02-10 18:34:47','admin','2024-02-10 18:34:47',1,0);
INSERT INTO `oh_prices` VALUES (30451,1,'EXA','02.01','2.1 Grouping',10,'admin','2024-02-10 18:34:47','admin','2024-02-10 18:34:47',1,0);
INSERT INTO `oh_prices` VALUES (30452,1,'EXA','02.02','2.2 Comb\'s Test',12,'admin','2024-02-10 18:34:47','admin','2024-02-10 18:34:47',1,0);
INSERT INTO `oh_prices` VALUES (30453,1,'EXA','03.01','3.1 Blood Slide (Malaria)',10,'admin','2024-02-10 18:34:47','admin','2024-02-10 18:34:47',1,0);
INSERT INTO `oh_prices` VALUES (30454,1,'EXA','03.02','3.2 Blood Slide (OTHERS, E.G. TRIUPHANOSOMIAS, MICRIFILARIA, LEISHMANIA, BORRELIA)',12,'admin','2024-02-10 18:34:47','admin','2024-02-10 18:34:47',1,0);
INSERT INTO `oh_prices` VALUES (30455,1,'EXA','03.021','3.21 Trypanosomiasis',15,'admin','2024-02-10 18:34:47','admin','2024-02-10 18:34:47',1,0);
INSERT INTO `oh_prices` VALUES (30456,1,'EXA','03.022','3.22 MICROFILARIA',12,'admin','2024-02-10 18:34:47','admin','2024-02-10 18:34:47',1,0);
INSERT INTO `oh_prices` VALUES (30457,1,'EXA','03.023','3.23 LEISHMANIA',12,'admin','2024-02-10 18:34:47','admin','2024-02-10 18:34:47',1,0);
INSERT INTO `oh_prices` VALUES (30458,1,'EXA','03.024','3.24 BORRELIA',12,'admin','2024-02-10 18:34:47','admin','2024-02-10 18:34:47',1,0);
INSERT INTO `oh_prices` VALUES (30459,1,'EXA','03.03','3.3 STOOL MICROSCOPY',16,'admin','2024-02-10 18:34:47','admin','2024-02-10 18:34:47',1,0);
INSERT INTO `oh_prices` VALUES (30460,1,'EXA','03.04','3.4 URINE MICROSCOPY',16,'admin','2024-02-10 18:34:47','admin','2024-02-10 18:34:47',1,0);
INSERT INTO `oh_prices` VALUES (30461,1,'EXA','03.05','3.5 TISSUE MICROSCOPY',16,'admin','2024-02-10 18:34:47','admin','2024-02-10 18:34:47',1,0);
INSERT INTO `oh_prices` VALUES (30462,1,'EXA','03.06','3.6 CSF WET PREP',12,'admin','2024-02-10 18:34:47','admin','2024-02-10 18:34:47',1,0);
INSERT INTO `oh_prices` VALUES (30463,1,'EXA','04.01','4.1 CULTURE AND SENSITIVITY (C&S) FOR HAEMOPHILUS INFUENZA TYPE B',18,'admin','2024-02-10 18:34:47','admin','2024-02-10 18:34:47',1,0);
INSERT INTO `oh_prices` VALUES (30464,1,'EXA','04.02','4.2 C&S FOR SALMONELA TYPHI',18,'admin','2024-02-10 18:34:47','admin','2024-02-10 18:34:47',1,0);
INSERT INTO `oh_prices` VALUES (30465,1,'EXA','04.03','4.3 C&S FOR VIBRO CHOLERA',18,'admin','2024-02-10 18:34:47','admin','2024-02-10 18:34:47',1,0);
INSERT INTO `oh_prices` VALUES (30466,1,'EXA','04.04','4.4 C&S FOR SHIGELLA DYSENTERIAE',18,'admin','2024-02-10 18:34:47','admin','2024-02-10 18:34:47',1,0);
INSERT INTO `oh_prices` VALUES (30467,1,'EXA','04.05','4.5 C&S FOR NEISSERIA MENINGITIDES',18,'admin','2024-02-10 18:34:47','admin','2024-02-10 18:34:47',1,0);
INSERT INTO `oh_prices` VALUES (30468,1,'EXA','04.06','4.6 OTHER C&S ',10,'admin','2024-02-10 18:34:47','admin','2024-02-10 18:34:47',1,0);
INSERT INTO `oh_prices` VALUES (30469,1,'EXA','05.01','5.1 WET PREP',8,'admin','2024-02-10 18:34:47','admin','2024-02-10 18:34:47',1,0);
INSERT INTO `oh_prices` VALUES (30470,1,'EXA','05.02','5.2 GRAM STAIN',14,'admin','2024-02-10 18:34:47','admin','2024-02-10 18:34:47',1,0);
INSERT INTO `oh_prices` VALUES (30471,1,'EXA','05.03','5.3 INDIA INK',12,'admin','2024-02-10 18:34:47','admin','2024-02-10 18:34:47',1,0);
INSERT INTO `oh_prices` VALUES (30472,1,'EXA','05.04','5.4 LEISMANIA',10,'admin','2024-02-10 18:34:47','admin','2024-02-10 18:34:47',1,0);
INSERT INTO `oh_prices` VALUES (30473,1,'EXA','05.05','5.5 ZN',20,'admin','2024-02-10 18:34:47','admin','2024-02-10 18:34:47',1,0);
INSERT INTO `oh_prices` VALUES (30474,1,'EXA','05.06','5.6 WAYSON',20,'admin','2024-02-10 18:34:47','admin','2024-02-10 18:34:47',1,0);
INSERT INTO `oh_prices` VALUES (30475,1,'EXA','05.07','5.7 PAP SMEAR',18,'admin','2024-02-10 18:34:47','admin','2024-02-10 18:34:47',1,0);
INSERT INTO `oh_prices` VALUES (30476,1,'EXA','06.01','6.1 VDRL/RPR',20,'admin','2024-02-10 18:34:47','admin','2024-02-10 18:34:47',1,0);
INSERT INTO `oh_prices` VALUES (30477,1,'EXA','06.02','6.2 TPHA',18,'admin','2024-02-10 18:34:47','admin','2024-02-10 18:34:47',1,0);
INSERT INTO `oh_prices` VALUES (30478,1,'EXA','06.03','6.3 HIV',15,'admin','2024-02-10 18:34:47','admin','2024-02-10 18:34:47',1,0);
INSERT INTO `oh_prices` VALUES (30479,1,'EXA','06.04','6.4 HEPATITIS',12,'admin','2024-02-10 18:34:47','admin','2024-02-10 18:34:47',1,0);
INSERT INTO `oh_prices` VALUES (30480,1,'EXA','06.05','6.5 OTHERS E.G BRUCELLA, RHEUMATOID FACTOR, WEIL FELIX',20,'admin','2024-02-10 18:34:47','admin','2024-02-10 18:34:47',1,0);
INSERT INTO `oh_prices` VALUES (30481,1,'EXA','06.06','6.6 PREGNANCY TEST',10,'admin','2024-02-10 18:34:47','admin','2024-02-10 18:34:47',1,0);
INSERT INTO `oh_prices` VALUES (30482,1,'EXA','07.01','7.1 PROTEIN',8,'admin','2024-02-10 18:34:47','admin','2024-02-10 18:34:47',1,0);
INSERT INTO `oh_prices` VALUES (30483,1,'EXA','07.02','7.2 SUGAR',8,'admin','2024-02-10 18:34:47','admin','2024-02-10 18:34:47',1,0);
INSERT INTO `oh_prices` VALUES (30484,1,'EXA','07.03','7.3 LFTS',8,'admin','2024-02-10 18:34:47','admin','2024-02-10 18:34:47',1,0);
INSERT INTO `oh_prices` VALUES (30485,1,'EXA','07.03.1','7.3.1 BILIRUBIN TOTAL',8,'admin','2024-02-10 18:34:47','admin','2024-02-10 18:34:47',1,0);
INSERT INTO `oh_prices` VALUES (30486,1,'EXA','07.03.2','7.3.2 BILIRUBIN DIRECT',8,'admin','2024-02-10 18:34:47','admin','2024-02-10 18:34:47',1,0);
INSERT INTO `oh_prices` VALUES (30487,1,'EXA','07.03.3','7.3.3 GOT',10,'admin','2024-02-10 18:34:47','admin','2024-02-10 18:34:47',1,0);
INSERT INTO `oh_prices` VALUES (30488,1,'EXA','07.03.4','7.3.4 ALT/GPT',10,'admin','2024-02-10 18:34:47','admin','2024-02-10 18:34:47',1,0);
INSERT INTO `oh_prices` VALUES (30489,1,'EXA','07.04','7.4 RFTS',10,'admin','2024-02-10 18:34:47','admin','2024-02-10 18:34:47',1,0);
INSERT INTO `oh_prices` VALUES (30490,1,'EXA','07.04.1','7.4.1 CREATININA',8,'admin','2024-02-10 18:34:47','admin','2024-02-10 18:34:47',1,0);
INSERT INTO `oh_prices` VALUES (30491,1,'EXA','07.04.2','7.4.2 UREA',8,'admin','2024-02-10 18:34:47','admin','2024-02-10 18:34:47',1,0);
INSERT INTO `oh_prices` VALUES (30492,1,'EXA','08.01','8.1 OCCULT BLOOD',12,'admin','2024-02-10 18:34:47','admin','2024-02-10 18:34:47',1,0);
INSERT INTO `oh_prices` VALUES (30493,1,'EXA','URI','URINALYSIS',10,'admin','2024-02-10 18:34:47','admin','2024-02-10 18:34:47',1,0);
INSERT INTO `oh_prices` VALUES (30494,1,'OPE','45','Abdominal Tumours',120,'admin','2024-02-10 18:34:47','admin','2024-02-10 18:34:47',1,0);
INSERT INTO `oh_prices` VALUES (30495,1,'OPE','13','Acute abdomen',120,'admin','2024-02-10 18:34:47','admin','2024-02-10 18:34:47',1,0);
INSERT INTO `oh_prices` VALUES (30496,1,'OPE','43','Appendicitis',80,'admin','2024-02-10 18:34:47','admin','2024-02-10 18:34:47',1,0);
INSERT INTO `oh_prices` VALUES (30497,1,'OPE','30','Bladder biopsy',80,'admin','2024-02-10 18:34:47','admin','2024-02-10 18:34:47',1,0);
INSERT INTO `oh_prices` VALUES (30498,1,'OPE','1','Caesarian section',80,'admin','2024-02-10 18:34:47','admin','2024-02-10 18:34:47',1,0);
INSERT INTO `oh_prices` VALUES (30499,1,'OPE','44','Cholecystitis',60,'admin','2024-02-10 18:34:47','admin','2024-02-10 18:34:47',1,0);
INSERT INTO `oh_prices` VALUES (30500,1,'OPE','21','circumcision',40,'admin','2024-02-10 18:34:47','admin','2024-02-10 18:34:47',1,0);
INSERT INTO `oh_prices` VALUES (30501,1,'OPE','20','Cystorele',60,'admin','2024-02-10 18:34:47','admin','2024-02-10 18:34:47',1,0);
INSERT INTO `oh_prices` VALUES (30502,1,'OPE','51','Debridement',160,'admin','2024-02-10 18:34:47','admin','2024-02-10 18:34:47',1,0);
INSERT INTO `oh_prices` VALUES (30503,1,'OPE','11','Dilatation and curettage',120,'admin','2024-02-10 18:34:47','admin','2024-02-10 18:34:47',1,0);
INSERT INTO `oh_prices` VALUES (30504,1,'OPE','24','dorsal slit-paraphimosis',180,'admin','2024-02-10 18:34:47','admin','2024-02-10 18:34:47',1,0);
INSERT INTO `oh_prices` VALUES (30505,1,'OPE','14','Ectopic pregnancy',130,'admin','2024-02-10 18:34:47','admin','2024-02-10 18:34:47',1,0);
INSERT INTO `oh_prices` VALUES (30506,1,'OPE','3','elective',120,'admin','2024-02-10 18:34:47','admin','2024-02-10 18:34:47',1,0);
INSERT INTO `oh_prices` VALUES (30507,1,'OPE','2','emergency',50,'admin','2024-02-10 18:34:47','admin','2024-02-10 18:34:47',1,0);
INSERT INTO `oh_prices` VALUES (30508,1,'OPE','34','Epigastrical Hernia',100,'admin','2024-02-10 18:34:47','admin','2024-02-10 18:34:47',1,0);
INSERT INTO `oh_prices` VALUES (30509,1,'OPE','8','Evacuations',60,'admin','2024-02-10 18:34:47','admin','2024-02-10 18:34:47',1,0);
INSERT INTO `oh_prices` VALUES (30510,1,'OPE','31','Hernia (inguinal & femoral)',140,'admin','2024-02-10 18:34:47','admin','2024-02-10 18:34:47',1,0);
INSERT INTO `oh_prices` VALUES (30511,1,'OPE','26','Hydroceletomy',260,'admin','2024-02-10 18:34:47','admin','2024-02-10 18:34:47',1,0);
INSERT INTO `oh_prices` VALUES (30512,1,'OPE','4','Hysterectomy',200,'admin','2024-02-10 18:34:47','admin','2024-02-10 18:34:47',1,0);
INSERT INTO `oh_prices` VALUES (30513,1,'OPE','7','Hysterectomy',200,'admin','2024-02-10 18:34:47','admin','2024-02-10 18:34:47',1,0);
INSERT INTO `oh_prices` VALUES (30514,1,'OPE','50','Incission & drainage',140,'admin','2024-02-10 18:34:47','admin','2024-02-10 18:34:47',1,0);
INSERT INTO `oh_prices` VALUES (30515,1,'OPE','9','Incomplete abortion',180,'admin','2024-02-10 18:34:47','admin','2024-02-10 18:34:47',1,0);
INSERT INTO `oh_prices` VALUES (30516,1,'OPE','6','Injured uterus',100,'admin','2024-02-10 18:34:47','admin','2024-02-10 18:34:47',1,0);
INSERT INTO `oh_prices` VALUES (30517,1,'OPE','37','Intestinal obstruction',85,'admin','2024-02-10 18:34:47','admin','2024-02-10 18:34:47',1,0);
INSERT INTO `oh_prices` VALUES (30518,1,'OPE','40','Laparatomy',200,'admin','2024-02-10 18:34:47','admin','2024-02-10 18:34:47',1,0);
INSERT INTO `oh_prices` VALUES (30519,1,'OPE','48','Lower limb',100,'admin','2024-02-10 18:34:47','admin','2024-02-10 18:34:47',1,0);
INSERT INTO `oh_prices` VALUES (30520,1,'OPE','38','Mechanical',80,'admin','2024-02-10 18:34:47','admin','2024-02-10 18:34:47',1,0);
INSERT INTO `oh_prices` VALUES (30521,1,'OPE','52','Mise -a- plat',50,'admin','2024-02-10 18:34:47','admin','2024-02-10 18:34:47',1,0);
INSERT INTO `oh_prices` VALUES (30522,1,'OPE','33','Non strangulated',75,'admin','2024-02-10 18:34:47','admin','2024-02-10 18:34:47',1,0);
INSERT INTO `oh_prices` VALUES (30523,1,'OPE','49','Osteomyelitis - sequestrectomy',160,'admin','2024-02-10 18:34:47','admin','2024-02-10 18:34:47',1,0);
INSERT INTO `oh_prices` VALUES (30524,1,'OPE','18','Ovarian tumours',200,'admin','2024-02-10 18:34:47','admin','2024-02-10 18:34:47',1,0);
INSERT INTO `oh_prices` VALUES (30525,1,'OPE','23','paraphimosis',90,'admin','2024-02-10 18:34:47','admin','2024-02-10 18:34:47',1,0);
INSERT INTO `oh_prices` VALUES (30526,1,'OPE','16','Pelvic abscess',200,'admin','2024-02-10 18:34:47','admin','2024-02-10 18:34:47',1,0);
INSERT INTO `oh_prices` VALUES (30527,1,'OPE','41','Penetrating abdominal injuries',90,'admin','2024-02-10 18:34:47','admin','2024-02-10 18:34:47',1,0);
INSERT INTO `oh_prices` VALUES (30528,1,'OPE','42','Peritonitis',180,'admin','2024-02-10 18:34:47','admin','2024-02-10 18:34:47',1,0);
INSERT INTO `oh_prices` VALUES (30529,1,'OPE','15','Peritonitis',180,'admin','2024-02-10 18:34:47','admin','2024-02-10 18:34:47',1,0);
INSERT INTO `oh_prices` VALUES (30530,1,'OPE','22','phimosis',120,'admin','2024-02-10 18:34:47','admin','2024-02-10 18:34:47',1,0);
INSERT INTO `oh_prices` VALUES (30531,1,'OPE','29','Prostate biopsy',80,'admin','2024-02-10 18:34:47','admin','2024-02-10 18:34:47',1,0);
INSERT INTO `oh_prices` VALUES (30532,1,'OPE','28','Prostatectomy',120,'admin','2024-02-10 18:34:47','admin','2024-02-10 18:34:47',1,0);
INSERT INTO `oh_prices` VALUES (30533,1,'OPE','46','Reduction of fractures',100,'admin','2024-02-10 18:34:47','admin','2024-02-10 18:34:47',1,0);
INSERT INTO `oh_prices` VALUES (30534,1,'OPE','12','Repair of vesico-vaginal fistula (vvf)',120,'admin','2024-02-10 18:34:47','admin','2024-02-10 18:34:47',1,0);
INSERT INTO `oh_prices` VALUES (30535,1,'OPE','5','Ruptured uterus',120,'admin','2024-02-10 18:34:47','admin','2024-02-10 18:34:47',1,0);
INSERT INTO `oh_prices` VALUES (30536,1,'OPE','10','Septic abortion',80,'admin','2024-02-10 18:34:47','admin','2024-02-10 18:34:47',1,0);
INSERT INTO `oh_prices` VALUES (30537,1,'OPE','32','Strangulated',60,'admin','2024-02-10 18:34:47','admin','2024-02-10 18:34:47',1,0);
INSERT INTO `oh_prices` VALUES (30538,1,'OPE','53','Surgical toilet  & suture',50,'admin','2024-02-10 18:34:47','admin','2024-02-10 18:34:47',1,0);
INSERT INTO `oh_prices` VALUES (30539,1,'OPE','27','Testicular tumours',200,'admin','2024-02-10 18:34:47','admin','2024-02-10 18:34:47',1,0);
INSERT INTO `oh_prices` VALUES (30540,1,'OPE','47','Upper limb',200,'admin','2024-02-10 18:34:47','admin','2024-02-10 18:34:47',1,0);
INSERT INTO `oh_prices` VALUES (30541,1,'OPE','25','uretheral stricture-bougienage',130,'admin','2024-02-10 18:34:47','admin','2024-02-10 18:34:47',1,0);
INSERT INTO `oh_prices` VALUES (30542,1,'OPE','17','Uterine fibroids',120,'admin','2024-02-10 18:34:47','admin','2024-02-10 18:34:47',1,0);
INSERT INTO `oh_prices` VALUES (30543,1,'OPE','19','Uterine prolapse',120,'admin','2024-02-10 18:34:47','admin','2024-02-10 18:34:47',1,0);
INSERT INTO `oh_prices` VALUES (30544,1,'OPE','39','Volvulus',100,'admin','2024-02-10 18:34:47','admin','2024-02-10 18:34:47',1,0);
INSERT INTO `oh_prices` VALUES (30545,1,'MED','24','4 Dimethyl Aminobenzaldelyde',60,'admin','2024-02-10 18:34:47','admin','2024-02-10 18:34:47',1,0);
INSERT INTO `oh_prices` VALUES (30546,1,'MED','98','Acetazolamide 250mg Tab',30,'admin','2024-02-10 18:34:47','admin','2024-02-10 18:34:47',1,0);
INSERT INTO `oh_prices` VALUES (30547,1,'MED','2','Acetic Acid Glacial 1 ltr',60,'admin','2024-02-10 18:34:47','admin','2024-02-10 18:34:47',1,0);
INSERT INTO `oh_prices` VALUES (30548,1,'MED','3','Aceton 99% 1ltr',50,'admin','2024-02-10 18:34:47','admin','2024-02-10 18:34:47',1,0);
INSERT INTO `oh_prices` VALUES (30549,1,'MED','414','Aciclovir cream',48,'admin','2024-02-10 18:34:47','admin','2024-02-10 18:34:47',1,0);
INSERT INTO `oh_prices` VALUES (30550,1,'MED','99','Acyclovir 200mg Tab',32,'admin','2024-02-10 18:34:47','admin','2024-02-10 18:34:47',1,0);
INSERT INTO `oh_prices` VALUES (30551,1,'MED','273','Adhesive Tape 2.5cm x 5m',28,'admin','2024-02-10 18:34:47','admin','2024-02-10 18:34:47',1,0);
INSERT INTO `oh_prices` VALUES (30552,1,'MED','274','Adhesive Tape 7.5cm x 5m',38,'admin','2024-02-10 18:34:47','admin','2024-02-10 18:34:47',1,0);
INSERT INTO `oh_prices` VALUES (30553,1,'MED','40','Adrenaline 1mg/ml 1ml Amp',60,'admin','2024-02-10 18:34:47','admin','2024-02-10 18:34:47',1,0);
INSERT INTO `oh_prices` VALUES (30554,1,'MED','326','Air ring set 43x15cm, rubber with pump',70,'admin','2024-02-10 18:34:47','admin','2024-02-10 18:34:47',1,0);
INSERT INTO `oh_prices` VALUES (30555,1,'MED','268','Airway Guedel Size 0',60,'admin','2024-02-10 18:34:47','admin','2024-02-10 18:34:47',1,0);
INSERT INTO `oh_prices` VALUES (30556,1,'MED','267','Airway Guedel Size 00',60,'admin','2024-02-10 18:34:47','admin','2024-02-10 18:34:47',1,0);
INSERT INTO `oh_prices` VALUES (30557,1,'MED','269','Airway Guedel Size 1',60,'admin','2024-02-10 18:34:47','admin','2024-02-10 18:34:47',1,0);
INSERT INTO `oh_prices` VALUES (30558,1,'MED','270','Airway Guedel Size 2',60,'admin','2024-02-10 18:34:47','admin','2024-02-10 18:34:47',1,0);
INSERT INTO `oh_prices` VALUES (30559,1,'MED','271','Airway Guedel Size 3',60,'admin','2024-02-10 18:34:47','admin','2024-02-10 18:34:47',1,0);
INSERT INTO `oh_prices` VALUES (30560,1,'MED','103','Albendazole 200mg Tab',35,'admin','2024-02-10 18:34:47','admin','2024-02-10 18:34:47',1,0);
INSERT INTO `oh_prices` VALUES (30561,1,'MED','102','Albendazole 400mg Tab',60,'admin','2024-02-10 18:34:47','admin','2024-02-10 18:34:47',1,0);
INSERT INTO `oh_prices` VALUES (30562,1,'MED','41','Aminophyline 25mg/ml,10ml Amp',32,'admin','2024-02-10 18:34:47','admin','2024-02-10 18:34:47',1,0);
INSERT INTO `oh_prices` VALUES (30563,1,'MED','101','Aminophylline 100mg Tab',48,'admin','2024-02-10 18:34:47','admin','2024-02-10 18:34:47',1,0);
INSERT INTO `oh_prices` VALUES (30564,1,'MED','104','Amitriptyline 25mg Tab',28,'admin','2024-02-10 18:34:47','admin','2024-02-10 18:34:47',1,0);
INSERT INTO `oh_prices` VALUES (30565,1,'MED','23','Amonium Oxalate',70,'admin','2024-02-10 18:34:47','admin','2024-02-10 18:34:47',1,0);
INSERT INTO `oh_prices` VALUES (30566,1,'MED','106','Amoxycillin /Clavulanate 375mg Tab',30,'admin','2024-02-10 18:34:47','admin','2024-02-10 18:34:47',1,0);
INSERT INTO `oh_prices` VALUES (30567,1,'MED','226','Amoxycillin 125mg/5ml Powd. Susp 100ml',28,'admin','2024-02-10 18:34:47','admin','2024-02-10 18:34:47',1,0);
INSERT INTO `oh_prices` VALUES (30568,1,'MED','105','Amoxycillin 250mg Caps',26,'admin','2024-02-10 18:34:47','admin','2024-02-10 18:34:47',1,0);
INSERT INTO `oh_prices` VALUES (30569,1,'MED','42','Amphotericin B 50mg Vial',40,'admin','2024-02-10 18:34:47','admin','2024-02-10 18:34:47',1,0);
INSERT INTO `oh_prices` VALUES (30570,1,'MED','43','Ampicillin 500mg Vial',52,'admin','2024-02-10 18:34:47','admin','2024-02-10 18:34:47',1,0);
INSERT INTO `oh_prices` VALUES (30571,1,'MED','238','Anti Serum A 10ml',30,'admin','2024-02-10 18:34:47','admin','2024-02-10 18:34:47',1,0);
INSERT INTO `oh_prices` VALUES (30572,1,'MED','408','Anti Serum AB 10ml',30,'admin','2024-02-10 18:34:47','admin','2024-02-10 18:34:47',1,0);
INSERT INTO `oh_prices` VALUES (30573,1,'MED','407','Anti Serum B 10ml',30,'admin','2024-02-10 18:34:47','admin','2024-02-10 18:34:47',1,0);
INSERT INTO `oh_prices` VALUES (30574,1,'MED','409','Anti Serum D 10ml',30,'admin','2024-02-10 18:34:47','admin','2024-02-10 18:34:47',1,0);
INSERT INTO `oh_prices` VALUES (30575,1,'MED','208','Antihaemorrhoid suppositories',25,'admin','2024-02-10 18:34:47','admin','2024-02-10 18:34:47',1,0);
INSERT INTO `oh_prices` VALUES (30576,1,'MED','348','Apron Plastic Re-usable',70,'admin','2024-02-10 18:34:47','admin','2024-02-10 18:34:47',1,0);
INSERT INTO `oh_prices` VALUES (30577,1,'MED','349','Apron Plastic Re-usable local',70,'admin','2024-02-10 18:34:47','admin','2024-02-10 18:34:47',1,0);
INSERT INTO `oh_prices` VALUES (30578,1,'MED','350','Apron Polythene Disp Non Sterile',60,'admin','2024-02-10 18:34:47','admin','2024-02-10 18:34:47',1,0);
INSERT INTO `oh_prices` VALUES (30579,1,'MED','416','Artemether+Lumefantrine 25-35kg',120,'admin','2024-02-10 18:34:47','admin','2024-02-10 18:34:47',1,0);
INSERT INTO `oh_prices` VALUES (30580,1,'MED','107','Ascorbic Acid 100mg tab',20,'admin','2024-02-10 18:34:47','admin','2024-02-10 18:34:47',1,0);
INSERT INTO `oh_prices` VALUES (30581,1,'MED','108','Aspirin 300mg Tab',16,'admin','2024-02-10 18:34:47','admin','2024-02-10 18:34:47',1,0);
INSERT INTO `oh_prices` VALUES (30582,1,'MED','110','Atenolol 100mg Tab',20,'admin','2024-02-10 18:34:47','admin','2024-02-10 18:34:47',1,0);
INSERT INTO `oh_prices` VALUES (30583,1,'MED','109','Atenolol 50mg Tab',24,'admin','2024-02-10 18:34:47','admin','2024-02-10 18:34:47',1,0);
INSERT INTO `oh_prices` VALUES (30584,1,'MED','44','Atropine 1mg/ml 1ml Amp',28,'admin','2024-02-10 18:34:47','admin','2024-02-10 18:34:47',1,0);
INSERT INTO `oh_prices` VALUES (30585,1,'MED','405','Barium Sulphate for X-Ray 1kg',80,'admin','2024-02-10 18:34:47','admin','2024-02-10 18:34:47',1,0);
INSERT INTO `oh_prices` VALUES (30586,1,'MED','201','Beclamethasone 50mcg Innhaler',90,'admin','2024-02-10 18:34:47','admin','2024-02-10 18:34:47',1,0);
INSERT INTO `oh_prices` VALUES (30587,1,'MED','320','Bedpan Plastic Autoclavable',100,'admin','2024-02-10 18:34:47','admin','2024-02-10 18:34:47',1,0);
INSERT INTO `oh_prices` VALUES (30588,1,'MED','321','Bedpan Stainless Steel',180,'admin','2024-02-10 18:34:47','admin','2024-02-10 18:34:47',1,0);
INSERT INTO `oh_prices` VALUES (30589,1,'MED','111','Bendrofluazide 5mg Tab',22,'admin','2024-02-10 18:34:47','admin','2024-02-10 18:34:47',1,0);
INSERT INTO `oh_prices` VALUES (30590,1,'MED','45','Benzathine Penicillin 2.4 MIU Vial',40,'admin','2024-02-10 18:34:47','admin','2024-02-10 18:34:47',1,0);
INSERT INTO `oh_prices` VALUES (30591,1,'MED','112','Benzhexol 2mg Tab',20,'admin','2024-02-10 18:34:47','admin','2024-02-10 18:34:47',1,0);
INSERT INTO `oh_prices` VALUES (30592,1,'MED','113','Benzhexol 5mg Tab',30,'admin','2024-02-10 18:34:47','admin','2024-02-10 18:34:47',1,0);
INSERT INTO `oh_prices` VALUES (30593,1,'MED','211','Benzyl Benzoate 25% 100ml',34,'admin','2024-02-10 18:34:47','admin','2024-02-10 18:34:47',1,0);
INSERT INTO `oh_prices` VALUES (30594,1,'MED','46','Benzyl Penicillin 1 MIU Vial',28,'admin','2024-02-10 18:34:47','admin','2024-02-10 18:34:47',1,0);
INSERT INTO `oh_prices` VALUES (30595,1,'MED','47','Benzyl Penicillin 5 MIU Vial',38,'admin','2024-02-10 18:34:47','admin','2024-02-10 18:34:47',1,0);
INSERT INTO `oh_prices` VALUES (30596,1,'MED','194','Betamethasone 0.1% eye/ear/nose drops',40,'admin','2024-02-10 18:34:47','admin','2024-02-10 18:34:47',1,0);
INSERT INTO `oh_prices` VALUES (30597,1,'MED','195','Betamethasone 0.1% Neomycin 0.35 %eye drops 7.5ml',45,'admin','2024-02-10 18:34:47','admin','2024-02-10 18:34:47',1,0);
INSERT INTO `oh_prices` VALUES (30598,1,'MED','114','Bisacodyl 5mg Tab',20,'admin','2024-02-10 18:34:47','admin','2024-02-10 18:34:47',1,0);
INSERT INTO `oh_prices` VALUES (30599,1,'MED','239','Blood giving set Disposable',25,'admin','2024-02-10 18:34:47','admin','2024-02-10 18:34:47',1,0);
INSERT INTO `oh_prices` VALUES (30600,1,'MED','240','Blood Transfer Bag 300ml',20,'admin','2024-02-10 18:34:47','admin','2024-02-10 18:34:47',1,0);
INSERT INTO `oh_prices` VALUES (30601,1,'MED','322','Body Bag 70 x 215cm  (Adult)',90,'admin','2024-02-10 18:34:47','admin','2024-02-10 18:34:47',1,0);
INSERT INTO `oh_prices` VALUES (30602,1,'MED','325','Bowl Without Lid 10 x 24cm stainless steel',120,'admin','2024-02-10 18:34:47','admin','2024-02-10 18:34:47',1,0);
INSERT INTO `oh_prices` VALUES (30603,1,'MED','323','Bowl Without Lid 7 x 12cm stainless steel',140,'admin','2024-02-10 18:34:47','admin','2024-02-10 18:34:47',1,0);
INSERT INTO `oh_prices` VALUES (30604,1,'MED','324','Bowl Without Lid 8 x 16cm stainless steel',130,'admin','2024-02-10 18:34:47','admin','2024-02-10 18:34:47',1,0);
INSERT INTO `oh_prices` VALUES (30605,1,'MED','22','Brillians crystal blue',75,'admin','2024-02-10 18:34:47','admin','2024-02-10 18:34:47',1,0);
INSERT INTO `oh_prices` VALUES (30606,1,'MED','213','Calamine Lotion 100ml',30,'admin','2024-02-10 18:34:47','admin','2024-02-10 18:34:47',1,0);
INSERT INTO `oh_prices` VALUES (30607,1,'MED','212','Calamine Lotion 3Ltr',180,'admin','2024-02-10 18:34:47','admin','2024-02-10 18:34:47',1,0);
INSERT INTO `oh_prices` VALUES (30608,1,'MED','115','Calcium Lactate 300mg Tab',36,'admin','2024-02-10 18:34:47','admin','2024-02-10 18:34:47',1,0);
INSERT INTO `oh_prices` VALUES (30609,1,'MED','116','Carbamazepine 200mg Tab',28,'admin','2024-02-10 18:34:47','admin','2024-02-10 18:34:47',1,0);
INSERT INTO `oh_prices` VALUES (30610,1,'MED','117','Carbimazole 5mg Tab',20,'admin','2024-02-10 18:34:47','admin','2024-02-10 18:34:47',1,0);
INSERT INTO `oh_prices` VALUES (30611,1,'MED','288','Cathether Foley CH10 3 Way Ballon',40,'admin','2024-02-10 18:34:47','admin','2024-02-10 18:34:47',1,0);
INSERT INTO `oh_prices` VALUES (30612,1,'MED','289','Cathether Foley CH12 3 Way Ballon',40,'admin','2024-02-10 18:34:47','admin','2024-02-10 18:34:47',1,0);
INSERT INTO `oh_prices` VALUES (30613,1,'MED','290','Cathether Foley CH14 3 Way Ballon',40,'admin','2024-02-10 18:34:47','admin','2024-02-10 18:34:47',1,0);
INSERT INTO `oh_prices` VALUES (30614,1,'MED','291','Cathether Foley CH16 3 Way Ballon',40,'admin','2024-02-10 18:34:47','admin','2024-02-10 18:34:47',1,0);
INSERT INTO `oh_prices` VALUES (30615,1,'MED','292','Cathether Foley CH18 3 Way Ballon',40,'admin','2024-02-10 18:34:47','admin','2024-02-10 18:34:47',1,0);
INSERT INTO `oh_prices` VALUES (30616,1,'MED','286','Cathether Foley CH20 3 Way Ballon',40,'admin','2024-02-10 18:34:47','admin','2024-02-10 18:34:47',1,0);
INSERT INTO `oh_prices` VALUES (30617,1,'MED','287','Cathether Foley CH8 3 Way Ballon',40,'admin','2024-02-10 18:34:47','admin','2024-02-10 18:34:47',1,0);
INSERT INTO `oh_prices` VALUES (30618,1,'MED','293','Cathether Stopper for All sizes',30,'admin','2024-02-10 18:34:47','admin','2024-02-10 18:34:47',1,0);
INSERT INTO `oh_prices` VALUES (30619,1,'MED','118','Charcoal 250mg Tab',18,'admin','2024-02-10 18:34:47','admin','2024-02-10 18:34:47',1,0);
INSERT INTO `oh_prices` VALUES (30620,1,'MED','196','Chloramphenicol 0.5% Eye Drops 10ml',40,'admin','2024-02-10 18:34:47','admin','2024-02-10 18:34:47',1,0);
INSERT INTO `oh_prices` VALUES (30621,1,'MED','228','Chloramphenicol 125mg/5ml Susp 100ml',30,'admin','2024-02-10 18:34:47','admin','2024-02-10 18:34:47',1,0);
INSERT INTO `oh_prices` VALUES (30622,1,'MED','227','Chloramphenicol 125mg/5ml Susp 3Ltr',120,'admin','2024-02-10 18:34:47','admin','2024-02-10 18:34:47',1,0);
INSERT INTO `oh_prices` VALUES (30623,1,'MED','48','Chloramphenicol 1g Vial',30,'admin','2024-02-10 18:34:47','admin','2024-02-10 18:34:47',1,0);
INSERT INTO `oh_prices` VALUES (30624,1,'MED','119','Chloramphenicol 250mg Caps',30,'admin','2024-02-10 18:34:47','admin','2024-02-10 18:34:47',1,0);
INSERT INTO `oh_prices` VALUES (30625,1,'MED','183','Chlorhexidine/Centrimide 1.5/15% 1Ltr',60,'admin','2024-02-10 18:34:47','admin','2024-02-10 18:34:47',1,0);
INSERT INTO `oh_prices` VALUES (30626,1,'MED','184','Chlorhexidine/Centrimide 1.5/15% 5Ltr',180,'admin','2024-02-10 18:34:47','admin','2024-02-10 18:34:47',1,0);
INSERT INTO `oh_prices` VALUES (30627,1,'MED','49','Chloroquine 40mg Base/ml 5ml Amp',20,'admin','2024-02-10 18:34:47','admin','2024-02-10 18:34:47',1,0);
INSERT INTO `oh_prices` VALUES (30628,1,'MED','121','Chloroquine Coated 150mg Tab',30,'admin','2024-02-10 18:34:47','admin','2024-02-10 18:34:47',1,0);
INSERT INTO `oh_prices` VALUES (30629,1,'MED','120','Chloroquine Uncoated 150mg Tab',25,'admin','2024-02-10 18:34:47','admin','2024-02-10 18:34:47',1,0);
INSERT INTO `oh_prices` VALUES (30630,1,'MED','123','Chlorphenimine 4mg Tab',20,'admin','2024-02-10 18:34:47','admin','2024-02-10 18:34:47',1,0);
INSERT INTO `oh_prices` VALUES (30631,1,'MED','124','Chlorpromazine 100mg Tab',38,'admin','2024-02-10 18:34:47','admin','2024-02-10 18:34:47',1,0);
INSERT INTO `oh_prices` VALUES (30632,1,'MED','125','Chlorpromazine 25mg Tab',18,'admin','2024-02-10 18:34:47','admin','2024-02-10 18:34:47',1,0);
INSERT INTO `oh_prices` VALUES (30633,1,'MED','50','Chlorpromazine 25mg/ml/2ml Amp',22,'admin','2024-02-10 18:34:47','admin','2024-02-10 18:34:47',1,0);
INSERT INTO `oh_prices` VALUES (30634,1,'MED','126','Cimetidine 200mg Tab',35,'admin','2024-02-10 18:34:47','admin','2024-02-10 18:34:47',1,0);
INSERT INTO `oh_prices` VALUES (30635,1,'MED','127','Cimetidine 400mg Tab',60,'admin','2024-02-10 18:34:47','admin','2024-02-10 18:34:47',1,0);
INSERT INTO `oh_prices` VALUES (30636,1,'MED','129','Ciprofloxacine 250mg Tab',40,'admin','2024-02-10 18:34:47','admin','2024-02-10 18:34:47',1,0);
INSERT INTO `oh_prices` VALUES (30637,1,'MED','128','Ciprofloxacine 500mg Tab',55,'admin','2024-02-10 18:34:47','admin','2024-02-10 18:34:47',1,0);
INSERT INTO `oh_prices` VALUES (30638,1,'MED','197','Cloramphenicol 1% Eye Ointment 3.5g',60,'admin','2024-02-10 18:34:47','admin','2024-02-10 18:34:47',1,0);
INSERT INTO `oh_prices` VALUES (30639,1,'MED','215','Clotrimazole !% cream 15/20g',50,'admin','2024-02-10 18:34:47','admin','2024-02-10 18:34:47',1,0);
INSERT INTO `oh_prices` VALUES (30640,1,'MED','214','Clotrimazole !% cream 200mg',100,'admin','2024-02-10 18:34:47','admin','2024-02-10 18:34:47',1,0);
INSERT INTO `oh_prices` VALUES (30641,1,'MED','206','Clotrimazole 100mg Pessaries',60,'admin','2024-02-10 18:34:47','admin','2024-02-10 18:34:47',1,0);
INSERT INTO `oh_prices` VALUES (30642,1,'MED','205','Clotrimazole 500mg Pessaries',120,'admin','2024-02-10 18:34:47','admin','2024-02-10 18:34:47',1,0);
INSERT INTO `oh_prices` VALUES (30643,1,'MED','130','Cloxacillin 250mg Tab',30,'admin','2024-02-10 18:34:47','admin','2024-02-10 18:34:47',1,0);
INSERT INTO `oh_prices` VALUES (30644,1,'MED','51','Cloxacillin 500mg Vial',40,'admin','2024-02-10 18:34:47','admin','2024-02-10 18:34:47',1,0);
INSERT INTO `oh_prices` VALUES (30645,1,'MED','417','Coartem 15-25kg',100,'admin','2024-02-10 18:34:47','admin','2024-02-10 18:34:47',1,0);
INSERT INTO `oh_prices` VALUES (30646,1,'MED','418','Coartem 5-15kg',70,'admin','2024-02-10 18:34:47','admin','2024-02-10 18:34:47',1,0);
INSERT INTO `oh_prices` VALUES (30647,1,'MED','131','Codein Phosphate 30mg Tab',27,'admin','2024-02-10 18:34:47','admin','2024-02-10 18:34:47',1,0);
INSERT INTO `oh_prices` VALUES (30648,1,'MED','327','Colostomy Bag closed 30mm size 2',60,'admin','2024-02-10 18:34:47','admin','2024-02-10 18:34:47',1,0);
INSERT INTO `oh_prices` VALUES (30649,1,'MED','328','Colostomy Bag closed 30mm size 3',65,'admin','2024-02-10 18:34:47','admin','2024-02-10 18:34:47',1,0);
INSERT INTO `oh_prices` VALUES (30650,1,'MED','329','Colostomy Bag open re-usable 35mm',75,'admin','2024-02-10 18:34:47','admin','2024-02-10 18:34:47',1,0);
INSERT INTO `oh_prices` VALUES (30651,1,'MED','4','Copper 11 Sulphate 500g',40,'admin','2024-02-10 18:34:47','admin','2024-02-10 18:34:47',1,0);
INSERT INTO `oh_prices` VALUES (30652,1,'MED','132','Cotrimoxazole 100/20mg Paed Tab',35,'admin','2024-02-10 18:34:47','admin','2024-02-10 18:34:47',1,0);
INSERT INTO `oh_prices` VALUES (30653,1,'MED','230','Cotrimoxazole 200+40mg/5ml Susp 100ml',40,'admin','2024-02-10 18:34:47','admin','2024-02-10 18:34:47',1,0);
INSERT INTO `oh_prices` VALUES (30654,1,'MED','229','Cotrimoxazole 200+40mg/5ml Susp 3Ltr',90,'admin','2024-02-10 18:34:47','admin','2024-02-10 18:34:47',1,0);
INSERT INTO `oh_prices` VALUES (30655,1,'MED','133','Cotrimoxazole 400/80mg Tab',30,'admin','2024-02-10 18:34:47','admin','2024-02-10 18:34:47',1,0);
INSERT INTO `oh_prices` VALUES (30656,1,'MED','276','Cotton Wool 200G',12,'admin','2024-02-10 18:34:47','admin','2024-02-10 18:34:47',1,0);
INSERT INTO `oh_prices` VALUES (30657,1,'MED','275','cotton Wool 500G',20,'admin','2024-02-10 18:34:47','admin','2024-02-10 18:34:47',1,0);
INSERT INTO `oh_prices` VALUES (30658,1,'MED','410','Creatinine 200ml (Calorimetric)',18,'admin','2024-02-10 18:34:47','admin','2024-02-10 18:34:47',1,0);
INSERT INTO `oh_prices` VALUES (30659,1,'MED','29','Crystal Violet',40,'admin','2024-02-10 18:34:47','admin','2024-02-10 18:34:47',1,0);
INSERT INTO `oh_prices` VALUES (30660,1,'MED','52','Cyclophosphamide 200mg Vial',50,'admin','2024-02-10 18:34:47','admin','2024-02-10 18:34:47',1,0);
INSERT INTO `oh_prices` VALUES (30661,1,'MED','53','Cyclophosphamide 500mg Vial',75,'admin','2024-02-10 18:34:47','admin','2024-02-10 18:34:47',1,0);
INSERT INTO `oh_prices` VALUES (30662,1,'MED','134','Darrows Half Strength 500ml',70,'admin','2024-02-10 18:34:47','admin','2024-02-10 18:34:47',1,0);
INSERT INTO `oh_prices` VALUES (30663,1,'MED','140','DEXAMethasone 0.5mg Tab',30,'admin','2024-02-10 18:34:47','admin','2024-02-10 18:34:47',1,0);
INSERT INTO `oh_prices` VALUES (30664,1,'MED','136','DEXAMethasone 4mg/ml 1ml Amp',38,'admin','2024-02-10 18:34:47','admin','2024-02-10 18:34:47',1,0);
INSERT INTO `oh_prices` VALUES (30665,1,'MED','135','DEXAMethasone 4mg/ml 2ml Amp',50,'admin','2024-02-10 18:34:47','admin','2024-02-10 18:34:47',1,0);
INSERT INTO `oh_prices` VALUES (30666,1,'MED','138','Dextrose 30% IV 100ml',20,'admin','2024-02-10 18:34:47','admin','2024-02-10 18:34:47',1,0);
INSERT INTO `oh_prices` VALUES (30667,1,'MED','137','Dextrose 5% IV 500ml',40,'admin','2024-02-10 18:34:47','admin','2024-02-10 18:34:47',1,0);
INSERT INTO `oh_prices` VALUES (30668,1,'MED','139','Dextrose 50% IV 100ml',20,'admin','2024-02-10 18:34:47','admin','2024-02-10 18:34:47',1,0);
INSERT INTO `oh_prices` VALUES (30669,1,'MED','210','Dextrose Monohydrate Apyrogen 25Kg',100,'admin','2024-02-10 18:34:47','admin','2024-02-10 18:34:47',1,0);
INSERT INTO `oh_prices` VALUES (30670,1,'MED','406','Diatrizoate Meglumin Sod 76% 20ml Amp',45,'admin','2024-02-10 18:34:47','admin','2024-02-10 18:34:47',1,0);
INSERT INTO `oh_prices` VALUES (30671,1,'MED','207','Diazepam 2mg/ml 2.5ml Rectal Tube',60,'admin','2024-02-10 18:34:47','admin','2024-02-10 18:34:47',1,0);
INSERT INTO `oh_prices` VALUES (30672,1,'MED','54','Diazepam 5mg / ml 2ml Amp',45,'admin','2024-02-10 18:34:47','admin','2024-02-10 18:34:47',1,0);
INSERT INTO `oh_prices` VALUES (30673,1,'MED','141','Diazepam 5mg Tab',40,'admin','2024-02-10 18:34:47','admin','2024-02-10 18:34:47',1,0);
INSERT INTO `oh_prices` VALUES (30674,1,'MED','55','Diclofenac 25mg/ml 3ml Amp',30,'admin','2024-02-10 18:34:47','admin','2024-02-10 18:34:47',1,0);
INSERT INTO `oh_prices` VALUES (30675,1,'MED','142','Diclofenac 50mg Tab',45,'admin','2024-02-10 18:34:47','admin','2024-02-10 18:34:47',1,0);
INSERT INTO `oh_prices` VALUES (30676,1,'MED','143','Diethylcarbamazine 50mg Tab',35,'admin','2024-02-10 18:34:47','admin','2024-02-10 18:34:47',1,0);
INSERT INTO `oh_prices` VALUES (30677,1,'MED','144','Digoxin 0.25 mg Tab',25,'admin','2024-02-10 18:34:47','admin','2024-02-10 18:34:47',1,0);
INSERT INTO `oh_prices` VALUES (30678,1,'MED','56','Digoxin 0.25 mg/ml 2ml Amp',28,'admin','2024-02-10 18:34:47','admin','2024-02-10 18:34:47',1,0);
INSERT INTO `oh_prices` VALUES (30679,1,'MED','145','Doxycycline 100mg Tab',32,'admin','2024-02-10 18:34:47','admin','2024-02-10 18:34:47',1,0);
INSERT INTO `oh_prices` VALUES (30680,1,'MED','330','Ear syringe rubber 60ml',60,'admin','2024-02-10 18:34:47','admin','2024-02-10 18:34:47',1,0);
INSERT INTO `oh_prices` VALUES (30681,1,'MED','5','EDTA Di- sodium salt 100g',18,'admin','2024-02-10 18:34:47','admin','2024-02-10 18:34:47',1,0);
INSERT INTO `oh_prices` VALUES (30682,1,'MED','277','Elastic Bandage 10cm x 4.5m',35,'admin','2024-02-10 18:34:47','admin','2024-02-10 18:34:47',1,0);
INSERT INTO `oh_prices` VALUES (30683,1,'MED','278','Elastic Bandage 7.5cm x 4.5m',40,'admin','2024-02-10 18:34:47','admin','2024-02-10 18:34:47',1,0);
INSERT INTO `oh_prices` VALUES (30684,1,'MED','236','Eosin Yelowish',60,'admin','2024-02-10 18:34:47','admin','2024-02-10 18:34:47',1,0);
INSERT INTO `oh_prices` VALUES (30685,1,'MED','146','Ephedrine 30mg Tab',34,'admin','2024-02-10 18:34:47','admin','2024-02-10 18:34:47',1,0);
INSERT INTO `oh_prices` VALUES (30686,1,'MED','147','Erythromycin 250mg Tab',38,'admin','2024-02-10 18:34:47','admin','2024-02-10 18:34:47',1,0);
INSERT INTO `oh_prices` VALUES (30687,1,'MED','6','Ethanol Absolute 1ltr',72,'admin','2024-02-10 18:34:47','admin','2024-02-10 18:34:47',1,0);
INSERT INTO `oh_prices` VALUES (30688,1,'MED','272','Eye Pad Sterile',64,'admin','2024-02-10 18:34:47','admin','2024-02-10 18:34:47',1,0);
INSERT INTO `oh_prices` VALUES (30689,1,'MED','149','Fansider 500/25mg Tab',23,'admin','2024-02-10 18:34:47','admin','2024-02-10 18:34:47',1,0);
INSERT INTO `oh_prices` VALUES (30690,1,'MED','148','Fansider 500/25mg Tab (50dosesx3)',49,'admin','2024-02-10 18:34:47','admin','2024-02-10 18:34:47',1,0);
INSERT INTO `oh_prices` VALUES (30691,1,'MED','150','Ferrous Sulphate 200mg Tab',18,'admin','2024-02-10 18:34:47','admin','2024-02-10 18:34:47',1,0);
INSERT INTO `oh_prices` VALUES (30692,1,'MED','233','Field stain A and B',70,'admin','2024-02-10 18:34:47','admin','2024-02-10 18:34:47',1,0);
INSERT INTO `oh_prices` VALUES (30693,1,'MED','331','First Aid kit',80,'admin','2024-02-10 18:34:47','admin','2024-02-10 18:34:47',1,0);
INSERT INTO `oh_prices` VALUES (30694,1,'MED','152','Fluconazole 100mg 24 Caps',30,'admin','2024-02-10 18:34:47','admin','2024-02-10 18:34:47',1,0);
INSERT INTO `oh_prices` VALUES (30695,1,'MED','151','Fluconazole 100mg Tab',30,'admin','2024-02-10 18:34:47','admin','2024-02-10 18:34:47',1,0);
INSERT INTO `oh_prices` VALUES (30696,1,'MED','156','Folic Acid 15mg Tab',45,'admin','2024-02-10 18:34:47','admin','2024-02-10 18:34:47',1,0);
INSERT INTO `oh_prices` VALUES (30697,1,'MED','153','Folic Acid 1mg Tab',12,'admin','2024-02-10 18:34:47','admin','2024-02-10 18:34:47',1,0);
INSERT INTO `oh_prices` VALUES (30698,1,'MED','154','Folic Acid 5mg Tab',20,'admin','2024-02-10 18:34:47','admin','2024-02-10 18:34:47',1,0);
INSERT INTO `oh_prices` VALUES (30699,1,'MED','155','Folic Acid/Ferrous Sulp 0.5/200mg Tab',32,'admin','2024-02-10 18:34:47','admin','2024-02-10 18:34:47',1,0);
INSERT INTO `oh_prices` VALUES (30700,1,'MED','7','Formaldelyde solution 35-38% 1ltr',84,'admin','2024-02-10 18:34:47','admin','2024-02-10 18:34:47',1,0);
INSERT INTO `oh_prices` VALUES (30701,1,'MED','57','Frusemide 10mg/ml 2ml Amp',35,'admin','2024-02-10 18:34:47','admin','2024-02-10 18:34:47',1,0);
INSERT INTO `oh_prices` VALUES (30702,1,'MED','157','Frusemide 40mg Tab',885,'admin','2024-02-10 18:34:47','admin','2024-02-10 18:34:47',1,0);
INSERT INTO `oh_prices` VALUES (30703,1,'MED','333','Gallipot stainless steel 200ml/10cm',240,'admin','2024-02-10 18:34:47','admin','2024-02-10 18:34:47',1,0);
INSERT INTO `oh_prices` VALUES (30704,1,'MED','332','Gallipot stainless steel 300ml/15cm',260,'admin','2024-02-10 18:34:47','admin','2024-02-10 18:34:47',1,0);
INSERT INTO `oh_prices` VALUES (30705,1,'MED','280','Gauze Bandage 10cm x 4m',40,'admin','2024-02-10 18:34:47','admin','2024-02-10 18:34:47',1,0);
INSERT INTO `oh_prices` VALUES (30706,1,'MED','279','Gauze Bandage 7.5cm x 3.65-4m',36,'admin','2024-02-10 18:34:47','admin','2024-02-10 18:34:47',1,0);
INSERT INTO `oh_prices` VALUES (30707,1,'MED','283','Gauze Hydrophylic 90cm x 91cm',28,'admin','2024-02-10 18:34:47','admin','2024-02-10 18:34:47',1,0);
INSERT INTO `oh_prices` VALUES (30708,1,'MED','282','Gauze Pads  Sterile 10cm x 10cm',20,'admin','2024-02-10 18:34:47','admin','2024-02-10 18:34:47',1,0);
INSERT INTO `oh_prices` VALUES (30709,1,'MED','281','Gauze Pads Non Sterile 10cm x 10cm',12,'admin','2024-02-10 18:34:47','admin','2024-02-10 18:34:47',1,0);
INSERT INTO `oh_prices` VALUES (30710,1,'MED','234','Genitian Violet',68,'admin','2024-02-10 18:34:47','admin','2024-02-10 18:34:47',1,0);
INSERT INTO `oh_prices` VALUES (30711,1,'MED','198','Gentamicin 0.3% eye/ear drops 10ml',72,'admin','2024-02-10 18:34:47','admin','2024-02-10 18:34:47',1,0);
INSERT INTO `oh_prices` VALUES (30712,1,'MED','58','Gentamicin 40mg/ml 2ml',68,'admin','2024-02-10 18:34:47','admin','2024-02-10 18:34:47',1,0);
INSERT INTO `oh_prices` VALUES (30713,1,'MED','185','Getian Violet 25g Tin',40,'admin','2024-02-10 18:34:47','admin','2024-02-10 18:34:47',1,0);
INSERT INTO `oh_prices` VALUES (30714,1,'MED','237','Giemsa Stain',50,'admin','2024-02-10 18:34:47','admin','2024-02-10 18:34:47',1,0);
INSERT INTO `oh_prices` VALUES (30715,1,'MED','158','Glibeclamide 5mg Tab',27,'admin','2024-02-10 18:34:47','admin','2024-02-10 18:34:47',1,0);
INSERT INTO `oh_prices` VALUES (30716,1,'MED','308','Gloves Domestic',32,'admin','2024-02-10 18:34:47','admin','2024-02-10 18:34:47',1,0);
INSERT INTO `oh_prices` VALUES (30717,1,'MED','310','Gloves Gynaecological 7.5-8',42,'admin','2024-02-10 18:34:47','admin','2024-02-10 18:34:47',1,0);
INSERT INTO `oh_prices` VALUES (30718,1,'MED','309','Gloves High risk non sterile Medium',60,'admin','2024-02-10 18:34:47','admin','2024-02-10 18:34:47',1,0);
INSERT INTO `oh_prices` VALUES (30719,1,'MED','312','Gloves Non Sterile Large Disposable',22,'admin','2024-02-10 18:34:47','admin','2024-02-10 18:34:47',1,0);
INSERT INTO `oh_prices` VALUES (30720,1,'MED','311','Gloves Non Sterile Medium Disposable',18,'admin','2024-02-10 18:34:47','admin','2024-02-10 18:34:47',1,0);
INSERT INTO `oh_prices` VALUES (30721,1,'MED','313','Gloves Surgical Sterile 6',30,'admin','2024-02-10 18:34:47','admin','2024-02-10 18:34:47',1,0);
INSERT INTO `oh_prices` VALUES (30722,1,'MED','314','Gloves Surgical Sterile 6.5',30,'admin','2024-02-10 18:34:47','admin','2024-02-10 18:34:47',1,0);
INSERT INTO `oh_prices` VALUES (30723,1,'MED','315','Gloves Surgical Sterile 7',30,'admin','2024-02-10 18:34:47','admin','2024-02-10 18:34:47',1,0);
INSERT INTO `oh_prices` VALUES (30724,1,'MED','316','Gloves Surgical Sterile 7.5',30,'admin','2024-02-10 18:34:47','admin','2024-02-10 18:34:47',1,0);
INSERT INTO `oh_prices` VALUES (30725,1,'MED','317','Gloves Surgical Sterile 8',30,'admin','2024-02-10 18:34:47','admin','2024-02-10 18:34:47',1,0);
INSERT INTO `oh_prices` VALUES (30726,1,'MED','318','Gloves Surgical Sterile 8.5',30,'admin','2024-02-10 18:34:47','admin','2024-02-10 18:34:47',1,0);
INSERT INTO `oh_prices` VALUES (30727,1,'MED','411','Glucose GOD PAD  6 x 100ml (Colorimetric)',88,'admin','2024-02-10 18:34:47','admin','2024-02-10 18:34:47',1,0);
INSERT INTO `oh_prices` VALUES (30728,1,'MED','1','Glucose Test Strip ( Sure Step)',16,'admin','2024-02-10 18:34:47','admin','2024-02-10 18:34:47',1,0);
INSERT INTO `oh_prices` VALUES (30729,1,'MED','412','Glucose Test Strips (Hyloguard)',20,'admin','2024-02-10 18:34:47','admin','2024-02-10 18:34:47',1,0);
INSERT INTO `oh_prices` VALUES (30730,1,'MED','32','GOT ( AST) 200ml (Calorimetric) AS 147',60,'admin','2024-02-10 18:34:47','admin','2024-02-10 18:34:47',1,0);
INSERT INTO `oh_prices` VALUES (30731,1,'MED','31','GOT ( AST) 200ml has no NAOH) AS 101',60,'admin','2024-02-10 18:34:47','admin','2024-02-10 18:34:47',1,0);
INSERT INTO `oh_prices` VALUES (30732,1,'MED','30','GPT (ALT) 200ml ( Does not have NAOH)',60,'admin','2024-02-10 18:34:47','admin','2024-02-10 18:34:47',1,0);
INSERT INTO `oh_prices` VALUES (30733,1,'MED','159','Griseofulvin 500mg Tab',30,'admin','2024-02-10 18:34:47','admin','2024-02-10 18:34:47',1,0);
INSERT INTO `oh_prices` VALUES (30734,1,'MED','161','Haloperdol 5mg',28,'admin','2024-02-10 18:34:47','admin','2024-02-10 18:34:47',1,0);
INSERT INTO `oh_prices` VALUES (30735,1,'MED','160','Haloperidol 5mg Tab',30,'admin','2024-02-10 18:34:47','admin','2024-02-10 18:34:47',1,0);
INSERT INTO `oh_prices` VALUES (30736,1,'MED','59','Haloperidol 5mg/ml 1ml Amp',30,'admin','2024-02-10 18:34:47','admin','2024-02-10 18:34:47',1,0);
INSERT INTO `oh_prices` VALUES (30737,1,'MED','60','Haloperidol Decanoate 50mg/ml 1ml Amp',80,'admin','2024-02-10 18:34:47','admin','2024-02-10 18:34:47',1,0);
INSERT INTO `oh_prices` VALUES (30738,1,'MED','374','Handle for surgical blade No 3',70,'admin','2024-02-10 18:34:47','admin','2024-02-10 18:34:47',1,0);
INSERT INTO `oh_prices` VALUES (30739,1,'MED','375','Handle for surgical blade No 4',70,'admin','2024-02-10 18:34:47','admin','2024-02-10 18:34:47',1,0);
INSERT INTO `oh_prices` VALUES (30740,1,'MED','33','HIV 1/2 Capillus Kit 100Tests',220,'admin','2024-02-10 18:34:47','admin','2024-02-10 18:34:47',1,0);
INSERT INTO `oh_prices` VALUES (30741,1,'MED','34','HIV Buffer for determine Kit',130,'admin','2024-02-10 18:34:47','admin','2024-02-10 18:34:47',1,0);
INSERT INTO `oh_prices` VALUES (30742,1,'MED','35','HIV Determine 1/11 (Abbott) 100Tests',280,'admin','2024-02-10 18:34:47','admin','2024-02-10 18:34:47',1,0);
INSERT INTO `oh_prices` VALUES (30743,1,'MED','36','HIV UNIGOLD 1/11 Test Kits 20 Tests',80,'admin','2024-02-10 18:34:47','admin','2024-02-10 18:34:47',1,0);
INSERT INTO `oh_prices` VALUES (30744,1,'MED','334','Hot water Bottle 2Ltr',10,'admin','2024-02-10 18:34:47','admin','2024-02-10 18:34:47',1,0);
INSERT INTO `oh_prices` VALUES (30745,1,'MED','61','Hydralazine 20mg Vial',20,'admin','2024-02-10 18:34:47','admin','2024-02-10 18:34:47',1,0);
INSERT INTO `oh_prices` VALUES (30746,1,'MED','162','Hydralazine 25mg Tab',22,'admin','2024-02-10 18:34:47','admin','2024-02-10 18:34:47',1,0);
INSERT INTO `oh_prices` VALUES (30747,1,'MED','8','Hydrochloric Acid 30-33% 1ltr',34,'admin','2024-02-10 18:34:47','admin','2024-02-10 18:34:47',1,0);
INSERT INTO `oh_prices` VALUES (30748,1,'MED','217','Hydrocortisone 1% Cream 15g',35,'admin','2024-02-10 18:34:47','admin','2024-02-10 18:34:47',1,0);
INSERT INTO `oh_prices` VALUES (30749,1,'MED','216','Hydrocortisone 1% Cream 200g',75,'admin','2024-02-10 18:34:47','admin','2024-02-10 18:34:47',1,0);
INSERT INTO `oh_prices` VALUES (30750,1,'MED','199','Hydrocortisone 1% eye drops 5ml',45,'admin','2024-02-10 18:34:47','admin','2024-02-10 18:34:47',1,0);
INSERT INTO `oh_prices` VALUES (30751,1,'MED','219','Hydrocortisone 1% Ointment 15g',40,'admin','2024-02-10 18:34:47','admin','2024-02-10 18:34:47',1,0);
INSERT INTO `oh_prices` VALUES (30752,1,'MED','218','Hydrocortisone 1% Ointment 200g',80,'admin','2024-02-10 18:34:47','admin','2024-02-10 18:34:47',1,0);
INSERT INTO `oh_prices` VALUES (30753,1,'MED','62','Hydrocortisone 100mg Vial',60,'admin','2024-02-10 18:34:47','admin','2024-02-10 18:34:47',1,0);
INSERT INTO `oh_prices` VALUES (30754,1,'MED','186','Hydrogen Peroxide 6% 250ml',50,'admin','2024-02-10 18:34:47','admin','2024-02-10 18:34:47',1,0);
INSERT INTO `oh_prices` VALUES (30755,1,'MED','163','Hyoscine 10mg Tab',22,'admin','2024-02-10 18:34:47','admin','2024-02-10 18:34:47',1,0);
INSERT INTO `oh_prices` VALUES (30756,1,'MED','63','Hyoscine Butyl Bromide 20mg/ml/ Amp',32,'admin','2024-02-10 18:34:47','admin','2024-02-10 18:34:47',1,0);
INSERT INTO `oh_prices` VALUES (30757,1,'MED','164','Ibuprofen 200mg Tab',19,'admin','2024-02-10 18:34:47','admin','2024-02-10 18:34:47',1,0);
INSERT INTO `oh_prices` VALUES (30758,1,'MED','165','Impramine 25mg Tab',27,'admin','2024-02-10 18:34:47','admin','2024-02-10 18:34:47',1,0);
INSERT INTO `oh_prices` VALUES (30759,1,'MED','166','Indomethacin 25mg Tab',33,'admin','2024-02-10 18:34:47','admin','2024-02-10 18:34:47',1,0);
INSERT INTO `oh_prices` VALUES (30760,1,'MED','366','Insectcide Spray 400g',30,'admin','2024-02-10 18:34:47','admin','2024-02-10 18:34:47',1,0);
INSERT INTO `oh_prices` VALUES (30761,1,'MED','335','Instrument Box With Lid 20x10x5cm',160,'admin','2024-02-10 18:34:47','admin','2024-02-10 18:34:47',1,0);
INSERT INTO `oh_prices` VALUES (30762,1,'MED','336','Instrument Tray 30 x 20 x 2cm',110,'admin','2024-02-10 18:34:47','admin','2024-02-10 18:34:47',1,0);
INSERT INTO `oh_prices` VALUES (30763,1,'MED','65','Insulin Isophane 100IU/ml 10ml Vial',30,'admin','2024-02-10 18:34:47','admin','2024-02-10 18:34:47',1,0);
INSERT INTO `oh_prices` VALUES (30764,1,'MED','68','Insulin Isophane 40IU/ml 10ml',55,'admin','2024-02-10 18:34:47','admin','2024-02-10 18:34:47',1,0);
INSERT INTO `oh_prices` VALUES (30765,1,'MED','66','Insulin Mixtard 30/70 100IU/ml 10ml Vial',36,'admin','2024-02-10 18:34:47','admin','2024-02-10 18:34:47',1,0);
INSERT INTO `oh_prices` VALUES (30766,1,'MED','67','Insulin Mixtard 30/70 100IU/ml 5x3ml catridges',50,'admin','2024-02-10 18:34:47','admin','2024-02-10 18:34:47',1,0);
INSERT INTO `oh_prices` VALUES (30767,1,'MED','64','Insulin Soluble 100IU/ml 10ml Vial',40,'admin','2024-02-10 18:34:47','admin','2024-02-10 18:34:47',1,0);
INSERT INTO `oh_prices` VALUES (30768,1,'MED','241','Insulin Syringe 100IU with Needle G26/29',48,'admin','2024-02-10 18:34:47','admin','2024-02-10 18:34:47',1,0);
INSERT INTO `oh_prices` VALUES (30769,1,'MED','9','Iodin Crystal 100g',30,'admin','2024-02-10 18:34:47','admin','2024-02-10 18:34:47',1,0);
INSERT INTO `oh_prices` VALUES (30770,1,'MED','187','Iodine Solution 2% 500ml',40,'admin','2024-02-10 18:34:47','admin','2024-02-10 18:34:47',1,0);
INSERT INTO `oh_prices` VALUES (30771,1,'MED','69','Iron Dextran 10mg/ml 2ml Vial',85,'admin','2024-02-10 18:34:47','admin','2024-02-10 18:34:47',1,0);
INSERT INTO `oh_prices` VALUES (30772,1,'MED','337','Irrigation can with acsessories',75,'admin','2024-02-10 18:34:47','admin','2024-02-10 18:34:47',1,0);
INSERT INTO `oh_prices` VALUES (30773,1,'MED','167','Isoniazid 300mg Tab',60,'admin','2024-02-10 18:34:47','admin','2024-02-10 18:34:47',1,0);
INSERT INTO `oh_prices` VALUES (30774,1,'MED','242','IV Canula G16 with Port',70,'admin','2024-02-10 18:34:47','admin','2024-02-10 18:34:47',1,0);
INSERT INTO `oh_prices` VALUES (30775,1,'MED','243','IV Canula G18 with Port',70,'admin','2024-02-10 18:34:47','admin','2024-02-10 18:34:47',1,0);
INSERT INTO `oh_prices` VALUES (30776,1,'MED','244','IV Canula G20 with Port',75,'admin','2024-02-10 18:34:47','admin','2024-02-10 18:34:47',1,0);
INSERT INTO `oh_prices` VALUES (30777,1,'MED','245','IV Canula G22 with Port',75,'admin','2024-02-10 18:34:47','admin','2024-02-10 18:34:47',1,0);
INSERT INTO `oh_prices` VALUES (30778,1,'MED','247','IV Canula G24 with Port',80,'admin','2024-02-10 18:34:47','admin','2024-02-10 18:34:47',1,0);
INSERT INTO `oh_prices` VALUES (30779,1,'MED','246','IV Canula G24 without Port',65,'admin','2024-02-10 18:34:47','admin','2024-02-10 18:34:47',1,0);
INSERT INTO `oh_prices` VALUES (30780,1,'MED','248','IV Giving set Disposable',55,'admin','2024-02-10 18:34:47','admin','2024-02-10 18:34:47',1,0);
INSERT INTO `oh_prices` VALUES (30781,1,'MED','71','Ketamine 10mg/ml 10ml Vial',40,'admin','2024-02-10 18:34:47','admin','2024-02-10 18:34:47',1,0);
INSERT INTO `oh_prices` VALUES (30782,1,'MED','70','Ketamine 10mg/ml 20ml Vial',60,'admin','2024-02-10 18:34:47','admin','2024-02-10 18:34:47',1,0);
INSERT INTO `oh_prices` VALUES (30783,1,'MED','168','Ketocanazole 200mg Tab',50,'admin','2024-02-10 18:34:47','admin','2024-02-10 18:34:47',1,0);
INSERT INTO `oh_prices` VALUES (30784,1,'MED','340','Kidney Dish Polypropylene 24cm',90,'admin','2024-02-10 18:34:47','admin','2024-02-10 18:34:47',1,0);
INSERT INTO `oh_prices` VALUES (30785,1,'MED','339','Kidney Dish stainless Steel 20cm',160,'admin','2024-02-10 18:34:47','admin','2024-02-10 18:34:47',1,0);
INSERT INTO `oh_prices` VALUES (30786,1,'MED','338','Kidney Dish stainless Steel 24cm',200,'admin','2024-02-10 18:34:47','admin','2024-02-10 18:34:47',1,0);
INSERT INTO `oh_prices` VALUES (30787,1,'MED','391','Lead Apron 100cmx60cm',180,'admin','2024-02-10 18:34:47','admin','2024-02-10 18:34:47',1,0);
INSERT INTO `oh_prices` VALUES (30788,1,'MED','72','Lignocaine 2% 20ml Vial',60,'admin','2024-02-10 18:34:47','admin','2024-02-10 18:34:47',1,0);
INSERT INTO `oh_prices` VALUES (30789,1,'MED','73','Lignocaine 2% Adrenaline Dent.cartridges',80,'admin','2024-02-10 18:34:47','admin','2024-02-10 18:34:47',1,0);
INSERT INTO `oh_prices` VALUES (30790,1,'MED','74','Lignocaine spinal 50mg/ml 2ml Amp',44,'admin','2024-02-10 18:34:47','admin','2024-02-10 18:34:47',1,0);
INSERT INTO `oh_prices` VALUES (30791,1,'MED','191','Liquid detergent 20Ltr',54,'admin','2024-02-10 18:34:47','admin','2024-02-10 18:34:47',1,0);
INSERT INTO `oh_prices` VALUES (30792,1,'MED','189','liquid detergent 5Ltr Perfumed',38,'admin','2024-02-10 18:34:47','admin','2024-02-10 18:34:47',1,0);
INSERT INTO `oh_prices` VALUES (30793,1,'MED','220','lubricating Jelly 42g',34,'admin','2024-02-10 18:34:47','admin','2024-02-10 18:34:47',1,0);
INSERT INTO `oh_prices` VALUES (30794,1,'MED','341','Mackintosh Plastic (Apron) per 1m',47,'admin','2024-02-10 18:34:47','admin','2024-02-10 18:34:47',1,0);
INSERT INTO `oh_prices` VALUES (30795,1,'MED','342','Mackintosh Rubber Brown (sheeting) per 1m',33,'admin','2024-02-10 18:34:47','admin','2024-02-10 18:34:47',1,0);
INSERT INTO `oh_prices` VALUES (30796,1,'MED','343','Measuring Cup Graduated 25ml',40,'admin','2024-02-10 18:34:47','admin','2024-02-10 18:34:47',1,0);
INSERT INTO `oh_prices` VALUES (30797,1,'MED','10','Methanol 99% 1ltr',70,'admin','2024-02-10 18:34:47','admin','2024-02-10 18:34:47',1,0);
INSERT INTO `oh_prices` VALUES (30798,1,'MED','75','Methylergomatrine 0.2mg/ml 1ml Amp',32,'admin','2024-02-10 18:34:47','admin','2024-02-10 18:34:47',1,0);
INSERT INTO `oh_prices` VALUES (30799,1,'MED','76','Methylergomatrine 0.5mg/ml 1ml Amp',42,'admin','2024-02-10 18:34:47','admin','2024-02-10 18:34:47',1,0);
INSERT INTO `oh_prices` VALUES (30800,1,'MED','77','Metoclopramide 5mg/ml 100ml Amp',50,'admin','2024-02-10 18:34:47','admin','2024-02-10 18:34:47',1,0);
INSERT INTO `oh_prices` VALUES (30801,1,'MED','78','Metronidazole 5mg/ml 2ml IV',50,'admin','2024-02-10 18:34:47','admin','2024-02-10 18:34:47',1,0);
INSERT INTO `oh_prices` VALUES (30802,1,'MED','79','Morphine 15mg/ml 1ml Amp',80,'admin','2024-02-10 18:34:47','admin','2024-02-10 18:34:47',1,0);
INSERT INTO `oh_prices` VALUES (30803,1,'MED','368','Mosquito Net Impregnated Large',100,'admin','2024-02-10 18:34:47','admin','2024-02-10 18:34:47',1,0);
INSERT INTO `oh_prices` VALUES (30804,1,'MED','367','Mosquito Net Impregnated Medium',80,'admin','2024-02-10 18:34:47','admin','2024-02-10 18:34:47',1,0);
INSERT INTO `oh_prices` VALUES (30805,1,'MED','372','Mosquito Net Impregnation Liquid 500ml',40,'admin','2024-02-10 18:34:47','admin','2024-02-10 18:34:47',1,0);
INSERT INTO `oh_prices` VALUES (30806,1,'MED','371','Mosquito Net Impregnation Tablet',30,'admin','2024-02-10 18:34:47','admin','2024-02-10 18:34:47',1,0);
INSERT INTO `oh_prices` VALUES (30807,1,'MED','370','Mosquito Net Non Impregnated Large',70,'admin','2024-02-10 18:34:47','admin','2024-02-10 18:34:47',1,0);
INSERT INTO `oh_prices` VALUES (30808,1,'MED','369','Mosquito Net Non Impregnated Medium',55,'admin','2024-02-10 18:34:47','admin','2024-02-10 18:34:47',1,0);
INSERT INTO `oh_prices` VALUES (30809,1,'MED','373','Mosquito Wal spray Powder 80g',28,'admin','2024-02-10 18:34:47','admin','2024-02-10 18:34:47',1,0);
INSERT INTO `oh_prices` VALUES (30810,1,'MED','297','Nasogastric Tube G10 (Children)',80,'admin','2024-02-10 18:34:47','admin','2024-02-10 18:34:47',1,0);
INSERT INTO `oh_prices` VALUES (30811,1,'MED','298','Nasogastric Tube G14 (Children)',80,'admin','2024-02-10 18:34:47','admin','2024-02-10 18:34:47',1,0);
INSERT INTO `oh_prices` VALUES (30812,1,'MED','299','Nasogastric Tube G16 (Children)',80,'admin','2024-02-10 18:34:47','admin','2024-02-10 18:34:47',1,0);
INSERT INTO `oh_prices` VALUES (30813,1,'MED','294','Nasogastric Tube G5 (Children)',80,'admin','2024-02-10 18:34:47','admin','2024-02-10 18:34:47',1,0);
INSERT INTO `oh_prices` VALUES (30814,1,'MED','296','Nasogastric Tube G6 (Children)',80,'admin','2024-02-10 18:34:47','admin','2024-02-10 18:34:47',1,0);
INSERT INTO `oh_prices` VALUES (30815,1,'MED','295','Nasogastric Tube G8 (Children)',80,'admin','2024-02-10 18:34:47','admin','2024-02-10 18:34:47',1,0);
INSERT INTO `oh_prices` VALUES (30816,1,'MED','346','Neck Support Large',90,'admin','2024-02-10 18:34:47','admin','2024-02-10 18:34:47',1,0);
INSERT INTO `oh_prices` VALUES (30817,1,'MED','345','Neck Support Medium',85,'admin','2024-02-10 18:34:47','admin','2024-02-10 18:34:47',1,0);
INSERT INTO `oh_prices` VALUES (30818,1,'MED','249','Needle container disposable of contaminated',78,'admin','2024-02-10 18:34:47','admin','2024-02-10 18:34:47',1,0);
INSERT INTO `oh_prices` VALUES (30819,1,'MED','381','Needle suture No 5 cutting',50,'admin','2024-02-10 18:34:47','admin','2024-02-10 18:34:47',1,0);
INSERT INTO `oh_prices` VALUES (30820,1,'MED','380','Needle suture No 5 round',50,'admin','2024-02-10 18:34:47','admin','2024-02-10 18:34:47',1,0);
INSERT INTO `oh_prices` VALUES (30821,1,'MED','382','Needle suture No 6 Round',50,'admin','2024-02-10 18:34:47','admin','2024-02-10 18:34:47',1,0);
INSERT INTO `oh_prices` VALUES (30822,1,'MED','250','Needles Luer G20 Disposable',60,'admin','2024-02-10 18:34:47','admin','2024-02-10 18:34:47',1,0);
INSERT INTO `oh_prices` VALUES (30823,1,'MED','251','Needles Luer G21 Disposable',60,'admin','2024-02-10 18:34:47','admin','2024-02-10 18:34:47',1,0);
INSERT INTO `oh_prices` VALUES (30824,1,'MED','252','Needles Luer G22 Disposable',60,'admin','2024-02-10 18:34:47','admin','2024-02-10 18:34:47',1,0);
INSERT INTO `oh_prices` VALUES (30825,1,'MED','253','Needles Luer G23 Disposable',60,'admin','2024-02-10 18:34:47','admin','2024-02-10 18:34:47',1,0);
INSERT INTO `oh_prices` VALUES (30826,1,'MED','254','Needles Spinal G20x75-120mm',80,'admin','2024-02-10 18:34:47','admin','2024-02-10 18:34:47',1,0);
INSERT INTO `oh_prices` VALUES (30827,1,'MED','257','Needles Spinal G22x40mm',80,'admin','2024-02-10 18:34:47','admin','2024-02-10 18:34:47',1,0);
INSERT INTO `oh_prices` VALUES (30828,1,'MED','255','Needles Spinal G22x75-120mm',80,'admin','2024-02-10 18:34:47','admin','2024-02-10 18:34:47',1,0);
INSERT INTO `oh_prices` VALUES (30829,1,'MED','256','Needles Spinal G25x75-120mm',80,'admin','2024-02-10 18:34:47','admin','2024-02-10 18:34:47',1,0);
INSERT INTO `oh_prices` VALUES (30830,1,'MED','344','Nesk Support Small',120,'admin','2024-02-10 18:34:47','admin','2024-02-10 18:34:47',1,0);
INSERT INTO `oh_prices` VALUES (30831,1,'MED','235','Neutral Red',72,'admin','2024-02-10 18:34:47','admin','2024-02-10 18:34:47',1,0);
INSERT INTO `oh_prices` VALUES (30832,1,'MED','26','Non 111 Chloride (Ferric chloride)',62,'admin','2024-02-10 18:34:47','admin','2024-02-10 18:34:47',1,0);
INSERT INTO `oh_prices` VALUES (30833,1,'MED','221','Nystatin 100,000 IU/g Ointment 30g',80,'admin','2024-02-10 18:34:47','admin','2024-02-10 18:34:47',1,0);
INSERT INTO `oh_prices` VALUES (30834,1,'MED','209','Nystatin 100.000 IU Pessaries',30,'admin','2024-02-10 18:34:47','admin','2024-02-10 18:34:47',1,0);
INSERT INTO `oh_prices` VALUES (30835,1,'MED','231','Nystatin 500.000IU/ Susp/ Drops',90,'admin','2024-02-10 18:34:47','admin','2024-02-10 18:34:47',1,0);
INSERT INTO `oh_prices` VALUES (30836,1,'MED','178','Oral Rehydration Salt (ORS)',30,'admin','2024-02-10 18:34:47','admin','2024-02-10 18:34:47',1,0);
INSERT INTO `oh_prices` VALUES (30837,1,'MED','80','Oxytocin 10 IU/ml 1ml Amp',72,'admin','2024-02-10 18:34:47','admin','2024-02-10 18:34:47',1,0);
INSERT INTO `oh_prices` VALUES (30838,1,'MED','180','Paracetamol 120mg/5ml 100ml',12,'admin','2024-02-10 18:34:47','admin','2024-02-10 18:34:47',1,0);
INSERT INTO `oh_prices` VALUES (30839,1,'MED','179','Paracetamol 120mg/5ml Syrup',12,'admin','2024-02-10 18:34:47','admin','2024-02-10 18:34:47',1,0);
INSERT INTO `oh_prices` VALUES (30840,1,'MED','415','Paracetamol 500 MG',22,'admin','2024-02-10 18:34:47','admin','2024-02-10 18:34:47',1,0);
INSERT INTO `oh_prices` VALUES (30841,1,'MED','81','Pethidine 100mg/ml 2ml Amp',32,'admin','2024-02-10 18:34:47','admin','2024-02-10 18:34:47',1,0);
INSERT INTO `oh_prices` VALUES (30842,1,'MED','82','Pethidine 50mg/ml 1ml Amp',20,'admin','2024-02-10 18:34:47','admin','2024-02-10 18:34:47',1,0);
INSERT INTO `oh_prices` VALUES (30843,1,'MED','83','Phenobarbital 100mg/ml 2ml Amp',30,'admin','2024-02-10 18:34:47','admin','2024-02-10 18:34:47',1,0);
INSERT INTO `oh_prices` VALUES (30844,1,'MED','11','Phenol crystals 1kg',320,'admin','2024-02-10 18:34:47','admin','2024-02-10 18:34:47',1,0);
INSERT INTO `oh_prices` VALUES (30845,1,'MED','84','Phytomenadione 10mg/ml 1ml Amp',90,'admin','2024-02-10 18:34:47','admin','2024-02-10 18:34:47',1,0);
INSERT INTO `oh_prices` VALUES (30846,1,'MED','85','Phytomenadione 1mg/ml 1ml Amp',30,'admin','2024-02-10 18:34:47','admin','2024-02-10 18:34:47',1,0);
INSERT INTO `oh_prices` VALUES (30847,1,'MED','284','Plaster of Paris 10cm',25,'admin','2024-02-10 18:34:47','admin','2024-02-10 18:34:47',1,0);
INSERT INTO `oh_prices` VALUES (30848,1,'MED','285','Plaster of Paris 15cm',35,'admin','2024-02-10 18:34:47','admin','2024-02-10 18:34:47',1,0);
INSERT INTO `oh_prices` VALUES (30849,1,'MED','12','Potassium iodide 100g',38,'admin','2024-02-10 18:34:47','admin','2024-02-10 18:34:47',1,0);
INSERT INTO `oh_prices` VALUES (30850,1,'MED','21','Potassium Oxalate',48,'admin','2024-02-10 18:34:47','admin','2024-02-10 18:34:47',1,0);
INSERT INTO `oh_prices` VALUES (30851,1,'MED','37','Pregnacy ( HGG Latex) 50 tests',360,'admin','2024-02-10 18:34:47','admin','2024-02-10 18:34:47',1,0);
INSERT INTO `oh_prices` VALUES (30852,1,'MED','86','Procaine Penicillin Fortified 4 MIU Vial',78,'admin','2024-02-10 18:34:47','admin','2024-02-10 18:34:47',1,0);
INSERT INTO `oh_prices` VALUES (30853,1,'MED','87','Promethazine 25mg/ml 2ml Amp',40,'admin','2024-02-10 18:34:47','admin','2024-02-10 18:34:47',1,0);
INSERT INTO `oh_prices` VALUES (30854,1,'MED','169','Pyridoxine 50mg Tab',34,'admin','2024-02-10 18:34:47','admin','2024-02-10 18:34:47',1,0);
INSERT INTO `oh_prices` VALUES (30855,1,'MED','181','Quinine 100mg/5ml Syrup 100ml',53,'admin','2024-02-10 18:34:47','admin','2024-02-10 18:34:47',1,0);
INSERT INTO `oh_prices` VALUES (30856,1,'MED','170','Quinine 300mg Tab',38,'admin','2024-02-10 18:34:47','admin','2024-02-10 18:34:47',1,0);
INSERT INTO `oh_prices` VALUES (30857,1,'MED','88','Quinine Di-HCI 300mg/ml 2ml Amp',40,'admin','2024-02-10 18:34:47','admin','2024-02-10 18:34:47',1,0);
INSERT INTO `oh_prices` VALUES (30858,1,'MED','171','Ranitidine 150mg Tab',27,'admin','2024-02-10 18:34:47','admin','2024-02-10 18:34:47',1,0);
INSERT INTO `oh_prices` VALUES (30859,1,'MED','89','Ranitidine 25mg/ml 2ml Amp',35,'admin','2024-02-10 18:34:47','admin','2024-02-10 18:34:47',1,0);
INSERT INTO `oh_prices` VALUES (30860,1,'MED','351','Razor Blades Disposable 5pc',60,'admin','2024-02-10 18:34:47','admin','2024-02-10 18:34:47',1,0);
INSERT INTO `oh_prices` VALUES (30861,1,'MED','300','Rectal Tube CH24',105,'admin','2024-02-10 18:34:47','admin','2024-02-10 18:34:47',1,0);
INSERT INTO `oh_prices` VALUES (30862,1,'MED','301','Rectal Tube CH26',110,'admin','2024-02-10 18:34:47','admin','2024-02-10 18:34:47',1,0);
INSERT INTO `oh_prices` VALUES (30863,1,'MED','172','Rifampicin/Isoniazid 150/100 Tab',33,'admin','2024-02-10 18:34:47','admin','2024-02-10 18:34:47',1,0);
INSERT INTO `oh_prices` VALUES (30864,1,'MED','39','RPR ( VDRL Carbon ) Antigen 5ml',44,'admin','2024-02-10 18:34:47','admin','2024-02-10 18:34:47',1,0);
INSERT INTO `oh_prices` VALUES (30865,1,'MED','38','RPR 125mm x 75mm',90,'admin','2024-02-10 18:34:47','admin','2024-02-10 18:34:47',1,0);
INSERT INTO `oh_prices` VALUES (30866,1,'MED','173','Salbutamol 4mg Tab',12,'admin','2024-02-10 18:34:47','admin','2024-02-10 18:34:47',1,0);
INSERT INTO `oh_prices` VALUES (30867,1,'MED','204','Salbutamol Inhaler 10ml',28,'admin','2024-02-10 18:34:47','admin','2024-02-10 18:34:47',1,0);
INSERT INTO `oh_prices` VALUES (30868,1,'MED','203','Salbutamol solution for inhalation 5ml',12,'admin','2024-02-10 18:34:47','admin','2024-02-10 18:34:47',1,0);
INSERT INTO `oh_prices` VALUES (30869,1,'MED','258','Scalp Vein G19 Infusion set',42,'admin','2024-02-10 18:34:47','admin','2024-02-10 18:34:47',1,0);
INSERT INTO `oh_prices` VALUES (30870,1,'MED','259','Scalp Vein G21 Infusion set',44,'admin','2024-02-10 18:34:47','admin','2024-02-10 18:34:47',1,0);
INSERT INTO `oh_prices` VALUES (30871,1,'MED','260','Scalp Vein G23 Infusion set',46,'admin','2024-02-10 18:34:47','admin','2024-02-10 18:34:47',1,0);
INSERT INTO `oh_prices` VALUES (30872,1,'MED','261','Scalp Vein G25 Infusion set',48,'admin','2024-02-10 18:34:47','admin','2024-02-10 18:34:47',1,0);
INSERT INTO `oh_prices` VALUES (30873,1,'MED','190','Soap Blue Bar 550g',8,'admin','2024-02-10 18:34:47','admin','2024-02-10 18:34:47',1,0);
INSERT INTO `oh_prices` VALUES (30874,1,'MED','192','Soap Powder Hand wash 5kg',60,'admin','2024-02-10 18:34:47','admin','2024-02-10 18:34:47',1,0);
INSERT INTO `oh_prices` VALUES (30875,1,'MED','27','Sodium Carbonate Anhydrous',50,'admin','2024-02-10 18:34:47','admin','2024-02-10 18:34:47',1,0);
INSERT INTO `oh_prices` VALUES (30876,1,'MED','13','Sodium Carbonate Anhydrous 500g',75,'admin','2024-02-10 18:34:47','admin','2024-02-10 18:34:47',1,0);
INSERT INTO `oh_prices` VALUES (30877,1,'MED','96','Sodium Chloride 0.9% IV 500ml',65,'admin','2024-02-10 18:34:47','admin','2024-02-10 18:34:47',1,0);
INSERT INTO `oh_prices` VALUES (30878,1,'MED','232','Sodium Chloride Apyrogen 50kg',300,'admin','2024-02-10 18:34:47','admin','2024-02-10 18:34:47',1,0);
INSERT INTO `oh_prices` VALUES (30879,1,'MED','14','Sodium Citrate 100g',30,'admin','2024-02-10 18:34:47','admin','2024-02-10 18:34:47',1,0);
INSERT INTO `oh_prices` VALUES (30880,1,'MED','20','Sodium Flouride',40,'admin','2024-02-10 18:34:47','admin','2024-02-10 18:34:47',1,0);
INSERT INTO `oh_prices` VALUES (30881,1,'MED','188','Sodium Hypochloride solution 0.75 Ltr',66,'admin','2024-02-10 18:34:47','admin','2024-02-10 18:34:47',1,0);
INSERT INTO `oh_prices` VALUES (30882,1,'MED','193','Sodium Hypochlorite solution 5Ltr',120,'admin','2024-02-10 18:34:47','admin','2024-02-10 18:34:47',1,0);
INSERT INTO `oh_prices` VALUES (30883,1,'MED','97','Sodium Lactate Compound IV 500ml',45,'admin','2024-02-10 18:34:47','admin','2024-02-10 18:34:47',1,0);
INSERT INTO `oh_prices` VALUES (30884,1,'MED','16','Sodium Nitrate 25g',265,'admin','2024-02-10 18:34:47','admin','2024-02-10 18:34:47',1,0);
INSERT INTO `oh_prices` VALUES (30885,1,'MED','15','Sodium Sulphate 500g',35,'admin','2024-02-10 18:34:47','admin','2024-02-10 18:34:47',1,0);
INSERT INTO `oh_prices` VALUES (30886,1,'MED','174','Spironolactone 25mg Tab',23,'admin','2024-02-10 18:34:47','admin','2024-02-10 18:34:47',1,0);
INSERT INTO `oh_prices` VALUES (30887,1,'MED','347','Spoon Medicine 5ml',20,'admin','2024-02-10 18:34:47','admin','2024-02-10 18:34:47',1,0);
INSERT INTO `oh_prices` VALUES (30888,1,'MED','352','Stethoscope Foetal Metal',420,'admin','2024-02-10 18:34:47','admin','2024-02-10 18:34:47',1,0);
INSERT INTO `oh_prices` VALUES (30889,1,'MED','353','Stethoscope Foetal Wood',380,'admin','2024-02-10 18:34:47','admin','2024-02-10 18:34:47',1,0);
INSERT INTO `oh_prices` VALUES (30890,1,'MED','90','Streptomycin 1g Vial',58,'admin','2024-02-10 18:34:48','admin','2024-02-10 18:34:48',1,0);
INSERT INTO `oh_prices` VALUES (30891,1,'MED','307','Suction Cathether Size 10 Disposable',70,'admin','2024-02-10 18:34:48','admin','2024-02-10 18:34:48',1,0);
INSERT INTO `oh_prices` VALUES (30892,1,'MED','305','Suction Cathether Size 12 Disposable',80,'admin','2024-02-10 18:34:48','admin','2024-02-10 18:34:48',1,0);
INSERT INTO `oh_prices` VALUES (30893,1,'MED','306','Suction Cathether Size 14 Disposable',80,'admin','2024-02-10 18:34:48','admin','2024-02-10 18:34:48',1,0);
INSERT INTO `oh_prices` VALUES (30894,1,'MED','304','Suction Cathether Size 16 Disposable',80,'admin','2024-02-10 18:34:48','admin','2024-02-10 18:34:48',1,0);
INSERT INTO `oh_prices` VALUES (30895,1,'MED','302','Suction Cathether Size 6 Disposable',70,'admin','2024-02-10 18:34:48','admin','2024-02-10 18:34:48',1,0);
INSERT INTO `oh_prices` VALUES (30896,1,'MED','303','Suction Cathether Size 8 Disposable',70,'admin','2024-02-10 18:34:48','admin','2024-02-10 18:34:48',1,0);
INSERT INTO `oh_prices` VALUES (30897,1,'MED','17','Sulphosalicylic Acid 500g',40,'admin','2024-02-10 18:34:48','admin','2024-02-10 18:34:48',1,0);
INSERT INTO `oh_prices` VALUES (30898,1,'MED','18','Sulphuric Acid Conc 1ltr',55,'admin','2024-02-10 18:34:48','admin','2024-02-10 18:34:48',1,0);
INSERT INTO `oh_prices` VALUES (30899,1,'MED','376','Surgical Blades No 20',130,'admin','2024-02-10 18:34:48','admin','2024-02-10 18:34:48',1,0);
INSERT INTO `oh_prices` VALUES (30900,1,'MED','377','Surgical Blades No 21',130,'admin','2024-02-10 18:34:48','admin','2024-02-10 18:34:48',1,0);
INSERT INTO `oh_prices` VALUES (30901,1,'MED','378','Surgical Blades No 22',140,'admin','2024-02-10 18:34:48','admin','2024-02-10 18:34:48',1,0);
INSERT INTO `oh_prices` VALUES (30902,1,'MED','379','Surgical Blades No 23',140,'admin','2024-02-10 18:34:48','admin','2024-02-10 18:34:48',1,0);
INSERT INTO `oh_prices` VALUES (30903,1,'MED','354','Surgical Brush (Scrubbing)',115,'admin','2024-02-10 18:34:48','admin','2024-02-10 18:34:48',1,0);
INSERT INTO `oh_prices` VALUES (30904,1,'MED','355','Surgical Mop 12 x 15',70,'admin','2024-02-10 18:34:48','admin','2024-02-10 18:34:48',1,0);
INSERT INTO `oh_prices` VALUES (30905,1,'MED','383','Suture Cutgut Chromic (0)',55,'admin','2024-02-10 18:34:48','admin','2024-02-10 18:34:48',1,0);
INSERT INTO `oh_prices` VALUES (30906,1,'MED','384','Suture Cutgut Chromic (2) RN22240TH',60,'admin','2024-02-10 18:34:48','admin','2024-02-10 18:34:48',1,0);
INSERT INTO `oh_prices` VALUES (30907,1,'MED','385','Suture Cutgut Chromic (2/0) RN22230TH',60,'admin','2024-02-10 18:34:48','admin','2024-02-10 18:34:48',1,0);
INSERT INTO `oh_prices` VALUES (30908,1,'MED','386','Suture Cutgut Chromic (3/0) RN2325TF',60,'admin','2024-02-10 18:34:48','admin','2024-02-10 18:34:48',1,0);
INSERT INTO `oh_prices` VALUES (30909,1,'MED','387','Suture Cutgut Plain (2/0) RN1230TF',55,'admin','2024-02-10 18:34:48','admin','2024-02-10 18:34:48',1,0);
INSERT INTO `oh_prices` VALUES (30910,1,'MED','390','Suture PGA (3/0) RN3330TF',70,'admin','2024-02-10 18:34:48','admin','2024-02-10 18:34:48',1,0);
INSERT INTO `oh_prices` VALUES (30911,1,'MED','388','Suture Silk (1) S595',55,'admin','2024-02-10 18:34:48','admin','2024-02-10 18:34:48',1,0);
INSERT INTO `oh_prices` VALUES (30912,1,'MED','389','Suture Silk (2/0) RN5230TF',60,'admin','2024-02-10 18:34:48','admin','2024-02-10 18:34:48',1,0);
INSERT INTO `oh_prices` VALUES (30913,1,'MED','91','Suxamethonium 500mg Vial',40,'admin','2024-02-10 18:34:48','admin','2024-02-10 18:34:48',1,0);
INSERT INTO `oh_prices` VALUES (30914,1,'MED','92','Suxamethonium 500mg/ml 2ml Amp',45,'admin','2024-02-10 18:34:48','admin','2024-02-10 18:34:48',1,0);
INSERT INTO `oh_prices` VALUES (30915,1,'MED','262','Syringe Feeding/Irrigation 50/60ml',60,'admin','2024-02-10 18:34:48','admin','2024-02-10 18:34:48',1,0);
INSERT INTO `oh_prices` VALUES (30916,1,'MED','264','Syringe Luer 10ml With Needle Disposable',30,'admin','2024-02-10 18:34:48','admin','2024-02-10 18:34:48',1,0);
INSERT INTO `oh_prices` VALUES (30917,1,'MED','265','Syringe Luer 20ml With Needle Disposable',35,'admin','2024-02-10 18:34:48','admin','2024-02-10 18:34:48',1,0);
INSERT INTO `oh_prices` VALUES (30918,1,'MED','263','Syringe Luer 2ml With Needle Disposable',28,'admin','2024-02-10 18:34:48','admin','2024-02-10 18:34:48',1,0);
INSERT INTO `oh_prices` VALUES (30919,1,'MED','266','Syringe Luer 5ml With Needle Disposable',30,'admin','2024-02-10 18:34:48','admin','2024-02-10 18:34:48',1,0);
INSERT INTO `oh_prices` VALUES (30920,1,'MED','356','Tablet Counting Tray',40,'admin','2024-02-10 18:34:48','admin','2024-02-10 18:34:48',1,0);
INSERT INTO `oh_prices` VALUES (30921,1,'MED','93','tetanus Antitoxin 1500 IU 1ml Amp',38,'admin','2024-02-10 18:34:48','admin','2024-02-10 18:34:48',1,0);
INSERT INTO `oh_prices` VALUES (30922,1,'MED','200','Tetracycline eye ointment 1% 3.5g',50,'admin','2024-02-10 18:34:48','admin','2024-02-10 18:34:48',1,0);
INSERT INTO `oh_prices` VALUES (30923,1,'MED','360','Thermometer Clinical Flat Type',60,'admin','2024-02-10 18:34:48','admin','2024-02-10 18:34:48',1,0);
INSERT INTO `oh_prices` VALUES (30924,1,'MED','361','Thermometer Clinical Prismatic Type',80,'admin','2024-02-10 18:34:48','admin','2024-02-10 18:34:48',1,0);
INSERT INTO `oh_prices` VALUES (30925,1,'MED','94','Thiopental Sodium 500mg Vial',30,'admin','2024-02-10 18:34:48','admin','2024-02-10 18:34:48',1,0);
INSERT INTO `oh_prices` VALUES (30926,1,'MED','357','Toilet Paper Rolls',20,'admin','2024-02-10 18:34:48','admin','2024-02-10 18:34:48',1,0);
INSERT INTO `oh_prices` VALUES (30927,1,'MED','175','Tolbutamide 500mg tab',32,'admin','2024-02-10 18:34:48','admin','2024-02-10 18:34:48',1,0);
INSERT INTO `oh_prices` VALUES (30928,1,'MED','319','Tongue depressor Disposable',50,'admin','2024-02-10 18:34:48','admin','2024-02-10 18:34:48',1,0);
INSERT INTO `oh_prices` VALUES (30929,1,'MED','359','Traction Kit Adult',240,'admin','2024-02-10 18:34:48','admin','2024-02-10 18:34:48',1,0);
INSERT INTO `oh_prices` VALUES (30930,1,'MED','358','Traction Kit Children',220,'admin','2024-02-10 18:34:48','admin','2024-02-10 18:34:48',1,0);
INSERT INTO `oh_prices` VALUES (30931,1,'MED','25','Trichloro acetic Acid',40,'admin','2024-02-10 18:34:48','admin','2024-02-10 18:34:48',1,0);
INSERT INTO `oh_prices` VALUES (30932,1,'MED','28','Trisodium Citrate',38,'admin','2024-02-10 18:34:48','admin','2024-02-10 18:34:48',1,0);
INSERT INTO `oh_prices` VALUES (30933,1,'MED','223','Ultrasound Gel 5Ltr',200,'admin','2024-02-10 18:34:48','admin','2024-02-10 18:34:48',1,0);
INSERT INTO `oh_prices` VALUES (30934,1,'MED','222','Ultrasound Gel 800g',80,'admin','2024-02-10 18:34:48','admin','2024-02-10 18:34:48',1,0);
INSERT INTO `oh_prices` VALUES (30935,1,'MED','362','Umbilical Cord Tie non sterile 100m',260,'admin','2024-02-10 18:34:48','admin','2024-02-10 18:34:48',1,0);
INSERT INTO `oh_prices` VALUES (30936,1,'MED','363','Umbilical Cord Tie sterile 22m',90,'admin','2024-02-10 18:34:48','admin','2024-02-10 18:34:48',1,0);
INSERT INTO `oh_prices` VALUES (30937,1,'MED','122','UREA Calorimetric 300 Tests',330,'admin','2024-02-10 18:34:48','admin','2024-02-10 18:34:48',1,0);
INSERT INTO `oh_prices` VALUES (30938,1,'MED','364','Urinal 1Ltr / 2Ltr',30,'admin','2024-02-10 18:34:48','admin','2024-02-10 18:34:48',1,0);
INSERT INTO `oh_prices` VALUES (30939,1,'MED','365','Urine Collecting Bag sterile 2Ltr',40,'admin','2024-02-10 18:34:48','admin','2024-02-10 18:34:48',1,0);
INSERT INTO `oh_prices` VALUES (30940,1,'MED','202','Urine Test Strips 3 Parameters 100 tests',290,'admin','2024-02-10 18:34:48','admin','2024-02-10 18:34:48',1,0);
INSERT INTO `oh_prices` VALUES (30941,1,'MED','176','Vitamin A 200.000 IU Caps',60,'admin','2024-02-10 18:34:48','admin','2024-02-10 18:34:48',1,0);
INSERT INTO `oh_prices` VALUES (30942,1,'MED','177','Vitamin B Complex Tab',40,'admin','2024-02-10 18:34:48','admin','2024-02-10 18:34:48',1,0);
INSERT INTO `oh_prices` VALUES (30943,1,'MED','95','Water for Injection 10ml Vial',30,'admin','2024-02-10 18:34:48','admin','2024-02-10 18:34:48',1,0);
INSERT INTO `oh_prices` VALUES (30944,1,'MED','224','Whitfield Oinment 200g',34,'admin','2024-02-10 18:34:48','admin','2024-02-10 18:34:48',1,0);
INSERT INTO `oh_prices` VALUES (30945,1,'MED','225','Whitfield Oinment 25g',18,'admin','2024-02-10 18:34:48','admin','2024-02-10 18:34:48',1,0);
INSERT INTO `oh_prices` VALUES (30946,1,'MED','392','X-Ray Developer 2.6kg for 22.5Ltr',120,'admin','2024-02-10 18:34:48','admin','2024-02-10 18:34:48',1,0);
INSERT INTO `oh_prices` VALUES (30947,1,'MED','393','X-Ray Film 18x24cm',80,'admin','2024-02-10 18:34:48','admin','2024-02-10 18:34:48',1,0);
INSERT INTO `oh_prices` VALUES (30948,1,'MED','394','X-Ray Film 20x40cm',85,'admin','2024-02-10 18:34:48','admin','2024-02-10 18:34:48',1,0);
INSERT INTO `oh_prices` VALUES (30949,1,'MED','395','X-Ray Film 24x30cm',95,'admin','2024-02-10 18:34:48','admin','2024-02-10 18:34:48',1,0);
INSERT INTO `oh_prices` VALUES (30950,1,'MED','396','X-Ray Film 30x40cm',100,'admin','2024-02-10 18:34:48','admin','2024-02-10 18:34:48',1,0);
INSERT INTO `oh_prices` VALUES (30951,1,'MED','397','X-Ray Film 35x35cm',105,'admin','2024-02-10 18:34:48','admin','2024-02-10 18:34:48',1,0);
INSERT INTO `oh_prices` VALUES (30952,1,'MED','398','X-Ray Film 43x35cm',110,'admin','2024-02-10 18:34:48','admin','2024-02-10 18:34:48',1,0);
INSERT INTO `oh_prices` VALUES (30953,1,'MED','399','X-Ray Film Cassette  18x24cm with screen',60,'admin','2024-02-10 18:34:48','admin','2024-02-10 18:34:48',1,0);
INSERT INTO `oh_prices` VALUES (30954,1,'MED','400','X-Ray Film Cassette  24x30cm with screen',65,'admin','2024-02-10 18:34:48','admin','2024-02-10 18:34:48',1,0);
INSERT INTO `oh_prices` VALUES (30955,1,'MED','401','X-Ray Film Cassette  30x40cm with screen',70,'admin','2024-02-10 18:34:48','admin','2024-02-10 18:34:48',1,0);
INSERT INTO `oh_prices` VALUES (30956,1,'MED','402','X-Ray Film Cassette  35x35cm with screen',75,'admin','2024-02-10 18:34:48','admin','2024-02-10 18:34:48',1,0);
INSERT INTO `oh_prices` VALUES (30957,1,'MED','403','X-Ray Film Cassette  35x43cm with screen',80,'admin','2024-02-10 18:34:48','admin','2024-02-10 18:34:48',1,0);
INSERT INTO `oh_prices` VALUES (30958,1,'MED','404','X-Ray Fixer 3.3kg for 22.5 Ltr',160,'admin','2024-02-10 18:34:48','admin','2024-02-10 18:34:48',1,0);
INSERT INTO `oh_prices` VALUES (30959,1,'MED','19','Xylene 2.5 ltrs',80,'admin','2024-02-10 18:34:48','admin','2024-02-10 18:34:48',1,0);
INSERT INTO `oh_prices` VALUES (30960,1,'OTH','1','Amount per day',30,'admin','2024-02-10 18:34:48','admin','2024-02-10 18:34:48',1,0);
INSERT INTO `oh_prices` VALUES (30961,4,'EXA','01.01','1.1 HB',12.5,'admin','2024-02-10 18:36:09','admin','2024-02-10 18:36:09',1,0);
INSERT INTO `oh_prices` VALUES (30962,4,'EXA','01.02','1.2 WBC Count',12.5,'admin','2024-02-10 18:36:09','admin','2024-02-10 18:36:09',1,0);
INSERT INTO `oh_prices` VALUES (30963,4,'EXA','01.03','1.3 Differential ',15,'admin','2024-02-10 18:36:09','admin','2024-02-10 18:36:09',1,0);
INSERT INTO `oh_prices` VALUES (30964,4,'EXA','01.04','1.4 Film Comment',10,'admin','2024-02-10 18:36:09','admin','2024-02-10 18:36:09',1,0);
INSERT INTO `oh_prices` VALUES (30965,4,'EXA','01.05','1.5 ESR',17.5,'admin','2024-02-10 18:36:09','admin','2024-02-10 18:36:09',1,0);
INSERT INTO `oh_prices` VALUES (30966,4,'EXA','01.06','1.6 Sickling Test',17.5,'admin','2024-02-10 18:36:09','admin','2024-02-10 18:36:09',1,0);
INSERT INTO `oh_prices` VALUES (30967,4,'EXA','02.01','2.1 Grouping',12.5,'admin','2024-02-10 18:36:09','admin','2024-02-10 18:36:09',1,0);
INSERT INTO `oh_prices` VALUES (30968,4,'EXA','02.02','2.2 Comb\'s Test',15,'admin','2024-02-10 18:36:09','admin','2024-02-10 18:36:09',1,0);
INSERT INTO `oh_prices` VALUES (30969,4,'EXA','03.01','3.1 Blood Slide (Malaria)',12.5,'admin','2024-02-10 18:36:09','admin','2024-02-10 18:36:09',1,0);
INSERT INTO `oh_prices` VALUES (30970,4,'EXA','03.02','3.2 Blood Slide (OTHERS, E.G. TRIUPHANOSOMIAS, MICRIFILARIA, LEISHMANIA, BORRELIA)',15,'admin','2024-02-10 18:36:09','admin','2024-02-10 18:36:09',1,0);
INSERT INTO `oh_prices` VALUES (30971,4,'EXA','03.021','3.21 Trypanosomiasis',18.75,'admin','2024-02-10 18:36:09','admin','2024-02-10 18:36:09',1,0);
INSERT INTO `oh_prices` VALUES (30972,4,'EXA','03.022','3.22 MICROFILARIA',15,'admin','2024-02-10 18:36:09','admin','2024-02-10 18:36:09',1,0);
INSERT INTO `oh_prices` VALUES (30973,4,'EXA','03.023','3.23 LEISHMANIA',15,'admin','2024-02-10 18:36:09','admin','2024-02-10 18:36:09',1,0);
INSERT INTO `oh_prices` VALUES (30974,4,'EXA','03.024','3.24 BORRELIA',15,'admin','2024-02-10 18:36:09','admin','2024-02-10 18:36:09',1,0);
INSERT INTO `oh_prices` VALUES (30975,4,'EXA','03.03','3.3 STOOL MICROSCOPY',20,'admin','2024-02-10 18:36:09','admin','2024-02-10 18:36:09',1,0);
INSERT INTO `oh_prices` VALUES (30976,4,'EXA','03.04','3.4 URINE MICROSCOPY',20,'admin','2024-02-10 18:36:09','admin','2024-02-10 18:36:09',1,0);
INSERT INTO `oh_prices` VALUES (30977,4,'EXA','03.05','3.5 TISSUE MICROSCOPY',20,'admin','2024-02-10 18:36:09','admin','2024-02-10 18:36:09',1,0);
INSERT INTO `oh_prices` VALUES (30978,4,'EXA','03.06','3.6 CSF WET PREP',15,'admin','2024-02-10 18:36:09','admin','2024-02-10 18:36:09',1,0);
INSERT INTO `oh_prices` VALUES (30979,4,'EXA','04.01','4.1 CULTURE AND SENSITIVITY (C&S) FOR HAEMOPHILUS INFUENZA TYPE B',22.5,'admin','2024-02-10 18:36:09','admin','2024-02-10 18:36:09',1,0);
INSERT INTO `oh_prices` VALUES (30980,4,'EXA','04.02','4.2 C&S FOR SALMONELA TYPHI',22.5,'admin','2024-02-10 18:36:09','admin','2024-02-10 18:36:09',1,0);
INSERT INTO `oh_prices` VALUES (30981,4,'EXA','04.03','4.3 C&S FOR VIBRO CHOLERA',22.5,'admin','2024-02-10 18:36:09','admin','2024-02-10 18:36:09',1,0);
INSERT INTO `oh_prices` VALUES (30982,4,'EXA','04.04','4.4 C&S FOR SHIGELLA DYSENTERIAE',22.5,'admin','2024-02-10 18:36:09','admin','2024-02-10 18:36:09',1,0);
INSERT INTO `oh_prices` VALUES (30983,4,'EXA','04.05','4.5 C&S FOR NEISSERIA MENINGITIDES',22.5,'admin','2024-02-10 18:36:09','admin','2024-02-10 18:36:09',1,0);
INSERT INTO `oh_prices` VALUES (30984,4,'EXA','04.06','4.6 OTHER C&S ',12.5,'admin','2024-02-10 18:36:09','admin','2024-02-10 18:36:09',1,0);
INSERT INTO `oh_prices` VALUES (30985,4,'EXA','05.01','5.1 WET PREP',10,'admin','2024-02-10 18:36:09','admin','2024-02-10 18:36:09',1,0);
INSERT INTO `oh_prices` VALUES (30986,4,'EXA','05.02','5.2 GRAM STAIN',17.5,'admin','2024-02-10 18:36:09','admin','2024-02-10 18:36:09',1,0);
INSERT INTO `oh_prices` VALUES (30987,4,'EXA','05.03','5.3 INDIA INK',15,'admin','2024-02-10 18:36:09','admin','2024-02-10 18:36:09',1,0);
INSERT INTO `oh_prices` VALUES (30988,4,'EXA','05.04','5.4 LEISMANIA',12.5,'admin','2024-02-10 18:36:09','admin','2024-02-10 18:36:09',1,0);
INSERT INTO `oh_prices` VALUES (30989,4,'EXA','05.05','5.5 ZN',25,'admin','2024-02-10 18:36:09','admin','2024-02-10 18:36:09',1,0);
INSERT INTO `oh_prices` VALUES (30990,4,'EXA','05.06','5.6 WAYSON',25,'admin','2024-02-10 18:36:09','admin','2024-02-10 18:36:09',1,0);
INSERT INTO `oh_prices` VALUES (30991,4,'EXA','05.07','5.7 PAP SMEAR',22.5,'admin','2024-02-10 18:36:09','admin','2024-02-10 18:36:09',1,0);
INSERT INTO `oh_prices` VALUES (30992,4,'EXA','06.01','6.1 VDRL/RPR',25,'admin','2024-02-10 18:36:09','admin','2024-02-10 18:36:09',1,0);
INSERT INTO `oh_prices` VALUES (30993,4,'EXA','06.02','6.2 TPHA',22.5,'admin','2024-02-10 18:36:09','admin','2024-02-10 18:36:09',1,0);
INSERT INTO `oh_prices` VALUES (30994,4,'EXA','06.03','6.3 HIV',18.75,'admin','2024-02-10 18:36:09','admin','2024-02-10 18:36:09',1,0);
INSERT INTO `oh_prices` VALUES (30995,4,'EXA','06.04','6.4 HEPATITIS',15,'admin','2024-02-10 18:36:09','admin','2024-02-10 18:36:09',1,0);
INSERT INTO `oh_prices` VALUES (30996,4,'EXA','06.05','6.5 OTHERS E.G BRUCELLA, RHEUMATOID FACTOR, WEIL FELIX',25,'admin','2024-02-10 18:36:09','admin','2024-02-10 18:36:09',1,0);
INSERT INTO `oh_prices` VALUES (30997,4,'EXA','06.06','6.6 PREGNANCY TEST',12.5,'admin','2024-02-10 18:36:09','admin','2024-02-10 18:36:09',1,0);
INSERT INTO `oh_prices` VALUES (30998,4,'EXA','07.01','7.1 PROTEIN',10,'admin','2024-02-10 18:36:09','admin','2024-02-10 18:36:09',1,0);
INSERT INTO `oh_prices` VALUES (30999,4,'EXA','07.02','7.2 SUGAR',10,'admin','2024-02-10 18:36:09','admin','2024-02-10 18:36:09',1,0);
INSERT INTO `oh_prices` VALUES (31000,4,'EXA','07.03','7.3 LFTS',10,'admin','2024-02-10 18:36:09','admin','2024-02-10 18:36:09',1,0);
INSERT INTO `oh_prices` VALUES (31001,4,'EXA','07.03.1','7.3.1 BILIRUBIN TOTAL',10,'admin','2024-02-10 18:36:09','admin','2024-02-10 18:36:09',1,0);
INSERT INTO `oh_prices` VALUES (31002,4,'EXA','07.03.2','7.3.2 BILIRUBIN DIRECT',10,'admin','2024-02-10 18:36:09','admin','2024-02-10 18:36:09',1,0);
INSERT INTO `oh_prices` VALUES (31003,4,'EXA','07.03.3','7.3.3 GOT',12.5,'admin','2024-02-10 18:36:09','admin','2024-02-10 18:36:09',1,0);
INSERT INTO `oh_prices` VALUES (31004,4,'EXA','07.03.4','7.3.4 ALT/GPT',12.5,'admin','2024-02-10 18:36:09','admin','2024-02-10 18:36:09',1,0);
INSERT INTO `oh_prices` VALUES (31005,4,'EXA','07.04','7.4 RFTS',12.5,'admin','2024-02-10 18:36:09','admin','2024-02-10 18:36:09',1,0);
INSERT INTO `oh_prices` VALUES (31006,4,'EXA','07.04.1','7.4.1 CREATININA',10,'admin','2024-02-10 18:36:09','admin','2024-02-10 18:36:09',1,0);
INSERT INTO `oh_prices` VALUES (31007,4,'EXA','07.04.2','7.4.2 UREA',10,'admin','2024-02-10 18:36:09','admin','2024-02-10 18:36:09',1,0);
INSERT INTO `oh_prices` VALUES (31008,4,'EXA','08.01','8.1 OCCULT BLOOD',15,'admin','2024-02-10 18:36:09','admin','2024-02-10 18:36:09',1,0);
INSERT INTO `oh_prices` VALUES (31009,4,'EXA','URI','URINALYSIS',12.5,'admin','2024-02-10 18:36:09','admin','2024-02-10 18:36:09',1,0);
INSERT INTO `oh_prices` VALUES (31010,4,'OPE','45','Abdominal Tumours',150,'admin','2024-02-10 18:36:09','admin','2024-02-10 18:36:09',1,0);
INSERT INTO `oh_prices` VALUES (31011,4,'OPE','13','Acute abdomen',150,'admin','2024-02-10 18:36:09','admin','2024-02-10 18:36:09',1,0);
INSERT INTO `oh_prices` VALUES (31012,4,'OPE','43','Appendicitis',100,'admin','2024-02-10 18:36:09','admin','2024-02-10 18:36:09',1,0);
INSERT INTO `oh_prices` VALUES (31013,4,'OPE','30','Bladder biopsy',100,'admin','2024-02-10 18:36:09','admin','2024-02-10 18:36:09',1,0);
INSERT INTO `oh_prices` VALUES (31014,4,'OPE','1','Caesarian section',100,'admin','2024-02-10 18:36:09','admin','2024-02-10 18:36:09',1,0);
INSERT INTO `oh_prices` VALUES (31015,4,'OPE','44','Cholecystitis',75,'admin','2024-02-10 18:36:09','admin','2024-02-10 18:36:09',1,0);
INSERT INTO `oh_prices` VALUES (31016,4,'OPE','21','circumcision',50,'admin','2024-02-10 18:36:09','admin','2024-02-10 18:36:09',1,0);
INSERT INTO `oh_prices` VALUES (31017,4,'OPE','20','Cystorele',75,'admin','2024-02-10 18:36:09','admin','2024-02-10 18:36:09',1,0);
INSERT INTO `oh_prices` VALUES (31018,4,'OPE','51','Debridement',200,'admin','2024-02-10 18:36:09','admin','2024-02-10 18:36:09',1,0);
INSERT INTO `oh_prices` VALUES (31019,4,'OPE','11','Dilatation and curettage',150,'admin','2024-02-10 18:36:09','admin','2024-02-10 18:36:09',1,0);
INSERT INTO `oh_prices` VALUES (31020,4,'OPE','24','dorsal slit-paraphimosis',225,'admin','2024-02-10 18:36:09','admin','2024-02-10 18:36:09',1,0);
INSERT INTO `oh_prices` VALUES (31021,4,'OPE','14','Ectopic pregnancy',162.5,'admin','2024-02-10 18:36:09','admin','2024-02-10 18:36:09',1,0);
INSERT INTO `oh_prices` VALUES (31022,4,'OPE','3','elective',150,'admin','2024-02-10 18:36:09','admin','2024-02-10 18:36:09',1,0);
INSERT INTO `oh_prices` VALUES (31023,4,'OPE','2','emergency',62.5,'admin','2024-02-10 18:36:09','admin','2024-02-10 18:36:09',1,0);
INSERT INTO `oh_prices` VALUES (31024,4,'OPE','34','Epigastrical Hernia',125,'admin','2024-02-10 18:36:09','admin','2024-02-10 18:36:09',1,0);
INSERT INTO `oh_prices` VALUES (31025,4,'OPE','8','Evacuations',75,'admin','2024-02-10 18:36:09','admin','2024-02-10 18:36:09',1,0);
INSERT INTO `oh_prices` VALUES (31026,4,'OPE','31','Hernia (inguinal & femoral)',175,'admin','2024-02-10 18:36:09','admin','2024-02-10 18:36:09',1,0);
INSERT INTO `oh_prices` VALUES (31027,4,'OPE','26','Hydroceletomy',325,'admin','2024-02-10 18:36:09','admin','2024-02-10 18:36:09',1,0);
INSERT INTO `oh_prices` VALUES (31028,4,'OPE','4','Hysterectomy',250,'admin','2024-02-10 18:36:09','admin','2024-02-10 18:36:09',1,0);
INSERT INTO `oh_prices` VALUES (31029,4,'OPE','7','Hysterectomy',250,'admin','2024-02-10 18:36:09','admin','2024-02-10 18:36:09',1,0);
INSERT INTO `oh_prices` VALUES (31030,4,'OPE','50','Incission & drainage',175,'admin','2024-02-10 18:36:09','admin','2024-02-10 18:36:09',1,0);
INSERT INTO `oh_prices` VALUES (31031,4,'OPE','9','Incomplete abortion',225,'admin','2024-02-10 18:36:09','admin','2024-02-10 18:36:09',1,0);
INSERT INTO `oh_prices` VALUES (31032,4,'OPE','6','Injured uterus',125,'admin','2024-02-10 18:36:09','admin','2024-02-10 18:36:09',1,0);
INSERT INTO `oh_prices` VALUES (31033,4,'OPE','37','Intestinal obstruction',106.25,'admin','2024-02-10 18:36:09','admin','2024-02-10 18:36:09',1,0);
INSERT INTO `oh_prices` VALUES (31034,4,'OPE','40','Laparatomy',250,'admin','2024-02-10 18:36:09','admin','2024-02-10 18:36:09',1,0);
INSERT INTO `oh_prices` VALUES (31035,4,'OPE','48','Lower limb',125,'admin','2024-02-10 18:36:09','admin','2024-02-10 18:36:09',1,0);
INSERT INTO `oh_prices` VALUES (31036,4,'OPE','38','Mechanical',100,'admin','2024-02-10 18:36:09','admin','2024-02-10 18:36:09',1,0);
INSERT INTO `oh_prices` VALUES (31037,4,'OPE','52','Mise -a- plat',62.5,'admin','2024-02-10 18:36:09','admin','2024-02-10 18:36:09',1,0);
INSERT INTO `oh_prices` VALUES (31038,4,'OPE','33','Non strangulated',93.75,'admin','2024-02-10 18:36:09','admin','2024-02-10 18:36:09',1,0);
INSERT INTO `oh_prices` VALUES (31039,4,'OPE','49','Osteomyelitis - sequestrectomy',200,'admin','2024-02-10 18:36:09','admin','2024-02-10 18:36:09',1,0);
INSERT INTO `oh_prices` VALUES (31040,4,'OPE','18','Ovarian tumours',250,'admin','2024-02-10 18:36:09','admin','2024-02-10 18:36:09',1,0);
INSERT INTO `oh_prices` VALUES (31041,4,'OPE','23','paraphimosis',112.5,'admin','2024-02-10 18:36:09','admin','2024-02-10 18:36:09',1,0);
INSERT INTO `oh_prices` VALUES (31042,4,'OPE','16','Pelvic abscess',250,'admin','2024-02-10 18:36:09','admin','2024-02-10 18:36:09',1,0);
INSERT INTO `oh_prices` VALUES (31043,4,'OPE','41','Penetrating abdominal injuries',112.5,'admin','2024-02-10 18:36:09','admin','2024-02-10 18:36:09',1,0);
INSERT INTO `oh_prices` VALUES (31044,4,'OPE','42','Peritonitis',225,'admin','2024-02-10 18:36:09','admin','2024-02-10 18:36:09',1,0);
INSERT INTO `oh_prices` VALUES (31045,4,'OPE','15','Peritonitis',225,'admin','2024-02-10 18:36:09','admin','2024-02-10 18:36:09',1,0);
INSERT INTO `oh_prices` VALUES (31046,4,'OPE','22','phimosis',150,'admin','2024-02-10 18:36:09','admin','2024-02-10 18:36:09',1,0);
INSERT INTO `oh_prices` VALUES (31047,4,'OPE','29','Prostate biopsy',100,'admin','2024-02-10 18:36:09','admin','2024-02-10 18:36:09',1,0);
INSERT INTO `oh_prices` VALUES (31048,4,'OPE','28','Prostatectomy',150,'admin','2024-02-10 18:36:09','admin','2024-02-10 18:36:09',1,0);
INSERT INTO `oh_prices` VALUES (31049,4,'OPE','46','Reduction of fractures',125,'admin','2024-02-10 18:36:09','admin','2024-02-10 18:36:09',1,0);
INSERT INTO `oh_prices` VALUES (31050,4,'OPE','12','Repair of vesico-vaginal fistula (vvf)',150,'admin','2024-02-10 18:36:09','admin','2024-02-10 18:36:09',1,0);
INSERT INTO `oh_prices` VALUES (31051,4,'OPE','5','Ruptured uterus',150,'admin','2024-02-10 18:36:09','admin','2024-02-10 18:36:09',1,0);
INSERT INTO `oh_prices` VALUES (31052,4,'OPE','10','Septic abortion',100,'admin','2024-02-10 18:36:09','admin','2024-02-10 18:36:09',1,0);
INSERT INTO `oh_prices` VALUES (31053,4,'OPE','32','Strangulated',75,'admin','2024-02-10 18:36:09','admin','2024-02-10 18:36:09',1,0);
INSERT INTO `oh_prices` VALUES (31054,4,'OPE','53','Surgical toilet  & suture',62.5,'admin','2024-02-10 18:36:09','admin','2024-02-10 18:36:09',1,0);
INSERT INTO `oh_prices` VALUES (31055,4,'OPE','27','Testicular tumours',250,'admin','2024-02-10 18:36:09','admin','2024-02-10 18:36:09',1,0);
INSERT INTO `oh_prices` VALUES (31056,4,'OPE','47','Upper limb',250,'admin','2024-02-10 18:36:09','admin','2024-02-10 18:36:09',1,0);
INSERT INTO `oh_prices` VALUES (31057,4,'OPE','25','uretheral stricture-bougienage',162.5,'admin','2024-02-10 18:36:09','admin','2024-02-10 18:36:09',1,0);
INSERT INTO `oh_prices` VALUES (31058,4,'OPE','17','Uterine fibroids',150,'admin','2024-02-10 18:36:09','admin','2024-02-10 18:36:09',1,0);
INSERT INTO `oh_prices` VALUES (31059,4,'OPE','19','Uterine prolapse',150,'admin','2024-02-10 18:36:09','admin','2024-02-10 18:36:09',1,0);
INSERT INTO `oh_prices` VALUES (31060,4,'OPE','39','Volvulus',125,'admin','2024-02-10 18:36:09','admin','2024-02-10 18:36:09',1,0);
INSERT INTO `oh_prices` VALUES (31061,4,'MED','24','4 Dimethyl Aminobenzaldelyde',75,'admin','2024-02-10 18:36:09','admin','2024-02-10 18:36:09',1,0);
INSERT INTO `oh_prices` VALUES (31062,4,'MED','98','Acetazolamide 250mg Tab',37.5,'admin','2024-02-10 18:36:09','admin','2024-02-10 18:36:09',1,0);
INSERT INTO `oh_prices` VALUES (31063,4,'MED','2','Acetic Acid Glacial 1 ltr',75,'admin','2024-02-10 18:36:09','admin','2024-02-10 18:36:09',1,0);
INSERT INTO `oh_prices` VALUES (31064,4,'MED','3','Aceton 99% 1ltr',62.5,'admin','2024-02-10 18:36:09','admin','2024-02-10 18:36:09',1,0);
INSERT INTO `oh_prices` VALUES (31065,4,'MED','414','Aciclovir cream',60,'admin','2024-02-10 18:36:09','admin','2024-02-10 18:36:09',1,0);
INSERT INTO `oh_prices` VALUES (31066,4,'MED','99','Acyclovir 200mg Tab',40,'admin','2024-02-10 18:36:09','admin','2024-02-10 18:36:09',1,0);
INSERT INTO `oh_prices` VALUES (31067,4,'MED','273','Adhesive Tape 2.5cm x 5m',35,'admin','2024-02-10 18:36:09','admin','2024-02-10 18:36:09',1,0);
INSERT INTO `oh_prices` VALUES (31068,4,'MED','274','Adhesive Tape 7.5cm x 5m',47.5,'admin','2024-02-10 18:36:09','admin','2024-02-10 18:36:09',1,0);
INSERT INTO `oh_prices` VALUES (31069,4,'MED','40','Adrenaline 1mg/ml 1ml Amp',75,'admin','2024-02-10 18:36:09','admin','2024-02-10 18:36:09',1,0);
INSERT INTO `oh_prices` VALUES (31070,4,'MED','326','Air ring set 43x15cm, rubber with pump',87.5,'admin','2024-02-10 18:36:09','admin','2024-02-10 18:36:09',1,0);
INSERT INTO `oh_prices` VALUES (31071,4,'MED','268','Airway Guedel Size 0',75,'admin','2024-02-10 18:36:09','admin','2024-02-10 18:36:09',1,0);
INSERT INTO `oh_prices` VALUES (31072,4,'MED','267','Airway Guedel Size 00',75,'admin','2024-02-10 18:36:09','admin','2024-02-10 18:36:09',1,0);
INSERT INTO `oh_prices` VALUES (31073,4,'MED','269','Airway Guedel Size 1',75,'admin','2024-02-10 18:36:09','admin','2024-02-10 18:36:09',1,0);
INSERT INTO `oh_prices` VALUES (31074,4,'MED','270','Airway Guedel Size 2',75,'admin','2024-02-10 18:36:09','admin','2024-02-10 18:36:09',1,0);
INSERT INTO `oh_prices` VALUES (31075,4,'MED','271','Airway Guedel Size 3',75,'admin','2024-02-10 18:36:09','admin','2024-02-10 18:36:09',1,0);
INSERT INTO `oh_prices` VALUES (31076,4,'MED','103','Albendazole 200mg Tab',43.75,'admin','2024-02-10 18:36:09','admin','2024-02-10 18:36:09',1,0);
INSERT INTO `oh_prices` VALUES (31077,4,'MED','102','Albendazole 400mg Tab',75,'admin','2024-02-10 18:36:09','admin','2024-02-10 18:36:09',1,0);
INSERT INTO `oh_prices` VALUES (31078,4,'MED','41','Aminophyline 25mg/ml,10ml Amp',40,'admin','2024-02-10 18:36:09','admin','2024-02-10 18:36:09',1,0);
INSERT INTO `oh_prices` VALUES (31079,4,'MED','101','Aminophylline 100mg Tab',60,'admin','2024-02-10 18:36:09','admin','2024-02-10 18:36:09',1,0);
INSERT INTO `oh_prices` VALUES (31080,4,'MED','104','Amitriptyline 25mg Tab',35,'admin','2024-02-10 18:36:09','admin','2024-02-10 18:36:09',1,0);
INSERT INTO `oh_prices` VALUES (31081,4,'MED','23','Amonium Oxalate',87.5,'admin','2024-02-10 18:36:09','admin','2024-02-10 18:36:09',1,0);
INSERT INTO `oh_prices` VALUES (31082,4,'MED','106','Amoxycillin /Clavulanate 375mg Tab',37.5,'admin','2024-02-10 18:36:09','admin','2024-02-10 18:36:09',1,0);
INSERT INTO `oh_prices` VALUES (31083,4,'MED','226','Amoxycillin 125mg/5ml Powd. Susp 100ml',35,'admin','2024-02-10 18:36:09','admin','2024-02-10 18:36:09',1,0);
INSERT INTO `oh_prices` VALUES (31084,4,'MED','105','Amoxycillin 250mg Caps',32.5,'admin','2024-02-10 18:36:09','admin','2024-02-10 18:36:09',1,0);
INSERT INTO `oh_prices` VALUES (31085,4,'MED','42','Amphotericin B 50mg Vial',50,'admin','2024-02-10 18:36:09','admin','2024-02-10 18:36:09',1,0);
INSERT INTO `oh_prices` VALUES (31086,4,'MED','43','Ampicillin 500mg Vial',65,'admin','2024-02-10 18:36:09','admin','2024-02-10 18:36:09',1,0);
INSERT INTO `oh_prices` VALUES (31087,4,'MED','238','Anti Serum A 10ml',37.5,'admin','2024-02-10 18:36:09','admin','2024-02-10 18:36:09',1,0);
INSERT INTO `oh_prices` VALUES (31088,4,'MED','408','Anti Serum AB 10ml',37.5,'admin','2024-02-10 18:36:09','admin','2024-02-10 18:36:09',1,0);
INSERT INTO `oh_prices` VALUES (31089,4,'MED','407','Anti Serum B 10ml',37.5,'admin','2024-02-10 18:36:09','admin','2024-02-10 18:36:09',1,0);
INSERT INTO `oh_prices` VALUES (31090,4,'MED','409','Anti Serum D 10ml',37.5,'admin','2024-02-10 18:36:09','admin','2024-02-10 18:36:09',1,0);
INSERT INTO `oh_prices` VALUES (31091,4,'MED','208','Antihaemorrhoid suppositories',31.25,'admin','2024-02-10 18:36:09','admin','2024-02-10 18:36:09',1,0);
INSERT INTO `oh_prices` VALUES (31092,4,'MED','348','Apron Plastic Re-usable',87.5,'admin','2024-02-10 18:36:09','admin','2024-02-10 18:36:09',1,0);
INSERT INTO `oh_prices` VALUES (31093,4,'MED','349','Apron Plastic Re-usable local',87.5,'admin','2024-02-10 18:36:09','admin','2024-02-10 18:36:09',1,0);
INSERT INTO `oh_prices` VALUES (31094,4,'MED','350','Apron Polythene Disp Non Sterile',75,'admin','2024-02-10 18:36:09','admin','2024-02-10 18:36:09',1,0);
INSERT INTO `oh_prices` VALUES (31095,4,'MED','416','Artemether+Lumefantrine 25-35kg',150,'admin','2024-02-10 18:36:09','admin','2024-02-10 18:36:09',1,0);
INSERT INTO `oh_prices` VALUES (31096,4,'MED','107','Ascorbic Acid 100mg tab',25,'admin','2024-02-10 18:36:09','admin','2024-02-10 18:36:09',1,0);
INSERT INTO `oh_prices` VALUES (31097,4,'MED','108','Aspirin 300mg Tab',20,'admin','2024-02-10 18:36:09','admin','2024-02-10 18:36:09',1,0);
INSERT INTO `oh_prices` VALUES (31098,4,'MED','110','Atenolol 100mg Tab',25,'admin','2024-02-10 18:36:09','admin','2024-02-10 18:36:09',1,0);
INSERT INTO `oh_prices` VALUES (31099,4,'MED','109','Atenolol 50mg Tab',30,'admin','2024-02-10 18:36:09','admin','2024-02-10 18:36:09',1,0);
INSERT INTO `oh_prices` VALUES (31100,4,'MED','44','Atropine 1mg/ml 1ml Amp',35,'admin','2024-02-10 18:36:09','admin','2024-02-10 18:36:09',1,0);
INSERT INTO `oh_prices` VALUES (31101,4,'MED','405','Barium Sulphate for X-Ray 1kg',100,'admin','2024-02-10 18:36:09','admin','2024-02-10 18:36:09',1,0);
INSERT INTO `oh_prices` VALUES (31102,4,'MED','201','Beclamethasone 50mcg Innhaler',112.5,'admin','2024-02-10 18:36:09','admin','2024-02-10 18:36:09',1,0);
INSERT INTO `oh_prices` VALUES (31103,4,'MED','320','Bedpan Plastic Autoclavable',125,'admin','2024-02-10 18:36:09','admin','2024-02-10 18:36:09',1,0);
INSERT INTO `oh_prices` VALUES (31104,4,'MED','321','Bedpan Stainless Steel',225,'admin','2024-02-10 18:36:09','admin','2024-02-10 18:36:09',1,0);
INSERT INTO `oh_prices` VALUES (31105,4,'MED','111','Bendrofluazide 5mg Tab',27.5,'admin','2024-02-10 18:36:09','admin','2024-02-10 18:36:09',1,0);
INSERT INTO `oh_prices` VALUES (31106,4,'MED','45','Benzathine Penicillin 2.4 MIU Vial',50,'admin','2024-02-10 18:36:09','admin','2024-02-10 18:36:09',1,0);
INSERT INTO `oh_prices` VALUES (31107,4,'MED','112','Benzhexol 2mg Tab',25,'admin','2024-02-10 18:36:09','admin','2024-02-10 18:36:09',1,0);
INSERT INTO `oh_prices` VALUES (31108,4,'MED','113','Benzhexol 5mg Tab',37.5,'admin','2024-02-10 18:36:09','admin','2024-02-10 18:36:09',1,0);
INSERT INTO `oh_prices` VALUES (31109,4,'MED','211','Benzyl Benzoate 25% 100ml',42.5,'admin','2024-02-10 18:36:09','admin','2024-02-10 18:36:09',1,0);
INSERT INTO `oh_prices` VALUES (31110,4,'MED','46','Benzyl Penicillin 1 MIU Vial',35,'admin','2024-02-10 18:36:09','admin','2024-02-10 18:36:09',1,0);
INSERT INTO `oh_prices` VALUES (31111,4,'MED','47','Benzyl Penicillin 5 MIU Vial',47.5,'admin','2024-02-10 18:36:09','admin','2024-02-10 18:36:09',1,0);
INSERT INTO `oh_prices` VALUES (31112,4,'MED','194','Betamethasone 0.1% eye/ear/nose drops',50,'admin','2024-02-10 18:36:09','admin','2024-02-10 18:36:09',1,0);
INSERT INTO `oh_prices` VALUES (31113,4,'MED','195','Betamethasone 0.1% Neomycin 0.35 %eye drops 7.5ml',56.25,'admin','2024-02-10 18:36:09','admin','2024-02-10 18:36:09',1,0);
INSERT INTO `oh_prices` VALUES (31114,4,'MED','114','Bisacodyl 5mg Tab',25,'admin','2024-02-10 18:36:09','admin','2024-02-10 18:36:09',1,0);
INSERT INTO `oh_prices` VALUES (31115,4,'MED','239','Blood giving set Disposable',31.25,'admin','2024-02-10 18:36:09','admin','2024-02-10 18:36:09',1,0);
INSERT INTO `oh_prices` VALUES (31116,4,'MED','240','Blood Transfer Bag 300ml',25,'admin','2024-02-10 18:36:09','admin','2024-02-10 18:36:09',1,0);
INSERT INTO `oh_prices` VALUES (31117,4,'MED','322','Body Bag 70 x 215cm  (Adult)',112.5,'admin','2024-02-10 18:36:09','admin','2024-02-10 18:36:09',1,0);
INSERT INTO `oh_prices` VALUES (31118,4,'MED','325','Bowl Without Lid 10 x 24cm stainless steel',150,'admin','2024-02-10 18:36:09','admin','2024-02-10 18:36:09',1,0);
INSERT INTO `oh_prices` VALUES (31119,4,'MED','323','Bowl Without Lid 7 x 12cm stainless steel',175,'admin','2024-02-10 18:36:09','admin','2024-02-10 18:36:09',1,0);
INSERT INTO `oh_prices` VALUES (31120,4,'MED','324','Bowl Without Lid 8 x 16cm stainless steel',162.5,'admin','2024-02-10 18:36:09','admin','2024-02-10 18:36:09',1,0);
INSERT INTO `oh_prices` VALUES (31121,4,'MED','22','Brillians crystal blue',93.75,'admin','2024-02-10 18:36:09','admin','2024-02-10 18:36:09',1,0);
INSERT INTO `oh_prices` VALUES (31122,4,'MED','213','Calamine Lotion 100ml',37.5,'admin','2024-02-10 18:36:09','admin','2024-02-10 18:36:09',1,0);
INSERT INTO `oh_prices` VALUES (31123,4,'MED','212','Calamine Lotion 3Ltr',225,'admin','2024-02-10 18:36:09','admin','2024-02-10 18:36:09',1,0);
INSERT INTO `oh_prices` VALUES (31124,4,'MED','115','Calcium Lactate 300mg Tab',45,'admin','2024-02-10 18:36:09','admin','2024-02-10 18:36:09',1,0);
INSERT INTO `oh_prices` VALUES (31125,4,'MED','116','Carbamazepine 200mg Tab',35,'admin','2024-02-10 18:36:09','admin','2024-02-10 18:36:09',1,0);
INSERT INTO `oh_prices` VALUES (31126,4,'MED','117','Carbimazole 5mg Tab',25,'admin','2024-02-10 18:36:09','admin','2024-02-10 18:36:09',1,0);
INSERT INTO `oh_prices` VALUES (31127,4,'MED','288','Cathether Foley CH10 3 Way Ballon',50,'admin','2024-02-10 18:36:09','admin','2024-02-10 18:36:09',1,0);
INSERT INTO `oh_prices` VALUES (31128,4,'MED','289','Cathether Foley CH12 3 Way Ballon',50,'admin','2024-02-10 18:36:09','admin','2024-02-10 18:36:09',1,0);
INSERT INTO `oh_prices` VALUES (31129,4,'MED','290','Cathether Foley CH14 3 Way Ballon',50,'admin','2024-02-10 18:36:09','admin','2024-02-10 18:36:09',1,0);
INSERT INTO `oh_prices` VALUES (31130,4,'MED','291','Cathether Foley CH16 3 Way Ballon',50,'admin','2024-02-10 18:36:09','admin','2024-02-10 18:36:09',1,0);
INSERT INTO `oh_prices` VALUES (31131,4,'MED','292','Cathether Foley CH18 3 Way Ballon',50,'admin','2024-02-10 18:36:09','admin','2024-02-10 18:36:09',1,0);
INSERT INTO `oh_prices` VALUES (31132,4,'MED','286','Cathether Foley CH20 3 Way Ballon',50,'admin','2024-02-10 18:36:09','admin','2024-02-10 18:36:09',1,0);
INSERT INTO `oh_prices` VALUES (31133,4,'MED','287','Cathether Foley CH8 3 Way Ballon',50,'admin','2024-02-10 18:36:09','admin','2024-02-10 18:36:09',1,0);
INSERT INTO `oh_prices` VALUES (31134,4,'MED','293','Cathether Stopper for All sizes',37.5,'admin','2024-02-10 18:36:09','admin','2024-02-10 18:36:09',1,0);
INSERT INTO `oh_prices` VALUES (31135,4,'MED','118','Charcoal 250mg Tab',22.5,'admin','2024-02-10 18:36:09','admin','2024-02-10 18:36:09',1,0);
INSERT INTO `oh_prices` VALUES (31136,4,'MED','196','Chloramphenicol 0.5% Eye Drops 10ml',50,'admin','2024-02-10 18:36:09','admin','2024-02-10 18:36:09',1,0);
INSERT INTO `oh_prices` VALUES (31137,4,'MED','228','Chloramphenicol 125mg/5ml Susp 100ml',37.5,'admin','2024-02-10 18:36:09','admin','2024-02-10 18:36:09',1,0);
INSERT INTO `oh_prices` VALUES (31138,4,'MED','227','Chloramphenicol 125mg/5ml Susp 3Ltr',150,'admin','2024-02-10 18:36:09','admin','2024-02-10 18:36:09',1,0);
INSERT INTO `oh_prices` VALUES (31139,4,'MED','48','Chloramphenicol 1g Vial',37.5,'admin','2024-02-10 18:36:09','admin','2024-02-10 18:36:09',1,0);
INSERT INTO `oh_prices` VALUES (31140,4,'MED','119','Chloramphenicol 250mg Caps',37.5,'admin','2024-02-10 18:36:09','admin','2024-02-10 18:36:09',1,0);
INSERT INTO `oh_prices` VALUES (31141,4,'MED','183','Chlorhexidine/Centrimide 1.5/15% 1Ltr',75,'admin','2024-02-10 18:36:09','admin','2024-02-10 18:36:09',1,0);
INSERT INTO `oh_prices` VALUES (31142,4,'MED','184','Chlorhexidine/Centrimide 1.5/15% 5Ltr',225,'admin','2024-02-10 18:36:09','admin','2024-02-10 18:36:09',1,0);
INSERT INTO `oh_prices` VALUES (31143,4,'MED','49','Chloroquine 40mg Base/ml 5ml Amp',25,'admin','2024-02-10 18:36:09','admin','2024-02-10 18:36:09',1,0);
INSERT INTO `oh_prices` VALUES (31144,4,'MED','121','Chloroquine Coated 150mg Tab',37.5,'admin','2024-02-10 18:36:09','admin','2024-02-10 18:36:09',1,0);
INSERT INTO `oh_prices` VALUES (31145,4,'MED','120','Chloroquine Uncoated 150mg Tab',31.25,'admin','2024-02-10 18:36:09','admin','2024-02-10 18:36:09',1,0);
INSERT INTO `oh_prices` VALUES (31146,4,'MED','123','Chlorphenimine 4mg Tab',25,'admin','2024-02-10 18:36:09','admin','2024-02-10 18:36:09',1,0);
INSERT INTO `oh_prices` VALUES (31147,4,'MED','124','Chlorpromazine 100mg Tab',47.5,'admin','2024-02-10 18:36:09','admin','2024-02-10 18:36:09',1,0);
INSERT INTO `oh_prices` VALUES (31148,4,'MED','125','Chlorpromazine 25mg Tab',22.5,'admin','2024-02-10 18:36:09','admin','2024-02-10 18:36:09',1,0);
INSERT INTO `oh_prices` VALUES (31149,4,'MED','50','Chlorpromazine 25mg/ml/2ml Amp',27.5,'admin','2024-02-10 18:36:09','admin','2024-02-10 18:36:09',1,0);
INSERT INTO `oh_prices` VALUES (31150,4,'MED','126','Cimetidine 200mg Tab',43.75,'admin','2024-02-10 18:36:09','admin','2024-02-10 18:36:09',1,0);
INSERT INTO `oh_prices` VALUES (31151,4,'MED','127','Cimetidine 400mg Tab',75,'admin','2024-02-10 18:36:09','admin','2024-02-10 18:36:09',1,0);
INSERT INTO `oh_prices` VALUES (31152,4,'MED','129','Ciprofloxacine 250mg Tab',50,'admin','2024-02-10 18:36:09','admin','2024-02-10 18:36:09',1,0);
INSERT INTO `oh_prices` VALUES (31153,4,'MED','128','Ciprofloxacine 500mg Tab',68.75,'admin','2024-02-10 18:36:10','admin','2024-02-10 18:36:10',1,0);
INSERT INTO `oh_prices` VALUES (31154,4,'MED','197','Cloramphenicol 1% Eye Ointment 3.5g',75,'admin','2024-02-10 18:36:10','admin','2024-02-10 18:36:10',1,0);
INSERT INTO `oh_prices` VALUES (31155,4,'MED','215','Clotrimazole !% cream 15/20g',62.5,'admin','2024-02-10 18:36:10','admin','2024-02-10 18:36:10',1,0);
INSERT INTO `oh_prices` VALUES (31156,4,'MED','214','Clotrimazole !% cream 200mg',125,'admin','2024-02-10 18:36:10','admin','2024-02-10 18:36:10',1,0);
INSERT INTO `oh_prices` VALUES (31157,4,'MED','206','Clotrimazole 100mg Pessaries',75,'admin','2024-02-10 18:36:10','admin','2024-02-10 18:36:10',1,0);
INSERT INTO `oh_prices` VALUES (31158,4,'MED','205','Clotrimazole 500mg Pessaries',150,'admin','2024-02-10 18:36:10','admin','2024-02-10 18:36:10',1,0);
INSERT INTO `oh_prices` VALUES (31159,4,'MED','130','Cloxacillin 250mg Tab',37.5,'admin','2024-02-10 18:36:10','admin','2024-02-10 18:36:10',1,0);
INSERT INTO `oh_prices` VALUES (31160,4,'MED','51','Cloxacillin 500mg Vial',50,'admin','2024-02-10 18:36:10','admin','2024-02-10 18:36:10',1,0);
INSERT INTO `oh_prices` VALUES (31161,4,'MED','417','Coartem 15-25kg',125,'admin','2024-02-10 18:36:10','admin','2024-02-10 18:36:10',1,0);
INSERT INTO `oh_prices` VALUES (31162,4,'MED','418','Coartem 5-15kg',87.5,'admin','2024-02-10 18:36:10','admin','2024-02-10 18:36:10',1,0);
INSERT INTO `oh_prices` VALUES (31163,4,'MED','131','Codein Phosphate 30mg Tab',33.75,'admin','2024-02-10 18:36:10','admin','2024-02-10 18:36:10',1,0);
INSERT INTO `oh_prices` VALUES (31164,4,'MED','327','Colostomy Bag closed 30mm size 2',75,'admin','2024-02-10 18:36:10','admin','2024-02-10 18:36:10',1,0);
INSERT INTO `oh_prices` VALUES (31165,4,'MED','328','Colostomy Bag closed 30mm size 3',81.25,'admin','2024-02-10 18:36:10','admin','2024-02-10 18:36:10',1,0);
INSERT INTO `oh_prices` VALUES (31166,4,'MED','329','Colostomy Bag open re-usable 35mm',93.75,'admin','2024-02-10 18:36:10','admin','2024-02-10 18:36:10',1,0);
INSERT INTO `oh_prices` VALUES (31167,4,'MED','4','Copper 11 Sulphate 500g',50,'admin','2024-02-10 18:36:10','admin','2024-02-10 18:36:10',1,0);
INSERT INTO `oh_prices` VALUES (31168,4,'MED','132','Cotrimoxazole 100/20mg Paed Tab',43.75,'admin','2024-02-10 18:36:10','admin','2024-02-10 18:36:10',1,0);
INSERT INTO `oh_prices` VALUES (31169,4,'MED','230','Cotrimoxazole 200+40mg/5ml Susp 100ml',50,'admin','2024-02-10 18:36:10','admin','2024-02-10 18:36:10',1,0);
INSERT INTO `oh_prices` VALUES (31170,4,'MED','229','Cotrimoxazole 200+40mg/5ml Susp 3Ltr',112.5,'admin','2024-02-10 18:36:10','admin','2024-02-10 18:36:10',1,0);
INSERT INTO `oh_prices` VALUES (31171,4,'MED','133','Cotrimoxazole 400/80mg Tab',37.5,'admin','2024-02-10 18:36:10','admin','2024-02-10 18:36:10',1,0);
INSERT INTO `oh_prices` VALUES (31172,4,'MED','276','Cotton Wool 200G',15,'admin','2024-02-10 18:36:10','admin','2024-02-10 18:36:10',1,0);
INSERT INTO `oh_prices` VALUES (31173,4,'MED','275','cotton Wool 500G',25,'admin','2024-02-10 18:36:10','admin','2024-02-10 18:36:10',1,0);
INSERT INTO `oh_prices` VALUES (31174,4,'MED','410','Creatinine 200ml (Calorimetric)',22.5,'admin','2024-02-10 18:36:10','admin','2024-02-10 18:36:10',1,0);
INSERT INTO `oh_prices` VALUES (31175,4,'MED','29','Crystal Violet',50,'admin','2024-02-10 18:36:10','admin','2024-02-10 18:36:10',1,0);
INSERT INTO `oh_prices` VALUES (31176,4,'MED','52','Cyclophosphamide 200mg Vial',62.5,'admin','2024-02-10 18:36:10','admin','2024-02-10 18:36:10',1,0);
INSERT INTO `oh_prices` VALUES (31177,4,'MED','53','Cyclophosphamide 500mg Vial',93.75,'admin','2024-02-10 18:36:10','admin','2024-02-10 18:36:10',1,0);
INSERT INTO `oh_prices` VALUES (31178,4,'MED','134','Darrows Half Strength 500ml',87.5,'admin','2024-02-10 18:36:10','admin','2024-02-10 18:36:10',1,0);
INSERT INTO `oh_prices` VALUES (31179,4,'MED','140','DEXAMethasone 0.5mg Tab',37.5,'admin','2024-02-10 18:36:10','admin','2024-02-10 18:36:10',1,0);
INSERT INTO `oh_prices` VALUES (31180,4,'MED','136','DEXAMethasone 4mg/ml 1ml Amp',47.5,'admin','2024-02-10 18:36:10','admin','2024-02-10 18:36:10',1,0);
INSERT INTO `oh_prices` VALUES (31181,4,'MED','135','DEXAMethasone 4mg/ml 2ml Amp',62.5,'admin','2024-02-10 18:36:10','admin','2024-02-10 18:36:10',1,0);
INSERT INTO `oh_prices` VALUES (31182,4,'MED','138','Dextrose 30% IV 100ml',25,'admin','2024-02-10 18:36:10','admin','2024-02-10 18:36:10',1,0);
INSERT INTO `oh_prices` VALUES (31183,4,'MED','137','Dextrose 5% IV 500ml',50,'admin','2024-02-10 18:36:10','admin','2024-02-10 18:36:10',1,0);
INSERT INTO `oh_prices` VALUES (31184,4,'MED','139','Dextrose 50% IV 100ml',25,'admin','2024-02-10 18:36:10','admin','2024-02-10 18:36:10',1,0);
INSERT INTO `oh_prices` VALUES (31185,4,'MED','210','Dextrose Monohydrate Apyrogen 25Kg',125,'admin','2024-02-10 18:36:10','admin','2024-02-10 18:36:10',1,0);
INSERT INTO `oh_prices` VALUES (31186,4,'MED','406','Diatrizoate Meglumin Sod 76% 20ml Amp',56.25,'admin','2024-02-10 18:36:10','admin','2024-02-10 18:36:10',1,0);
INSERT INTO `oh_prices` VALUES (31187,4,'MED','207','Diazepam 2mg/ml 2.5ml Rectal Tube',75,'admin','2024-02-10 18:36:10','admin','2024-02-10 18:36:10',1,0);
INSERT INTO `oh_prices` VALUES (31188,4,'MED','54','Diazepam 5mg / ml 2ml Amp',56.25,'admin','2024-02-10 18:36:10','admin','2024-02-10 18:36:10',1,0);
INSERT INTO `oh_prices` VALUES (31189,4,'MED','141','Diazepam 5mg Tab',50,'admin','2024-02-10 18:36:10','admin','2024-02-10 18:36:10',1,0);
INSERT INTO `oh_prices` VALUES (31190,4,'MED','55','Diclofenac 25mg/ml 3ml Amp',37.5,'admin','2024-02-10 18:36:10','admin','2024-02-10 18:36:10',1,0);
INSERT INTO `oh_prices` VALUES (31191,4,'MED','142','Diclofenac 50mg Tab',56.25,'admin','2024-02-10 18:36:10','admin','2024-02-10 18:36:10',1,0);
INSERT INTO `oh_prices` VALUES (31192,4,'MED','143','Diethylcarbamazine 50mg Tab',43.75,'admin','2024-02-10 18:36:10','admin','2024-02-10 18:36:10',1,0);
INSERT INTO `oh_prices` VALUES (31193,4,'MED','144','Digoxin 0.25 mg Tab',31.25,'admin','2024-02-10 18:36:10','admin','2024-02-10 18:36:10',1,0);
INSERT INTO `oh_prices` VALUES (31194,4,'MED','56','Digoxin 0.25 mg/ml 2ml Amp',35,'admin','2024-02-10 18:36:10','admin','2024-02-10 18:36:10',1,0);
INSERT INTO `oh_prices` VALUES (31195,4,'MED','145','Doxycycline 100mg Tab',40,'admin','2024-02-10 18:36:10','admin','2024-02-10 18:36:10',1,0);
INSERT INTO `oh_prices` VALUES (31196,4,'MED','330','Ear syringe rubber 60ml',75,'admin','2024-02-10 18:36:10','admin','2024-02-10 18:36:10',1,0);
INSERT INTO `oh_prices` VALUES (31197,4,'MED','5','EDTA Di- sodium salt 100g',22.5,'admin','2024-02-10 18:36:10','admin','2024-02-10 18:36:10',1,0);
INSERT INTO `oh_prices` VALUES (31198,4,'MED','277','Elastic Bandage 10cm x 4.5m',43.75,'admin','2024-02-10 18:36:10','admin','2024-02-10 18:36:10',1,0);
INSERT INTO `oh_prices` VALUES (31199,4,'MED','278','Elastic Bandage 7.5cm x 4.5m',50,'admin','2024-02-10 18:36:10','admin','2024-02-10 18:36:10',1,0);
INSERT INTO `oh_prices` VALUES (31200,4,'MED','236','Eosin Yelowish',75,'admin','2024-02-10 18:36:10','admin','2024-02-10 18:36:10',1,0);
INSERT INTO `oh_prices` VALUES (31201,4,'MED','146','Ephedrine 30mg Tab',42.5,'admin','2024-02-10 18:36:10','admin','2024-02-10 18:36:10',1,0);
INSERT INTO `oh_prices` VALUES (31202,4,'MED','147','Erythromycin 250mg Tab',47.5,'admin','2024-02-10 18:36:10','admin','2024-02-10 18:36:10',1,0);
INSERT INTO `oh_prices` VALUES (31203,4,'MED','6','Ethanol Absolute 1ltr',90,'admin','2024-02-10 18:36:10','admin','2024-02-10 18:36:10',1,0);
INSERT INTO `oh_prices` VALUES (31204,4,'MED','272','Eye Pad Sterile',80,'admin','2024-02-10 18:36:10','admin','2024-02-10 18:36:10',1,0);
INSERT INTO `oh_prices` VALUES (31205,4,'MED','149','Fansider 500/25mg Tab',28.75,'admin','2024-02-10 18:36:10','admin','2024-02-10 18:36:10',1,0);
INSERT INTO `oh_prices` VALUES (31206,4,'MED','148','Fansider 500/25mg Tab (50dosesx3)',61.25,'admin','2024-02-10 18:36:10','admin','2024-02-10 18:36:10',1,0);
INSERT INTO `oh_prices` VALUES (31207,4,'MED','150','Ferrous Sulphate 200mg Tab',22.5,'admin','2024-02-10 18:36:10','admin','2024-02-10 18:36:10',1,0);
INSERT INTO `oh_prices` VALUES (31208,4,'MED','233','Field stain A and B',87.5,'admin','2024-02-10 18:36:10','admin','2024-02-10 18:36:10',1,0);
INSERT INTO `oh_prices` VALUES (31209,4,'MED','331','First Aid kit',100,'admin','2024-02-10 18:36:10','admin','2024-02-10 18:36:10',1,0);
INSERT INTO `oh_prices` VALUES (31210,4,'MED','152','Fluconazole 100mg 24 Caps',37.5,'admin','2024-02-10 18:36:10','admin','2024-02-10 18:36:10',1,0);
INSERT INTO `oh_prices` VALUES (31211,4,'MED','151','Fluconazole 100mg Tab',37.5,'admin','2024-02-10 18:36:10','admin','2024-02-10 18:36:10',1,0);
INSERT INTO `oh_prices` VALUES (31212,4,'MED','156','Folic Acid 15mg Tab',56.25,'admin','2024-02-10 18:36:10','admin','2024-02-10 18:36:10',1,0);
INSERT INTO `oh_prices` VALUES (31213,4,'MED','153','Folic Acid 1mg Tab',15,'admin','2024-02-10 18:36:10','admin','2024-02-10 18:36:10',1,0);
INSERT INTO `oh_prices` VALUES (31214,4,'MED','154','Folic Acid 5mg Tab',25,'admin','2024-02-10 18:36:10','admin','2024-02-10 18:36:10',1,0);
INSERT INTO `oh_prices` VALUES (31215,4,'MED','155','Folic Acid/Ferrous Sulp 0.5/200mg Tab',40,'admin','2024-02-10 18:36:10','admin','2024-02-10 18:36:10',1,0);
INSERT INTO `oh_prices` VALUES (31216,4,'MED','7','Formaldelyde solution 35-38% 1ltr',105,'admin','2024-02-10 18:36:10','admin','2024-02-10 18:36:10',1,0);
INSERT INTO `oh_prices` VALUES (31217,4,'MED','57','Frusemide 10mg/ml 2ml Amp',43.75,'admin','2024-02-10 18:36:10','admin','2024-02-10 18:36:10',1,0);
INSERT INTO `oh_prices` VALUES (31218,4,'MED','157','Frusemide 40mg Tab',1106.25,'admin','2024-02-10 18:36:10','admin','2024-02-10 18:36:10',1,0);
INSERT INTO `oh_prices` VALUES (31219,4,'MED','333','Gallipot stainless steel 200ml/10cm',300,'admin','2024-02-10 18:36:10','admin','2024-02-10 18:36:10',1,0);
INSERT INTO `oh_prices` VALUES (31220,4,'MED','332','Gallipot stainless steel 300ml/15cm',325,'admin','2024-02-10 18:36:10','admin','2024-02-10 18:36:10',1,0);
INSERT INTO `oh_prices` VALUES (31221,4,'MED','280','Gauze Bandage 10cm x 4m',50,'admin','2024-02-10 18:36:10','admin','2024-02-10 18:36:10',1,0);
INSERT INTO `oh_prices` VALUES (31222,4,'MED','279','Gauze Bandage 7.5cm x 3.65-4m',45,'admin','2024-02-10 18:36:10','admin','2024-02-10 18:36:10',1,0);
INSERT INTO `oh_prices` VALUES (31223,4,'MED','283','Gauze Hydrophylic 90cm x 91cm',35,'admin','2024-02-10 18:36:10','admin','2024-02-10 18:36:10',1,0);
INSERT INTO `oh_prices` VALUES (31224,4,'MED','282','Gauze Pads  Sterile 10cm x 10cm',25,'admin','2024-02-10 18:36:10','admin','2024-02-10 18:36:10',1,0);
INSERT INTO `oh_prices` VALUES (31225,4,'MED','281','Gauze Pads Non Sterile 10cm x 10cm',15,'admin','2024-02-10 18:36:10','admin','2024-02-10 18:36:10',1,0);
INSERT INTO `oh_prices` VALUES (31226,4,'MED','234','Genitian Violet',85,'admin','2024-02-10 18:36:10','admin','2024-02-10 18:36:10',1,0);
INSERT INTO `oh_prices` VALUES (31227,4,'MED','198','Gentamicin 0.3% eye/ear drops 10ml',90,'admin','2024-02-10 18:36:10','admin','2024-02-10 18:36:10',1,0);
INSERT INTO `oh_prices` VALUES (31228,4,'MED','58','Gentamicin 40mg/ml 2ml',85,'admin','2024-02-10 18:36:10','admin','2024-02-10 18:36:10',1,0);
INSERT INTO `oh_prices` VALUES (31229,4,'MED','185','Getian Violet 25g Tin',50,'admin','2024-02-10 18:36:10','admin','2024-02-10 18:36:10',1,0);
INSERT INTO `oh_prices` VALUES (31230,4,'MED','237','Giemsa Stain',62.5,'admin','2024-02-10 18:36:10','admin','2024-02-10 18:36:10',1,0);
INSERT INTO `oh_prices` VALUES (31231,4,'MED','158','Glibeclamide 5mg Tab',33.75,'admin','2024-02-10 18:36:10','admin','2024-02-10 18:36:10',1,0);
INSERT INTO `oh_prices` VALUES (31232,4,'MED','308','Gloves Domestic',40,'admin','2024-02-10 18:36:10','admin','2024-02-10 18:36:10',1,0);
INSERT INTO `oh_prices` VALUES (31233,4,'MED','310','Gloves Gynaecological 7.5-8',52.5,'admin','2024-02-10 18:36:10','admin','2024-02-10 18:36:10',1,0);
INSERT INTO `oh_prices` VALUES (31234,4,'MED','309','Gloves High risk non sterile Medium',75,'admin','2024-02-10 18:36:10','admin','2024-02-10 18:36:10',1,0);
INSERT INTO `oh_prices` VALUES (31235,4,'MED','312','Gloves Non Sterile Large Disposable',27.5,'admin','2024-02-10 18:36:10','admin','2024-02-10 18:36:10',1,0);
INSERT INTO `oh_prices` VALUES (31236,4,'MED','311','Gloves Non Sterile Medium Disposable',22.5,'admin','2024-02-10 18:36:10','admin','2024-02-10 18:36:10',1,0);
INSERT INTO `oh_prices` VALUES (31237,4,'MED','313','Gloves Surgical Sterile 6',37.5,'admin','2024-02-10 18:36:10','admin','2024-02-10 18:36:10',1,0);
INSERT INTO `oh_prices` VALUES (31238,4,'MED','314','Gloves Surgical Sterile 6.5',37.5,'admin','2024-02-10 18:36:10','admin','2024-02-10 18:36:10',1,0);
INSERT INTO `oh_prices` VALUES (31239,4,'MED','315','Gloves Surgical Sterile 7',37.5,'admin','2024-02-10 18:36:10','admin','2024-02-10 18:36:10',1,0);
INSERT INTO `oh_prices` VALUES (31240,4,'MED','316','Gloves Surgical Sterile 7.5',37.5,'admin','2024-02-10 18:36:10','admin','2024-02-10 18:36:10',1,0);
INSERT INTO `oh_prices` VALUES (31241,4,'MED','317','Gloves Surgical Sterile 8',37.5,'admin','2024-02-10 18:36:10','admin','2024-02-10 18:36:10',1,0);
INSERT INTO `oh_prices` VALUES (31242,4,'MED','318','Gloves Surgical Sterile 8.5',37.5,'admin','2024-02-10 18:36:10','admin','2024-02-10 18:36:10',1,0);
INSERT INTO `oh_prices` VALUES (31243,4,'MED','411','Glucose GOD PAD  6 x 100ml (Colorimetric)',110,'admin','2024-02-10 18:36:10','admin','2024-02-10 18:36:10',1,0);
INSERT INTO `oh_prices` VALUES (31244,4,'MED','1','Glucose Test Strip ( Sure Step)',20,'admin','2024-02-10 18:36:10','admin','2024-02-10 18:36:10',1,0);
INSERT INTO `oh_prices` VALUES (31245,4,'MED','412','Glucose Test Strips (Hyloguard)',25,'admin','2024-02-10 18:36:10','admin','2024-02-10 18:36:10',1,0);
INSERT INTO `oh_prices` VALUES (31246,4,'MED','32','GOT ( AST) 200ml (Calorimetric) AS 147',75,'admin','2024-02-10 18:36:10','admin','2024-02-10 18:36:10',1,0);
INSERT INTO `oh_prices` VALUES (31247,4,'MED','31','GOT ( AST) 200ml has no NAOH) AS 101',75,'admin','2024-02-10 18:36:10','admin','2024-02-10 18:36:10',1,0);
INSERT INTO `oh_prices` VALUES (31248,4,'MED','30','GPT (ALT) 200ml ( Does not have NAOH)',75,'admin','2024-02-10 18:36:10','admin','2024-02-10 18:36:10',1,0);
INSERT INTO `oh_prices` VALUES (31249,4,'MED','159','Griseofulvin 500mg Tab',37.5,'admin','2024-02-10 18:36:10','admin','2024-02-10 18:36:10',1,0);
INSERT INTO `oh_prices` VALUES (31250,4,'MED','161','Haloperdol 5mg',35,'admin','2024-02-10 18:36:10','admin','2024-02-10 18:36:10',1,0);
INSERT INTO `oh_prices` VALUES (31251,4,'MED','160','Haloperidol 5mg Tab',37.5,'admin','2024-02-10 18:36:10','admin','2024-02-10 18:36:10',1,0);
INSERT INTO `oh_prices` VALUES (31252,4,'MED','59','Haloperidol 5mg/ml 1ml Amp',37.5,'admin','2024-02-10 18:36:10','admin','2024-02-10 18:36:10',1,0);
INSERT INTO `oh_prices` VALUES (31253,4,'MED','60','Haloperidol Decanoate 50mg/ml 1ml Amp',100,'admin','2024-02-10 18:36:10','admin','2024-02-10 18:36:10',1,0);
INSERT INTO `oh_prices` VALUES (31254,4,'MED','374','Handle for surgical blade No 3',87.5,'admin','2024-02-10 18:36:10','admin','2024-02-10 18:36:10',1,0);
INSERT INTO `oh_prices` VALUES (31255,4,'MED','375','Handle for surgical blade No 4',87.5,'admin','2024-02-10 18:36:10','admin','2024-02-10 18:36:10',1,0);
INSERT INTO `oh_prices` VALUES (31256,4,'MED','33','HIV 1/2 Capillus Kit 100Tests',275,'admin','2024-02-10 18:36:10','admin','2024-02-10 18:36:10',1,0);
INSERT INTO `oh_prices` VALUES (31257,4,'MED','34','HIV Buffer for determine Kit',162.5,'admin','2024-02-10 18:36:10','admin','2024-02-10 18:36:10',1,0);
INSERT INTO `oh_prices` VALUES (31258,4,'MED','35','HIV Determine 1/11 (Abbott) 100Tests',350,'admin','2024-02-10 18:36:10','admin','2024-02-10 18:36:10',1,0);
INSERT INTO `oh_prices` VALUES (31259,4,'MED','36','HIV UNIGOLD 1/11 Test Kits 20 Tests',100,'admin','2024-02-10 18:36:10','admin','2024-02-10 18:36:10',1,0);
INSERT INTO `oh_prices` VALUES (31260,4,'MED','334','Hot water Bottle 2Ltr',12.5,'admin','2024-02-10 18:36:10','admin','2024-02-10 18:36:10',1,0);
INSERT INTO `oh_prices` VALUES (31261,4,'MED','61','Hydralazine 20mg Vial',25,'admin','2024-02-10 18:36:10','admin','2024-02-10 18:36:10',1,0);
INSERT INTO `oh_prices` VALUES (31262,4,'MED','162','Hydralazine 25mg Tab',27.5,'admin','2024-02-10 18:36:10','admin','2024-02-10 18:36:10',1,0);
INSERT INTO `oh_prices` VALUES (31263,4,'MED','8','Hydrochloric Acid 30-33% 1ltr',42.5,'admin','2024-02-10 18:36:10','admin','2024-02-10 18:36:10',1,0);
INSERT INTO `oh_prices` VALUES (31264,4,'MED','217','Hydrocortisone 1% Cream 15g',43.75,'admin','2024-02-10 18:36:10','admin','2024-02-10 18:36:10',1,0);
INSERT INTO `oh_prices` VALUES (31265,4,'MED','216','Hydrocortisone 1% Cream 200g',93.75,'admin','2024-02-10 18:36:10','admin','2024-02-10 18:36:10',1,0);
INSERT INTO `oh_prices` VALUES (31266,4,'MED','199','Hydrocortisone 1% eye drops 5ml',56.25,'admin','2024-02-10 18:36:10','admin','2024-02-10 18:36:10',1,0);
INSERT INTO `oh_prices` VALUES (31267,4,'MED','219','Hydrocortisone 1% Ointment 15g',50,'admin','2024-02-10 18:36:10','admin','2024-02-10 18:36:10',1,0);
INSERT INTO `oh_prices` VALUES (31268,4,'MED','218','Hydrocortisone 1% Ointment 200g',100,'admin','2024-02-10 18:36:10','admin','2024-02-10 18:36:10',1,0);
INSERT INTO `oh_prices` VALUES (31269,4,'MED','62','Hydrocortisone 100mg Vial',75,'admin','2024-02-10 18:36:10','admin','2024-02-10 18:36:10',1,0);
INSERT INTO `oh_prices` VALUES (31270,4,'MED','186','Hydrogen Peroxide 6% 250ml',62.5,'admin','2024-02-10 18:36:10','admin','2024-02-10 18:36:10',1,0);
INSERT INTO `oh_prices` VALUES (31271,4,'MED','163','Hyoscine 10mg Tab',27.5,'admin','2024-02-10 18:36:10','admin','2024-02-10 18:36:10',1,0);
INSERT INTO `oh_prices` VALUES (31272,4,'MED','63','Hyoscine Butyl Bromide 20mg/ml/ Amp',40,'admin','2024-02-10 18:36:10','admin','2024-02-10 18:36:10',1,0);
INSERT INTO `oh_prices` VALUES (31273,4,'MED','164','Ibuprofen 200mg Tab',23.75,'admin','2024-02-10 18:36:10','admin','2024-02-10 18:36:10',1,0);
INSERT INTO `oh_prices` VALUES (31274,4,'MED','165','Impramine 25mg Tab',33.75,'admin','2024-02-10 18:36:10','admin','2024-02-10 18:36:10',1,0);
INSERT INTO `oh_prices` VALUES (31275,4,'MED','166','Indomethacin 25mg Tab',41.25,'admin','2024-02-10 18:36:10','admin','2024-02-10 18:36:10',1,0);
INSERT INTO `oh_prices` VALUES (31276,4,'MED','366','Insectcide Spray 400g',37.5,'admin','2024-02-10 18:36:10','admin','2024-02-10 18:36:10',1,0);
INSERT INTO `oh_prices` VALUES (31277,4,'MED','335','Instrument Box With Lid 20x10x5cm',200,'admin','2024-02-10 18:36:10','admin','2024-02-10 18:36:10',1,0);
INSERT INTO `oh_prices` VALUES (31278,4,'MED','336','Instrument Tray 30 x 20 x 2cm',137.5,'admin','2024-02-10 18:36:10','admin','2024-02-10 18:36:10',1,0);
INSERT INTO `oh_prices` VALUES (31279,4,'MED','65','Insulin Isophane 100IU/ml 10ml Vial',37.5,'admin','2024-02-10 18:36:10','admin','2024-02-10 18:36:10',1,0);
INSERT INTO `oh_prices` VALUES (31280,4,'MED','68','Insulin Isophane 40IU/ml 10ml',68.75,'admin','2024-02-10 18:36:10','admin','2024-02-10 18:36:10',1,0);
INSERT INTO `oh_prices` VALUES (31281,4,'MED','66','Insulin Mixtard 30/70 100IU/ml 10ml Vial',45,'admin','2024-02-10 18:36:10','admin','2024-02-10 18:36:10',1,0);
INSERT INTO `oh_prices` VALUES (31282,4,'MED','67','Insulin Mixtard 30/70 100IU/ml 5x3ml catridges',62.5,'admin','2024-02-10 18:36:10','admin','2024-02-10 18:36:10',1,0);
INSERT INTO `oh_prices` VALUES (31283,4,'MED','64','Insulin Soluble 100IU/ml 10ml Vial',50,'admin','2024-02-10 18:36:10','admin','2024-02-10 18:36:10',1,0);
INSERT INTO `oh_prices` VALUES (31284,4,'MED','241','Insulin Syringe 100IU with Needle G26/29',60,'admin','2024-02-10 18:36:10','admin','2024-02-10 18:36:10',1,0);
INSERT INTO `oh_prices` VALUES (31285,4,'MED','9','Iodin Crystal 100g',37.5,'admin','2024-02-10 18:36:10','admin','2024-02-10 18:36:10',1,0);
INSERT INTO `oh_prices` VALUES (31286,4,'MED','187','Iodine Solution 2% 500ml',50,'admin','2024-02-10 18:36:10','admin','2024-02-10 18:36:10',1,0);
INSERT INTO `oh_prices` VALUES (31287,4,'MED','69','Iron Dextran 10mg/ml 2ml Vial',106.25,'admin','2024-02-10 18:36:10','admin','2024-02-10 18:36:10',1,0);
INSERT INTO `oh_prices` VALUES (31288,4,'MED','337','Irrigation can with acsessories',93.75,'admin','2024-02-10 18:36:10','admin','2024-02-10 18:36:10',1,0);
INSERT INTO `oh_prices` VALUES (31289,4,'MED','167','Isoniazid 300mg Tab',75,'admin','2024-02-10 18:36:10','admin','2024-02-10 18:36:10',1,0);
INSERT INTO `oh_prices` VALUES (31290,4,'MED','242','IV Canula G16 with Port',87.5,'admin','2024-02-10 18:36:10','admin','2024-02-10 18:36:10',1,0);
INSERT INTO `oh_prices` VALUES (31291,4,'MED','243','IV Canula G18 with Port',87.5,'admin','2024-02-10 18:36:10','admin','2024-02-10 18:36:10',1,0);
INSERT INTO `oh_prices` VALUES (31292,4,'MED','244','IV Canula G20 with Port',93.75,'admin','2024-02-10 18:36:10','admin','2024-02-10 18:36:10',1,0);
INSERT INTO `oh_prices` VALUES (31293,4,'MED','245','IV Canula G22 with Port',93.75,'admin','2024-02-10 18:36:10','admin','2024-02-10 18:36:10',1,0);
INSERT INTO `oh_prices` VALUES (31294,4,'MED','247','IV Canula G24 with Port',100,'admin','2024-02-10 18:36:10','admin','2024-02-10 18:36:10',1,0);
INSERT INTO `oh_prices` VALUES (31295,4,'MED','246','IV Canula G24 without Port',81.25,'admin','2024-02-10 18:36:10','admin','2024-02-10 18:36:10',1,0);
INSERT INTO `oh_prices` VALUES (31296,4,'MED','248','IV Giving set Disposable',68.75,'admin','2024-02-10 18:36:10','admin','2024-02-10 18:36:10',1,0);
INSERT INTO `oh_prices` VALUES (31297,4,'MED','71','Ketamine 10mg/ml 10ml Vial',50,'admin','2024-02-10 18:36:10','admin','2024-02-10 18:36:10',1,0);
INSERT INTO `oh_prices` VALUES (31298,4,'MED','70','Ketamine 10mg/ml 20ml Vial',75,'admin','2024-02-10 18:36:10','admin','2024-02-10 18:36:10',1,0);
INSERT INTO `oh_prices` VALUES (31299,4,'MED','168','Ketocanazole 200mg Tab',62.5,'admin','2024-02-10 18:36:10','admin','2024-02-10 18:36:10',1,0);
INSERT INTO `oh_prices` VALUES (31300,4,'MED','340','Kidney Dish Polypropylene 24cm',112.5,'admin','2024-02-10 18:36:10','admin','2024-02-10 18:36:10',1,0);
INSERT INTO `oh_prices` VALUES (31301,4,'MED','339','Kidney Dish stainless Steel 20cm',200,'admin','2024-02-10 18:36:10','admin','2024-02-10 18:36:10',1,0);
INSERT INTO `oh_prices` VALUES (31302,4,'MED','338','Kidney Dish stainless Steel 24cm',250,'admin','2024-02-10 18:36:10','admin','2024-02-10 18:36:10',1,0);
INSERT INTO `oh_prices` VALUES (31303,4,'MED','391','Lead Apron 100cmx60cm',225,'admin','2024-02-10 18:36:10','admin','2024-02-10 18:36:10',1,0);
INSERT INTO `oh_prices` VALUES (31304,4,'MED','72','Lignocaine 2% 20ml Vial',75,'admin','2024-02-10 18:36:10','admin','2024-02-10 18:36:10',1,0);
INSERT INTO `oh_prices` VALUES (31305,4,'MED','73','Lignocaine 2% Adrenaline Dent.cartridges',100,'admin','2024-02-10 18:36:10','admin','2024-02-10 18:36:10',1,0);
INSERT INTO `oh_prices` VALUES (31306,4,'MED','74','Lignocaine spinal 50mg/ml 2ml Amp',55,'admin','2024-02-10 18:36:10','admin','2024-02-10 18:36:10',1,0);
INSERT INTO `oh_prices` VALUES (31307,4,'MED','191','Liquid detergent 20Ltr',67.5,'admin','2024-02-10 18:36:10','admin','2024-02-10 18:36:10',1,0);
INSERT INTO `oh_prices` VALUES (31308,4,'MED','189','liquid detergent 5Ltr Perfumed',47.5,'admin','2024-02-10 18:36:10','admin','2024-02-10 18:36:10',1,0);
INSERT INTO `oh_prices` VALUES (31309,4,'MED','220','lubricating Jelly 42g',42.5,'admin','2024-02-10 18:36:10','admin','2024-02-10 18:36:10',1,0);
INSERT INTO `oh_prices` VALUES (31310,4,'MED','341','Mackintosh Plastic (Apron) per 1m',58.75,'admin','2024-02-10 18:36:10','admin','2024-02-10 18:36:10',1,0);
INSERT INTO `oh_prices` VALUES (31311,4,'MED','342','Mackintosh Rubber Brown (sheeting) per 1m',41.25,'admin','2024-02-10 18:36:10','admin','2024-02-10 18:36:10',1,0);
INSERT INTO `oh_prices` VALUES (31312,4,'MED','343','Measuring Cup Graduated 25ml',50,'admin','2024-02-10 18:36:10','admin','2024-02-10 18:36:10',1,0);
INSERT INTO `oh_prices` VALUES (31313,4,'MED','10','Methanol 99% 1ltr',87.5,'admin','2024-02-10 18:36:10','admin','2024-02-10 18:36:10',1,0);
INSERT INTO `oh_prices` VALUES (31314,4,'MED','75','Methylergomatrine 0.2mg/ml 1ml Amp',40,'admin','2024-02-10 18:36:10','admin','2024-02-10 18:36:10',1,0);
INSERT INTO `oh_prices` VALUES (31315,4,'MED','76','Methylergomatrine 0.5mg/ml 1ml Amp',52.5,'admin','2024-02-10 18:36:10','admin','2024-02-10 18:36:10',1,0);
INSERT INTO `oh_prices` VALUES (31316,4,'MED','77','Metoclopramide 5mg/ml 100ml Amp',62.5,'admin','2024-02-10 18:36:10','admin','2024-02-10 18:36:10',1,0);
INSERT INTO `oh_prices` VALUES (31317,4,'MED','78','Metronidazole 5mg/ml 2ml IV',62.5,'admin','2024-02-10 18:36:10','admin','2024-02-10 18:36:10',1,0);
INSERT INTO `oh_prices` VALUES (31318,4,'MED','79','Morphine 15mg/ml 1ml Amp',100,'admin','2024-02-10 18:36:10','admin','2024-02-10 18:36:10',1,0);
INSERT INTO `oh_prices` VALUES (31319,4,'MED','368','Mosquito Net Impregnated Large',125,'admin','2024-02-10 18:36:10','admin','2024-02-10 18:36:10',1,0);
INSERT INTO `oh_prices` VALUES (31320,4,'MED','367','Mosquito Net Impregnated Medium',100,'admin','2024-02-10 18:36:10','admin','2024-02-10 18:36:10',1,0);
INSERT INTO `oh_prices` VALUES (31321,4,'MED','372','Mosquito Net Impregnation Liquid 500ml',50,'admin','2024-02-10 18:36:10','admin','2024-02-10 18:36:10',1,0);
INSERT INTO `oh_prices` VALUES (31322,4,'MED','371','Mosquito Net Impregnation Tablet',37.5,'admin','2024-02-10 18:36:10','admin','2024-02-10 18:36:10',1,0);
INSERT INTO `oh_prices` VALUES (31323,4,'MED','370','Mosquito Net Non Impregnated Large',87.5,'admin','2024-02-10 18:36:10','admin','2024-02-10 18:36:10',1,0);
INSERT INTO `oh_prices` VALUES (31324,4,'MED','369','Mosquito Net Non Impregnated Medium',68.75,'admin','2024-02-10 18:36:10','admin','2024-02-10 18:36:10',1,0);
INSERT INTO `oh_prices` VALUES (31325,4,'MED','373','Mosquito Wal spray Powder 80g',35,'admin','2024-02-10 18:36:10','admin','2024-02-10 18:36:10',1,0);
INSERT INTO `oh_prices` VALUES (31326,4,'MED','297','Nasogastric Tube G10 (Children)',100,'admin','2024-02-10 18:36:10','admin','2024-02-10 18:36:10',1,0);
INSERT INTO `oh_prices` VALUES (31327,4,'MED','298','Nasogastric Tube G14 (Children)',100,'admin','2024-02-10 18:36:10','admin','2024-02-10 18:36:10',1,0);
INSERT INTO `oh_prices` VALUES (31328,4,'MED','299','Nasogastric Tube G16 (Children)',100,'admin','2024-02-10 18:36:10','admin','2024-02-10 18:36:10',1,0);
INSERT INTO `oh_prices` VALUES (31329,4,'MED','294','Nasogastric Tube G5 (Children)',100,'admin','2024-02-10 18:36:10','admin','2024-02-10 18:36:10',1,0);
INSERT INTO `oh_prices` VALUES (31330,4,'MED','296','Nasogastric Tube G6 (Children)',100,'admin','2024-02-10 18:36:10','admin','2024-02-10 18:36:10',1,0);
INSERT INTO `oh_prices` VALUES (31331,4,'MED','295','Nasogastric Tube G8 (Children)',100,'admin','2024-02-10 18:36:10','admin','2024-02-10 18:36:10',1,0);
INSERT INTO `oh_prices` VALUES (31332,4,'MED','346','Neck Support Large',112.5,'admin','2024-02-10 18:36:10','admin','2024-02-10 18:36:10',1,0);
INSERT INTO `oh_prices` VALUES (31333,4,'MED','345','Neck Support Medium',106.25,'admin','2024-02-10 18:36:10','admin','2024-02-10 18:36:10',1,0);
INSERT INTO `oh_prices` VALUES (31334,4,'MED','249','Needle container disposable of contaminated',97.5,'admin','2024-02-10 18:36:10','admin','2024-02-10 18:36:10',1,0);
INSERT INTO `oh_prices` VALUES (31335,4,'MED','381','Needle suture No 5 cutting',62.5,'admin','2024-02-10 18:36:10','admin','2024-02-10 18:36:10',1,0);
INSERT INTO `oh_prices` VALUES (31336,4,'MED','380','Needle suture No 5 round',62.5,'admin','2024-02-10 18:36:10','admin','2024-02-10 18:36:10',1,0);
INSERT INTO `oh_prices` VALUES (31337,4,'MED','382','Needle suture No 6 Round',62.5,'admin','2024-02-10 18:36:10','admin','2024-02-10 18:36:10',1,0);
INSERT INTO `oh_prices` VALUES (31338,4,'MED','250','Needles Luer G20 Disposable',75,'admin','2024-02-10 18:36:10','admin','2024-02-10 18:36:10',1,0);
INSERT INTO `oh_prices` VALUES (31339,4,'MED','251','Needles Luer G21 Disposable',75,'admin','2024-02-10 18:36:10','admin','2024-02-10 18:36:10',1,0);
INSERT INTO `oh_prices` VALUES (31340,4,'MED','252','Needles Luer G22 Disposable',75,'admin','2024-02-10 18:36:10','admin','2024-02-10 18:36:10',1,0);
INSERT INTO `oh_prices` VALUES (31341,4,'MED','253','Needles Luer G23 Disposable',75,'admin','2024-02-10 18:36:10','admin','2024-02-10 18:36:10',1,0);
INSERT INTO `oh_prices` VALUES (31342,4,'MED','254','Needles Spinal G20x75-120mm',100,'admin','2024-02-10 18:36:10','admin','2024-02-10 18:36:10',1,0);
INSERT INTO `oh_prices` VALUES (31343,4,'MED','257','Needles Spinal G22x40mm',100,'admin','2024-02-10 18:36:10','admin','2024-02-10 18:36:10',1,0);
INSERT INTO `oh_prices` VALUES (31344,4,'MED','255','Needles Spinal G22x75-120mm',100,'admin','2024-02-10 18:36:10','admin','2024-02-10 18:36:10',1,0);
INSERT INTO `oh_prices` VALUES (31345,4,'MED','256','Needles Spinal G25x75-120mm',100,'admin','2024-02-10 18:36:10','admin','2024-02-10 18:36:10',1,0);
INSERT INTO `oh_prices` VALUES (31346,4,'MED','344','Nesk Support Small',150,'admin','2024-02-10 18:36:10','admin','2024-02-10 18:36:10',1,0);
INSERT INTO `oh_prices` VALUES (31347,4,'MED','235','Neutral Red',90,'admin','2024-02-10 18:36:10','admin','2024-02-10 18:36:10',1,0);
INSERT INTO `oh_prices` VALUES (31348,4,'MED','26','Non 111 Chloride (Ferric chloride)',77.5,'admin','2024-02-10 18:36:10','admin','2024-02-10 18:36:10',1,0);
INSERT INTO `oh_prices` VALUES (31349,4,'MED','221','Nystatin 100,000 IU/g Ointment 30g',100,'admin','2024-02-10 18:36:10','admin','2024-02-10 18:36:10',1,0);
INSERT INTO `oh_prices` VALUES (31350,4,'MED','209','Nystatin 100.000 IU Pessaries',37.5,'admin','2024-02-10 18:36:10','admin','2024-02-10 18:36:10',1,0);
INSERT INTO `oh_prices` VALUES (31351,4,'MED','231','Nystatin 500.000IU/ Susp/ Drops',112.5,'admin','2024-02-10 18:36:10','admin','2024-02-10 18:36:10',1,0);
INSERT INTO `oh_prices` VALUES (31352,4,'MED','178','Oral Rehydration Salt (ORS)',37.5,'admin','2024-02-10 18:36:10','admin','2024-02-10 18:36:10',1,0);
INSERT INTO `oh_prices` VALUES (31353,4,'MED','80','Oxytocin 10 IU/ml 1ml Amp',90,'admin','2024-02-10 18:36:10','admin','2024-02-10 18:36:10',1,0);
INSERT INTO `oh_prices` VALUES (31354,4,'MED','180','Paracetamol 120mg/5ml 100ml',15,'admin','2024-02-10 18:36:10','admin','2024-02-10 18:36:10',1,0);
INSERT INTO `oh_prices` VALUES (31355,4,'MED','179','Paracetamol 120mg/5ml Syrup',15,'admin','2024-02-10 18:36:10','admin','2024-02-10 18:36:10',1,0);
INSERT INTO `oh_prices` VALUES (31356,4,'MED','415','Paracetamol 500 MG',27.5,'admin','2024-02-10 18:36:10','admin','2024-02-10 18:36:10',1,0);
INSERT INTO `oh_prices` VALUES (31357,4,'MED','81','Pethidine 100mg/ml 2ml Amp',40,'admin','2024-02-10 18:36:10','admin','2024-02-10 18:36:10',1,0);
INSERT INTO `oh_prices` VALUES (31358,4,'MED','82','Pethidine 50mg/ml 1ml Amp',25,'admin','2024-02-10 18:36:10','admin','2024-02-10 18:36:10',1,0);
INSERT INTO `oh_prices` VALUES (31359,4,'MED','83','Phenobarbital 100mg/ml 2ml Amp',37.5,'admin','2024-02-10 18:36:10','admin','2024-02-10 18:36:10',1,0);
INSERT INTO `oh_prices` VALUES (31360,4,'MED','11','Phenol crystals 1kg',400,'admin','2024-02-10 18:36:10','admin','2024-02-10 18:36:10',1,0);
INSERT INTO `oh_prices` VALUES (31361,4,'MED','84','Phytomenadione 10mg/ml 1ml Amp',112.5,'admin','2024-02-10 18:36:10','admin','2024-02-10 18:36:10',1,0);
INSERT INTO `oh_prices` VALUES (31362,4,'MED','85','Phytomenadione 1mg/ml 1ml Amp',37.5,'admin','2024-02-10 18:36:10','admin','2024-02-10 18:36:10',1,0);
INSERT INTO `oh_prices` VALUES (31363,4,'MED','284','Plaster of Paris 10cm',31.25,'admin','2024-02-10 18:36:10','admin','2024-02-10 18:36:10',1,0);
INSERT INTO `oh_prices` VALUES (31364,4,'MED','285','Plaster of Paris 15cm',43.75,'admin','2024-02-10 18:36:10','admin','2024-02-10 18:36:10',1,0);
INSERT INTO `oh_prices` VALUES (31365,4,'MED','12','Potassium iodide 100g',47.5,'admin','2024-02-10 18:36:10','admin','2024-02-10 18:36:10',1,0);
INSERT INTO `oh_prices` VALUES (31366,4,'MED','21','Potassium Oxalate',60,'admin','2024-02-10 18:36:10','admin','2024-02-10 18:36:10',1,0);
INSERT INTO `oh_prices` VALUES (31367,4,'MED','37','Pregnacy ( HGG Latex) 50 tests',450,'admin','2024-02-10 18:36:10','admin','2024-02-10 18:36:10',1,0);
INSERT INTO `oh_prices` VALUES (31368,4,'MED','86','Procaine Penicillin Fortified 4 MIU Vial',97.5,'admin','2024-02-10 18:36:10','admin','2024-02-10 18:36:10',1,0);
INSERT INTO `oh_prices` VALUES (31369,4,'MED','87','Promethazine 25mg/ml 2ml Amp',50,'admin','2024-02-10 18:36:10','admin','2024-02-10 18:36:10',1,0);
INSERT INTO `oh_prices` VALUES (31370,4,'MED','169','Pyridoxine 50mg Tab',42.5,'admin','2024-02-10 18:36:10','admin','2024-02-10 18:36:10',1,0);
INSERT INTO `oh_prices` VALUES (31371,4,'MED','181','Quinine 100mg/5ml Syrup 100ml',66.25,'admin','2024-02-10 18:36:10','admin','2024-02-10 18:36:10',1,0);
INSERT INTO `oh_prices` VALUES (31372,4,'MED','170','Quinine 300mg Tab',47.5,'admin','2024-02-10 18:36:10','admin','2024-02-10 18:36:10',1,0);
INSERT INTO `oh_prices` VALUES (31373,4,'MED','88','Quinine Di-HCI 300mg/ml 2ml Amp',50,'admin','2024-02-10 18:36:10','admin','2024-02-10 18:36:10',1,0);
INSERT INTO `oh_prices` VALUES (31374,4,'MED','171','Ranitidine 150mg Tab',33.75,'admin','2024-02-10 18:36:10','admin','2024-02-10 18:36:10',1,0);
INSERT INTO `oh_prices` VALUES (31375,4,'MED','89','Ranitidine 25mg/ml 2ml Amp',43.75,'admin','2024-02-10 18:36:10','admin','2024-02-10 18:36:10',1,0);
INSERT INTO `oh_prices` VALUES (31376,4,'MED','351','Razor Blades Disposable 5pc',75,'admin','2024-02-10 18:36:10','admin','2024-02-10 18:36:10',1,0);
INSERT INTO `oh_prices` VALUES (31377,4,'MED','300','Rectal Tube CH24',131.25,'admin','2024-02-10 18:36:10','admin','2024-02-10 18:36:10',1,0);
INSERT INTO `oh_prices` VALUES (31378,4,'MED','301','Rectal Tube CH26',137.5,'admin','2024-02-10 18:36:10','admin','2024-02-10 18:36:10',1,0);
INSERT INTO `oh_prices` VALUES (31379,4,'MED','172','Rifampicin/Isoniazid 150/100 Tab',41.25,'admin','2024-02-10 18:36:10','admin','2024-02-10 18:36:10',1,0);
INSERT INTO `oh_prices` VALUES (31380,4,'MED','39','RPR ( VDRL Carbon ) Antigen 5ml',55,'admin','2024-02-10 18:36:10','admin','2024-02-10 18:36:10',1,0);
INSERT INTO `oh_prices` VALUES (31381,4,'MED','38','RPR 125mm x 75mm',112.5,'admin','2024-02-10 18:36:10','admin','2024-02-10 18:36:10',1,0);
INSERT INTO `oh_prices` VALUES (31382,4,'MED','173','Salbutamol 4mg Tab',15,'admin','2024-02-10 18:36:10','admin','2024-02-10 18:36:10',1,0);
INSERT INTO `oh_prices` VALUES (31383,4,'MED','204','Salbutamol Inhaler 10ml',35,'admin','2024-02-10 18:36:10','admin','2024-02-10 18:36:10',1,0);
INSERT INTO `oh_prices` VALUES (31384,4,'MED','203','Salbutamol solution for inhalation 5ml',15,'admin','2024-02-10 18:36:10','admin','2024-02-10 18:36:10',1,0);
INSERT INTO `oh_prices` VALUES (31385,4,'MED','258','Scalp Vein G19 Infusion set',52.5,'admin','2024-02-10 18:36:10','admin','2024-02-10 18:36:10',1,0);
INSERT INTO `oh_prices` VALUES (31386,4,'MED','259','Scalp Vein G21 Infusion set',55,'admin','2024-02-10 18:36:10','admin','2024-02-10 18:36:10',1,0);
INSERT INTO `oh_prices` VALUES (31387,4,'MED','260','Scalp Vein G23 Infusion set',57.5,'admin','2024-02-10 18:36:10','admin','2024-02-10 18:36:10',1,0);
INSERT INTO `oh_prices` VALUES (31388,4,'MED','261','Scalp Vein G25 Infusion set',60,'admin','2024-02-10 18:36:10','admin','2024-02-10 18:36:10',1,0);
INSERT INTO `oh_prices` VALUES (31389,4,'MED','190','Soap Blue Bar 550g',10,'admin','2024-02-10 18:36:10','admin','2024-02-10 18:36:10',1,0);
INSERT INTO `oh_prices` VALUES (31390,4,'MED','192','Soap Powder Hand wash 5kg',75,'admin','2024-02-10 18:36:10','admin','2024-02-10 18:36:10',1,0);
INSERT INTO `oh_prices` VALUES (31391,4,'MED','27','Sodium Carbonate Anhydrous',62.5,'admin','2024-02-10 18:36:10','admin','2024-02-10 18:36:10',1,0);
INSERT INTO `oh_prices` VALUES (31392,4,'MED','13','Sodium Carbonate Anhydrous 500g',93.75,'admin','2024-02-10 18:36:10','admin','2024-02-10 18:36:10',1,0);
INSERT INTO `oh_prices` VALUES (31393,4,'MED','96','Sodium Chloride 0.9% IV 500ml',81.25,'admin','2024-02-10 18:36:10','admin','2024-02-10 18:36:10',1,0);
INSERT INTO `oh_prices` VALUES (31394,4,'MED','232','Sodium Chloride Apyrogen 50kg',375,'admin','2024-02-10 18:36:10','admin','2024-02-10 18:36:10',1,0);
INSERT INTO `oh_prices` VALUES (31395,4,'MED','14','Sodium Citrate 100g',37.5,'admin','2024-02-10 18:36:10','admin','2024-02-10 18:36:10',1,0);
INSERT INTO `oh_prices` VALUES (31396,4,'MED','20','Sodium Flouride',50,'admin','2024-02-10 18:36:10','admin','2024-02-10 18:36:10',1,0);
INSERT INTO `oh_prices` VALUES (31397,4,'MED','188','Sodium Hypochloride solution 0.75 Ltr',82.5,'admin','2024-02-10 18:36:10','admin','2024-02-10 18:36:10',1,0);
INSERT INTO `oh_prices` VALUES (31398,4,'MED','193','Sodium Hypochlorite solution 5Ltr',150,'admin','2024-02-10 18:36:10','admin','2024-02-10 18:36:10',1,0);
INSERT INTO `oh_prices` VALUES (31399,4,'MED','97','Sodium Lactate Compound IV 500ml',56.25,'admin','2024-02-10 18:36:10','admin','2024-02-10 18:36:10',1,0);
INSERT INTO `oh_prices` VALUES (31400,4,'MED','16','Sodium Nitrate 25g',331.25,'admin','2024-02-10 18:36:10','admin','2024-02-10 18:36:10',1,0);
INSERT INTO `oh_prices` VALUES (31401,4,'MED','15','Sodium Sulphate 500g',43.75,'admin','2024-02-10 18:36:10','admin','2024-02-10 18:36:10',1,0);
INSERT INTO `oh_prices` VALUES (31402,4,'MED','174','Spironolactone 25mg Tab',28.75,'admin','2024-02-10 18:36:10','admin','2024-02-10 18:36:10',1,0);
INSERT INTO `oh_prices` VALUES (31403,4,'MED','347','Spoon Medicine 5ml',25,'admin','2024-02-10 18:36:10','admin','2024-02-10 18:36:10',1,0);
INSERT INTO `oh_prices` VALUES (31404,4,'MED','352','Stethoscope Foetal Metal',525,'admin','2024-02-10 18:36:10','admin','2024-02-10 18:36:10',1,0);
INSERT INTO `oh_prices` VALUES (31405,4,'MED','353','Stethoscope Foetal Wood',475,'admin','2024-02-10 18:36:10','admin','2024-02-10 18:36:10',1,0);
INSERT INTO `oh_prices` VALUES (31406,4,'MED','90','Streptomycin 1g Vial',72.5,'admin','2024-02-10 18:36:10','admin','2024-02-10 18:36:10',1,0);
INSERT INTO `oh_prices` VALUES (31407,4,'MED','307','Suction Cathether Size 10 Disposable',87.5,'admin','2024-02-10 18:36:10','admin','2024-02-10 18:36:10',1,0);
INSERT INTO `oh_prices` VALUES (31408,4,'MED','305','Suction Cathether Size 12 Disposable',100,'admin','2024-02-10 18:36:10','admin','2024-02-10 18:36:10',1,0);
INSERT INTO `oh_prices` VALUES (31409,4,'MED','306','Suction Cathether Size 14 Disposable',100,'admin','2024-02-10 18:36:10','admin','2024-02-10 18:36:10',1,0);
INSERT INTO `oh_prices` VALUES (31410,4,'MED','304','Suction Cathether Size 16 Disposable',100,'admin','2024-02-10 18:36:10','admin','2024-02-10 18:36:10',1,0);
INSERT INTO `oh_prices` VALUES (31411,4,'MED','302','Suction Cathether Size 6 Disposable',87.5,'admin','2024-02-10 18:36:10','admin','2024-02-10 18:36:10',1,0);
INSERT INTO `oh_prices` VALUES (31412,4,'MED','303','Suction Cathether Size 8 Disposable',87.5,'admin','2024-02-10 18:36:10','admin','2024-02-10 18:36:10',1,0);
INSERT INTO `oh_prices` VALUES (31413,4,'MED','17','Sulphosalicylic Acid 500g',50,'admin','2024-02-10 18:36:10','admin','2024-02-10 18:36:10',1,0);
INSERT INTO `oh_prices` VALUES (31414,4,'MED','18','Sulphuric Acid Conc 1ltr',68.75,'admin','2024-02-10 18:36:10','admin','2024-02-10 18:36:10',1,0);
INSERT INTO `oh_prices` VALUES (31415,4,'MED','376','Surgical Blades No 20',162.5,'admin','2024-02-10 18:36:10','admin','2024-02-10 18:36:10',1,0);
INSERT INTO `oh_prices` VALUES (31416,4,'MED','377','Surgical Blades No 21',162.5,'admin','2024-02-10 18:36:10','admin','2024-02-10 18:36:10',1,0);
INSERT INTO `oh_prices` VALUES (31417,4,'MED','378','Surgical Blades No 22',175,'admin','2024-02-10 18:36:10','admin','2024-02-10 18:36:10',1,0);
INSERT INTO `oh_prices` VALUES (31418,4,'MED','379','Surgical Blades No 23',175,'admin','2024-02-10 18:36:10','admin','2024-02-10 18:36:10',1,0);
INSERT INTO `oh_prices` VALUES (31419,4,'MED','354','Surgical Brush (Scrubbing)',143.75,'admin','2024-02-10 18:36:10','admin','2024-02-10 18:36:10',1,0);
INSERT INTO `oh_prices` VALUES (31420,4,'MED','355','Surgical Mop 12 x 15',87.5,'admin','2024-02-10 18:36:10','admin','2024-02-10 18:36:10',1,0);
INSERT INTO `oh_prices` VALUES (31421,4,'MED','383','Suture Cutgut Chromic (0)',68.75,'admin','2024-02-10 18:36:10','admin','2024-02-10 18:36:10',1,0);
INSERT INTO `oh_prices` VALUES (31422,4,'MED','384','Suture Cutgut Chromic (2) RN22240TH',75,'admin','2024-02-10 18:36:10','admin','2024-02-10 18:36:10',1,0);
INSERT INTO `oh_prices` VALUES (31423,4,'MED','385','Suture Cutgut Chromic (2/0) RN22230TH',75,'admin','2024-02-10 18:36:10','admin','2024-02-10 18:36:10',1,0);
INSERT INTO `oh_prices` VALUES (31424,4,'MED','386','Suture Cutgut Chromic (3/0) RN2325TF',75,'admin','2024-02-10 18:36:10','admin','2024-02-10 18:36:10',1,0);
INSERT INTO `oh_prices` VALUES (31425,4,'MED','387','Suture Cutgut Plain (2/0) RN1230TF',68.75,'admin','2024-02-10 18:36:10','admin','2024-02-10 18:36:10',1,0);
INSERT INTO `oh_prices` VALUES (31426,4,'MED','390','Suture PGA (3/0) RN3330TF',87.5,'admin','2024-02-10 18:36:10','admin','2024-02-10 18:36:10',1,0);
INSERT INTO `oh_prices` VALUES (31427,4,'MED','388','Suture Silk (1) S595',68.75,'admin','2024-02-10 18:36:10','admin','2024-02-10 18:36:10',1,0);
INSERT INTO `oh_prices` VALUES (31428,4,'MED','389','Suture Silk (2/0) RN5230TF',75,'admin','2024-02-10 18:36:10','admin','2024-02-10 18:36:10',1,0);
INSERT INTO `oh_prices` VALUES (31429,4,'MED','91','Suxamethonium 500mg Vial',50,'admin','2024-02-10 18:36:10','admin','2024-02-10 18:36:10',1,0);
INSERT INTO `oh_prices` VALUES (31430,4,'MED','92','Suxamethonium 500mg/ml 2ml Amp',56.25,'admin','2024-02-10 18:36:10','admin','2024-02-10 18:36:10',1,0);
INSERT INTO `oh_prices` VALUES (31431,4,'MED','262','Syringe Feeding/Irrigation 50/60ml',75,'admin','2024-02-10 18:36:10','admin','2024-02-10 18:36:10',1,0);
INSERT INTO `oh_prices` VALUES (31432,4,'MED','264','Syringe Luer 10ml With Needle Disposable',37.5,'admin','2024-02-10 18:36:10','admin','2024-02-10 18:36:10',1,0);
INSERT INTO `oh_prices` VALUES (31433,4,'MED','265','Syringe Luer 20ml With Needle Disposable',43.75,'admin','2024-02-10 18:36:10','admin','2024-02-10 18:36:10',1,0);
INSERT INTO `oh_prices` VALUES (31434,4,'MED','263','Syringe Luer 2ml With Needle Disposable',35,'admin','2024-02-10 18:36:10','admin','2024-02-10 18:36:10',1,0);
INSERT INTO `oh_prices` VALUES (31435,4,'MED','266','Syringe Luer 5ml With Needle Disposable',37.5,'admin','2024-02-10 18:36:10','admin','2024-02-10 18:36:10',1,0);
INSERT INTO `oh_prices` VALUES (31436,4,'MED','356','Tablet Counting Tray',50,'admin','2024-02-10 18:36:10','admin','2024-02-10 18:36:10',1,0);
INSERT INTO `oh_prices` VALUES (31437,4,'MED','93','tetanus Antitoxin 1500 IU 1ml Amp',47.5,'admin','2024-02-10 18:36:10','admin','2024-02-10 18:36:10',1,0);
INSERT INTO `oh_prices` VALUES (31438,4,'MED','200','Tetracycline eye ointment 1% 3.5g',62.5,'admin','2024-02-10 18:36:10','admin','2024-02-10 18:36:10',1,0);
INSERT INTO `oh_prices` VALUES (31439,4,'MED','360','Thermometer Clinical Flat Type',75,'admin','2024-02-10 18:36:10','admin','2024-02-10 18:36:10',1,0);
INSERT INTO `oh_prices` VALUES (31440,4,'MED','361','Thermometer Clinical Prismatic Type',100,'admin','2024-02-10 18:36:10','admin','2024-02-10 18:36:10',1,0);
INSERT INTO `oh_prices` VALUES (31441,4,'MED','94','Thiopental Sodium 500mg Vial',37.5,'admin','2024-02-10 18:36:10','admin','2024-02-10 18:36:10',1,0);
INSERT INTO `oh_prices` VALUES (31442,4,'MED','357','Toilet Paper Rolls',25,'admin','2024-02-10 18:36:10','admin','2024-02-10 18:36:10',1,0);
INSERT INTO `oh_prices` VALUES (31443,4,'MED','175','Tolbutamide 500mg tab',40,'admin','2024-02-10 18:36:10','admin','2024-02-10 18:36:10',1,0);
INSERT INTO `oh_prices` VALUES (31444,4,'MED','319','Tongue depressor Disposable',62.5,'admin','2024-02-10 18:36:10','admin','2024-02-10 18:36:10',1,0);
INSERT INTO `oh_prices` VALUES (31445,4,'MED','359','Traction Kit Adult',300,'admin','2024-02-10 18:36:10','admin','2024-02-10 18:36:10',1,0);
INSERT INTO `oh_prices` VALUES (31446,4,'MED','358','Traction Kit Children',275,'admin','2024-02-10 18:36:10','admin','2024-02-10 18:36:10',1,0);
INSERT INTO `oh_prices` VALUES (31447,4,'MED','25','Trichloro acetic Acid',50,'admin','2024-02-10 18:36:10','admin','2024-02-10 18:36:10',1,0);
INSERT INTO `oh_prices` VALUES (31448,4,'MED','28','Trisodium Citrate',47.5,'admin','2024-02-10 18:36:10','admin','2024-02-10 18:36:10',1,0);
INSERT INTO `oh_prices` VALUES (31449,4,'MED','223','Ultrasound Gel 5Ltr',250,'admin','2024-02-10 18:36:10','admin','2024-02-10 18:36:10',1,0);
INSERT INTO `oh_prices` VALUES (31450,4,'MED','222','Ultrasound Gel 800g',100,'admin','2024-02-10 18:36:10','admin','2024-02-10 18:36:10',1,0);
INSERT INTO `oh_prices` VALUES (31451,4,'MED','362','Umbilical Cord Tie non sterile 100m',325,'admin','2024-02-10 18:36:10','admin','2024-02-10 18:36:10',1,0);
INSERT INTO `oh_prices` VALUES (31452,4,'MED','363','Umbilical Cord Tie sterile 22m',112.5,'admin','2024-02-10 18:36:10','admin','2024-02-10 18:36:10',1,0);
INSERT INTO `oh_prices` VALUES (31453,4,'MED','122','UREA Calorimetric 300 Tests',412.5,'admin','2024-02-10 18:36:10','admin','2024-02-10 18:36:10',1,0);
INSERT INTO `oh_prices` VALUES (31454,4,'MED','364','Urinal 1Ltr / 2Ltr',37.5,'admin','2024-02-10 18:36:10','admin','2024-02-10 18:36:10',1,0);
INSERT INTO `oh_prices` VALUES (31455,4,'MED','365','Urine Collecting Bag sterile 2Ltr',50,'admin','2024-02-10 18:36:10','admin','2024-02-10 18:36:10',1,0);
INSERT INTO `oh_prices` VALUES (31456,4,'MED','202','Urine Test Strips 3 Parameters 100 tests',362.5,'admin','2024-02-10 18:36:10','admin','2024-02-10 18:36:10',1,0);
INSERT INTO `oh_prices` VALUES (31457,4,'MED','176','Vitamin A 200.000 IU Caps',75,'admin','2024-02-10 18:36:10','admin','2024-02-10 18:36:10',1,0);
INSERT INTO `oh_prices` VALUES (31458,4,'MED','177','Vitamin B Complex Tab',50,'admin','2024-02-10 18:36:10','admin','2024-02-10 18:36:10',1,0);
INSERT INTO `oh_prices` VALUES (31459,4,'MED','95','Water for Injection 10ml Vial',37.5,'admin','2024-02-10 18:36:10','admin','2024-02-10 18:36:10',1,0);
INSERT INTO `oh_prices` VALUES (31460,4,'MED','224','Whitfield Oinment 200g',42.5,'admin','2024-02-10 18:36:10','admin','2024-02-10 18:36:10',1,0);
INSERT INTO `oh_prices` VALUES (31461,4,'MED','225','Whitfield Oinment 25g',22.5,'admin','2024-02-10 18:36:10','admin','2024-02-10 18:36:10',1,0);
INSERT INTO `oh_prices` VALUES (31462,4,'MED','392','X-Ray Developer 2.6kg for 22.5Ltr',150,'admin','2024-02-10 18:36:10','admin','2024-02-10 18:36:10',1,0);
INSERT INTO `oh_prices` VALUES (31463,4,'MED','393','X-Ray Film 18x24cm',100,'admin','2024-02-10 18:36:10','admin','2024-02-10 18:36:10',1,0);
INSERT INTO `oh_prices` VALUES (31464,4,'MED','394','X-Ray Film 20x40cm',106.25,'admin','2024-02-10 18:36:10','admin','2024-02-10 18:36:10',1,0);
INSERT INTO `oh_prices` VALUES (31465,4,'MED','395','X-Ray Film 24x30cm',118.75,'admin','2024-02-10 18:36:10','admin','2024-02-10 18:36:10',1,0);
INSERT INTO `oh_prices` VALUES (31466,4,'MED','396','X-Ray Film 30x40cm',125,'admin','2024-02-10 18:36:10','admin','2024-02-10 18:36:10',1,0);
INSERT INTO `oh_prices` VALUES (31467,4,'MED','397','X-Ray Film 35x35cm',131.25,'admin','2024-02-10 18:36:10','admin','2024-02-10 18:36:10',1,0);
INSERT INTO `oh_prices` VALUES (31468,4,'MED','398','X-Ray Film 43x35cm',137.5,'admin','2024-02-10 18:36:10','admin','2024-02-10 18:36:10',1,0);
INSERT INTO `oh_prices` VALUES (31469,4,'MED','399','X-Ray Film Cassette  18x24cm with screen',75,'admin','2024-02-10 18:36:10','admin','2024-02-10 18:36:10',1,0);
INSERT INTO `oh_prices` VALUES (31470,4,'MED','400','X-Ray Film Cassette  24x30cm with screen',81.25,'admin','2024-02-10 18:36:10','admin','2024-02-10 18:36:10',1,0);
INSERT INTO `oh_prices` VALUES (31471,4,'MED','401','X-Ray Film Cassette  30x40cm with screen',87.5,'admin','2024-02-10 18:36:10','admin','2024-02-10 18:36:10',1,0);
INSERT INTO `oh_prices` VALUES (31472,4,'MED','402','X-Ray Film Cassette  35x35cm with screen',93.75,'admin','2024-02-10 18:36:10','admin','2024-02-10 18:36:10',1,0);
INSERT INTO `oh_prices` VALUES (31473,4,'MED','403','X-Ray Film Cassette  35x43cm with screen',100,'admin','2024-02-10 18:36:10','admin','2024-02-10 18:36:10',1,0);
INSERT INTO `oh_prices` VALUES (31474,4,'MED','404','X-Ray Fixer 3.3kg for 22.5 Ltr',200,'admin','2024-02-10 18:36:10','admin','2024-02-10 18:36:10',1,0);
INSERT INTO `oh_prices` VALUES (31475,4,'MED','19','Xylene 2.5 ltrs',100,'admin','2024-02-10 18:36:10','admin','2024-02-10 18:36:10',1,0);
INSERT INTO `oh_prices` VALUES (31476,4,'OTH','1','Amount per day',37.5,'admin','2024-02-10 18:36:10','admin','2024-02-10 18:36:10',1,0);
INSERT INTO `oh_prices` VALUES (31477,5,'EXA','01.01','1.1 HB',20,'admin','2024-02-10 18:36:36','admin','2024-02-10 18:36:36',1,0);
INSERT INTO `oh_prices` VALUES (31478,5,'EXA','01.02','1.2 WBC Count',20,'admin','2024-02-10 18:36:36','admin','2024-02-10 18:36:36',1,0);
INSERT INTO `oh_prices` VALUES (31479,5,'EXA','01.03','1.3 Differential ',24,'admin','2024-02-10 18:36:36','admin','2024-02-10 18:36:36',1,0);
INSERT INTO `oh_prices` VALUES (31480,5,'EXA','01.04','1.4 Film Comment',16,'admin','2024-02-10 18:36:36','admin','2024-02-10 18:36:36',1,0);
INSERT INTO `oh_prices` VALUES (31481,5,'EXA','01.05','1.5 ESR',28,'admin','2024-02-10 18:36:36','admin','2024-02-10 18:36:36',1,0);
INSERT INTO `oh_prices` VALUES (31482,5,'EXA','01.06','1.6 Sickling Test',28,'admin','2024-02-10 18:36:36','admin','2024-02-10 18:36:36',1,0);
INSERT INTO `oh_prices` VALUES (31483,5,'EXA','02.01','2.1 Grouping',20,'admin','2024-02-10 18:36:36','admin','2024-02-10 18:36:36',1,0);
INSERT INTO `oh_prices` VALUES (31484,5,'EXA','02.02','2.2 Comb\'s Test',24,'admin','2024-02-10 18:36:36','admin','2024-02-10 18:36:36',1,0);
INSERT INTO `oh_prices` VALUES (31485,5,'EXA','03.01','3.1 Blood Slide (Malaria)',20,'admin','2024-02-10 18:36:36','admin','2024-02-10 18:36:36',1,0);
INSERT INTO `oh_prices` VALUES (31486,5,'EXA','03.02','3.2 Blood Slide (OTHERS, E.G. TRIUPHANOSOMIAS, MICRIFILARIA, LEISHMANIA, BORRELIA)',24,'admin','2024-02-10 18:36:36','admin','2024-02-10 18:36:36',1,0);
INSERT INTO `oh_prices` VALUES (31487,5,'EXA','03.021','3.21 Trypanosomiasis',30,'admin','2024-02-10 18:36:36','admin','2024-02-10 18:36:36',1,0);
INSERT INTO `oh_prices` VALUES (31488,5,'EXA','03.022','3.22 MICROFILARIA',24,'admin','2024-02-10 18:36:36','admin','2024-02-10 18:36:36',1,0);
INSERT INTO `oh_prices` VALUES (31489,5,'EXA','03.023','3.23 LEISHMANIA',24,'admin','2024-02-10 18:36:36','admin','2024-02-10 18:36:36',1,0);
INSERT INTO `oh_prices` VALUES (31490,5,'EXA','03.024','3.24 BORRELIA',24,'admin','2024-02-10 18:36:36','admin','2024-02-10 18:36:36',1,0);
INSERT INTO `oh_prices` VALUES (31491,5,'EXA','03.03','3.3 STOOL MICROSCOPY',32,'admin','2024-02-10 18:36:36','admin','2024-02-10 18:36:36',1,0);
INSERT INTO `oh_prices` VALUES (31492,5,'EXA','03.04','3.4 URINE MICROSCOPY',32,'admin','2024-02-10 18:36:36','admin','2024-02-10 18:36:36',1,0);
INSERT INTO `oh_prices` VALUES (31493,5,'EXA','03.05','3.5 TISSUE MICROSCOPY',32,'admin','2024-02-10 18:36:36','admin','2024-02-10 18:36:36',1,0);
INSERT INTO `oh_prices` VALUES (31494,5,'EXA','03.06','3.6 CSF WET PREP',24,'admin','2024-02-10 18:36:36','admin','2024-02-10 18:36:36',1,0);
INSERT INTO `oh_prices` VALUES (31495,5,'EXA','04.01','4.1 CULTURE AND SENSITIVITY (C&S) FOR HAEMOPHILUS INFUENZA TYPE B',36,'admin','2024-02-10 18:36:36','admin','2024-02-10 18:36:36',1,0);
INSERT INTO `oh_prices` VALUES (31496,5,'EXA','04.02','4.2 C&S FOR SALMONELA TYPHI',36,'admin','2024-02-10 18:36:36','admin','2024-02-10 18:36:36',1,0);
INSERT INTO `oh_prices` VALUES (31497,5,'EXA','04.03','4.3 C&S FOR VIBRO CHOLERA',36,'admin','2024-02-10 18:36:36','admin','2024-02-10 18:36:36',1,0);
INSERT INTO `oh_prices` VALUES (31498,5,'EXA','04.04','4.4 C&S FOR SHIGELLA DYSENTERIAE',36,'admin','2024-02-10 18:36:36','admin','2024-02-10 18:36:36',1,0);
INSERT INTO `oh_prices` VALUES (31499,5,'EXA','04.05','4.5 C&S FOR NEISSERIA MENINGITIDES',36,'admin','2024-02-10 18:36:36','admin','2024-02-10 18:36:36',1,0);
INSERT INTO `oh_prices` VALUES (31500,5,'EXA','04.06','4.6 OTHER C&S ',20,'admin','2024-02-10 18:36:36','admin','2024-02-10 18:36:36',1,0);
INSERT INTO `oh_prices` VALUES (31501,5,'EXA','05.01','5.1 WET PREP',16,'admin','2024-02-10 18:36:36','admin','2024-02-10 18:36:36',1,0);
INSERT INTO `oh_prices` VALUES (31502,5,'EXA','05.02','5.2 GRAM STAIN',28,'admin','2024-02-10 18:36:36','admin','2024-02-10 18:36:36',1,0);
INSERT INTO `oh_prices` VALUES (31503,5,'EXA','05.03','5.3 INDIA INK',24,'admin','2024-02-10 18:36:36','admin','2024-02-10 18:36:36',1,0);
INSERT INTO `oh_prices` VALUES (31504,5,'EXA','05.04','5.4 LEISMANIA',20,'admin','2024-02-10 18:36:36','admin','2024-02-10 18:36:36',1,0);
INSERT INTO `oh_prices` VALUES (31505,5,'EXA','05.05','5.5 ZN',40,'admin','2024-02-10 18:36:36','admin','2024-02-10 18:36:36',1,0);
INSERT INTO `oh_prices` VALUES (31506,5,'EXA','05.06','5.6 WAYSON',40,'admin','2024-02-10 18:36:36','admin','2024-02-10 18:36:36',1,0);
INSERT INTO `oh_prices` VALUES (31507,5,'EXA','05.07','5.7 PAP SMEAR',36,'admin','2024-02-10 18:36:36','admin','2024-02-10 18:36:36',1,0);
INSERT INTO `oh_prices` VALUES (31508,5,'EXA','06.01','6.1 VDRL/RPR',40,'admin','2024-02-10 18:36:36','admin','2024-02-10 18:36:36',1,0);
INSERT INTO `oh_prices` VALUES (31509,5,'EXA','06.02','6.2 TPHA',36,'admin','2024-02-10 18:36:36','admin','2024-02-10 18:36:36',1,0);
INSERT INTO `oh_prices` VALUES (31510,5,'EXA','06.03','6.3 HIV',30,'admin','2024-02-10 18:36:36','admin','2024-02-10 18:36:36',1,0);
INSERT INTO `oh_prices` VALUES (31511,5,'EXA','06.04','6.4 HEPATITIS',24,'admin','2024-02-10 18:36:36','admin','2024-02-10 18:36:36',1,0);
INSERT INTO `oh_prices` VALUES (31512,5,'EXA','06.05','6.5 OTHERS E.G BRUCELLA, RHEUMATOID FACTOR, WEIL FELIX',40,'admin','2024-02-10 18:36:36','admin','2024-02-10 18:36:36',1,0);
INSERT INTO `oh_prices` VALUES (31513,5,'EXA','06.06','6.6 PREGNANCY TEST',20,'admin','2024-02-10 18:36:36','admin','2024-02-10 18:36:36',1,0);
INSERT INTO `oh_prices` VALUES (31514,5,'EXA','07.01','7.1 PROTEIN',16,'admin','2024-02-10 18:36:36','admin','2024-02-10 18:36:36',1,0);
INSERT INTO `oh_prices` VALUES (31515,5,'EXA','07.02','7.2 SUGAR',16,'admin','2024-02-10 18:36:36','admin','2024-02-10 18:36:36',1,0);
INSERT INTO `oh_prices` VALUES (31516,5,'EXA','07.03','7.3 LFTS',16,'admin','2024-02-10 18:36:36','admin','2024-02-10 18:36:36',1,0);
INSERT INTO `oh_prices` VALUES (31517,5,'EXA','07.03.1','7.3.1 BILIRUBIN TOTAL',16,'admin','2024-02-10 18:36:36','admin','2024-02-10 18:36:36',1,0);
INSERT INTO `oh_prices` VALUES (31518,5,'EXA','07.03.2','7.3.2 BILIRUBIN DIRECT',16,'admin','2024-02-10 18:36:36','admin','2024-02-10 18:36:36',1,0);
INSERT INTO `oh_prices` VALUES (31519,5,'EXA','07.03.3','7.3.3 GOT',20,'admin','2024-02-10 18:36:36','admin','2024-02-10 18:36:36',1,0);
INSERT INTO `oh_prices` VALUES (31520,5,'EXA','07.03.4','7.3.4 ALT/GPT',20,'admin','2024-02-10 18:36:36','admin','2024-02-10 18:36:36',1,0);
INSERT INTO `oh_prices` VALUES (31521,5,'EXA','07.04','7.4 RFTS',20,'admin','2024-02-10 18:36:36','admin','2024-02-10 18:36:36',1,0);
INSERT INTO `oh_prices` VALUES (31522,5,'EXA','07.04.1','7.4.1 CREATININA',16,'admin','2024-02-10 18:36:36','admin','2024-02-10 18:36:36',1,0);
INSERT INTO `oh_prices` VALUES (31523,5,'EXA','07.04.2','7.4.2 UREA',16,'admin','2024-02-10 18:36:36','admin','2024-02-10 18:36:36',1,0);
INSERT INTO `oh_prices` VALUES (31524,5,'EXA','08.01','8.1 OCCULT BLOOD',24,'admin','2024-02-10 18:36:36','admin','2024-02-10 18:36:36',1,0);
INSERT INTO `oh_prices` VALUES (31525,5,'EXA','URI','URINALYSIS',20,'admin','2024-02-10 18:36:36','admin','2024-02-10 18:36:36',1,0);
INSERT INTO `oh_prices` VALUES (31526,5,'OPE','45','Abdominal Tumours',240,'admin','2024-02-10 18:36:36','admin','2024-02-10 18:36:36',1,0);
INSERT INTO `oh_prices` VALUES (31527,5,'OPE','13','Acute abdomen',240,'admin','2024-02-10 18:36:36','admin','2024-02-10 18:36:36',1,0);
INSERT INTO `oh_prices` VALUES (31528,5,'OPE','43','Appendicitis',160,'admin','2024-02-10 18:36:36','admin','2024-02-10 18:36:36',1,0);
INSERT INTO `oh_prices` VALUES (31529,5,'OPE','30','Bladder biopsy',160,'admin','2024-02-10 18:36:36','admin','2024-02-10 18:36:36',1,0);
INSERT INTO `oh_prices` VALUES (31530,5,'OPE','1','Caesarian section',160,'admin','2024-02-10 18:36:36','admin','2024-02-10 18:36:36',1,0);
INSERT INTO `oh_prices` VALUES (31531,5,'OPE','44','Cholecystitis',120,'admin','2024-02-10 18:36:36','admin','2024-02-10 18:36:36',1,0);
INSERT INTO `oh_prices` VALUES (31532,5,'OPE','21','circumcision',80,'admin','2024-02-10 18:36:36','admin','2024-02-10 18:36:36',1,0);
INSERT INTO `oh_prices` VALUES (31533,5,'OPE','20','Cystorele',120,'admin','2024-02-10 18:36:36','admin','2024-02-10 18:36:36',1,0);
INSERT INTO `oh_prices` VALUES (31534,5,'OPE','51','Debridement',320,'admin','2024-02-10 18:36:36','admin','2024-02-10 18:36:36',1,0);
INSERT INTO `oh_prices` VALUES (31535,5,'OPE','11','Dilatation and curettage',240,'admin','2024-02-10 18:36:36','admin','2024-02-10 18:36:36',1,0);
INSERT INTO `oh_prices` VALUES (31536,5,'OPE','24','dorsal slit-paraphimosis',360,'admin','2024-02-10 18:36:36','admin','2024-02-10 18:36:36',1,0);
INSERT INTO `oh_prices` VALUES (31537,5,'OPE','14','Ectopic pregnancy',260,'admin','2024-02-10 18:36:36','admin','2024-02-10 18:36:36',1,0);
INSERT INTO `oh_prices` VALUES (31538,5,'OPE','3','elective',240,'admin','2024-02-10 18:36:36','admin','2024-02-10 18:36:36',1,0);
INSERT INTO `oh_prices` VALUES (31539,5,'OPE','2','emergency',100,'admin','2024-02-10 18:36:36','admin','2024-02-10 18:36:36',1,0);
INSERT INTO `oh_prices` VALUES (31540,5,'OPE','34','Epigastrical Hernia',200,'admin','2024-02-10 18:36:36','admin','2024-02-10 18:36:36',1,0);
INSERT INTO `oh_prices` VALUES (31541,5,'OPE','8','Evacuations',120,'admin','2024-02-10 18:36:36','admin','2024-02-10 18:36:36',1,0);
INSERT INTO `oh_prices` VALUES (31542,5,'OPE','31','Hernia (inguinal & femoral)',280,'admin','2024-02-10 18:36:36','admin','2024-02-10 18:36:36',1,0);
INSERT INTO `oh_prices` VALUES (31543,5,'OPE','26','Hydroceletomy',520,'admin','2024-02-10 18:36:36','admin','2024-02-10 18:36:36',1,0);
INSERT INTO `oh_prices` VALUES (31544,5,'OPE','4','Hysterectomy',400,'admin','2024-02-10 18:36:36','admin','2024-02-10 18:36:36',1,0);
INSERT INTO `oh_prices` VALUES (31545,5,'OPE','7','Hysterectomy',400,'admin','2024-02-10 18:36:36','admin','2024-02-10 18:36:36',1,0);
INSERT INTO `oh_prices` VALUES (31546,5,'OPE','50','Incission & drainage',280,'admin','2024-02-10 18:36:36','admin','2024-02-10 18:36:36',1,0);
INSERT INTO `oh_prices` VALUES (31547,5,'OPE','9','Incomplete abortion',360,'admin','2024-02-10 18:36:36','admin','2024-02-10 18:36:36',1,0);
INSERT INTO `oh_prices` VALUES (31548,5,'OPE','6','Injured uterus',200,'admin','2024-02-10 18:36:36','admin','2024-02-10 18:36:36',1,0);
INSERT INTO `oh_prices` VALUES (31549,5,'OPE','37','Intestinal obstruction',170,'admin','2024-02-10 18:36:36','admin','2024-02-10 18:36:36',1,0);
INSERT INTO `oh_prices` VALUES (31550,5,'OPE','40','Laparatomy',400,'admin','2024-02-10 18:36:36','admin','2024-02-10 18:36:36',1,0);
INSERT INTO `oh_prices` VALUES (31551,5,'OPE','48','Lower limb',200,'admin','2024-02-10 18:36:36','admin','2024-02-10 18:36:36',1,0);
INSERT INTO `oh_prices` VALUES (31552,5,'OPE','38','Mechanical',160,'admin','2024-02-10 18:36:36','admin','2024-02-10 18:36:36',1,0);
INSERT INTO `oh_prices` VALUES (31553,5,'OPE','52','Mise -a- plat',100,'admin','2024-02-10 18:36:36','admin','2024-02-10 18:36:36',1,0);
INSERT INTO `oh_prices` VALUES (31554,5,'OPE','33','Non strangulated',150,'admin','2024-02-10 18:36:36','admin','2024-02-10 18:36:36',1,0);
INSERT INTO `oh_prices` VALUES (31555,5,'OPE','49','Osteomyelitis - sequestrectomy',320,'admin','2024-02-10 18:36:36','admin','2024-02-10 18:36:36',1,0);
INSERT INTO `oh_prices` VALUES (31556,5,'OPE','18','Ovarian tumours',400,'admin','2024-02-10 18:36:36','admin','2024-02-10 18:36:36',1,0);
INSERT INTO `oh_prices` VALUES (31557,5,'OPE','23','paraphimosis',180,'admin','2024-02-10 18:36:36','admin','2024-02-10 18:36:36',1,0);
INSERT INTO `oh_prices` VALUES (31558,5,'OPE','16','Pelvic abscess',400,'admin','2024-02-10 18:36:36','admin','2024-02-10 18:36:36',1,0);
INSERT INTO `oh_prices` VALUES (31559,5,'OPE','41','Penetrating abdominal injuries',180,'admin','2024-02-10 18:36:36','admin','2024-02-10 18:36:36',1,0);
INSERT INTO `oh_prices` VALUES (31560,5,'OPE','42','Peritonitis',360,'admin','2024-02-10 18:36:36','admin','2024-02-10 18:36:36',1,0);
INSERT INTO `oh_prices` VALUES (31561,5,'OPE','15','Peritonitis',360,'admin','2024-02-10 18:36:36','admin','2024-02-10 18:36:36',1,0);
INSERT INTO `oh_prices` VALUES (31562,5,'OPE','22','phimosis',240,'admin','2024-02-10 18:36:36','admin','2024-02-10 18:36:36',1,0);
INSERT INTO `oh_prices` VALUES (31563,5,'OPE','29','Prostate biopsy',160,'admin','2024-02-10 18:36:36','admin','2024-02-10 18:36:36',1,0);
INSERT INTO `oh_prices` VALUES (31564,5,'OPE','28','Prostatectomy',240,'admin','2024-02-10 18:36:36','admin','2024-02-10 18:36:36',1,0);
INSERT INTO `oh_prices` VALUES (31565,5,'OPE','46','Reduction of fractures',200,'admin','2024-02-10 18:36:36','admin','2024-02-10 18:36:36',1,0);
INSERT INTO `oh_prices` VALUES (31566,5,'OPE','12','Repair of vesico-vaginal fistula (vvf)',240,'admin','2024-02-10 18:36:36','admin','2024-02-10 18:36:36',1,0);
INSERT INTO `oh_prices` VALUES (31567,5,'OPE','5','Ruptured uterus',240,'admin','2024-02-10 18:36:36','admin','2024-02-10 18:36:36',1,0);
INSERT INTO `oh_prices` VALUES (31568,5,'OPE','10','Septic abortion',160,'admin','2024-02-10 18:36:36','admin','2024-02-10 18:36:36',1,0);
INSERT INTO `oh_prices` VALUES (31569,5,'OPE','32','Strangulated',120,'admin','2024-02-10 18:36:36','admin','2024-02-10 18:36:36',1,0);
INSERT INTO `oh_prices` VALUES (31570,5,'OPE','53','Surgical toilet  & suture',100,'admin','2024-02-10 18:36:36','admin','2024-02-10 18:36:36',1,0);
INSERT INTO `oh_prices` VALUES (31571,5,'OPE','27','Testicular tumours',400,'admin','2024-02-10 18:36:36','admin','2024-02-10 18:36:36',1,0);
INSERT INTO `oh_prices` VALUES (31572,5,'OPE','47','Upper limb',400,'admin','2024-02-10 18:36:36','admin','2024-02-10 18:36:36',1,0);
INSERT INTO `oh_prices` VALUES (31573,5,'OPE','25','uretheral stricture-bougienage',260,'admin','2024-02-10 18:36:36','admin','2024-02-10 18:36:36',1,0);
INSERT INTO `oh_prices` VALUES (31574,5,'OPE','17','Uterine fibroids',240,'admin','2024-02-10 18:36:36','admin','2024-02-10 18:36:36',1,0);
INSERT INTO `oh_prices` VALUES (31575,5,'OPE','19','Uterine prolapse',240,'admin','2024-02-10 18:36:36','admin','2024-02-10 18:36:36',1,0);
INSERT INTO `oh_prices` VALUES (31576,5,'OPE','39','Volvulus',200,'admin','2024-02-10 18:36:36','admin','2024-02-10 18:36:36',1,0);
INSERT INTO `oh_prices` VALUES (31577,5,'MED','24','4 Dimethyl Aminobenzaldelyde',120,'admin','2024-02-10 18:36:36','admin','2024-02-10 18:36:36',1,0);
INSERT INTO `oh_prices` VALUES (31578,5,'MED','98','Acetazolamide 250mg Tab',60,'admin','2024-02-10 18:36:36','admin','2024-02-10 18:36:36',1,0);
INSERT INTO `oh_prices` VALUES (31579,5,'MED','2','Acetic Acid Glacial 1 ltr',120,'admin','2024-02-10 18:36:36','admin','2024-02-10 18:36:36',1,0);
INSERT INTO `oh_prices` VALUES (31580,5,'MED','3','Aceton 99% 1ltr',100,'admin','2024-02-10 18:36:36','admin','2024-02-10 18:36:36',1,0);
INSERT INTO `oh_prices` VALUES (31581,5,'MED','414','Aciclovir cream',96,'admin','2024-02-10 18:36:36','admin','2024-02-10 18:36:36',1,0);
INSERT INTO `oh_prices` VALUES (31582,5,'MED','99','Acyclovir 200mg Tab',64,'admin','2024-02-10 18:36:36','admin','2024-02-10 18:36:36',1,0);
INSERT INTO `oh_prices` VALUES (31583,5,'MED','273','Adhesive Tape 2.5cm x 5m',56,'admin','2024-02-10 18:36:36','admin','2024-02-10 18:36:36',1,0);
INSERT INTO `oh_prices` VALUES (31584,5,'MED','274','Adhesive Tape 7.5cm x 5m',76,'admin','2024-02-10 18:36:36','admin','2024-02-10 18:36:36',1,0);
INSERT INTO `oh_prices` VALUES (31585,5,'MED','40','Adrenaline 1mg/ml 1ml Amp',120,'admin','2024-02-10 18:36:36','admin','2024-02-10 18:36:36',1,0);
INSERT INTO `oh_prices` VALUES (31586,5,'MED','326','Air ring set 43x15cm, rubber with pump',140,'admin','2024-02-10 18:36:36','admin','2024-02-10 18:36:36',1,0);
INSERT INTO `oh_prices` VALUES (31587,5,'MED','268','Airway Guedel Size 0',120,'admin','2024-02-10 18:36:36','admin','2024-02-10 18:36:36',1,0);
INSERT INTO `oh_prices` VALUES (31588,5,'MED','267','Airway Guedel Size 00',120,'admin','2024-02-10 18:36:36','admin','2024-02-10 18:36:36',1,0);
INSERT INTO `oh_prices` VALUES (31589,5,'MED','269','Airway Guedel Size 1',120,'admin','2024-02-10 18:36:36','admin','2024-02-10 18:36:36',1,0);
INSERT INTO `oh_prices` VALUES (31590,5,'MED','270','Airway Guedel Size 2',120,'admin','2024-02-10 18:36:36','admin','2024-02-10 18:36:36',1,0);
INSERT INTO `oh_prices` VALUES (31591,5,'MED','271','Airway Guedel Size 3',120,'admin','2024-02-10 18:36:36','admin','2024-02-10 18:36:36',1,0);
INSERT INTO `oh_prices` VALUES (31592,5,'MED','103','Albendazole 200mg Tab',70,'admin','2024-02-10 18:36:36','admin','2024-02-10 18:36:36',1,0);
INSERT INTO `oh_prices` VALUES (31593,5,'MED','102','Albendazole 400mg Tab',120,'admin','2024-02-10 18:36:36','admin','2024-02-10 18:36:36',1,0);
INSERT INTO `oh_prices` VALUES (31594,5,'MED','41','Aminophyline 25mg/ml,10ml Amp',64,'admin','2024-02-10 18:36:36','admin','2024-02-10 18:36:36',1,0);
INSERT INTO `oh_prices` VALUES (31595,5,'MED','101','Aminophylline 100mg Tab',96,'admin','2024-02-10 18:36:36','admin','2024-02-10 18:36:36',1,0);
INSERT INTO `oh_prices` VALUES (31596,5,'MED','104','Amitriptyline 25mg Tab',56,'admin','2024-02-10 18:36:36','admin','2024-02-10 18:36:36',1,0);
INSERT INTO `oh_prices` VALUES (31597,5,'MED','23','Amonium Oxalate',140,'admin','2024-02-10 18:36:36','admin','2024-02-10 18:36:36',1,0);
INSERT INTO `oh_prices` VALUES (31598,5,'MED','106','Amoxycillin /Clavulanate 375mg Tab',60,'admin','2024-02-10 18:36:36','admin','2024-02-10 18:36:36',1,0);
INSERT INTO `oh_prices` VALUES (31599,5,'MED','226','Amoxycillin 125mg/5ml Powd. Susp 100ml',56,'admin','2024-02-10 18:36:36','admin','2024-02-10 18:36:36',1,0);
INSERT INTO `oh_prices` VALUES (31600,5,'MED','105','Amoxycillin 250mg Caps',52,'admin','2024-02-10 18:36:36','admin','2024-02-10 18:36:36',1,0);
INSERT INTO `oh_prices` VALUES (31601,5,'MED','42','Amphotericin B 50mg Vial',80,'admin','2024-02-10 18:36:36','admin','2024-02-10 18:36:36',1,0);
INSERT INTO `oh_prices` VALUES (31602,5,'MED','43','Ampicillin 500mg Vial',104,'admin','2024-02-10 18:36:36','admin','2024-02-10 18:36:36',1,0);
INSERT INTO `oh_prices` VALUES (31603,5,'MED','238','Anti Serum A 10ml',60,'admin','2024-02-10 18:36:36','admin','2024-02-10 18:36:36',1,0);
INSERT INTO `oh_prices` VALUES (31604,5,'MED','408','Anti Serum AB 10ml',60,'admin','2024-02-10 18:36:36','admin','2024-02-10 18:36:36',1,0);
INSERT INTO `oh_prices` VALUES (31605,5,'MED','407','Anti Serum B 10ml',60,'admin','2024-02-10 18:36:36','admin','2024-02-10 18:36:36',1,0);
INSERT INTO `oh_prices` VALUES (31606,5,'MED','409','Anti Serum D 10ml',60,'admin','2024-02-10 18:36:36','admin','2024-02-10 18:36:36',1,0);
INSERT INTO `oh_prices` VALUES (31607,5,'MED','208','Antihaemorrhoid suppositories',50,'admin','2024-02-10 18:36:36','admin','2024-02-10 18:36:36',1,0);
INSERT INTO `oh_prices` VALUES (31608,5,'MED','348','Apron Plastic Re-usable',140,'admin','2024-02-10 18:36:36','admin','2024-02-10 18:36:36',1,0);
INSERT INTO `oh_prices` VALUES (31609,5,'MED','349','Apron Plastic Re-usable local',140,'admin','2024-02-10 18:36:36','admin','2024-02-10 18:36:36',1,0);
INSERT INTO `oh_prices` VALUES (31610,5,'MED','350','Apron Polythene Disp Non Sterile',120,'admin','2024-02-10 18:36:36','admin','2024-02-10 18:36:36',1,0);
INSERT INTO `oh_prices` VALUES (31611,5,'MED','416','Artemether+Lumefantrine 25-35kg',240,'admin','2024-02-10 18:36:36','admin','2024-02-10 18:36:36',1,0);
INSERT INTO `oh_prices` VALUES (31612,5,'MED','107','Ascorbic Acid 100mg tab',40,'admin','2024-02-10 18:36:36','admin','2024-02-10 18:36:36',1,0);
INSERT INTO `oh_prices` VALUES (31613,5,'MED','108','Aspirin 300mg Tab',32,'admin','2024-02-10 18:36:36','admin','2024-02-10 18:36:36',1,0);
INSERT INTO `oh_prices` VALUES (31614,5,'MED','110','Atenolol 100mg Tab',40,'admin','2024-02-10 18:36:36','admin','2024-02-10 18:36:36',1,0);
INSERT INTO `oh_prices` VALUES (31615,5,'MED','109','Atenolol 50mg Tab',48,'admin','2024-02-10 18:36:36','admin','2024-02-10 18:36:36',1,0);
INSERT INTO `oh_prices` VALUES (31616,5,'MED','44','Atropine 1mg/ml 1ml Amp',56,'admin','2024-02-10 18:36:36','admin','2024-02-10 18:36:36',1,0);
INSERT INTO `oh_prices` VALUES (31617,5,'MED','405','Barium Sulphate for X-Ray 1kg',160,'admin','2024-02-10 18:36:36','admin','2024-02-10 18:36:36',1,0);
INSERT INTO `oh_prices` VALUES (31618,5,'MED','201','Beclamethasone 50mcg Innhaler',180,'admin','2024-02-10 18:36:36','admin','2024-02-10 18:36:36',1,0);
INSERT INTO `oh_prices` VALUES (31619,5,'MED','320','Bedpan Plastic Autoclavable',200,'admin','2024-02-10 18:36:36','admin','2024-02-10 18:36:36',1,0);
INSERT INTO `oh_prices` VALUES (31620,5,'MED','321','Bedpan Stainless Steel',360,'admin','2024-02-10 18:36:36','admin','2024-02-10 18:36:36',1,0);
INSERT INTO `oh_prices` VALUES (31621,5,'MED','111','Bendrofluazide 5mg Tab',44,'admin','2024-02-10 18:36:36','admin','2024-02-10 18:36:36',1,0);
INSERT INTO `oh_prices` VALUES (31622,5,'MED','45','Benzathine Penicillin 2.4 MIU Vial',80,'admin','2024-02-10 18:36:36','admin','2024-02-10 18:36:36',1,0);
INSERT INTO `oh_prices` VALUES (31623,5,'MED','112','Benzhexol 2mg Tab',40,'admin','2024-02-10 18:36:36','admin','2024-02-10 18:36:36',1,0);
INSERT INTO `oh_prices` VALUES (31624,5,'MED','113','Benzhexol 5mg Tab',60,'admin','2024-02-10 18:36:36','admin','2024-02-10 18:36:36',1,0);
INSERT INTO `oh_prices` VALUES (31625,5,'MED','211','Benzyl Benzoate 25% 100ml',68,'admin','2024-02-10 18:36:36','admin','2024-02-10 18:36:36',1,0);
INSERT INTO `oh_prices` VALUES (31626,5,'MED','46','Benzyl Penicillin 1 MIU Vial',56,'admin','2024-02-10 18:36:36','admin','2024-02-10 18:36:36',1,0);
INSERT INTO `oh_prices` VALUES (31627,5,'MED','47','Benzyl Penicillin 5 MIU Vial',76,'admin','2024-02-10 18:36:36','admin','2024-02-10 18:36:36',1,0);
INSERT INTO `oh_prices` VALUES (31628,5,'MED','194','Betamethasone 0.1% eye/ear/nose drops',80,'admin','2024-02-10 18:36:36','admin','2024-02-10 18:36:36',1,0);
INSERT INTO `oh_prices` VALUES (31629,5,'MED','195','Betamethasone 0.1% Neomycin 0.35 %eye drops 7.5ml',90,'admin','2024-02-10 18:36:36','admin','2024-02-10 18:36:36',1,0);
INSERT INTO `oh_prices` VALUES (31630,5,'MED','114','Bisacodyl 5mg Tab',40,'admin','2024-02-10 18:36:36','admin','2024-02-10 18:36:36',1,0);
INSERT INTO `oh_prices` VALUES (31631,5,'MED','239','Blood giving set Disposable',50,'admin','2024-02-10 18:36:36','admin','2024-02-10 18:36:36',1,0);
INSERT INTO `oh_prices` VALUES (31632,5,'MED','240','Blood Transfer Bag 300ml',40,'admin','2024-02-10 18:36:36','admin','2024-02-10 18:36:36',1,0);
INSERT INTO `oh_prices` VALUES (31633,5,'MED','322','Body Bag 70 x 215cm  (Adult)',180,'admin','2024-02-10 18:36:36','admin','2024-02-10 18:36:36',1,0);
INSERT INTO `oh_prices` VALUES (31634,5,'MED','325','Bowl Without Lid 10 x 24cm stainless steel',240,'admin','2024-02-10 18:36:36','admin','2024-02-10 18:36:36',1,0);
INSERT INTO `oh_prices` VALUES (31635,5,'MED','323','Bowl Without Lid 7 x 12cm stainless steel',280,'admin','2024-02-10 18:36:36','admin','2024-02-10 18:36:36',1,0);
INSERT INTO `oh_prices` VALUES (31636,5,'MED','324','Bowl Without Lid 8 x 16cm stainless steel',260,'admin','2024-02-10 18:36:36','admin','2024-02-10 18:36:36',1,0);
INSERT INTO `oh_prices` VALUES (31637,5,'MED','22','Brillians crystal blue',150,'admin','2024-02-10 18:36:36','admin','2024-02-10 18:36:36',1,0);
INSERT INTO `oh_prices` VALUES (31638,5,'MED','213','Calamine Lotion 100ml',60,'admin','2024-02-10 18:36:36','admin','2024-02-10 18:36:36',1,0);
INSERT INTO `oh_prices` VALUES (31639,5,'MED','212','Calamine Lotion 3Ltr',360,'admin','2024-02-10 18:36:36','admin','2024-02-10 18:36:36',1,0);
INSERT INTO `oh_prices` VALUES (31640,5,'MED','115','Calcium Lactate 300mg Tab',72,'admin','2024-02-10 18:36:36','admin','2024-02-10 18:36:36',1,0);
INSERT INTO `oh_prices` VALUES (31641,5,'MED','116','Carbamazepine 200mg Tab',56,'admin','2024-02-10 18:36:36','admin','2024-02-10 18:36:36',1,0);
INSERT INTO `oh_prices` VALUES (31642,5,'MED','117','Carbimazole 5mg Tab',40,'admin','2024-02-10 18:36:36','admin','2024-02-10 18:36:36',1,0);
INSERT INTO `oh_prices` VALUES (31643,5,'MED','288','Cathether Foley CH10 3 Way Ballon',80,'admin','2024-02-10 18:36:36','admin','2024-02-10 18:36:36',1,0);
INSERT INTO `oh_prices` VALUES (31644,5,'MED','289','Cathether Foley CH12 3 Way Ballon',80,'admin','2024-02-10 18:36:36','admin','2024-02-10 18:36:36',1,0);
INSERT INTO `oh_prices` VALUES (31645,5,'MED','290','Cathether Foley CH14 3 Way Ballon',80,'admin','2024-02-10 18:36:36','admin','2024-02-10 18:36:36',1,0);
INSERT INTO `oh_prices` VALUES (31646,5,'MED','291','Cathether Foley CH16 3 Way Ballon',80,'admin','2024-02-10 18:36:36','admin','2024-02-10 18:36:36',1,0);
INSERT INTO `oh_prices` VALUES (31647,5,'MED','292','Cathether Foley CH18 3 Way Ballon',80,'admin','2024-02-10 18:36:36','admin','2024-02-10 18:36:36',1,0);
INSERT INTO `oh_prices` VALUES (31648,5,'MED','286','Cathether Foley CH20 3 Way Ballon',80,'admin','2024-02-10 18:36:36','admin','2024-02-10 18:36:36',1,0);
INSERT INTO `oh_prices` VALUES (31649,5,'MED','287','Cathether Foley CH8 3 Way Ballon',80,'admin','2024-02-10 18:36:36','admin','2024-02-10 18:36:36',1,0);
INSERT INTO `oh_prices` VALUES (31650,5,'MED','293','Cathether Stopper for All sizes',60,'admin','2024-02-10 18:36:36','admin','2024-02-10 18:36:36',1,0);
INSERT INTO `oh_prices` VALUES (31651,5,'MED','118','Charcoal 250mg Tab',36,'admin','2024-02-10 18:36:36','admin','2024-02-10 18:36:36',1,0);
INSERT INTO `oh_prices` VALUES (31652,5,'MED','196','Chloramphenicol 0.5% Eye Drops 10ml',80,'admin','2024-02-10 18:36:36','admin','2024-02-10 18:36:36',1,0);
INSERT INTO `oh_prices` VALUES (31653,5,'MED','228','Chloramphenicol 125mg/5ml Susp 100ml',60,'admin','2024-02-10 18:36:36','admin','2024-02-10 18:36:36',1,0);
INSERT INTO `oh_prices` VALUES (31654,5,'MED','227','Chloramphenicol 125mg/5ml Susp 3Ltr',240,'admin','2024-02-10 18:36:36','admin','2024-02-10 18:36:36',1,0);
INSERT INTO `oh_prices` VALUES (31655,5,'MED','48','Chloramphenicol 1g Vial',60,'admin','2024-02-10 18:36:36','admin','2024-02-10 18:36:36',1,0);
INSERT INTO `oh_prices` VALUES (31656,5,'MED','119','Chloramphenicol 250mg Caps',60,'admin','2024-02-10 18:36:36','admin','2024-02-10 18:36:36',1,0);
INSERT INTO `oh_prices` VALUES (31657,5,'MED','183','Chlorhexidine/Centrimide 1.5/15% 1Ltr',120,'admin','2024-02-10 18:36:36','admin','2024-02-10 18:36:36',1,0);
INSERT INTO `oh_prices` VALUES (31658,5,'MED','184','Chlorhexidine/Centrimide 1.5/15% 5Ltr',360,'admin','2024-02-10 18:36:36','admin','2024-02-10 18:36:36',1,0);
INSERT INTO `oh_prices` VALUES (31659,5,'MED','49','Chloroquine 40mg Base/ml 5ml Amp',40,'admin','2024-02-10 18:36:36','admin','2024-02-10 18:36:36',1,0);
INSERT INTO `oh_prices` VALUES (31660,5,'MED','121','Chloroquine Coated 150mg Tab',60,'admin','2024-02-10 18:36:36','admin','2024-02-10 18:36:36',1,0);
INSERT INTO `oh_prices` VALUES (31661,5,'MED','120','Chloroquine Uncoated 150mg Tab',50,'admin','2024-02-10 18:36:36','admin','2024-02-10 18:36:36',1,0);
INSERT INTO `oh_prices` VALUES (31662,5,'MED','123','Chlorphenimine 4mg Tab',40,'admin','2024-02-10 18:36:36','admin','2024-02-10 18:36:36',1,0);
INSERT INTO `oh_prices` VALUES (31663,5,'MED','124','Chlorpromazine 100mg Tab',76,'admin','2024-02-10 18:36:36','admin','2024-02-10 18:36:36',1,0);
INSERT INTO `oh_prices` VALUES (31664,5,'MED','125','Chlorpromazine 25mg Tab',36,'admin','2024-02-10 18:36:36','admin','2024-02-10 18:36:36',1,0);
INSERT INTO `oh_prices` VALUES (31665,5,'MED','50','Chlorpromazine 25mg/ml/2ml Amp',44,'admin','2024-02-10 18:36:36','admin','2024-02-10 18:36:36',1,0);
INSERT INTO `oh_prices` VALUES (31666,5,'MED','126','Cimetidine 200mg Tab',70,'admin','2024-02-10 18:36:36','admin','2024-02-10 18:36:36',1,0);
INSERT INTO `oh_prices` VALUES (31667,5,'MED','127','Cimetidine 400mg Tab',120,'admin','2024-02-10 18:36:36','admin','2024-02-10 18:36:36',1,0);
INSERT INTO `oh_prices` VALUES (31668,5,'MED','129','Ciprofloxacine 250mg Tab',80,'admin','2024-02-10 18:36:36','admin','2024-02-10 18:36:36',1,0);
INSERT INTO `oh_prices` VALUES (31669,5,'MED','128','Ciprofloxacine 500mg Tab',110,'admin','2024-02-10 18:36:36','admin','2024-02-10 18:36:36',1,0);
INSERT INTO `oh_prices` VALUES (31670,5,'MED','197','Cloramphenicol 1% Eye Ointment 3.5g',120,'admin','2024-02-10 18:36:36','admin','2024-02-10 18:36:36',1,0);
INSERT INTO `oh_prices` VALUES (31671,5,'MED','215','Clotrimazole !% cream 15/20g',100,'admin','2024-02-10 18:36:36','admin','2024-02-10 18:36:36',1,0);
INSERT INTO `oh_prices` VALUES (31672,5,'MED','214','Clotrimazole !% cream 200mg',200,'admin','2024-02-10 18:36:36','admin','2024-02-10 18:36:36',1,0);
INSERT INTO `oh_prices` VALUES (31673,5,'MED','206','Clotrimazole 100mg Pessaries',120,'admin','2024-02-10 18:36:36','admin','2024-02-10 18:36:36',1,0);
INSERT INTO `oh_prices` VALUES (31674,5,'MED','205','Clotrimazole 500mg Pessaries',240,'admin','2024-02-10 18:36:36','admin','2024-02-10 18:36:36',1,0);
INSERT INTO `oh_prices` VALUES (31675,5,'MED','130','Cloxacillin 250mg Tab',60,'admin','2024-02-10 18:36:36','admin','2024-02-10 18:36:36',1,0);
INSERT INTO `oh_prices` VALUES (31676,5,'MED','51','Cloxacillin 500mg Vial',80,'admin','2024-02-10 18:36:36','admin','2024-02-10 18:36:36',1,0);
INSERT INTO `oh_prices` VALUES (31677,5,'MED','417','Coartem 15-25kg',200,'admin','2024-02-10 18:36:36','admin','2024-02-10 18:36:36',1,0);
INSERT INTO `oh_prices` VALUES (31678,5,'MED','418','Coartem 5-15kg',140,'admin','2024-02-10 18:36:36','admin','2024-02-10 18:36:36',1,0);
INSERT INTO `oh_prices` VALUES (31679,5,'MED','131','Codein Phosphate 30mg Tab',54,'admin','2024-02-10 18:36:36','admin','2024-02-10 18:36:36',1,0);
INSERT INTO `oh_prices` VALUES (31680,5,'MED','327','Colostomy Bag closed 30mm size 2',120,'admin','2024-02-10 18:36:36','admin','2024-02-10 18:36:36',1,0);
INSERT INTO `oh_prices` VALUES (31681,5,'MED','328','Colostomy Bag closed 30mm size 3',130,'admin','2024-02-10 18:36:36','admin','2024-02-10 18:36:36',1,0);
INSERT INTO `oh_prices` VALUES (31682,5,'MED','329','Colostomy Bag open re-usable 35mm',150,'admin','2024-02-10 18:36:36','admin','2024-02-10 18:36:36',1,0);
INSERT INTO `oh_prices` VALUES (31683,5,'MED','4','Copper 11 Sulphate 500g',80,'admin','2024-02-10 18:36:36','admin','2024-02-10 18:36:36',1,0);
INSERT INTO `oh_prices` VALUES (31684,5,'MED','132','Cotrimoxazole 100/20mg Paed Tab',70,'admin','2024-02-10 18:36:36','admin','2024-02-10 18:36:36',1,0);
INSERT INTO `oh_prices` VALUES (31685,5,'MED','230','Cotrimoxazole 200+40mg/5ml Susp 100ml',80,'admin','2024-02-10 18:36:36','admin','2024-02-10 18:36:36',1,0);
INSERT INTO `oh_prices` VALUES (31686,5,'MED','229','Cotrimoxazole 200+40mg/5ml Susp 3Ltr',180,'admin','2024-02-10 18:36:36','admin','2024-02-10 18:36:36',1,0);
INSERT INTO `oh_prices` VALUES (31687,5,'MED','133','Cotrimoxazole 400/80mg Tab',60,'admin','2024-02-10 18:36:36','admin','2024-02-10 18:36:36',1,0);
INSERT INTO `oh_prices` VALUES (31688,5,'MED','276','Cotton Wool 200G',24,'admin','2024-02-10 18:36:36','admin','2024-02-10 18:36:36',1,0);
INSERT INTO `oh_prices` VALUES (31689,5,'MED','275','cotton Wool 500G',40,'admin','2024-02-10 18:36:36','admin','2024-02-10 18:36:36',1,0);
INSERT INTO `oh_prices` VALUES (31690,5,'MED','410','Creatinine 200ml (Calorimetric)',36,'admin','2024-02-10 18:36:36','admin','2024-02-10 18:36:36',1,0);
INSERT INTO `oh_prices` VALUES (31691,5,'MED','29','Crystal Violet',80,'admin','2024-02-10 18:36:36','admin','2024-02-10 18:36:36',1,0);
INSERT INTO `oh_prices` VALUES (31692,5,'MED','52','Cyclophosphamide 200mg Vial',100,'admin','2024-02-10 18:36:36','admin','2024-02-10 18:36:36',1,0);
INSERT INTO `oh_prices` VALUES (31693,5,'MED','53','Cyclophosphamide 500mg Vial',150,'admin','2024-02-10 18:36:36','admin','2024-02-10 18:36:36',1,0);
INSERT INTO `oh_prices` VALUES (31694,5,'MED','134','Darrows Half Strength 500ml',140,'admin','2024-02-10 18:36:36','admin','2024-02-10 18:36:36',1,0);
INSERT INTO `oh_prices` VALUES (31695,5,'MED','140','DEXAMethasone 0.5mg Tab',60,'admin','2024-02-10 18:36:36','admin','2024-02-10 18:36:36',1,0);
INSERT INTO `oh_prices` VALUES (31696,5,'MED','136','DEXAMethasone 4mg/ml 1ml Amp',76,'admin','2024-02-10 18:36:36','admin','2024-02-10 18:36:36',1,0);
INSERT INTO `oh_prices` VALUES (31697,5,'MED','135','DEXAMethasone 4mg/ml 2ml Amp',100,'admin','2024-02-10 18:36:36','admin','2024-02-10 18:36:36',1,0);
INSERT INTO `oh_prices` VALUES (31698,5,'MED','138','Dextrose 30% IV 100ml',40,'admin','2024-02-10 18:36:36','admin','2024-02-10 18:36:36',1,0);
INSERT INTO `oh_prices` VALUES (31699,5,'MED','137','Dextrose 5% IV 500ml',80,'admin','2024-02-10 18:36:36','admin','2024-02-10 18:36:36',1,0);
INSERT INTO `oh_prices` VALUES (31700,5,'MED','139','Dextrose 50% IV 100ml',40,'admin','2024-02-10 18:36:36','admin','2024-02-10 18:36:36',1,0);
INSERT INTO `oh_prices` VALUES (31701,5,'MED','210','Dextrose Monohydrate Apyrogen 25Kg',200,'admin','2024-02-10 18:36:36','admin','2024-02-10 18:36:36',1,0);
INSERT INTO `oh_prices` VALUES (31702,5,'MED','406','Diatrizoate Meglumin Sod 76% 20ml Amp',90,'admin','2024-02-10 18:36:36','admin','2024-02-10 18:36:36',1,0);
INSERT INTO `oh_prices` VALUES (31703,5,'MED','207','Diazepam 2mg/ml 2.5ml Rectal Tube',120,'admin','2024-02-10 18:36:36','admin','2024-02-10 18:36:36',1,0);
INSERT INTO `oh_prices` VALUES (31704,5,'MED','54','Diazepam 5mg / ml 2ml Amp',90,'admin','2024-02-10 18:36:36','admin','2024-02-10 18:36:36',1,0);
INSERT INTO `oh_prices` VALUES (31705,5,'MED','141','Diazepam 5mg Tab',80,'admin','2024-02-10 18:36:36','admin','2024-02-10 18:36:36',1,0);
INSERT INTO `oh_prices` VALUES (31706,5,'MED','55','Diclofenac 25mg/ml 3ml Amp',60,'admin','2024-02-10 18:36:36','admin','2024-02-10 18:36:36',1,0);
INSERT INTO `oh_prices` VALUES (31707,5,'MED','142','Diclofenac 50mg Tab',90,'admin','2024-02-10 18:36:36','admin','2024-02-10 18:36:36',1,0);
INSERT INTO `oh_prices` VALUES (31708,5,'MED','143','Diethylcarbamazine 50mg Tab',70,'admin','2024-02-10 18:36:36','admin','2024-02-10 18:36:36',1,0);
INSERT INTO `oh_prices` VALUES (31709,5,'MED','144','Digoxin 0.25 mg Tab',50,'admin','2024-02-10 18:36:36','admin','2024-02-10 18:36:36',1,0);
INSERT INTO `oh_prices` VALUES (31710,5,'MED','56','Digoxin 0.25 mg/ml 2ml Amp',56,'admin','2024-02-10 18:36:36','admin','2024-02-10 18:36:36',1,0);
INSERT INTO `oh_prices` VALUES (31711,5,'MED','145','Doxycycline 100mg Tab',64,'admin','2024-02-10 18:36:36','admin','2024-02-10 18:36:36',1,0);
INSERT INTO `oh_prices` VALUES (31712,5,'MED','330','Ear syringe rubber 60ml',120,'admin','2024-02-10 18:36:36','admin','2024-02-10 18:36:36',1,0);
INSERT INTO `oh_prices` VALUES (31713,5,'MED','5','EDTA Di- sodium salt 100g',36,'admin','2024-02-10 18:36:36','admin','2024-02-10 18:36:36',1,0);
INSERT INTO `oh_prices` VALUES (31714,5,'MED','277','Elastic Bandage 10cm x 4.5m',70,'admin','2024-02-10 18:36:36','admin','2024-02-10 18:36:36',1,0);
INSERT INTO `oh_prices` VALUES (31715,5,'MED','278','Elastic Bandage 7.5cm x 4.5m',80,'admin','2024-02-10 18:36:36','admin','2024-02-10 18:36:36',1,0);
INSERT INTO `oh_prices` VALUES (31716,5,'MED','236','Eosin Yelowish',120,'admin','2024-02-10 18:36:36','admin','2024-02-10 18:36:36',1,0);
INSERT INTO `oh_prices` VALUES (31717,5,'MED','146','Ephedrine 30mg Tab',68,'admin','2024-02-10 18:36:36','admin','2024-02-10 18:36:36',1,0);
INSERT INTO `oh_prices` VALUES (31718,5,'MED','147','Erythromycin 250mg Tab',76,'admin','2024-02-10 18:36:36','admin','2024-02-10 18:36:36',1,0);
INSERT INTO `oh_prices` VALUES (31719,5,'MED','6','Ethanol Absolute 1ltr',144,'admin','2024-02-10 18:36:36','admin','2024-02-10 18:36:36',1,0);
INSERT INTO `oh_prices` VALUES (31720,5,'MED','272','Eye Pad Sterile',128,'admin','2024-02-10 18:36:36','admin','2024-02-10 18:36:36',1,0);
INSERT INTO `oh_prices` VALUES (31721,5,'MED','149','Fansider 500/25mg Tab',46,'admin','2024-02-10 18:36:36','admin','2024-02-10 18:36:36',1,0);
INSERT INTO `oh_prices` VALUES (31722,5,'MED','148','Fansider 500/25mg Tab (50dosesx3)',98,'admin','2024-02-10 18:36:36','admin','2024-02-10 18:36:36',1,0);
INSERT INTO `oh_prices` VALUES (31723,5,'MED','150','Ferrous Sulphate 200mg Tab',36,'admin','2024-02-10 18:36:36','admin','2024-02-10 18:36:36',1,0);
INSERT INTO `oh_prices` VALUES (31724,5,'MED','233','Field stain A and B',140,'admin','2024-02-10 18:36:36','admin','2024-02-10 18:36:36',1,0);
INSERT INTO `oh_prices` VALUES (31725,5,'MED','331','First Aid kit',160,'admin','2024-02-10 18:36:36','admin','2024-02-10 18:36:36',1,0);
INSERT INTO `oh_prices` VALUES (31726,5,'MED','152','Fluconazole 100mg 24 Caps',60,'admin','2024-02-10 18:36:36','admin','2024-02-10 18:36:36',1,0);
INSERT INTO `oh_prices` VALUES (31727,5,'MED','151','Fluconazole 100mg Tab',60,'admin','2024-02-10 18:36:36','admin','2024-02-10 18:36:36',1,0);
INSERT INTO `oh_prices` VALUES (31728,5,'MED','156','Folic Acid 15mg Tab',90,'admin','2024-02-10 18:36:36','admin','2024-02-10 18:36:36',1,0);
INSERT INTO `oh_prices` VALUES (31729,5,'MED','153','Folic Acid 1mg Tab',24,'admin','2024-02-10 18:36:36','admin','2024-02-10 18:36:36',1,0);
INSERT INTO `oh_prices` VALUES (31730,5,'MED','154','Folic Acid 5mg Tab',40,'admin','2024-02-10 18:36:36','admin','2024-02-10 18:36:36',1,0);
INSERT INTO `oh_prices` VALUES (31731,5,'MED','155','Folic Acid/Ferrous Sulp 0.5/200mg Tab',64,'admin','2024-02-10 18:36:36','admin','2024-02-10 18:36:36',1,0);
INSERT INTO `oh_prices` VALUES (31732,5,'MED','7','Formaldelyde solution 35-38% 1ltr',168,'admin','2024-02-10 18:36:36','admin','2024-02-10 18:36:36',1,0);
INSERT INTO `oh_prices` VALUES (31733,5,'MED','57','Frusemide 10mg/ml 2ml Amp',70,'admin','2024-02-10 18:36:36','admin','2024-02-10 18:36:36',1,0);
INSERT INTO `oh_prices` VALUES (31734,5,'MED','157','Frusemide 40mg Tab',1770,'admin','2024-02-10 18:36:36','admin','2024-02-10 18:36:36',1,0);
INSERT INTO `oh_prices` VALUES (31735,5,'MED','333','Gallipot stainless steel 200ml/10cm',480,'admin','2024-02-10 18:36:36','admin','2024-02-10 18:36:36',1,0);
INSERT INTO `oh_prices` VALUES (31736,5,'MED','332','Gallipot stainless steel 300ml/15cm',520,'admin','2024-02-10 18:36:36','admin','2024-02-10 18:36:36',1,0);
INSERT INTO `oh_prices` VALUES (31737,5,'MED','280','Gauze Bandage 10cm x 4m',80,'admin','2024-02-10 18:36:36','admin','2024-02-10 18:36:36',1,0);
INSERT INTO `oh_prices` VALUES (31738,5,'MED','279','Gauze Bandage 7.5cm x 3.65-4m',72,'admin','2024-02-10 18:36:36','admin','2024-02-10 18:36:36',1,0);
INSERT INTO `oh_prices` VALUES (31739,5,'MED','283','Gauze Hydrophylic 90cm x 91cm',56,'admin','2024-02-10 18:36:36','admin','2024-02-10 18:36:36',1,0);
INSERT INTO `oh_prices` VALUES (31740,5,'MED','282','Gauze Pads  Sterile 10cm x 10cm',40,'admin','2024-02-10 18:36:36','admin','2024-02-10 18:36:36',1,0);
INSERT INTO `oh_prices` VALUES (31741,5,'MED','281','Gauze Pads Non Sterile 10cm x 10cm',24,'admin','2024-02-10 18:36:36','admin','2024-02-10 18:36:36',1,0);
INSERT INTO `oh_prices` VALUES (31742,5,'MED','234','Genitian Violet',136,'admin','2024-02-10 18:36:36','admin','2024-02-10 18:36:36',1,0);
INSERT INTO `oh_prices` VALUES (31743,5,'MED','198','Gentamicin 0.3% eye/ear drops 10ml',144,'admin','2024-02-10 18:36:36','admin','2024-02-10 18:36:36',1,0);
INSERT INTO `oh_prices` VALUES (31744,5,'MED','58','Gentamicin 40mg/ml 2ml',136,'admin','2024-02-10 18:36:36','admin','2024-02-10 18:36:36',1,0);
INSERT INTO `oh_prices` VALUES (31745,5,'MED','185','Getian Violet 25g Tin',80,'admin','2024-02-10 18:36:36','admin','2024-02-10 18:36:36',1,0);
INSERT INTO `oh_prices` VALUES (31746,5,'MED','237','Giemsa Stain',100,'admin','2024-02-10 18:36:36','admin','2024-02-10 18:36:36',1,0);
INSERT INTO `oh_prices` VALUES (31747,5,'MED','158','Glibeclamide 5mg Tab',54,'admin','2024-02-10 18:36:36','admin','2024-02-10 18:36:36',1,0);
INSERT INTO `oh_prices` VALUES (31748,5,'MED','308','Gloves Domestic',64,'admin','2024-02-10 18:36:36','admin','2024-02-10 18:36:36',1,0);
INSERT INTO `oh_prices` VALUES (31749,5,'MED','310','Gloves Gynaecological 7.5-8',84,'admin','2024-02-10 18:36:36','admin','2024-02-10 18:36:36',1,0);
INSERT INTO `oh_prices` VALUES (31750,5,'MED','309','Gloves High risk non sterile Medium',120,'admin','2024-02-10 18:36:36','admin','2024-02-10 18:36:36',1,0);
INSERT INTO `oh_prices` VALUES (31751,5,'MED','312','Gloves Non Sterile Large Disposable',44,'admin','2024-02-10 18:36:36','admin','2024-02-10 18:36:36',1,0);
INSERT INTO `oh_prices` VALUES (31752,5,'MED','311','Gloves Non Sterile Medium Disposable',36,'admin','2024-02-10 18:36:36','admin','2024-02-10 18:36:36',1,0);
INSERT INTO `oh_prices` VALUES (31753,5,'MED','313','Gloves Surgical Sterile 6',60,'admin','2024-02-10 18:36:36','admin','2024-02-10 18:36:36',1,0);
INSERT INTO `oh_prices` VALUES (31754,5,'MED','314','Gloves Surgical Sterile 6.5',60,'admin','2024-02-10 18:36:36','admin','2024-02-10 18:36:36',1,0);
INSERT INTO `oh_prices` VALUES (31755,5,'MED','315','Gloves Surgical Sterile 7',60,'admin','2024-02-10 18:36:36','admin','2024-02-10 18:36:36',1,0);
INSERT INTO `oh_prices` VALUES (31756,5,'MED','316','Gloves Surgical Sterile 7.5',60,'admin','2024-02-10 18:36:36','admin','2024-02-10 18:36:36',1,0);
INSERT INTO `oh_prices` VALUES (31757,5,'MED','317','Gloves Surgical Sterile 8',60,'admin','2024-02-10 18:36:36','admin','2024-02-10 18:36:36',1,0);
INSERT INTO `oh_prices` VALUES (31758,5,'MED','318','Gloves Surgical Sterile 8.5',60,'admin','2024-02-10 18:36:36','admin','2024-02-10 18:36:36',1,0);
INSERT INTO `oh_prices` VALUES (31759,5,'MED','411','Glucose GOD PAD  6 x 100ml (Colorimetric)',176,'admin','2024-02-10 18:36:36','admin','2024-02-10 18:36:36',1,0);
INSERT INTO `oh_prices` VALUES (31760,5,'MED','1','Glucose Test Strip ( Sure Step)',32,'admin','2024-02-10 18:36:36','admin','2024-02-10 18:36:36',1,0);
INSERT INTO `oh_prices` VALUES (31761,5,'MED','412','Glucose Test Strips (Hyloguard)',40,'admin','2024-02-10 18:36:36','admin','2024-02-10 18:36:36',1,0);
INSERT INTO `oh_prices` VALUES (31762,5,'MED','32','GOT ( AST) 200ml (Calorimetric) AS 147',120,'admin','2024-02-10 18:36:36','admin','2024-02-10 18:36:36',1,0);
INSERT INTO `oh_prices` VALUES (31763,5,'MED','31','GOT ( AST) 200ml has no NAOH) AS 101',120,'admin','2024-02-10 18:36:36','admin','2024-02-10 18:36:36',1,0);
INSERT INTO `oh_prices` VALUES (31764,5,'MED','30','GPT (ALT) 200ml ( Does not have NAOH)',120,'admin','2024-02-10 18:36:36','admin','2024-02-10 18:36:36',1,0);
INSERT INTO `oh_prices` VALUES (31765,5,'MED','159','Griseofulvin 500mg Tab',60,'admin','2024-02-10 18:36:37','admin','2024-02-10 18:36:37',1,0);
INSERT INTO `oh_prices` VALUES (31766,5,'MED','161','Haloperdol 5mg',56,'admin','2024-02-10 18:36:37','admin','2024-02-10 18:36:37',1,0);
INSERT INTO `oh_prices` VALUES (31767,5,'MED','160','Haloperidol 5mg Tab',60,'admin','2024-02-10 18:36:37','admin','2024-02-10 18:36:37',1,0);
INSERT INTO `oh_prices` VALUES (31768,5,'MED','59','Haloperidol 5mg/ml 1ml Amp',60,'admin','2024-02-10 18:36:37','admin','2024-02-10 18:36:37',1,0);
INSERT INTO `oh_prices` VALUES (31769,5,'MED','60','Haloperidol Decanoate 50mg/ml 1ml Amp',160,'admin','2024-02-10 18:36:37','admin','2024-02-10 18:36:37',1,0);
INSERT INTO `oh_prices` VALUES (31770,5,'MED','374','Handle for surgical blade No 3',140,'admin','2024-02-10 18:36:37','admin','2024-02-10 18:36:37',1,0);
INSERT INTO `oh_prices` VALUES (31771,5,'MED','375','Handle for surgical blade No 4',140,'admin','2024-02-10 18:36:37','admin','2024-02-10 18:36:37',1,0);
INSERT INTO `oh_prices` VALUES (31772,5,'MED','33','HIV 1/2 Capillus Kit 100Tests',440,'admin','2024-02-10 18:36:37','admin','2024-02-10 18:36:37',1,0);
INSERT INTO `oh_prices` VALUES (31773,5,'MED','34','HIV Buffer for determine Kit',260,'admin','2024-02-10 18:36:37','admin','2024-02-10 18:36:37',1,0);
INSERT INTO `oh_prices` VALUES (31774,5,'MED','35','HIV Determine 1/11 (Abbott) 100Tests',560,'admin','2024-02-10 18:36:37','admin','2024-02-10 18:36:37',1,0);
INSERT INTO `oh_prices` VALUES (31775,5,'MED','36','HIV UNIGOLD 1/11 Test Kits 20 Tests',160,'admin','2024-02-10 18:36:37','admin','2024-02-10 18:36:37',1,0);
INSERT INTO `oh_prices` VALUES (31776,5,'MED','334','Hot water Bottle 2Ltr',20,'admin','2024-02-10 18:36:37','admin','2024-02-10 18:36:37',1,0);
INSERT INTO `oh_prices` VALUES (31777,5,'MED','61','Hydralazine 20mg Vial',40,'admin','2024-02-10 18:36:37','admin','2024-02-10 18:36:37',1,0);
INSERT INTO `oh_prices` VALUES (31778,5,'MED','162','Hydralazine 25mg Tab',44,'admin','2024-02-10 18:36:37','admin','2024-02-10 18:36:37',1,0);
INSERT INTO `oh_prices` VALUES (31779,5,'MED','8','Hydrochloric Acid 30-33% 1ltr',68,'admin','2024-02-10 18:36:37','admin','2024-02-10 18:36:37',1,0);
INSERT INTO `oh_prices` VALUES (31780,5,'MED','217','Hydrocortisone 1% Cream 15g',70,'admin','2024-02-10 18:36:37','admin','2024-02-10 18:36:37',1,0);
INSERT INTO `oh_prices` VALUES (31781,5,'MED','216','Hydrocortisone 1% Cream 200g',150,'admin','2024-02-10 18:36:37','admin','2024-02-10 18:36:37',1,0);
INSERT INTO `oh_prices` VALUES (31782,5,'MED','199','Hydrocortisone 1% eye drops 5ml',90,'admin','2024-02-10 18:36:37','admin','2024-02-10 18:36:37',1,0);
INSERT INTO `oh_prices` VALUES (31783,5,'MED','219','Hydrocortisone 1% Ointment 15g',80,'admin','2024-02-10 18:36:37','admin','2024-02-10 18:36:37',1,0);
INSERT INTO `oh_prices` VALUES (31784,5,'MED','218','Hydrocortisone 1% Ointment 200g',160,'admin','2024-02-10 18:36:37','admin','2024-02-10 18:36:37',1,0);
INSERT INTO `oh_prices` VALUES (31785,5,'MED','62','Hydrocortisone 100mg Vial',120,'admin','2024-02-10 18:36:37','admin','2024-02-10 18:36:37',1,0);
INSERT INTO `oh_prices` VALUES (31786,5,'MED','186','Hydrogen Peroxide 6% 250ml',100,'admin','2024-02-10 18:36:37','admin','2024-02-10 18:36:37',1,0);
INSERT INTO `oh_prices` VALUES (31787,5,'MED','163','Hyoscine 10mg Tab',44,'admin','2024-02-10 18:36:37','admin','2024-02-10 18:36:37',1,0);
INSERT INTO `oh_prices` VALUES (31788,5,'MED','63','Hyoscine Butyl Bromide 20mg/ml/ Amp',64,'admin','2024-02-10 18:36:37','admin','2024-02-10 18:36:37',1,0);
INSERT INTO `oh_prices` VALUES (31789,5,'MED','164','Ibuprofen 200mg Tab',38,'admin','2024-02-10 18:36:37','admin','2024-02-10 18:36:37',1,0);
INSERT INTO `oh_prices` VALUES (31790,5,'MED','165','Impramine 25mg Tab',54,'admin','2024-02-10 18:36:37','admin','2024-02-10 18:36:37',1,0);
INSERT INTO `oh_prices` VALUES (31791,5,'MED','166','Indomethacin 25mg Tab',66,'admin','2024-02-10 18:36:37','admin','2024-02-10 18:36:37',1,0);
INSERT INTO `oh_prices` VALUES (31792,5,'MED','366','Insectcide Spray 400g',60,'admin','2024-02-10 18:36:37','admin','2024-02-10 18:36:37',1,0);
INSERT INTO `oh_prices` VALUES (31793,5,'MED','335','Instrument Box With Lid 20x10x5cm',320,'admin','2024-02-10 18:36:37','admin','2024-02-10 18:36:37',1,0);
INSERT INTO `oh_prices` VALUES (31794,5,'MED','336','Instrument Tray 30 x 20 x 2cm',220,'admin','2024-02-10 18:36:37','admin','2024-02-10 18:36:37',1,0);
INSERT INTO `oh_prices` VALUES (31795,5,'MED','65','Insulin Isophane 100IU/ml 10ml Vial',60,'admin','2024-02-10 18:36:37','admin','2024-02-10 18:36:37',1,0);
INSERT INTO `oh_prices` VALUES (31796,5,'MED','68','Insulin Isophane 40IU/ml 10ml',110,'admin','2024-02-10 18:36:37','admin','2024-02-10 18:36:37',1,0);
INSERT INTO `oh_prices` VALUES (31797,5,'MED','66','Insulin Mixtard 30/70 100IU/ml 10ml Vial',72,'admin','2024-02-10 18:36:37','admin','2024-02-10 18:36:37',1,0);
INSERT INTO `oh_prices` VALUES (31798,5,'MED','67','Insulin Mixtard 30/70 100IU/ml 5x3ml catridges',100,'admin','2024-02-10 18:36:37','admin','2024-02-10 18:36:37',1,0);
INSERT INTO `oh_prices` VALUES (31799,5,'MED','64','Insulin Soluble 100IU/ml 10ml Vial',80,'admin','2024-02-10 18:36:37','admin','2024-02-10 18:36:37',1,0);
INSERT INTO `oh_prices` VALUES (31800,5,'MED','241','Insulin Syringe 100IU with Needle G26/29',96,'admin','2024-02-10 18:36:37','admin','2024-02-10 18:36:37',1,0);
INSERT INTO `oh_prices` VALUES (31801,5,'MED','9','Iodin Crystal 100g',60,'admin','2024-02-10 18:36:37','admin','2024-02-10 18:36:37',1,0);
INSERT INTO `oh_prices` VALUES (31802,5,'MED','187','Iodine Solution 2% 500ml',80,'admin','2024-02-10 18:36:37','admin','2024-02-10 18:36:37',1,0);
INSERT INTO `oh_prices` VALUES (31803,5,'MED','69','Iron Dextran 10mg/ml 2ml Vial',170,'admin','2024-02-10 18:36:37','admin','2024-02-10 18:36:37',1,0);
INSERT INTO `oh_prices` VALUES (31804,5,'MED','337','Irrigation can with acsessories',150,'admin','2024-02-10 18:36:37','admin','2024-02-10 18:36:37',1,0);
INSERT INTO `oh_prices` VALUES (31805,5,'MED','167','Isoniazid 300mg Tab',120,'admin','2024-02-10 18:36:37','admin','2024-02-10 18:36:37',1,0);
INSERT INTO `oh_prices` VALUES (31806,5,'MED','242','IV Canula G16 with Port',140,'admin','2024-02-10 18:36:37','admin','2024-02-10 18:36:37',1,0);
INSERT INTO `oh_prices` VALUES (31807,5,'MED','243','IV Canula G18 with Port',140,'admin','2024-02-10 18:36:37','admin','2024-02-10 18:36:37',1,0);
INSERT INTO `oh_prices` VALUES (31808,5,'MED','244','IV Canula G20 with Port',150,'admin','2024-02-10 18:36:37','admin','2024-02-10 18:36:37',1,0);
INSERT INTO `oh_prices` VALUES (31809,5,'MED','245','IV Canula G22 with Port',150,'admin','2024-02-10 18:36:37','admin','2024-02-10 18:36:37',1,0);
INSERT INTO `oh_prices` VALUES (31810,5,'MED','247','IV Canula G24 with Port',160,'admin','2024-02-10 18:36:37','admin','2024-02-10 18:36:37',1,0);
INSERT INTO `oh_prices` VALUES (31811,5,'MED','246','IV Canula G24 without Port',130,'admin','2024-02-10 18:36:37','admin','2024-02-10 18:36:37',1,0);
INSERT INTO `oh_prices` VALUES (31812,5,'MED','248','IV Giving set Disposable',110,'admin','2024-02-10 18:36:37','admin','2024-02-10 18:36:37',1,0);
INSERT INTO `oh_prices` VALUES (31813,5,'MED','71','Ketamine 10mg/ml 10ml Vial',80,'admin','2024-02-10 18:36:37','admin','2024-02-10 18:36:37',1,0);
INSERT INTO `oh_prices` VALUES (31814,5,'MED','70','Ketamine 10mg/ml 20ml Vial',120,'admin','2024-02-10 18:36:37','admin','2024-02-10 18:36:37',1,0);
INSERT INTO `oh_prices` VALUES (31815,5,'MED','168','Ketocanazole 200mg Tab',100,'admin','2024-02-10 18:36:37','admin','2024-02-10 18:36:37',1,0);
INSERT INTO `oh_prices` VALUES (31816,5,'MED','340','Kidney Dish Polypropylene 24cm',180,'admin','2024-02-10 18:36:37','admin','2024-02-10 18:36:37',1,0);
INSERT INTO `oh_prices` VALUES (31817,5,'MED','339','Kidney Dish stainless Steel 20cm',320,'admin','2024-02-10 18:36:37','admin','2024-02-10 18:36:37',1,0);
INSERT INTO `oh_prices` VALUES (31818,5,'MED','338','Kidney Dish stainless Steel 24cm',400,'admin','2024-02-10 18:36:37','admin','2024-02-10 18:36:37',1,0);
INSERT INTO `oh_prices` VALUES (31819,5,'MED','391','Lead Apron 100cmx60cm',360,'admin','2024-02-10 18:36:37','admin','2024-02-10 18:36:37',1,0);
INSERT INTO `oh_prices` VALUES (31820,5,'MED','72','Lignocaine 2% 20ml Vial',120,'admin','2024-02-10 18:36:37','admin','2024-02-10 18:36:37',1,0);
INSERT INTO `oh_prices` VALUES (31821,5,'MED','73','Lignocaine 2% Adrenaline Dent.cartridges',160,'admin','2024-02-10 18:36:37','admin','2024-02-10 18:36:37',1,0);
INSERT INTO `oh_prices` VALUES (31822,5,'MED','74','Lignocaine spinal 50mg/ml 2ml Amp',88,'admin','2024-02-10 18:36:37','admin','2024-02-10 18:36:37',1,0);
INSERT INTO `oh_prices` VALUES (31823,5,'MED','191','Liquid detergent 20Ltr',108,'admin','2024-02-10 18:36:37','admin','2024-02-10 18:36:37',1,0);
INSERT INTO `oh_prices` VALUES (31824,5,'MED','189','liquid detergent 5Ltr Perfumed',76,'admin','2024-02-10 18:36:37','admin','2024-02-10 18:36:37',1,0);
INSERT INTO `oh_prices` VALUES (31825,5,'MED','220','lubricating Jelly 42g',68,'admin','2024-02-10 18:36:37','admin','2024-02-10 18:36:37',1,0);
INSERT INTO `oh_prices` VALUES (31826,5,'MED','341','Mackintosh Plastic (Apron) per 1m',94,'admin','2024-02-10 18:36:37','admin','2024-02-10 18:36:37',1,0);
INSERT INTO `oh_prices` VALUES (31827,5,'MED','342','Mackintosh Rubber Brown (sheeting) per 1m',66,'admin','2024-02-10 18:36:37','admin','2024-02-10 18:36:37',1,0);
INSERT INTO `oh_prices` VALUES (31828,5,'MED','343','Measuring Cup Graduated 25ml',80,'admin','2024-02-10 18:36:37','admin','2024-02-10 18:36:37',1,0);
INSERT INTO `oh_prices` VALUES (31829,5,'MED','10','Methanol 99% 1ltr',140,'admin','2024-02-10 18:36:37','admin','2024-02-10 18:36:37',1,0);
INSERT INTO `oh_prices` VALUES (31830,5,'MED','75','Methylergomatrine 0.2mg/ml 1ml Amp',64,'admin','2024-02-10 18:36:37','admin','2024-02-10 18:36:37',1,0);
INSERT INTO `oh_prices` VALUES (31831,5,'MED','76','Methylergomatrine 0.5mg/ml 1ml Amp',84,'admin','2024-02-10 18:36:37','admin','2024-02-10 18:36:37',1,0);
INSERT INTO `oh_prices` VALUES (31832,5,'MED','77','Metoclopramide 5mg/ml 100ml Amp',100,'admin','2024-02-10 18:36:37','admin','2024-02-10 18:36:37',1,0);
INSERT INTO `oh_prices` VALUES (31833,5,'MED','78','Metronidazole 5mg/ml 2ml IV',100,'admin','2024-02-10 18:36:37','admin','2024-02-10 18:36:37',1,0);
INSERT INTO `oh_prices` VALUES (31834,5,'MED','79','Morphine 15mg/ml 1ml Amp',160,'admin','2024-02-10 18:36:37','admin','2024-02-10 18:36:37',1,0);
INSERT INTO `oh_prices` VALUES (31835,5,'MED','368','Mosquito Net Impregnated Large',200,'admin','2024-02-10 18:36:37','admin','2024-02-10 18:36:37',1,0);
INSERT INTO `oh_prices` VALUES (31836,5,'MED','367','Mosquito Net Impregnated Medium',160,'admin','2024-02-10 18:36:37','admin','2024-02-10 18:36:37',1,0);
INSERT INTO `oh_prices` VALUES (31837,5,'MED','372','Mosquito Net Impregnation Liquid 500ml',80,'admin','2024-02-10 18:36:37','admin','2024-02-10 18:36:37',1,0);
INSERT INTO `oh_prices` VALUES (31838,5,'MED','371','Mosquito Net Impregnation Tablet',60,'admin','2024-02-10 18:36:37','admin','2024-02-10 18:36:37',1,0);
INSERT INTO `oh_prices` VALUES (31839,5,'MED','370','Mosquito Net Non Impregnated Large',140,'admin','2024-02-10 18:36:37','admin','2024-02-10 18:36:37',1,0);
INSERT INTO `oh_prices` VALUES (31840,5,'MED','369','Mosquito Net Non Impregnated Medium',110,'admin','2024-02-10 18:36:37','admin','2024-02-10 18:36:37',1,0);
INSERT INTO `oh_prices` VALUES (31841,5,'MED','373','Mosquito Wal spray Powder 80g',56,'admin','2024-02-10 18:36:37','admin','2024-02-10 18:36:37',1,0);
INSERT INTO `oh_prices` VALUES (31842,5,'MED','297','Nasogastric Tube G10 (Children)',160,'admin','2024-02-10 18:36:37','admin','2024-02-10 18:36:37',1,0);
INSERT INTO `oh_prices` VALUES (31843,5,'MED','298','Nasogastric Tube G14 (Children)',160,'admin','2024-02-10 18:36:37','admin','2024-02-10 18:36:37',1,0);
INSERT INTO `oh_prices` VALUES (31844,5,'MED','299','Nasogastric Tube G16 (Children)',160,'admin','2024-02-10 18:36:37','admin','2024-02-10 18:36:37',1,0);
INSERT INTO `oh_prices` VALUES (31845,5,'MED','294','Nasogastric Tube G5 (Children)',160,'admin','2024-02-10 18:36:37','admin','2024-02-10 18:36:37',1,0);
INSERT INTO `oh_prices` VALUES (31846,5,'MED','296','Nasogastric Tube G6 (Children)',160,'admin','2024-02-10 18:36:37','admin','2024-02-10 18:36:37',1,0);
INSERT INTO `oh_prices` VALUES (31847,5,'MED','295','Nasogastric Tube G8 (Children)',160,'admin','2024-02-10 18:36:37','admin','2024-02-10 18:36:37',1,0);
INSERT INTO `oh_prices` VALUES (31848,5,'MED','346','Neck Support Large',180,'admin','2024-02-10 18:36:37','admin','2024-02-10 18:36:37',1,0);
INSERT INTO `oh_prices` VALUES (31849,5,'MED','345','Neck Support Medium',170,'admin','2024-02-10 18:36:37','admin','2024-02-10 18:36:37',1,0);
INSERT INTO `oh_prices` VALUES (31850,5,'MED','249','Needle container disposable of contaminated',156,'admin','2024-02-10 18:36:37','admin','2024-02-10 18:36:37',1,0);
INSERT INTO `oh_prices` VALUES (31851,5,'MED','381','Needle suture No 5 cutting',100,'admin','2024-02-10 18:36:37','admin','2024-02-10 18:36:37',1,0);
INSERT INTO `oh_prices` VALUES (31852,5,'MED','380','Needle suture No 5 round',100,'admin','2024-02-10 18:36:37','admin','2024-02-10 18:36:37',1,0);
INSERT INTO `oh_prices` VALUES (31853,5,'MED','382','Needle suture No 6 Round',100,'admin','2024-02-10 18:36:37','admin','2024-02-10 18:36:37',1,0);
INSERT INTO `oh_prices` VALUES (31854,5,'MED','250','Needles Luer G20 Disposable',120,'admin','2024-02-10 18:36:37','admin','2024-02-10 18:36:37',1,0);
INSERT INTO `oh_prices` VALUES (31855,5,'MED','251','Needles Luer G21 Disposable',120,'admin','2024-02-10 18:36:37','admin','2024-02-10 18:36:37',1,0);
INSERT INTO `oh_prices` VALUES (31856,5,'MED','252','Needles Luer G22 Disposable',120,'admin','2024-02-10 18:36:37','admin','2024-02-10 18:36:37',1,0);
INSERT INTO `oh_prices` VALUES (31857,5,'MED','253','Needles Luer G23 Disposable',120,'admin','2024-02-10 18:36:37','admin','2024-02-10 18:36:37',1,0);
INSERT INTO `oh_prices` VALUES (31858,5,'MED','254','Needles Spinal G20x75-120mm',160,'admin','2024-02-10 18:36:37','admin','2024-02-10 18:36:37',1,0);
INSERT INTO `oh_prices` VALUES (31859,5,'MED','257','Needles Spinal G22x40mm',160,'admin','2024-02-10 18:36:37','admin','2024-02-10 18:36:37',1,0);
INSERT INTO `oh_prices` VALUES (31860,5,'MED','255','Needles Spinal G22x75-120mm',160,'admin','2024-02-10 18:36:37','admin','2024-02-10 18:36:37',1,0);
INSERT INTO `oh_prices` VALUES (31861,5,'MED','256','Needles Spinal G25x75-120mm',160,'admin','2024-02-10 18:36:37','admin','2024-02-10 18:36:37',1,0);
INSERT INTO `oh_prices` VALUES (31862,5,'MED','344','Nesk Support Small',240,'admin','2024-02-10 18:36:37','admin','2024-02-10 18:36:37',1,0);
INSERT INTO `oh_prices` VALUES (31863,5,'MED','235','Neutral Red',144,'admin','2024-02-10 18:36:37','admin','2024-02-10 18:36:37',1,0);
INSERT INTO `oh_prices` VALUES (31864,5,'MED','26','Non 111 Chloride (Ferric chloride)',124,'admin','2024-02-10 18:36:37','admin','2024-02-10 18:36:37',1,0);
INSERT INTO `oh_prices` VALUES (31865,5,'MED','221','Nystatin 100,000 IU/g Ointment 30g',160,'admin','2024-02-10 18:36:37','admin','2024-02-10 18:36:37',1,0);
INSERT INTO `oh_prices` VALUES (31866,5,'MED','209','Nystatin 100.000 IU Pessaries',60,'admin','2024-02-10 18:36:37','admin','2024-02-10 18:36:37',1,0);
INSERT INTO `oh_prices` VALUES (31867,5,'MED','231','Nystatin 500.000IU/ Susp/ Drops',180,'admin','2024-02-10 18:36:37','admin','2024-02-10 18:36:37',1,0);
INSERT INTO `oh_prices` VALUES (31868,5,'MED','178','Oral Rehydration Salt (ORS)',60,'admin','2024-02-10 18:36:37','admin','2024-02-10 18:36:37',1,0);
INSERT INTO `oh_prices` VALUES (31869,5,'MED','80','Oxytocin 10 IU/ml 1ml Amp',144,'admin','2024-02-10 18:36:37','admin','2024-02-10 18:36:37',1,0);
INSERT INTO `oh_prices` VALUES (31870,5,'MED','180','Paracetamol 120mg/5ml 100ml',24,'admin','2024-02-10 18:36:37','admin','2024-02-10 18:36:37',1,0);
INSERT INTO `oh_prices` VALUES (31871,5,'MED','179','Paracetamol 120mg/5ml Syrup',24,'admin','2024-02-10 18:36:37','admin','2024-02-10 18:36:37',1,0);
INSERT INTO `oh_prices` VALUES (31872,5,'MED','415','Paracetamol 500 MG',44,'admin','2024-02-10 18:36:37','admin','2024-02-10 18:36:37',1,0);
INSERT INTO `oh_prices` VALUES (31873,5,'MED','81','Pethidine 100mg/ml 2ml Amp',64,'admin','2024-02-10 18:36:37','admin','2024-02-10 18:36:37',1,0);
INSERT INTO `oh_prices` VALUES (31874,5,'MED','82','Pethidine 50mg/ml 1ml Amp',40,'admin','2024-02-10 18:36:37','admin','2024-02-10 18:36:37',1,0);
INSERT INTO `oh_prices` VALUES (31875,5,'MED','83','Phenobarbital 100mg/ml 2ml Amp',60,'admin','2024-02-10 18:36:37','admin','2024-02-10 18:36:37',1,0);
INSERT INTO `oh_prices` VALUES (31876,5,'MED','11','Phenol crystals 1kg',640,'admin','2024-02-10 18:36:37','admin','2024-02-10 18:36:37',1,0);
INSERT INTO `oh_prices` VALUES (31877,5,'MED','84','Phytomenadione 10mg/ml 1ml Amp',180,'admin','2024-02-10 18:36:37','admin','2024-02-10 18:36:37',1,0);
INSERT INTO `oh_prices` VALUES (31878,5,'MED','85','Phytomenadione 1mg/ml 1ml Amp',60,'admin','2024-02-10 18:36:37','admin','2024-02-10 18:36:37',1,0);
INSERT INTO `oh_prices` VALUES (31879,5,'MED','284','Plaster of Paris 10cm',50,'admin','2024-02-10 18:36:37','admin','2024-02-10 18:36:37',1,0);
INSERT INTO `oh_prices` VALUES (31880,5,'MED','285','Plaster of Paris 15cm',70,'admin','2024-02-10 18:36:37','admin','2024-02-10 18:36:37',1,0);
INSERT INTO `oh_prices` VALUES (31881,5,'MED','12','Potassium iodide 100g',76,'admin','2024-02-10 18:36:37','admin','2024-02-10 18:36:37',1,0);
INSERT INTO `oh_prices` VALUES (31882,5,'MED','21','Potassium Oxalate',96,'admin','2024-02-10 18:36:37','admin','2024-02-10 18:36:37',1,0);
INSERT INTO `oh_prices` VALUES (31883,5,'MED','37','Pregnacy ( HGG Latex) 50 tests',720,'admin','2024-02-10 18:36:37','admin','2024-02-10 18:36:37',1,0);
INSERT INTO `oh_prices` VALUES (31884,5,'MED','86','Procaine Penicillin Fortified 4 MIU Vial',156,'admin','2024-02-10 18:36:37','admin','2024-02-10 18:36:37',1,0);
INSERT INTO `oh_prices` VALUES (31885,5,'MED','87','Promethazine 25mg/ml 2ml Amp',80,'admin','2024-02-10 18:36:37','admin','2024-02-10 18:36:37',1,0);
INSERT INTO `oh_prices` VALUES (31886,5,'MED','169','Pyridoxine 50mg Tab',68,'admin','2024-02-10 18:36:37','admin','2024-02-10 18:36:37',1,0);
INSERT INTO `oh_prices` VALUES (31887,5,'MED','181','Quinine 100mg/5ml Syrup 100ml',106,'admin','2024-02-10 18:36:37','admin','2024-02-10 18:36:37',1,0);
INSERT INTO `oh_prices` VALUES (31888,5,'MED','170','Quinine 300mg Tab',76,'admin','2024-02-10 18:36:37','admin','2024-02-10 18:36:37',1,0);
INSERT INTO `oh_prices` VALUES (31889,5,'MED','88','Quinine Di-HCI 300mg/ml 2ml Amp',80,'admin','2024-02-10 18:36:37','admin','2024-02-10 18:36:37',1,0);
INSERT INTO `oh_prices` VALUES (31890,5,'MED','171','Ranitidine 150mg Tab',54,'admin','2024-02-10 18:36:37','admin','2024-02-10 18:36:37',1,0);
INSERT INTO `oh_prices` VALUES (31891,5,'MED','89','Ranitidine 25mg/ml 2ml Amp',70,'admin','2024-02-10 18:36:37','admin','2024-02-10 18:36:37',1,0);
INSERT INTO `oh_prices` VALUES (31892,5,'MED','351','Razor Blades Disposable 5pc',120,'admin','2024-02-10 18:36:37','admin','2024-02-10 18:36:37',1,0);
INSERT INTO `oh_prices` VALUES (31893,5,'MED','300','Rectal Tube CH24',210,'admin','2024-02-10 18:36:37','admin','2024-02-10 18:36:37',1,0);
INSERT INTO `oh_prices` VALUES (31894,5,'MED','301','Rectal Tube CH26',220,'admin','2024-02-10 18:36:37','admin','2024-02-10 18:36:37',1,0);
INSERT INTO `oh_prices` VALUES (31895,5,'MED','172','Rifampicin/Isoniazid 150/100 Tab',66,'admin','2024-02-10 18:36:37','admin','2024-02-10 18:36:37',1,0);
INSERT INTO `oh_prices` VALUES (31896,5,'MED','39','RPR ( VDRL Carbon ) Antigen 5ml',88,'admin','2024-02-10 18:36:37','admin','2024-02-10 18:36:37',1,0);
INSERT INTO `oh_prices` VALUES (31897,5,'MED','38','RPR 125mm x 75mm',180,'admin','2024-02-10 18:36:37','admin','2024-02-10 18:36:37',1,0);
INSERT INTO `oh_prices` VALUES (31898,5,'MED','173','Salbutamol 4mg Tab',24,'admin','2024-02-10 18:36:37','admin','2024-02-10 18:36:37',1,0);
INSERT INTO `oh_prices` VALUES (31899,5,'MED','204','Salbutamol Inhaler 10ml',56,'admin','2024-02-10 18:36:37','admin','2024-02-10 18:36:37',1,0);
INSERT INTO `oh_prices` VALUES (31900,5,'MED','203','Salbutamol solution for inhalation 5ml',24,'admin','2024-02-10 18:36:37','admin','2024-02-10 18:36:37',1,0);
INSERT INTO `oh_prices` VALUES (31901,5,'MED','258','Scalp Vein G19 Infusion set',84,'admin','2024-02-10 18:36:37','admin','2024-02-10 18:36:37',1,0);
INSERT INTO `oh_prices` VALUES (31902,5,'MED','259','Scalp Vein G21 Infusion set',88,'admin','2024-02-10 18:36:37','admin','2024-02-10 18:36:37',1,0);
INSERT INTO `oh_prices` VALUES (31903,5,'MED','260','Scalp Vein G23 Infusion set',92,'admin','2024-02-10 18:36:37','admin','2024-02-10 18:36:37',1,0);
INSERT INTO `oh_prices` VALUES (31904,5,'MED','261','Scalp Vein G25 Infusion set',96,'admin','2024-02-10 18:36:37','admin','2024-02-10 18:36:37',1,0);
INSERT INTO `oh_prices` VALUES (31905,5,'MED','190','Soap Blue Bar 550g',16,'admin','2024-02-10 18:36:37','admin','2024-02-10 18:36:37',1,0);
INSERT INTO `oh_prices` VALUES (31906,5,'MED','192','Soap Powder Hand wash 5kg',120,'admin','2024-02-10 18:36:37','admin','2024-02-10 18:36:37',1,0);
INSERT INTO `oh_prices` VALUES (31907,5,'MED','27','Sodium Carbonate Anhydrous',100,'admin','2024-02-10 18:36:37','admin','2024-02-10 18:36:37',1,0);
INSERT INTO `oh_prices` VALUES (31908,5,'MED','13','Sodium Carbonate Anhydrous 500g',150,'admin','2024-02-10 18:36:37','admin','2024-02-10 18:36:37',1,0);
INSERT INTO `oh_prices` VALUES (31909,5,'MED','96','Sodium Chloride 0.9% IV 500ml',130,'admin','2024-02-10 18:36:37','admin','2024-02-10 18:36:37',1,0);
INSERT INTO `oh_prices` VALUES (31910,5,'MED','232','Sodium Chloride Apyrogen 50kg',600,'admin','2024-02-10 18:36:37','admin','2024-02-10 18:36:37',1,0);
INSERT INTO `oh_prices` VALUES (31911,5,'MED','14','Sodium Citrate 100g',60,'admin','2024-02-10 18:36:37','admin','2024-02-10 18:36:37',1,0);
INSERT INTO `oh_prices` VALUES (31912,5,'MED','20','Sodium Flouride',80,'admin','2024-02-10 18:36:37','admin','2024-02-10 18:36:37',1,0);
INSERT INTO `oh_prices` VALUES (31913,5,'MED','188','Sodium Hypochloride solution 0.75 Ltr',132,'admin','2024-02-10 18:36:37','admin','2024-02-10 18:36:37',1,0);
INSERT INTO `oh_prices` VALUES (31914,5,'MED','193','Sodium Hypochlorite solution 5Ltr',240,'admin','2024-02-10 18:36:37','admin','2024-02-10 18:36:37',1,0);
INSERT INTO `oh_prices` VALUES (31915,5,'MED','97','Sodium Lactate Compound IV 500ml',90,'admin','2024-02-10 18:36:37','admin','2024-02-10 18:36:37',1,0);
INSERT INTO `oh_prices` VALUES (31916,5,'MED','16','Sodium Nitrate 25g',530,'admin','2024-02-10 18:36:37','admin','2024-02-10 18:36:37',1,0);
INSERT INTO `oh_prices` VALUES (31917,5,'MED','15','Sodium Sulphate 500g',70,'admin','2024-02-10 18:36:37','admin','2024-02-10 18:36:37',1,0);
INSERT INTO `oh_prices` VALUES (31918,5,'MED','174','Spironolactone 25mg Tab',46,'admin','2024-02-10 18:36:37','admin','2024-02-10 18:36:37',1,0);
INSERT INTO `oh_prices` VALUES (31919,5,'MED','347','Spoon Medicine 5ml',40,'admin','2024-02-10 18:36:37','admin','2024-02-10 18:36:37',1,0);
INSERT INTO `oh_prices` VALUES (31920,5,'MED','352','Stethoscope Foetal Metal',840,'admin','2024-02-10 18:36:37','admin','2024-02-10 18:36:37',1,0);
INSERT INTO `oh_prices` VALUES (31921,5,'MED','353','Stethoscope Foetal Wood',760,'admin','2024-02-10 18:36:37','admin','2024-02-10 18:36:37',1,0);
INSERT INTO `oh_prices` VALUES (31922,5,'MED','90','Streptomycin 1g Vial',116,'admin','2024-02-10 18:36:37','admin','2024-02-10 18:36:37',1,0);
INSERT INTO `oh_prices` VALUES (31923,5,'MED','307','Suction Cathether Size 10 Disposable',140,'admin','2024-02-10 18:36:37','admin','2024-02-10 18:36:37',1,0);
INSERT INTO `oh_prices` VALUES (31924,5,'MED','305','Suction Cathether Size 12 Disposable',160,'admin','2024-02-10 18:36:37','admin','2024-02-10 18:36:37',1,0);
INSERT INTO `oh_prices` VALUES (31925,5,'MED','306','Suction Cathether Size 14 Disposable',160,'admin','2024-02-10 18:36:37','admin','2024-02-10 18:36:37',1,0);
INSERT INTO `oh_prices` VALUES (31926,5,'MED','304','Suction Cathether Size 16 Disposable',160,'admin','2024-02-10 18:36:37','admin','2024-02-10 18:36:37',1,0);
INSERT INTO `oh_prices` VALUES (31927,5,'MED','302','Suction Cathether Size 6 Disposable',140,'admin','2024-02-10 18:36:37','admin','2024-02-10 18:36:37',1,0);
INSERT INTO `oh_prices` VALUES (31928,5,'MED','303','Suction Cathether Size 8 Disposable',140,'admin','2024-02-10 18:36:37','admin','2024-02-10 18:36:37',1,0);
INSERT INTO `oh_prices` VALUES (31929,5,'MED','17','Sulphosalicylic Acid 500g',80,'admin','2024-02-10 18:36:37','admin','2024-02-10 18:36:37',1,0);
INSERT INTO `oh_prices` VALUES (31930,5,'MED','18','Sulphuric Acid Conc 1ltr',110,'admin','2024-02-10 18:36:37','admin','2024-02-10 18:36:37',1,0);
INSERT INTO `oh_prices` VALUES (31931,5,'MED','376','Surgical Blades No 20',260,'admin','2024-02-10 18:36:37','admin','2024-02-10 18:36:37',1,0);
INSERT INTO `oh_prices` VALUES (31932,5,'MED','377','Surgical Blades No 21',260,'admin','2024-02-10 18:36:37','admin','2024-02-10 18:36:37',1,0);
INSERT INTO `oh_prices` VALUES (31933,5,'MED','378','Surgical Blades No 22',280,'admin','2024-02-10 18:36:37','admin','2024-02-10 18:36:37',1,0);
INSERT INTO `oh_prices` VALUES (31934,5,'MED','379','Surgical Blades No 23',280,'admin','2024-02-10 18:36:37','admin','2024-02-10 18:36:37',1,0);
INSERT INTO `oh_prices` VALUES (31935,5,'MED','354','Surgical Brush (Scrubbing)',230,'admin','2024-02-10 18:36:37','admin','2024-02-10 18:36:37',1,0);
INSERT INTO `oh_prices` VALUES (31936,5,'MED','355','Surgical Mop 12 x 15',140,'admin','2024-02-10 18:36:37','admin','2024-02-10 18:36:37',1,0);
INSERT INTO `oh_prices` VALUES (31937,5,'MED','383','Suture Cutgut Chromic (0)',110,'admin','2024-02-10 18:36:37','admin','2024-02-10 18:36:37',1,0);
INSERT INTO `oh_prices` VALUES (31938,5,'MED','384','Suture Cutgut Chromic (2) RN22240TH',120,'admin','2024-02-10 18:36:37','admin','2024-02-10 18:36:37',1,0);
INSERT INTO `oh_prices` VALUES (31939,5,'MED','385','Suture Cutgut Chromic (2/0) RN22230TH',120,'admin','2024-02-10 18:36:37','admin','2024-02-10 18:36:37',1,0);
INSERT INTO `oh_prices` VALUES (31940,5,'MED','386','Suture Cutgut Chromic (3/0) RN2325TF',120,'admin','2024-02-10 18:36:37','admin','2024-02-10 18:36:37',1,0);
INSERT INTO `oh_prices` VALUES (31941,5,'MED','387','Suture Cutgut Plain (2/0) RN1230TF',110,'admin','2024-02-10 18:36:37','admin','2024-02-10 18:36:37',1,0);
INSERT INTO `oh_prices` VALUES (31942,5,'MED','390','Suture PGA (3/0) RN3330TF',140,'admin','2024-02-10 18:36:37','admin','2024-02-10 18:36:37',1,0);
INSERT INTO `oh_prices` VALUES (31943,5,'MED','388','Suture Silk (1) S595',110,'admin','2024-02-10 18:36:37','admin','2024-02-10 18:36:37',1,0);
INSERT INTO `oh_prices` VALUES (31944,5,'MED','389','Suture Silk (2/0) RN5230TF',120,'admin','2024-02-10 18:36:37','admin','2024-02-10 18:36:37',1,0);
INSERT INTO `oh_prices` VALUES (31945,5,'MED','91','Suxamethonium 500mg Vial',80,'admin','2024-02-10 18:36:37','admin','2024-02-10 18:36:37',1,0);
INSERT INTO `oh_prices` VALUES (31946,5,'MED','92','Suxamethonium 500mg/ml 2ml Amp',90,'admin','2024-02-10 18:36:37','admin','2024-02-10 18:36:37',1,0);
INSERT INTO `oh_prices` VALUES (31947,5,'MED','262','Syringe Feeding/Irrigation 50/60ml',120,'admin','2024-02-10 18:36:37','admin','2024-02-10 18:36:37',1,0);
INSERT INTO `oh_prices` VALUES (31948,5,'MED','264','Syringe Luer 10ml With Needle Disposable',60,'admin','2024-02-10 18:36:37','admin','2024-02-10 18:36:37',1,0);
INSERT INTO `oh_prices` VALUES (31949,5,'MED','265','Syringe Luer 20ml With Needle Disposable',70,'admin','2024-02-10 18:36:37','admin','2024-02-10 18:36:37',1,0);
INSERT INTO `oh_prices` VALUES (31950,5,'MED','263','Syringe Luer 2ml With Needle Disposable',56,'admin','2024-02-10 18:36:37','admin','2024-02-10 18:36:37',1,0);
INSERT INTO `oh_prices` VALUES (31951,5,'MED','266','Syringe Luer 5ml With Needle Disposable',60,'admin','2024-02-10 18:36:37','admin','2024-02-10 18:36:37',1,0);
INSERT INTO `oh_prices` VALUES (31952,5,'MED','356','Tablet Counting Tray',80,'admin','2024-02-10 18:36:37','admin','2024-02-10 18:36:37',1,0);
INSERT INTO `oh_prices` VALUES (31953,5,'MED','93','tetanus Antitoxin 1500 IU 1ml Amp',76,'admin','2024-02-10 18:36:37','admin','2024-02-10 18:36:37',1,0);
INSERT INTO `oh_prices` VALUES (31954,5,'MED','200','Tetracycline eye ointment 1% 3.5g',100,'admin','2024-02-10 18:36:37','admin','2024-02-10 18:36:37',1,0);
INSERT INTO `oh_prices` VALUES (31955,5,'MED','360','Thermometer Clinical Flat Type',120,'admin','2024-02-10 18:36:37','admin','2024-02-10 18:36:37',1,0);
INSERT INTO `oh_prices` VALUES (31956,5,'MED','361','Thermometer Clinical Prismatic Type',160,'admin','2024-02-10 18:36:37','admin','2024-02-10 18:36:37',1,0);
INSERT INTO `oh_prices` VALUES (31957,5,'MED','94','Thiopental Sodium 500mg Vial',60,'admin','2024-02-10 18:36:37','admin','2024-02-10 18:36:37',1,0);
INSERT INTO `oh_prices` VALUES (31958,5,'MED','357','Toilet Paper Rolls',40,'admin','2024-02-10 18:36:37','admin','2024-02-10 18:36:37',1,0);
INSERT INTO `oh_prices` VALUES (31959,5,'MED','175','Tolbutamide 500mg tab',64,'admin','2024-02-10 18:36:37','admin','2024-02-10 18:36:37',1,0);
INSERT INTO `oh_prices` VALUES (31960,5,'MED','319','Tongue depressor Disposable',100,'admin','2024-02-10 18:36:37','admin','2024-02-10 18:36:37',1,0);
INSERT INTO `oh_prices` VALUES (31961,5,'MED','359','Traction Kit Adult',480,'admin','2024-02-10 18:36:37','admin','2024-02-10 18:36:37',1,0);
INSERT INTO `oh_prices` VALUES (31962,5,'MED','358','Traction Kit Children',440,'admin','2024-02-10 18:36:37','admin','2024-02-10 18:36:37',1,0);
INSERT INTO `oh_prices` VALUES (31963,5,'MED','25','Trichloro acetic Acid',80,'admin','2024-02-10 18:36:37','admin','2024-02-10 18:36:37',1,0);
INSERT INTO `oh_prices` VALUES (31964,5,'MED','28','Trisodium Citrate',76,'admin','2024-02-10 18:36:37','admin','2024-02-10 18:36:37',1,0);
INSERT INTO `oh_prices` VALUES (31965,5,'MED','223','Ultrasound Gel 5Ltr',400,'admin','2024-02-10 18:36:37','admin','2024-02-10 18:36:37',1,0);
INSERT INTO `oh_prices` VALUES (31966,5,'MED','222','Ultrasound Gel 800g',160,'admin','2024-02-10 18:36:37','admin','2024-02-10 18:36:37',1,0);
INSERT INTO `oh_prices` VALUES (31967,5,'MED','362','Umbilical Cord Tie non sterile 100m',520,'admin','2024-02-10 18:36:37','admin','2024-02-10 18:36:37',1,0);
INSERT INTO `oh_prices` VALUES (31968,5,'MED','363','Umbilical Cord Tie sterile 22m',180,'admin','2024-02-10 18:36:37','admin','2024-02-10 18:36:37',1,0);
INSERT INTO `oh_prices` VALUES (31969,5,'MED','122','UREA Calorimetric 300 Tests',660,'admin','2024-02-10 18:36:37','admin','2024-02-10 18:36:37',1,0);
INSERT INTO `oh_prices` VALUES (31970,5,'MED','364','Urinal 1Ltr / 2Ltr',60,'admin','2024-02-10 18:36:37','admin','2024-02-10 18:36:37',1,0);
INSERT INTO `oh_prices` VALUES (31971,5,'MED','365','Urine Collecting Bag sterile 2Ltr',80,'admin','2024-02-10 18:36:37','admin','2024-02-10 18:36:37',1,0);
INSERT INTO `oh_prices` VALUES (31972,5,'MED','202','Urine Test Strips 3 Parameters 100 tests',580,'admin','2024-02-10 18:36:37','admin','2024-02-10 18:36:37',1,0);
INSERT INTO `oh_prices` VALUES (31973,5,'MED','176','Vitamin A 200.000 IU Caps',120,'admin','2024-02-10 18:36:37','admin','2024-02-10 18:36:37',1,0);
INSERT INTO `oh_prices` VALUES (31974,5,'MED','177','Vitamin B Complex Tab',80,'admin','2024-02-10 18:36:37','admin','2024-02-10 18:36:37',1,0);
INSERT INTO `oh_prices` VALUES (31975,5,'MED','95','Water for Injection 10ml Vial',60,'admin','2024-02-10 18:36:37','admin','2024-02-10 18:36:37',1,0);
INSERT INTO `oh_prices` VALUES (31976,5,'MED','224','Whitfield Oinment 200g',68,'admin','2024-02-10 18:36:37','admin','2024-02-10 18:36:37',1,0);
INSERT INTO `oh_prices` VALUES (31977,5,'MED','225','Whitfield Oinment 25g',36,'admin','2024-02-10 18:36:37','admin','2024-02-10 18:36:37',1,0);
INSERT INTO `oh_prices` VALUES (31978,5,'MED','392','X-Ray Developer 2.6kg for 22.5Ltr',240,'admin','2024-02-10 18:36:37','admin','2024-02-10 18:36:37',1,0);
INSERT INTO `oh_prices` VALUES (31979,5,'MED','393','X-Ray Film 18x24cm',160,'admin','2024-02-10 18:36:37','admin','2024-02-10 18:36:37',1,0);
INSERT INTO `oh_prices` VALUES (31980,5,'MED','394','X-Ray Film 20x40cm',170,'admin','2024-02-10 18:36:37','admin','2024-02-10 18:36:37',1,0);
INSERT INTO `oh_prices` VALUES (31981,5,'MED','395','X-Ray Film 24x30cm',190,'admin','2024-02-10 18:36:37','admin','2024-02-10 18:36:37',1,0);
INSERT INTO `oh_prices` VALUES (31982,5,'MED','396','X-Ray Film 30x40cm',200,'admin','2024-02-10 18:36:37','admin','2024-02-10 18:36:37',1,0);
INSERT INTO `oh_prices` VALUES (31983,5,'MED','397','X-Ray Film 35x35cm',210,'admin','2024-02-10 18:36:37','admin','2024-02-10 18:36:37',1,0);
INSERT INTO `oh_prices` VALUES (31984,5,'MED','398','X-Ray Film 43x35cm',220,'admin','2024-02-10 18:36:37','admin','2024-02-10 18:36:37',1,0);
INSERT INTO `oh_prices` VALUES (31985,5,'MED','399','X-Ray Film Cassette  18x24cm with screen',120,'admin','2024-02-10 18:36:37','admin','2024-02-10 18:36:37',1,0);
INSERT INTO `oh_prices` VALUES (31986,5,'MED','400','X-Ray Film Cassette  24x30cm with screen',130,'admin','2024-02-10 18:36:37','admin','2024-02-10 18:36:37',1,0);
INSERT INTO `oh_prices` VALUES (31987,5,'MED','401','X-Ray Film Cassette  30x40cm with screen',140,'admin','2024-02-10 18:36:37','admin','2024-02-10 18:36:37',1,0);
INSERT INTO `oh_prices` VALUES (31988,5,'MED','402','X-Ray Film Cassette  35x35cm with screen',150,'admin','2024-02-10 18:36:37','admin','2024-02-10 18:36:37',1,0);
INSERT INTO `oh_prices` VALUES (31989,5,'MED','403','X-Ray Film Cassette  35x43cm with screen',160,'admin','2024-02-10 18:36:37','admin','2024-02-10 18:36:37',1,0);
INSERT INTO `oh_prices` VALUES (31990,5,'MED','404','X-Ray Fixer 3.3kg for 22.5 Ltr',320,'admin','2024-02-10 18:36:37','admin','2024-02-10 18:36:37',1,0);
INSERT INTO `oh_prices` VALUES (31991,5,'MED','19','Xylene 2.5 ltrs',160,'admin','2024-02-10 18:36:37','admin','2024-02-10 18:36:37',1,0);
INSERT INTO `oh_prices` VALUES (31992,5,'OTH','1','Amount per day',60,'admin','2024-02-10 18:36:37','admin','2024-02-10 18:36:37',1,0);
/*!40000 ALTER TABLE `oh_prices` ENABLE KEYS */;
UNLOCK TABLES;

--
-- Table structure for table `oh_pricesothers`
--

DROP TABLE IF EXISTS `oh_pricesothers`;
/*!40101 SET @saved_cs_client     = @@character_set_client */;
/*!40101 SET character_set_client = utf8mb4 */;
CREATE TABLE `oh_pricesothers` (
  `OTH_ID` int(11) NOT NULL AUTO_INCREMENT,
  `OTH_CODE` varchar(10) NOT NULL,
  `OTH_DESC` varchar(100) NOT NULL,
  `OTH_OPD_INCLUDE` int(11) NOT NULL DEFAULT 0,
  `OTH_IPD_INCLUDE` int(11) NOT NULL DEFAULT 0,
  `OTH_DAILY` int(11) NOT NULL DEFAULT 0,
  `OTH_DISCHARGE` int(11) DEFAULT 0,
  `OTH_UNDEFINED` int(11) DEFAULT 0,
  `OTH_CREATED_BY` varchar(50) DEFAULT NULL,
  `OTH_CREATED_DATE` datetime DEFAULT NULL,
  `OTH_LAST_MODIFIED_BY` varchar(50) DEFAULT NULL,
  `OTH_LAST_MODIFIED_DATE` datetime DEFAULT NULL,
  `OTH_ACTIVE` tinyint(1) NOT NULL DEFAULT 1,
  `OTH_LOCK` int(11) NOT NULL DEFAULT 0,
  PRIMARY KEY (`OTH_ID`),
  KEY `FK_PRICESOTHERS_CREATED_BY_IDX` (`OTH_CREATED_BY`),
  KEY `FK_PRICESOTHERS_LAST_MODIFIED_BY_IDX` (`OTH_LAST_MODIFIED_BY`),
  CONSTRAINT `FK_PRICESOTHERS_CREATED_BY` FOREIGN KEY (`OTH_CREATED_BY`) REFERENCES `oh_user` (`US_ID_A`) ON DELETE NO ACTION ON UPDATE NO ACTION,
  CONSTRAINT `FK_PRICESOTHERS_LAST_MODIFIED_BY` FOREIGN KEY (`OTH_LAST_MODIFIED_BY`) REFERENCES `oh_user` (`US_ID_A`) ON DELETE NO ACTION ON UPDATE NO ACTION
) ENGINE=InnoDB AUTO_INCREMENT=2 DEFAULT CHARSET=utf8mb3 COLLATE=utf8mb3_general_ci;
/*!40101 SET character_set_client = @saved_cs_client */;

--
-- Dumping data for table `oh_pricesothers`
--

LOCK TABLES `oh_pricesothers` WRITE;
/*!40000 ALTER TABLE `oh_pricesothers` DISABLE KEYS */;
INSERT INTO `oh_pricesothers` VALUES (1,'OTH001','Amount per day',0,1,1,0,0,NULL,NULL,NULL,NULL,1,0);
/*!40000 ALTER TABLE `oh_pricesothers` ENABLE KEYS */;
UNLOCK TABLES;

--
-- Table structure for table `oh_session_audit`
--

DROP TABLE IF EXISTS `oh_session_audit`;
/*!40101 SET @saved_cs_client     = @@character_set_client */;
/*!40101 SET character_set_client = utf8mb4 */;
CREATE TABLE `oh_session_audit` (
  `SEA_ID` int(11) NOT NULL AUTO_INCREMENT,
  `SEA_US_ID_A` varchar(50) NOT NULL,
  `SEA_LOGIN` datetime NOT NULL,
  `SEA_LOGOUT` datetime DEFAULT NULL,
  `SEA_CREATED_BY` varchar(50) DEFAULT NULL,
  `SEA_CREATED_DATE` datetime DEFAULT NULL,
  `SEA_LAST_MODIFIED_BY` varchar(50) DEFAULT NULL,
  `SEA_LAST_MODIFIED_DATE` datetime DEFAULT NULL,
  `SEA_ACTIVE` tinyint(1) NOT NULL DEFAULT 1,
  PRIMARY KEY (`SEA_ID`),
  KEY `FK_SESSION_AUDIT_USER_IDX` (`SEA_US_ID_A`),
  KEY `FK_SESSION_AUDIT_CREATED_BY_IDX` (`SEA_CREATED_BY`),
  KEY `FK_SESSION_AUDIT_LAST_MODIFIED_BY_IDX` (`SEA_LAST_MODIFIED_BY`),
  CONSTRAINT `FK_SESSION_AUDIT_CREATED_BY` FOREIGN KEY (`SEA_CREATED_BY`) REFERENCES `oh_user` (`US_ID_A`) ON DELETE CASCADE ON UPDATE CASCADE,
  CONSTRAINT `FK_SESSION_AUDIT_LAST_MODIFIED_BY` FOREIGN KEY (`SEA_LAST_MODIFIED_BY`) REFERENCES `oh_user` (`US_ID_A`) ON DELETE CASCADE ON UPDATE CASCADE,
  CONSTRAINT `FK_SESSION_AUDIT_USER` FOREIGN KEY (`SEA_US_ID_A`) REFERENCES `oh_user` (`US_ID_A`) ON DELETE CASCADE ON UPDATE CASCADE
) ENGINE=InnoDB AUTO_INCREMENT=4 DEFAULT CHARSET=utf8mb3 COLLATE=utf8mb3_general_ci;
/*!40101 SET character_set_client = @saved_cs_client */;

--
-- Dumping data for table `oh_session_audit`
--

LOCK TABLES `oh_session_audit` WRITE;
/*!40000 ALTER TABLE `oh_session_audit` DISABLE KEYS */;
INSERT INTO `oh_session_audit` VALUES (1,'admin','2026-01-14 16:43:21','2026-01-14 17:10:52','admin','2026-01-14 16:43:21','admin','2026-01-14 17:10:52',1);
INSERT INTO `oh_session_audit` VALUES (2,'admin','2026-01-14 18:06:12','2026-01-14 18:16:15','admin','2026-01-14 18:06:12','admin','2026-01-14 18:16:15',1);
INSERT INTO `oh_session_audit` VALUES (3,'admin','2026-01-14 18:43:27','2026-01-14 18:47:07','admin','2026-01-14 18:43:27','admin','2026-01-14 18:47:07',1);
/*!40000 ALTER TABLE `oh_session_audit` ENABLE KEYS */;
UNLOCK TABLES;

--
-- Table structure for table `oh_sms`
--

DROP TABLE IF EXISTS `oh_sms`;
/*!40101 SET @saved_cs_client     = @@character_set_client */;
/*!40101 SET character_set_client = utf8mb4 */;
CREATE TABLE `oh_sms` (
  `SMS_ID` int(11) NOT NULL AUTO_INCREMENT,
  `SMS_DATE` timestamp NOT NULL DEFAULT current_timestamp(),
  `SMS_DATE_SCHED` datetime NOT NULL,
  `SMS_NUMBER` varchar(45) NOT NULL,
  `SMS_TEXT` varchar(160) NOT NULL,
  `SMS_DATE_SENT` datetime DEFAULT NULL,
  `SMS_USER` varchar(50) NOT NULL DEFAULT 'admin',
  `SMS_MOD` varchar(45) NOT NULL DEFAULT 'smsmanager',
  `SMS_MOD_ID` varchar(45) DEFAULT NULL,
  PRIMARY KEY (`SMS_ID`)
) ENGINE=InnoDB DEFAULT CHARSET=utf8mb3 COLLATE=utf8mb3_general_ci;
/*!40101 SET character_set_client = @saved_cs_client */;

--
-- Dumping data for table `oh_sms`
--

LOCK TABLES `oh_sms` WRITE;
/*!40000 ALTER TABLE `oh_sms` DISABLE KEYS */;
/*!40000 ALTER TABLE `oh_sms` ENABLE KEYS */;
UNLOCK TABLES;

--
-- Table structure for table `oh_supplier`
--

DROP TABLE IF EXISTS `oh_supplier`;
/*!40101 SET @saved_cs_client     = @@character_set_client */;
/*!40101 SET character_set_client = utf8mb4 */;
CREATE TABLE `oh_supplier` (
  `SUP_ID` int(11) NOT NULL AUTO_INCREMENT,
  `SUP_NAME` varchar(100) NOT NULL,
  `SUP_ADDRESS` varchar(150) DEFAULT NULL,
  `SUP_TAXCODE` varchar(50) DEFAULT NULL,
  `SUP_PHONE` varchar(20) DEFAULT NULL,
  `SUP_FAX` varchar(20) DEFAULT NULL,
  `SUP_EMAIL` varchar(100) DEFAULT NULL,
  `SUP_NOTE` varchar(200) DEFAULT NULL,
  `SUP_DELETED` char(1) DEFAULT 'N',
  `SUP_CREATED_BY` varchar(50) DEFAULT NULL,
  `SUP_CREATED_DATE` datetime DEFAULT NULL,
  `SUP_LAST_MODIFIED_BY` varchar(50) DEFAULT NULL,
  `SUP_LAST_MODIFIED_DATE` datetime DEFAULT NULL,
  `SUP_ACTIVE` tinyint(1) NOT NULL DEFAULT 1,
  `SUP_LOCK` int(11) NOT NULL DEFAULT 0,
  PRIMARY KEY (`SUP_ID`),
  KEY `FK_SUPPLIER_CREATED_BY_IDX` (`SUP_CREATED_BY`),
  KEY `FK_SUPPLIER_LAST_MODIFIED_BY_IDX` (`SUP_LAST_MODIFIED_BY`),
  CONSTRAINT `FK_SUPPLIER_CREATED_BY` FOREIGN KEY (`SUP_CREATED_BY`) REFERENCES `oh_user` (`US_ID_A`) ON DELETE NO ACTION ON UPDATE NO ACTION,
  CONSTRAINT `FK_SUPPLIER_LAST_MODIFIED_BY` FOREIGN KEY (`SUP_LAST_MODIFIED_BY`) REFERENCES `oh_user` (`US_ID_A`) ON DELETE NO ACTION ON UPDATE NO ACTION
) ENGINE=InnoDB AUTO_INCREMENT=5 DEFAULT CHARSET=utf8mb3 COLLATE=utf8mb3_general_ci;
/*!40101 SET character_set_client = @saved_cs_client */;

--
-- Dumping data for table `oh_supplier`
--

LOCK TABLES `oh_supplier` WRITE;
/*!40000 ALTER TABLE `oh_supplier` DISABLE KEYS */;
INSERT INTO `oh_supplier` VALUES (1,'JMS Pharmaceuticals','Rome road N.1','','+431321321','','info@jms-pharma.net','','N',NULL,NULL,'admin','2024-02-02 00:06:25',1,0);
INSERT INTO `oh_supplier` VALUES (2,'Medical Enterprise Limited','Sesame Strett - 73149 New Harrington 23','','+22.243454252','+22.243454252','info@medical-enterprise.com','','N','admin','2022-11-20 00:23:58','admin','2024-02-02 00:05:59',1,0);
INSERT INTO `oh_supplier` VALUES (3,'X-Tech Ltd','Fulham Rd 27 - Chester','','+45132132112','+45132132100','contact@x-tech.com','','N','admin','2024-02-02 00:07:52','admin','2024-02-02 01:14:57',1,0);
INSERT INTO `oh_supplier` VALUES (4,'INVENTORY',NULL,NULL,NULL,NULL,NULL,NULL,'N','admin','2024-06-06 10:07:52','admin','2024-06-06 10:14:57',1,0);
/*!40000 ALTER TABLE `oh_supplier` ENABLE KEYS */;
UNLOCK TABLES;

--
-- Table structure for table `oh_telemetry`
--

DROP TABLE IF EXISTS `oh_telemetry`;
/*!40101 SET @saved_cs_client     = @@character_set_client */;
/*!40101 SET character_set_client = utf8mb4 */;
CREATE TABLE `oh_telemetry` (
  `TEL_UUID` varchar(36) NOT NULL COMMENT 'Software ID',
  `TEL_DBID` varchar(36) NOT NULL COMMENT 'Database ID',
  `TEL_HWID` varchar(36) NOT NULL COMMENT 'Hardware ID',
  `TEL_OSID` varchar(36) NOT NULL COMMENT 'Operating System ID',
  `TEL_ACTIVE` tinyint(1) DEFAULT NULL COMMENT 'true|false|null',
  `TEL_CONSENT` text DEFAULT NULL COMMENT 'User consent informations',
  `TEL_INFO` text DEFAULT NULL COMMENT 'Last collected data',
  `TEL_SENT_TIME` datetime DEFAULT NULL COMMENT 'Timestamp when message sent',
  `TEL_OPTIN_DATE` datetime DEFAULT NULL COMMENT 'When user enables telemetry',
  `TEL_OPTOUT_DATE` datetime DEFAULT NULL COMMENT 'When user disables telemetry',
  PRIMARY KEY (`TEL_UUID`,`TEL_DBID`,`TEL_HWID`,`TEL_OSID`)
) ENGINE=MyISAM DEFAULT CHARSET=utf8mb3 COLLATE=utf8mb3_general_ci;
/*!40101 SET character_set_client = @saved_cs_client */;

--
-- Dumping data for table `oh_telemetry`
--

LOCK TABLES `oh_telemetry` WRITE;
/*!40000 ALTER TABLE `oh_telemetry` DISABLE KEYS */;
INSERT INTO `oh_telemetry` VALUES ('6ad50805-c494-486e-886f-b546bec573b9','a22e64f1-99ce-4756-9469-5d30b2d0faf7','1bbbba5a-6670-4f44-8686-6e618c0831b1','7b23931c-01a9-486a-a113-e3e608c66a33',0,'{}','{\"TEL_ID\":{\"tel_uuid\":\"6ad50805-c494-486e-886f-b546bec573b9\",\"tel_optout_date\":\"2026-01-14 16:43:22\"}}','2026-01-14 16:43:23',NULL,'2026-01-14 16:43:22');
/*!40000 ALTER TABLE `oh_telemetry` ENABLE KEYS */;
UNLOCK TABLES;

--
-- Table structure for table `oh_therapies`
--

DROP TABLE IF EXISTS `oh_therapies`;
/*!40101 SET @saved_cs_client     = @@character_set_client */;
/*!40101 SET character_set_client = utf8mb4 */;
CREATE TABLE `oh_therapies` (
  `THR_ID` int(11) NOT NULL AUTO_INCREMENT,
  `THR_PAT_ID` int(11) NOT NULL,
  `THR_STARTDATE` datetime NOT NULL,
  `THR_ENDDATE` datetime NOT NULL,
  `THR_MDSR_ID` int(11) NOT NULL,
  `THR_QTY` double NOT NULL,
  `THR_UNT_ID` int(11) NOT NULL,
  `THR_FREQINDAY` int(11) NOT NULL,
  `THR_FREQINPRD` int(11) NOT NULL,
  `THR_NOTE` text DEFAULT NULL,
  `THR_NOTIFY` tinyint(1) NOT NULL DEFAULT 0,
  `THR_SMS` tinyint(1) NOT NULL DEFAULT 0,
  `THR_CREATED_BY` varchar(50) DEFAULT NULL,
  `THR_CREATED_DATE` datetime DEFAULT NULL,
  `THR_LAST_MODIFIED_BY` varchar(50) DEFAULT NULL,
  `THR_LAST_MODIFIED_DATE` datetime DEFAULT NULL,
  `THR_ACTIVE` tinyint(1) NOT NULL DEFAULT 1,
  PRIMARY KEY (`THR_ID`),
  KEY `FK_THERAPIES_PATIENT` (`THR_PAT_ID`),
  KEY `FK_THERAPIES_MDSR` (`THR_MDSR_ID`),
  KEY `FK_THERAPIES_CREATED_BY_IDX` (`THR_CREATED_BY`),
  KEY `FK_THERAPIES_LAST_MODIFIED_BY_IDX` (`THR_LAST_MODIFIED_BY`),
  CONSTRAINT `FK_THERAPIES_CREATED_BY` FOREIGN KEY (`THR_CREATED_BY`) REFERENCES `oh_user` (`US_ID_A`) ON DELETE NO ACTION ON UPDATE NO ACTION,
  CONSTRAINT `FK_THERAPIES_LAST_MODIFIED_BY` FOREIGN KEY (`THR_LAST_MODIFIED_BY`) REFERENCES `oh_user` (`US_ID_A`) ON DELETE NO ACTION ON UPDATE NO ACTION,
  CONSTRAINT `FK_THERAPIES_MDSR` FOREIGN KEY (`THR_MDSR_ID`) REFERENCES `oh_medicaldsr` (`MDSR_ID`) ON DELETE NO ACTION ON UPDATE NO ACTION,
  CONSTRAINT `FK_THERAPIES_PATIENT` FOREIGN KEY (`THR_PAT_ID`) REFERENCES `oh_patient` (`PAT_ID`) ON DELETE CASCADE ON UPDATE CASCADE
) ENGINE=InnoDB AUTO_INCREMENT=12 DEFAULT CHARSET=utf8mb3 COLLATE=utf8mb3_general_ci;
/*!40101 SET character_set_client = @saved_cs_client */;

--
-- Dumping data for table `oh_therapies`
--

LOCK TABLES `oh_therapies` WRITE;
/*!40000 ALTER TABLE `oh_therapies` DISABLE KEYS */;
INSERT INTO `oh_therapies` VALUES (1,471,'2022-11-20 02:31:38','2021-03-04 02:31:38',414,0.5,0,2,2,'',0,0,'admin','2022-11-20 02:31:54','admin','2022-11-20 02:31:54',1);
INSERT INTO `oh_therapies` VALUES (2,467,'2022-11-20 02:32:13','2021-02-12 02:32:13',114,1,0,1,1,'',0,0,'admin','2022-11-20 02:32:24','admin','2022-11-20 02:32:24',1);
INSERT INTO `oh_therapies` VALUES (3,161,'2022-11-20 14:27:46','2021-02-12 14:27:46',128,0.5,0,1,3,'',0,0,'admin','2022-11-20 14:27:58','admin','2022-11-20 14:27:58',1);
INSERT INTO `oh_therapies` VALUES (4,526,'2021-03-15 01:00:06','2021-04-19 01:00:06',103,0.5,0,2,1,'',0,0,'admin','2021-03-15 01:00:23','admin','2021-03-15 01:00:23',1);
INSERT INTO `oh_therapies` VALUES (5,447,'2021-03-15 01:10:42','2021-06-16 01:10:42',12,1,0,2,1,'',0,0,'admin','2021-03-15 01:11:03','admin','2021-03-15 01:11:03',1);
INSERT INTO `oh_therapies` VALUES (6,447,'2021-03-15 00:00:00','2021-06-15 00:00:00',21,1,0,2,1,'',0,0,'admin','2021-03-15 01:12:50','admin','2021-03-15 01:13:24',1);
INSERT INTO `oh_therapies` VALUES (7,447,'2021-03-15 00:00:00','2021-06-14 00:00:00',170,1,0,2,1,'',0,0,'admin','2021-03-15 01:13:02','admin','2021-03-15 01:13:24',1);
INSERT INTO `oh_therapies` VALUES (8,447,'2021-03-15 00:00:00','2021-05-05 00:00:00',14,1,0,2,1,'',0,0,'admin','2021-03-15 01:13:17','admin','2021-03-15 01:13:24',1);
INSERT INTO `oh_therapies` VALUES (9,529,'2021-03-15 12:20:53','2021-03-22 12:20:53',113,1,0,1,2,'',0,0,'admin','2021-03-15 12:21:03','admin','2021-03-15 12:21:03',1);
INSERT INTO `oh_therapies` VALUES (10,552,'2023-02-04 00:00:00','2023-02-25 00:00:00',20,1,0,2,3,'',0,0,'admin','2023-02-04 02:07:57','admin','2023-02-04 02:07:57',1);
INSERT INTO `oh_therapies` VALUES (11,553,'2023-02-04 00:00:00','2023-02-11 00:00:00',415,1,0,2,1,'',0,0,'admin','2023-02-04 02:29:48','admin','2023-02-04 02:29:48',1);
/*!40000 ALTER TABLE `oh_therapies` ENABLE KEYS */;
UNLOCK TABLES;

--
-- Table structure for table `oh_user`
--

DROP TABLE IF EXISTS `oh_user`;
/*!40101 SET @saved_cs_client     = @@character_set_client */;
/*!40101 SET character_set_client = utf8mb4 */;
CREATE TABLE `oh_user` (
  `US_ID_A` varchar(50) NOT NULL DEFAULT '',
  `US_UG_ID_A` varchar(50) NOT NULL DEFAULT '',
  `US_PASSWD` varchar(60) NOT NULL DEFAULT '',
  `US_DESC` varchar(128) DEFAULT NULL,
  `US_CREATED_BY` varchar(50) DEFAULT NULL,
  `US_CREATED_DATE` datetime DEFAULT NULL,
  `US_LAST_MODIFIED_BY` varchar(50) DEFAULT NULL,
  `US_LAST_MODIFIED_DATE` datetime DEFAULT NULL,
  `US_ACTIVE` tinyint(1) NOT NULL DEFAULT 1,
  `US_FAILED_ATTEMPTS` int(11) DEFAULT 0,
  `US_ACCOUNT_LOCKED` tinyint(1) NOT NULL DEFAULT 0,
  `US_LOCK_TIME` datetime DEFAULT NULL,
  `US_LAST_LOGIN` datetime DEFAULT NULL,
  `US_DELETED` tinyint(1) DEFAULT 0,
  PRIMARY KEY (`US_ID_A`),
  KEY `FK_USER_USERGROUP` (`US_UG_ID_A`),
  KEY `FK_USER_CREATED_BY_IDX` (`US_CREATED_BY`),
  KEY `FK_USER_LAST_MODIFIED_BY_IDX` (`US_LAST_MODIFIED_BY`),
  CONSTRAINT `FK_USER_CREATED_BY` FOREIGN KEY (`US_CREATED_BY`) REFERENCES `oh_user` (`US_ID_A`) ON DELETE NO ACTION ON UPDATE NO ACTION,
  CONSTRAINT `FK_USER_LAST_MODIFIED_BY` FOREIGN KEY (`US_LAST_MODIFIED_BY`) REFERENCES `oh_user` (`US_ID_A`) ON DELETE NO ACTION ON UPDATE NO ACTION,
  CONSTRAINT `FK_USER_USERGROUP` FOREIGN KEY (`US_UG_ID_A`) REFERENCES `oh_usergroup` (`UG_ID_A`) ON DELETE NO ACTION ON UPDATE CASCADE
) ENGINE=InnoDB DEFAULT CHARSET=utf8mb3 COLLATE=utf8mb3_general_ci;
/*!40101 SET character_set_client = @saved_cs_client */;

--
-- Dumping data for table `oh_user`
--

LOCK TABLES `oh_user` WRITE;
/*!40000 ALTER TABLE `oh_user` DISABLE KEYS */;
INSERT INTO `oh_user` VALUES ('admin','admin','$2a$10$FI/PMO0oSHHosF2PX8l3QuB0DJepVfnynbLZ9Zm2711bF2ch8db2S','administrator',NULL,NULL,NULL,NULL,1,0,0,NULL,'2026-01-14 18:43:27',0);
INSERT INTO `oh_user` VALUES ('doctor','doctor','$2a$04$iqB3DZzyvQos4wCQrSHKyuf/Spr8LyOFF23dihNbS1AWpkIPu..MG','doctor',NULL,NULL,NULL,NULL,1,0,0,NULL,NULL,0);
INSERT INTO `oh_user` VALUES ('guest','guest','$2a$10$b0WlANdaNV7Ukn/klFGt3.euZ7PaHuJI6TtBSM2vdxkavvkUDbpo2','guest',NULL,NULL,NULL,NULL,1,0,0,NULL,NULL,0);
INSERT INTO `oh_user` VALUES ('laboratorist','laboratorist','$2a$04$mhtLe0xVdhYcUqav2glGXeGULLErkgv8KHMQ1yYLh3TTYnE.V1qOO','laboratorist',NULL,NULL,NULL,NULL,1,0,0,NULL,NULL,0);
/*!40000 ALTER TABLE `oh_user` ENABLE KEYS */;
UNLOCK TABLES;

--
-- Table structure for table `oh_user_settings`
--

DROP TABLE IF EXISTS `oh_user_settings`;
/*!40101 SET @saved_cs_client     = @@character_set_client */;
/*!40101 SET character_set_client = utf8mb4 */;
CREATE TABLE `oh_user_settings` (
  `USS_ID` int(11) NOT NULL AUTO_INCREMENT,
  `USS_US_ID_A` varchar(50) NOT NULL,
  `USS_CONFIG_NAME` varchar(50) NOT NULL,
  `USS_CONFIG_VALUE` text NOT NULL,
  `USS_CREATED_BY` varchar(50) DEFAULT NULL,
  `USS_CREATED_DATE` datetime DEFAULT NULL,
  `USS_LAST_MODIFIED_BY` varchar(50) DEFAULT NULL,
  `USS_LAST_MODIFIED_DATE` datetime DEFAULT NULL,
  `USS_ACTIVE` tinyint(1) DEFAULT NULL,
  `USS_LOCK` int(11) NOT NULL DEFAULT 0,
  PRIMARY KEY (`USS_ID`),
  UNIQUE KEY `USS_US_ID_A_CONFIG_NAME_IDX` (`USS_US_ID_A`,`USS_CONFIG_NAME`),
  KEY `FK_USER_SETTINGS_USER_2` (`USS_CREATED_BY`),
  KEY `FK_USER_SETTINGS_USER_3` (`USS_LAST_MODIFIED_BY`),
  CONSTRAINT `FK_USER_SETTINGS_USER_1` FOREIGN KEY (`USS_US_ID_A`) REFERENCES `oh_user` (`US_ID_A`) ON DELETE NO ACTION ON UPDATE NO ACTION,
  CONSTRAINT `FK_USER_SETTINGS_USER_2` FOREIGN KEY (`USS_CREATED_BY`) REFERENCES `oh_user` (`US_ID_A`) ON DELETE NO ACTION ON UPDATE NO ACTION,
  CONSTRAINT `FK_USER_SETTINGS_USER_3` FOREIGN KEY (`USS_LAST_MODIFIED_BY`) REFERENCES `oh_user` (`US_ID_A`) ON DELETE NO ACTION ON UPDATE NO ACTION
) ENGINE=InnoDB AUTO_INCREMENT=5 DEFAULT CHARSET=utf8mb3 COLLATE=utf8mb3_general_ci;
/*!40101 SET character_set_client = @saved_cs_client */;

--
-- Dumping data for table `oh_user_settings`
--

LOCK TABLES `oh_user_settings` WRITE;
/*!40000 ALTER TABLE `oh_user_settings` DISABLE KEYS */;
INSERT INTO `oh_user_settings` VALUES (1,'admin','dashboard','eyJsYXlvdXQiOnsibGciOlt7InciOjQsImgiOjMsIngiOjgsInkiOjAsImkiOiJvcGRCeUFnZVR5cGUiLCJtaW5XIjozLCJtaW5IIjozLCJtYXhIIjo1LCJtb3ZlZCI6ZmFsc2UsInN0YXRpYyI6ZmFsc2V9LHsidyI6NCwiaCI6MywieCI6NCwieSI6MCwiaSI6Im9wZEJ5U2V4IiwibWluVyI6MywibWluSCI6MywibWF4SCI6NSwibW92ZWQiOmZhbHNlLCJzdGF0aWMiOmZhbHNlfSx7InciOjQsImgiOjMsIngiOjAsInkiOjAsImkiOiJhZG1pc3Npb25CeVNleCIsIm1pblciOjMsIm1pbkgiOjMsIm1heEgiOjUsIm1vdmVkIjpmYWxzZSwic3RhdGljIjpmYWxzZX0seyJ3Ijo0LCJoIjozLCJ4Ijo4LCJ5IjozLCJpIjoiYWRtaXNzaW9uQnlBZ2VUeXBlIiwibWluVyI6MywibWluSCI6MywibWF4SCI6NSwibW92ZWQiOmZhbHNlLCJzdGF0aWMiOmZhbHNlfSx7InciOjQsImgiOjMsIngiOjAsInkiOjMsImkiOiJhZG1pc3Npb25CeVdhcmQiLCJtaW5XIjozLCJtaW5IIjozLCJtYXhIIjo1LCJtb3ZlZCI6ZmFsc2UsInN0YXRpYyI6ZmFsc2V9LHsidyI6NCwiaCI6MywieCI6NCwieSI6MywiaSI6ImFkbWlzc2lvbkJ5VHlwZSIsIm1pblciOjMsIm1pbkgiOjMsIm1heEgiOjUsIm1vdmVkIjpmYWxzZSwic3RhdGljIjpmYWxzZX1dLCJtZCI6W3siaSI6Im9wZEJ5QWdlVHlwZSIsInciOjYsImgiOjMsIngiOjAsInkiOjAsIm1pblciOjQsIm1pbkgiOjMsIm1heEgiOjR9LHsiaSI6Im9wZEJ5U2V4IiwidyI6NiwiaCI6MywieCI6MCwieSI6MCwibWluVyI6NCwibWluSCI6MywibWF4SCI6NH0seyJpIjoiYWRtaXNzaW9uQnlTZXgiLCJ3Ijo2LCJoIjozLCJ4IjowLCJ5IjowLCJtaW5XIjo0LCJtaW5IIjozLCJtYXhIIjo0fSx7ImkiOiJhZG1pc3Npb25CeUFnZVR5cGUiLCJ3Ijo2LCJoIjozLCJ4IjowLCJ5IjowLCJtaW5XIjo0LCJtaW5IIjozLCJtYXhIIjo0fSx7ImkiOiJhZG1pc3Npb25CeVdhcmQiLCJ3Ijo2LCJoIjozLCJ4IjowLCJ5IjowLCJtaW5XIjo0LCJtaW5IIjozLCJtYXhIIjo0fSx7ImkiOiJhZG1pc3Npb25CeVR5cGUiLCJ3Ijo2LCJoIjozLCJ4IjowLCJ5IjowLCJtaW5XIjo0LCJtaW5IIjozLCJtYXhIIjo0fV0sInNtIjpbeyJpIjoib3BkQnlBZ2VUeXBlIiwidyI6NiwiaCI6MywieCI6MCwieSI6MCwibWluVyI6NiwibWluSCI6MywibWF4SCI6NH0seyJpIjoib3BkQnlTZXgiLCJ3Ijo2LCJoIjozLCJ4IjowLCJ5IjowLCJtaW5XIjo2LCJtaW5IIjozLCJtYXhIIjo0fSx7ImkiOiJhZG1pc3Npb25CeVNleCIsInciOjYsImgiOjMsIngiOjAsInkiOjAsIm1pblciOjYsIm1pbkgiOjMsIm1heEgiOjR9LHsiaSI6ImFkbWlzc2lvbkJ5QWdlVHlwZSIsInciOjYsImgiOjMsIngiOjAsInkiOjAsIm1pblciOjYsIm1pbkgiOjMsIm1heEgiOjR9LHsiaSI6ImFkbWlzc2lvbkJ5V2FyZCIsInciOjYsImgiOjMsIngiOjAsInkiOjAsIm1pblciOjYsIm1pbkgiOjMsIm1heEgiOjR9LHsiaSI6ImFkbWlzc2lvbkJ5VHlwZSIsInciOjYsImgiOjMsIngiOjAsInkiOjAsIm1pblciOjYsIm1pbkgiOjMsIm1heEgiOjR9XSwieHMiOlt7ImkiOiJvcGRCeUFnZVR5cGUiLCJ3Ijo2LCJoIjozLCJ4IjowLCJ5IjowLCJtaW5XIjo2LCJtaW5IIjozLCJtYXhIIjo0fSx7ImkiOiJvcGRCeVNleCIsInciOjYsImgiOjMsIngiOjAsInkiOjAsIm1pblciOjYsIm1pbkgiOjMsIm1heEgiOjR9LHsiaSI6ImFkbWlzc2lvbkJ5U2V4IiwidyI6NiwiaCI6MywieCI6MCwieSI6MCwibWluVyI6NiwibWluSCI6MywibWF4SCI6NH0seyJpIjoiYWRtaXNzaW9uQnlBZ2VUeXBlIiwidyI6NiwiaCI6MywieCI6MCwieSI6MCwibWluVyI6NiwibWluSCI6MywibWF4SCI6NH0seyJpIjoiYWRtaXNzaW9uQnlXYXJkIiwidyI6NiwiaCI6MywieCI6MCwieSI6MCwibWluVyI6NiwibWluSCI6MywibWF4SCI6NH0seyJpIjoiYWRtaXNzaW9uQnlUeXBlIiwidyI6NiwiaCI6MywieCI6MCwieSI6MCwibWluVyI6NiwibWluSCI6MywibWF4SCI6NH1dLCJ4eHMiOlt7ImkiOiJvcGRCeUFnZVR5cGUiLCJ3IjoxMiwiaCI6MywieCI6MCwieSI6MCwibWluVyI6MTIsIm1pbkgiOjMsIm1heEgiOjR9LHsiaSI6Im9wZEJ5U2V4IiwidyI6MTIsImgiOjMsIngiOjAsInkiOjAsIm1pblciOjEyLCJtaW5IIjozLCJtYXhIIjo0fSx7ImkiOiJhZG1pc3Npb25CeVNleCIsInciOjEyLCJoIjozLCJ4IjowLCJ5IjowLCJtaW5XIjoxMiwibWluSCI6MywibWF4SCI6NH0seyJpIjoiYWRtaXNzaW9uQnlBZ2VUeXBlIiwidyI6MTIsImgiOjMsIngiOjAsInkiOjAsIm1pblciOjEyLCJtaW5IIjozLCJtYXhIIjo0fSx7ImkiOiJhZG1pc3Npb25CeVdhcmQiLCJ3IjoxMiwiaCI6MywieCI6MCwieSI6MCwibWluVyI6MTIsIm1pbkgiOjMsIm1heEgiOjR9LHsiaSI6ImFkbWlzc2lvbkJ5VHlwZSIsInciOjEyLCJoIjozLCJ4IjowLCJ5IjowLCJtaW5XIjoxMiwibWluSCI6MywibWF4SCI6NH1dfSwidG9vbGJveCI6eyJsZyI6W3siaSI6ImRpc2NoYXJnZUJ5U2V4IiwidyI6NCwiaCI6MywieCI6OCwieSI6MCwibWluVyI6MywibWluSCI6MywibWF4SCI6NX0seyJpIjoiZGlzY2hhcmdlQnlBZ2VUeXBlIiwidyI6NCwiaCI6MywieCI6NCwieSI6MiwibWluVyI6MywibWluSCI6MywibWF4SCI6NX0seyJpIjoiZGlzY2hhcmdlQnlXYXJkIiwidyI6NCwiaCI6MywieCI6MCwieSI6MCwibWluVyI6MywibWluSCI6MywibWF4SCI6NX0seyJpIjoiZGlzY2hhcmdlQnlUeXBlIiwidyI6NCwiaCI6MywieCI6OCwieSI6MiwibWluVyI6MywibWluSCI6MywibWF4SCI6NX1dLCJtZCI6W3siaSI6ImRpc2NoYXJnZUJ5U2V4IiwidyI6NiwiaCI6MywieCI6MCwieSI6MCwibWluVyI6NCwibWluSCI6MywibWF4SCI6NH0seyJpIjoiZGlzY2hhcmdlQnlBZ2VUeXBlIiwidyI6NiwiaCI6MywieCI6NiwieSI6MiwibWluVyI6NCwibWluSCI6MywibWF4SCI6NH0seyJpIjoiZGlzY2hhcmdlQnlXYXJkIiwidyI6NiwiaCI6MywieCI6MCwieSI6MCwibWluVyI6NCwibWluSCI6MywibWF4SCI6NH0seyJpIjoiZGlzY2hhcmdlQnlUeXBlIiwidyI6NiwiaCI6MywieCI6NiwieSI6MiwibWluVyI6NCwibWluSCI6MywibWF4SCI6NH1dLCJzbSI6W3siaSI6ImRpc2NoYXJnZUJ5U2V4IiwidyI6NiwiaCI6MywieCI6MCwieSI6MCwibWluVyI6NiwibWluSCI6MywibWF4SCI6NH0seyJpIjoiZGlzY2hhcmdlQnlBZ2VUeXBlIiwidyI6NiwiaCI6MywieCI6NiwieSI6MiwibWluVyI6NiwibWluSCI6MywibWF4SCI6NH0seyJpIjoiZGlzY2hhcmdlQnlXYXJkIiwidyI6NiwiaCI6MywieCI6MCwieSI6MCwibWluVyI6NiwibWluSCI6MywibWF4SCI6NH0seyJpIjoiZGlzY2hhcmdlQnlUeXBlIiwidyI6NiwiaCI6MywieCI6NiwieSI6MiwibWluVyI6NiwibWluSCI6MywibWF4SCI6NH1dLCJ4cyI6W3siaSI6ImRpc2NoYXJnZUJ5U2V4IiwidyI6NiwiaCI6MywieCI6MCwieSI6MCwibWluVyI6NiwibWluSCI6MywibWF4SCI6NH0seyJpIjoiZGlzY2hhcmdlQnlBZ2VUeXBlIiwidyI6NiwiaCI6MywieCI6NiwieSI6MiwibWluVyI6NiwibWluSCI6MywibWF4SCI6NH0seyJpIjoiZGlzY2hhcmdlQnlXYXJkIiwidyI6NiwiaCI6MywieCI6MCwieSI6MCwibWluVyI6NiwibWluSCI6MywibWF4SCI6NH0seyJpIjoiZGlzY2hhcmdlQnlUeXBlIiwidyI6NiwiaCI6MywieCI6NiwieSI6MiwibWluVyI6NiwibWluSCI6MywibWF4SCI6NH1dLCJ4eHMiOlt7ImkiOiJkaXNjaGFyZ2VCeVNleCIsInciOjEyLCJoIjozLCJ4IjowLCJ5IjowLCJtaW5XIjoxMiwibWluSCI6MywibWF4SCI6NH0seyJpIjoiZGlzY2hhcmdlQnlBZ2VUeXBlIiwidyI6MTIsImgiOjMsIngiOjAsInkiOjIsIm1pblciOjEyLCJtaW5IIjozLCJtYXhIIjo0fSx7ImkiOiJkaXNjaGFyZ2VCeVdhcmQiLCJ3IjoxMiwiaCI6MywieCI6MCwieSI6MCwibWluVyI6MTIsIm1pbkgiOjMsIm1heEgiOjR9LHsiaSI6ImRpc2NoYXJnZUJ5VHlwZSIsInciOjEyLCJoIjozLCJ4IjowLCJ5IjoyLCJtaW5XIjoxMiwibWluSCI6MywibWF4SCI6NH1dfX0=','admin','2023-10-24 11:47:33',NULL,NULL,1,0);
INSERT INTO `oh_user_settings` VALUES (2,'guest','dashboard','eyJsYXlvdXQiOnsibGciOlt7InciOjQsImgiOjMsIngiOjgsInkiOjAsImkiOiJvcGRCeUFnZVR5cGUiLCJtaW5XIjozLCJtaW5IIjozLCJtYXhIIjo1LCJtb3ZlZCI6ZmFsc2UsInN0YXRpYyI6ZmFsc2V9LHsidyI6NCwiaCI6MywieCI6NCwieSI6MCwiaSI6Im9wZEJ5U2V4IiwibWluVyI6MywibWluSCI6MywibWF4SCI6NSwibW92ZWQiOmZhbHNlLCJzdGF0aWMiOmZhbHNlfSx7InciOjQsImgiOjMsIngiOjAsInkiOjAsImkiOiJhZG1pc3Npb25CeVNleCIsIm1pblciOjMsIm1pbkgiOjMsIm1heEgiOjUsIm1vdmVkIjpmYWxzZSwic3RhdGljIjpmYWxzZX0seyJ3Ijo0LCJoIjozLCJ4Ijo4LCJ5IjozLCJpIjoiYWRtaXNzaW9uQnlBZ2VUeXBlIiwibWluVyI6MywibWluSCI6MywibWF4SCI6NSwibW92ZWQiOmZhbHNlLCJzdGF0aWMiOmZhbHNlfSx7InciOjQsImgiOjMsIngiOjAsInkiOjMsImkiOiJhZG1pc3Npb25CeVdhcmQiLCJtaW5XIjozLCJtaW5IIjozLCJtYXhIIjo1LCJtb3ZlZCI6ZmFsc2UsInN0YXRpYyI6ZmFsc2V9LHsidyI6NCwiaCI6MywieCI6NCwieSI6MywiaSI6ImFkbWlzc2lvbkJ5VHlwZSIsIm1pblciOjMsIm1pbkgiOjMsIm1heEgiOjUsIm1vdmVkIjpmYWxzZSwic3RhdGljIjpmYWxzZX1dLCJtZCI6W3siaSI6Im9wZEJ5QWdlVHlwZSIsInciOjYsImgiOjMsIngiOjAsInkiOjAsIm1pblciOjQsIm1pbkgiOjMsIm1heEgiOjR9LHsiaSI6Im9wZEJ5U2V4IiwidyI6NiwiaCI6MywieCI6MCwieSI6MCwibWluVyI6NCwibWluSCI6MywibWF4SCI6NH0seyJpIjoiYWRtaXNzaW9uQnlTZXgiLCJ3Ijo2LCJoIjozLCJ4IjowLCJ5IjowLCJtaW5XIjo0LCJtaW5IIjozLCJtYXhIIjo0fSx7ImkiOiJhZG1pc3Npb25CeUFnZVR5cGUiLCJ3Ijo2LCJoIjozLCJ4IjowLCJ5IjowLCJtaW5XIjo0LCJtaW5IIjozLCJtYXhIIjo0fSx7ImkiOiJhZG1pc3Npb25CeVdhcmQiLCJ3Ijo2LCJoIjozLCJ4IjowLCJ5IjowLCJtaW5XIjo0LCJtaW5IIjozLCJtYXhIIjo0fSx7ImkiOiJhZG1pc3Npb25CeVR5cGUiLCJ3Ijo2LCJoIjozLCJ4IjowLCJ5IjowLCJtaW5XIjo0LCJtaW5IIjozLCJtYXhIIjo0fV0sInNtIjpbeyJpIjoib3BkQnlBZ2VUeXBlIiwidyI6NiwiaCI6MywieCI6MCwieSI6MCwibWluVyI6NiwibWluSCI6MywibWF4SCI6NH0seyJpIjoib3BkQnlTZXgiLCJ3Ijo2LCJoIjozLCJ4IjowLCJ5IjowLCJtaW5XIjo2LCJtaW5IIjozLCJtYXhIIjo0fSx7ImkiOiJhZG1pc3Npb25CeVNleCIsInciOjYsImgiOjMsIngiOjAsInkiOjAsIm1pblciOjYsIm1pbkgiOjMsIm1heEgiOjR9LHsiaSI6ImFkbWlzc2lvbkJ5QWdlVHlwZSIsInciOjYsImgiOjMsIngiOjAsInkiOjAsIm1pblciOjYsIm1pbkgiOjMsIm1heEgiOjR9LHsiaSI6ImFkbWlzc2lvbkJ5V2FyZCIsInciOjYsImgiOjMsIngiOjAsInkiOjAsIm1pblciOjYsIm1pbkgiOjMsIm1heEgiOjR9LHsiaSI6ImFkbWlzc2lvbkJ5VHlwZSIsInciOjYsImgiOjMsIngiOjAsInkiOjAsIm1pblciOjYsIm1pbkgiOjMsIm1heEgiOjR9XSwieHMiOlt7ImkiOiJvcGRCeUFnZVR5cGUiLCJ3Ijo2LCJoIjozLCJ4IjowLCJ5IjowLCJtaW5XIjo2LCJtaW5IIjozLCJtYXhIIjo0fSx7ImkiOiJvcGRCeVNleCIsInciOjYsImgiOjMsIngiOjAsInkiOjAsIm1pblciOjYsIm1pbkgiOjMsIm1heEgiOjR9LHsiaSI6ImFkbWlzc2lvbkJ5U2V4IiwidyI6NiwiaCI6MywieCI6MCwieSI6MCwibWluVyI6NiwibWluSCI6MywibWF4SCI6NH0seyJpIjoiYWRtaXNzaW9uQnlBZ2VUeXBlIiwidyI6NiwiaCI6MywieCI6MCwieSI6MCwibWluVyI6NiwibWluSCI6MywibWF4SCI6NH0seyJpIjoiYWRtaXNzaW9uQnlXYXJkIiwidyI6NiwiaCI6MywieCI6MCwieSI6MCwibWluVyI6NiwibWluSCI6MywibWF4SCI6NH0seyJpIjoiYWRtaXNzaW9uQnlUeXBlIiwidyI6NiwiaCI6MywieCI6MCwieSI6MCwibWluVyI6NiwibWluSCI6MywibWF4SCI6NH1dLCJ4eHMiOlt7ImkiOiJvcGRCeUFnZVR5cGUiLCJ3IjoxMiwiaCI6MywieCI6MCwieSI6MCwibWluVyI6MTIsIm1pbkgiOjMsIm1heEgiOjR9LHsiaSI6Im9wZEJ5U2V4IiwidyI6MTIsImgiOjMsIngiOjAsInkiOjAsIm1pblciOjEyLCJtaW5IIjozLCJtYXhIIjo0fSx7ImkiOiJhZG1pc3Npb25CeVNleCIsInciOjEyLCJoIjozLCJ4IjowLCJ5IjowLCJtaW5XIjoxMiwibWluSCI6MywibWF4SCI6NH0seyJpIjoiYWRtaXNzaW9uQnlBZ2VUeXBlIiwidyI6MTIsImgiOjMsIngiOjAsInkiOjAsIm1pblciOjEyLCJtaW5IIjozLCJtYXhIIjo0fSx7ImkiOiJhZG1pc3Npb25CeVdhcmQiLCJ3IjoxMiwiaCI6MywieCI6MCwieSI6MCwibWluVyI6MTIsIm1pbkgiOjMsIm1heEgiOjR9LHsiaSI6ImFkbWlzc2lvbkJ5VHlwZSIsInciOjEyLCJoIjozLCJ4IjowLCJ5IjowLCJtaW5XIjoxMiwibWluSCI6MywibWF4SCI6NH1dfSwidG9vbGJveCI6eyJsZyI6W3siaSI6ImRpc2NoYXJnZUJ5U2V4IiwidyI6NCwiaCI6MywieCI6OCwieSI6MCwibWluVyI6MywibWluSCI6MywibWF4SCI6NX0seyJpIjoiZGlzY2hhcmdlQnlBZ2VUeXBlIiwidyI6NCwiaCI6MywieCI6NCwieSI6MiwibWluVyI6MywibWluSCI6MywibWF4SCI6NX0seyJpIjoiZGlzY2hhcmdlQnlXYXJkIiwidyI6NCwiaCI6MywieCI6MCwieSI6MCwibWluVyI6MywibWluSCI6MywibWF4SCI6NX0seyJpIjoiZGlzY2hhcmdlQnlUeXBlIiwidyI6NCwiaCI6MywieCI6OCwieSI6MiwibWluVyI6MywibWluSCI6MywibWF4SCI6NX1dLCJtZCI6W3siaSI6ImRpc2NoYXJnZUJ5U2V4IiwidyI6NiwiaCI6MywieCI6MCwieSI6MCwibWluVyI6NCwibWluSCI6MywibWF4SCI6NH0seyJpIjoiZGlzY2hhcmdlQnlBZ2VUeXBlIiwidyI6NiwiaCI6MywieCI6NiwieSI6MiwibWluVyI6NCwibWluSCI6MywibWF4SCI6NH0seyJpIjoiZGlzY2hhcmdlQnlXYXJkIiwidyI6NiwiaCI6MywieCI6MCwieSI6MCwibWluVyI6NCwibWluSCI6MywibWF4SCI6NH0seyJpIjoiZGlzY2hhcmdlQnlUeXBlIiwidyI6NiwiaCI6MywieCI6NiwieSI6MiwibWluVyI6NCwibWluSCI6MywibWF4SCI6NH1dLCJzbSI6W3siaSI6ImRpc2NoYXJnZUJ5U2V4IiwidyI6NiwiaCI6MywieCI6MCwieSI6MCwibWluVyI6NiwibWluSCI6MywibWF4SCI6NH0seyJpIjoiZGlzY2hhcmdlQnlBZ2VUeXBlIiwidyI6NiwiaCI6MywieCI6NiwieSI6MiwibWluVyI6NiwibWluSCI6MywibWF4SCI6NH0seyJpIjoiZGlzY2hhcmdlQnlXYXJkIiwidyI6NiwiaCI6MywieCI6MCwieSI6MCwibWluVyI6NiwibWluSCI6MywibWF4SCI6NH0seyJpIjoiZGlzY2hhcmdlQnlUeXBlIiwidyI6NiwiaCI6MywieCI6NiwieSI6MiwibWluVyI6NiwibWluSCI6MywibWF4SCI6NH1dLCJ4cyI6W3siaSI6ImRpc2NoYXJnZUJ5U2V4IiwidyI6NiwiaCI6MywieCI6MCwieSI6MCwibWluVyI6NiwibWluSCI6MywibWF4SCI6NH0seyJpIjoiZGlzY2hhcmdlQnlBZ2VUeXBlIiwidyI6NiwiaCI6MywieCI6NiwieSI6MiwibWluVyI6NiwibWluSCI6MywibWF4SCI6NH0seyJpIjoiZGlzY2hhcmdlQnlXYXJkIiwidyI6NiwiaCI6MywieCI6MCwieSI6MCwibWluVyI6NiwibWluSCI6MywibWF4SCI6NH0seyJpIjoiZGlzY2hhcmdlQnlUeXBlIiwidyI6NiwiaCI6MywieCI6NiwieSI6MiwibWluVyI6NiwibWluSCI6MywibWF4SCI6NH1dLCJ4eHMiOlt7ImkiOiJkaXNjaGFyZ2VCeVNleCIsInciOjEyLCJoIjozLCJ4IjowLCJ5IjowLCJtaW5XIjoxMiwibWluSCI6MywibWF4SCI6NH0seyJpIjoiZGlzY2hhcmdlQnlBZ2VUeXBlIiwidyI6MTIsImgiOjMsIngiOjAsInkiOjIsIm1pblciOjEyLCJtaW5IIjozLCJtYXhIIjo0fSx7ImkiOiJkaXNjaGFyZ2VCeVdhcmQiLCJ3IjoxMiwiaCI6MywieCI6MCwieSI6MCwibWluVyI6MTIsIm1pbkgiOjMsIm1heEgiOjR9LHsiaSI6ImRpc2NoYXJnZUJ5VHlwZSIsInciOjEyLCJoIjozLCJ4IjowLCJ5IjoyLCJtaW5XIjoxMiwibWluSCI6MywibWF4SCI6NH1dfX0=','admin','2023-10-24 11:47:33',NULL,NULL,1,0);
INSERT INTO `oh_user_settings` VALUES (3,'doctor','dashboard','eyJsYXlvdXQiOnsibGciOlt7InciOjQsImgiOjMsIngiOjgsInkiOjAsImkiOiJvcGRCeUFnZVR5cGUiLCJtaW5XIjozLCJtaW5IIjozLCJtYXhIIjo1LCJtb3ZlZCI6ZmFsc2UsInN0YXRpYyI6ZmFsc2V9LHsidyI6NCwiaCI6MywieCI6NCwieSI6MCwiaSI6Im9wZEJ5U2V4IiwibWluVyI6MywibWluSCI6MywibWF4SCI6NSwibW92ZWQiOmZhbHNlLCJzdGF0aWMiOmZhbHNlfSx7InciOjQsImgiOjMsIngiOjAsInkiOjAsImkiOiJhZG1pc3Npb25CeVNleCIsIm1pblciOjMsIm1pbkgiOjMsIm1heEgiOjUsIm1vdmVkIjpmYWxzZSwic3RhdGljIjpmYWxzZX0seyJ3Ijo0LCJoIjozLCJ4Ijo4LCJ5IjozLCJpIjoiYWRtaXNzaW9uQnlBZ2VUeXBlIiwibWluVyI6MywibWluSCI6MywibWF4SCI6NSwibW92ZWQiOmZhbHNlLCJzdGF0aWMiOmZhbHNlfSx7InciOjQsImgiOjMsIngiOjAsInkiOjMsImkiOiJhZG1pc3Npb25CeVdhcmQiLCJtaW5XIjozLCJtaW5IIjozLCJtYXhIIjo1LCJtb3ZlZCI6ZmFsc2UsInN0YXRpYyI6ZmFsc2V9LHsidyI6NCwiaCI6MywieCI6NCwieSI6MywiaSI6ImFkbWlzc2lvbkJ5VHlwZSIsIm1pblciOjMsIm1pbkgiOjMsIm1heEgiOjUsIm1vdmVkIjpmYWxzZSwic3RhdGljIjpmYWxzZX1dLCJtZCI6W3siaSI6Im9wZEJ5QWdlVHlwZSIsInciOjYsImgiOjMsIngiOjAsInkiOjAsIm1pblciOjQsIm1pbkgiOjMsIm1heEgiOjR9LHsiaSI6Im9wZEJ5U2V4IiwidyI6NiwiaCI6MywieCI6MCwieSI6MCwibWluVyI6NCwibWluSCI6MywibWF4SCI6NH0seyJpIjoiYWRtaXNzaW9uQnlTZXgiLCJ3Ijo2LCJoIjozLCJ4IjowLCJ5IjowLCJtaW5XIjo0LCJtaW5IIjozLCJtYXhIIjo0fSx7ImkiOiJhZG1pc3Npb25CeUFnZVR5cGUiLCJ3Ijo2LCJoIjozLCJ4IjowLCJ5IjowLCJtaW5XIjo0LCJtaW5IIjozLCJtYXhIIjo0fSx7ImkiOiJhZG1pc3Npb25CeVdhcmQiLCJ3Ijo2LCJoIjozLCJ4IjowLCJ5IjowLCJtaW5XIjo0LCJtaW5IIjozLCJtYXhIIjo0fSx7ImkiOiJhZG1pc3Npb25CeVR5cGUiLCJ3Ijo2LCJoIjozLCJ4IjowLCJ5IjowLCJtaW5XIjo0LCJtaW5IIjozLCJtYXhIIjo0fV0sInNtIjpbeyJpIjoib3BkQnlBZ2VUeXBlIiwidyI6NiwiaCI6MywieCI6MCwieSI6MCwibWluVyI6NiwibWluSCI6MywibWF4SCI6NH0seyJpIjoib3BkQnlTZXgiLCJ3Ijo2LCJoIjozLCJ4IjowLCJ5IjowLCJtaW5XIjo2LCJtaW5IIjozLCJtYXhIIjo0fSx7ImkiOiJhZG1pc3Npb25CeVNleCIsInciOjYsImgiOjMsIngiOjAsInkiOjAsIm1pblciOjYsIm1pbkgiOjMsIm1heEgiOjR9LHsiaSI6ImFkbWlzc2lvbkJ5QWdlVHlwZSIsInciOjYsImgiOjMsIngiOjAsInkiOjAsIm1pblciOjYsIm1pbkgiOjMsIm1heEgiOjR9LHsiaSI6ImFkbWlzc2lvbkJ5V2FyZCIsInciOjYsImgiOjMsIngiOjAsInkiOjAsIm1pblciOjYsIm1pbkgiOjMsIm1heEgiOjR9LHsiaSI6ImFkbWlzc2lvbkJ5VHlwZSIsInciOjYsImgiOjMsIngiOjAsInkiOjAsIm1pblciOjYsIm1pbkgiOjMsIm1heEgiOjR9XSwieHMiOlt7ImkiOiJvcGRCeUFnZVR5cGUiLCJ3Ijo2LCJoIjozLCJ4IjowLCJ5IjowLCJtaW5XIjo2LCJtaW5IIjozLCJtYXhIIjo0fSx7ImkiOiJvcGRCeVNleCIsInciOjYsImgiOjMsIngiOjAsInkiOjAsIm1pblciOjYsIm1pbkgiOjMsIm1heEgiOjR9LHsiaSI6ImFkbWlzc2lvbkJ5U2V4IiwidyI6NiwiaCI6MywieCI6MCwieSI6MCwibWluVyI6NiwibWluSCI6MywibWF4SCI6NH0seyJpIjoiYWRtaXNzaW9uQnlBZ2VUeXBlIiwidyI6NiwiaCI6MywieCI6MCwieSI6MCwibWluVyI6NiwibWluSCI6MywibWF4SCI6NH0seyJpIjoiYWRtaXNzaW9uQnlXYXJkIiwidyI6NiwiaCI6MywieCI6MCwieSI6MCwibWluVyI6NiwibWluSCI6MywibWF4SCI6NH0seyJpIjoiYWRtaXNzaW9uQnlUeXBlIiwidyI6NiwiaCI6MywieCI6MCwieSI6MCwibWluVyI6NiwibWluSCI6MywibWF4SCI6NH1dLCJ4eHMiOlt7ImkiOiJvcGRCeUFnZVR5cGUiLCJ3IjoxMiwiaCI6MywieCI6MCwieSI6MCwibWluVyI6MTIsIm1pbkgiOjMsIm1heEgiOjR9LHsiaSI6Im9wZEJ5U2V4IiwidyI6MTIsImgiOjMsIngiOjAsInkiOjAsIm1pblciOjEyLCJtaW5IIjozLCJtYXhIIjo0fSx7ImkiOiJhZG1pc3Npb25CeVNleCIsInciOjEyLCJoIjozLCJ4IjowLCJ5IjowLCJtaW5XIjoxMiwibWluSCI6MywibWF4SCI6NH0seyJpIjoiYWRtaXNzaW9uQnlBZ2VUeXBlIiwidyI6MTIsImgiOjMsIngiOjAsInkiOjAsIm1pblciOjEyLCJtaW5IIjozLCJtYXhIIjo0fSx7ImkiOiJhZG1pc3Npb25CeVdhcmQiLCJ3IjoxMiwiaCI6MywieCI6MCwieSI6MCwibWluVyI6MTIsIm1pbkgiOjMsIm1heEgiOjR9LHsiaSI6ImFkbWlzc2lvbkJ5VHlwZSIsInciOjEyLCJoIjozLCJ4IjowLCJ5IjowLCJtaW5XIjoxMiwibWluSCI6MywibWF4SCI6NH1dfSwidG9vbGJveCI6eyJsZyI6W3siaSI6ImRpc2NoYXJnZUJ5U2V4IiwidyI6NCwiaCI6MywieCI6OCwieSI6MCwibWluVyI6MywibWluSCI6MywibWF4SCI6NX0seyJpIjoiZGlzY2hhcmdlQnlBZ2VUeXBlIiwidyI6NCwiaCI6MywieCI6NCwieSI6MiwibWluVyI6MywibWluSCI6MywibWF4SCI6NX0seyJpIjoiZGlzY2hhcmdlQnlXYXJkIiwidyI6NCwiaCI6MywieCI6MCwieSI6MCwibWluVyI6MywibWluSCI6MywibWF4SCI6NX0seyJpIjoiZGlzY2hhcmdlQnlUeXBlIiwidyI6NCwiaCI6MywieCI6OCwieSI6MiwibWluVyI6MywibWluSCI6MywibWF4SCI6NX1dLCJtZCI6W3siaSI6ImRpc2NoYXJnZUJ5U2V4IiwidyI6NiwiaCI6MywieCI6MCwieSI6MCwibWluVyI6NCwibWluSCI6MywibWF4SCI6NH0seyJpIjoiZGlzY2hhcmdlQnlBZ2VUeXBlIiwidyI6NiwiaCI6MywieCI6NiwieSI6MiwibWluVyI6NCwibWluSCI6MywibWF4SCI6NH0seyJpIjoiZGlzY2hhcmdlQnlXYXJkIiwidyI6NiwiaCI6MywieCI6MCwieSI6MCwibWluVyI6NCwibWluSCI6MywibWF4SCI6NH0seyJpIjoiZGlzY2hhcmdlQnlUeXBlIiwidyI6NiwiaCI6MywieCI6NiwieSI6MiwibWluVyI6NCwibWluSCI6MywibWF4SCI6NH1dLCJzbSI6W3siaSI6ImRpc2NoYXJnZUJ5U2V4IiwidyI6NiwiaCI6MywieCI6MCwieSI6MCwibWluVyI6NiwibWluSCI6MywibWF4SCI6NH0seyJpIjoiZGlzY2hhcmdlQnlBZ2VUeXBlIiwidyI6NiwiaCI6MywieCI6NiwieSI6MiwibWluVyI6NiwibWluSCI6MywibWF4SCI6NH0seyJpIjoiZGlzY2hhcmdlQnlXYXJkIiwidyI6NiwiaCI6MywieCI6MCwieSI6MCwibWluVyI6NiwibWluSCI6MywibWF4SCI6NH0seyJpIjoiZGlzY2hhcmdlQnlUeXBlIiwidyI6NiwiaCI6MywieCI6NiwieSI6MiwibWluVyI6NiwibWluSCI6MywibWF4SCI6NH1dLCJ4cyI6W3siaSI6ImRpc2NoYXJnZUJ5U2V4IiwidyI6NiwiaCI6MywieCI6MCwieSI6MCwibWluVyI6NiwibWluSCI6MywibWF4SCI6NH0seyJpIjoiZGlzY2hhcmdlQnlBZ2VUeXBlIiwidyI6NiwiaCI6MywieCI6NiwieSI6MiwibWluVyI6NiwibWluSCI6MywibWF4SCI6NH0seyJpIjoiZGlzY2hhcmdlQnlXYXJkIiwidyI6NiwiaCI6MywieCI6MCwieSI6MCwibWluVyI6NiwibWluSCI6MywibWF4SCI6NH0seyJpIjoiZGlzY2hhcmdlQnlUeXBlIiwidyI6NiwiaCI6MywieCI6NiwieSI6MiwibWluVyI6NiwibWluSCI6MywibWF4SCI6NH1dLCJ4eHMiOlt7ImkiOiJkaXNjaGFyZ2VCeVNleCIsInciOjEyLCJoIjozLCJ4IjowLCJ5IjowLCJtaW5XIjoxMiwibWluSCI6MywibWF4SCI6NH0seyJpIjoiZGlzY2hhcmdlQnlBZ2VUeXBlIiwidyI6MTIsImgiOjMsIngiOjAsInkiOjIsIm1pblciOjEyLCJtaW5IIjozLCJtYXhIIjo0fSx7ImkiOiJkaXNjaGFyZ2VCeVdhcmQiLCJ3IjoxMiwiaCI6MywieCI6MCwieSI6MCwibWluVyI6MTIsIm1pbkgiOjMsIm1heEgiOjR9LHsiaSI6ImRpc2NoYXJnZUJ5VHlwZSIsInciOjEyLCJoIjozLCJ4IjowLCJ5IjoyLCJtaW5XIjoxMiwibWluSCI6MywibWF4SCI6NH1dfX0=','admin','2023-10-24 11:47:33',NULL,NULL,1,0);
INSERT INTO `oh_user_settings` VALUES (4,'laboratorist','landing','/laboratory','admin','2023-10-24 11:47:33',NULL,NULL,1,0);
/*!40000 ALTER TABLE `oh_user_settings` ENABLE KEYS */;
UNLOCK TABLES;

--
-- Table structure for table `oh_usergroup`
--

DROP TABLE IF EXISTS `oh_usergroup`;
/*!40101 SET @saved_cs_client     = @@character_set_client */;
/*!40101 SET character_set_client = utf8mb4 */;
CREATE TABLE `oh_usergroup` (
  `UG_ID_A` varchar(50) NOT NULL DEFAULT '',
  `UG_DESC` varchar(128) DEFAULT NULL,
  `UG_CREATED_BY` varchar(50) DEFAULT NULL,
  `UG_CREATED_DATE` datetime DEFAULT NULL,
  `UG_LAST_MODIFIED_BY` varchar(50) DEFAULT NULL,
  `UG_LAST_MODIFIED_DATE` datetime DEFAULT NULL,
  `UG_ACTIVE` tinyint(1) NOT NULL DEFAULT 1,
  `UG_DELETED` tinyint(1) DEFAULT 0,
  PRIMARY KEY (`UG_ID_A`),
  KEY `FK_USERGROUP_CREATED_BY_IDX` (`UG_CREATED_BY`),
  KEY `FK_USERGROUP_LAST_MODIFIED_BY_IDX` (`UG_LAST_MODIFIED_BY`),
  CONSTRAINT `FK_USERGROUP_CREATED_BY` FOREIGN KEY (`UG_CREATED_BY`) REFERENCES `oh_user` (`US_ID_A`) ON DELETE NO ACTION ON UPDATE NO ACTION,
  CONSTRAINT `FK_USERGROUP_LAST_MODIFIED_BY` FOREIGN KEY (`UG_LAST_MODIFIED_BY`) REFERENCES `oh_user` (`US_ID_A`) ON DELETE NO ACTION ON UPDATE NO ACTION
) ENGINE=InnoDB DEFAULT CHARSET=utf8mb3 COLLATE=utf8mb3_general_ci;
/*!40101 SET character_set_client = @saved_cs_client */;

--
-- Dumping data for table `oh_usergroup`
--

LOCK TABLES `oh_usergroup` WRITE;
/*!40000 ALTER TABLE `oh_usergroup` DISABLE KEYS */;
INSERT INTO `oh_usergroup` VALUES ('admin','USER with all the privileges',NULL,NULL,NULL,NULL,1,0);
INSERT INTO `oh_usergroup` VALUES ('doctor','Access everywhere except the laboratory',NULL,NULL,NULL,NULL,1,0);
INSERT INTO `oh_usergroup` VALUES ('guest','Read Only Users',NULL,NULL,NULL,NULL,1,0);
INSERT INTO `oh_usergroup` VALUES ('laboratorist','Access only laboratory',NULL,NULL,NULL,NULL,1,0);
/*!40000 ALTER TABLE `oh_usergroup` ENABLE KEYS */;
UNLOCK TABLES;

--
-- Table structure for table `oh_vaccine`
--

DROP TABLE IF EXISTS `oh_vaccine`;
/*!40101 SET @saved_cs_client     = @@character_set_client */;
/*!40101 SET character_set_client = utf8mb4 */;
CREATE TABLE `oh_vaccine` (
  `VAC_ID_A` varchar(10) NOT NULL,
  `VAC_DESC` varchar(50) NOT NULL,
  `VAC_VACT_ID_A` char(1) NOT NULL,
  `VAC_LOCK` int(11) NOT NULL DEFAULT 0,
  `VAC_CREATED_BY` varchar(50) DEFAULT NULL,
  `VAC_CREATED_DATE` datetime DEFAULT NULL,
  `VAC_LAST_MODIFIED_BY` varchar(50) DEFAULT NULL,
  `VAC_LAST_MODIFIED_DATE` datetime DEFAULT NULL,
  `VAC_ACTIVE` tinyint(1) NOT NULL DEFAULT 1,
  PRIMARY KEY (`VAC_ID_A`),
  KEY `FK_VACCINE_VACCINETYPE` (`VAC_VACT_ID_A`),
  KEY `FK_VACCINE_CREATED_BY_IDX` (`VAC_CREATED_BY`),
  KEY `FK_VACCINE_LAST_MODIFIED_BY_IDX` (`VAC_LAST_MODIFIED_BY`),
  CONSTRAINT `FK_VACCINE_CREATED_BY` FOREIGN KEY (`VAC_CREATED_BY`) REFERENCES `oh_user` (`US_ID_A`) ON DELETE NO ACTION ON UPDATE NO ACTION,
  CONSTRAINT `FK_VACCINE_LAST_MODIFIED_BY` FOREIGN KEY (`VAC_LAST_MODIFIED_BY`) REFERENCES `oh_user` (`US_ID_A`) ON DELETE NO ACTION ON UPDATE NO ACTION,
  CONSTRAINT `FK_VACCINE_VACCINETYPE` FOREIGN KEY (`VAC_VACT_ID_A`) REFERENCES `oh_vaccinetype` (`VACT_ID_A`) ON DELETE NO ACTION ON UPDATE CASCADE
) ENGINE=InnoDB DEFAULT CHARSET=utf8mb3 COLLATE=utf8mb3_general_ci;
/*!40101 SET character_set_client = @saved_cs_client */;

--
-- Dumping data for table `oh_vaccine`
--

LOCK TABLES `oh_vaccine` WRITE;
/*!40000 ALTER TABLE `oh_vaccine` DISABLE KEYS */;
INSERT INTO `oh_vaccine` VALUES ('1','BCG','C',0,NULL,NULL,NULL,NULL,0);
INSERT INTO `oh_vaccine` VALUES ('10','TT VACCINE DOSE 1','P',0,NULL,NULL,NULL,NULL,0);
INSERT INTO `oh_vaccine` VALUES ('11','TT VACCINE DOSE 2','P',0,NULL,NULL,NULL,NULL,0);
INSERT INTO `oh_vaccine` VALUES ('12','TT VACCINE DOSE 3','P',0,NULL,NULL,NULL,NULL,0);
INSERT INTO `oh_vaccine` VALUES ('13','TT VACCINE DOSE 4','P',0,NULL,NULL,NULL,NULL,0);
INSERT INTO `oh_vaccine` VALUES ('14','TT VACCINE DOSE 5','P',0,NULL,NULL,NULL,NULL,0);
INSERT INTO `oh_vaccine` VALUES ('15','TT VACCINE DOSE 2','N',0,NULL,NULL,NULL,NULL,0);
INSERT INTO `oh_vaccine` VALUES ('16','TT VACCINE DOSE 3','N',0,NULL,NULL,NULL,NULL,0);
INSERT INTO `oh_vaccine` VALUES ('17','TT VACCINE DOSE 4','N',0,NULL,NULL,NULL,NULL,0);
INSERT INTO `oh_vaccine` VALUES ('18','TT VACCINE DOSE 5','N',0,NULL,NULL,NULL,NULL,0);
INSERT INTO `oh_vaccine` VALUES ('2','POLIO 0 C','C',0,NULL,NULL,NULL,NULL,0);
INSERT INTO `oh_vaccine` VALUES ('3','POLIO 1 C','C',0,NULL,NULL,NULL,NULL,0);
INSERT INTO `oh_vaccine` VALUES ('4','POLIO 2 C','C',0,NULL,NULL,NULL,NULL,0);
INSERT INTO `oh_vaccine` VALUES ('5','POLIO 3 C','C',0,NULL,NULL,NULL,NULL,0);
INSERT INTO `oh_vaccine` VALUES ('6','DPT 1 - HepB + Hib 1','C',0,NULL,NULL,NULL,NULL,0);
INSERT INTO `oh_vaccine` VALUES ('7','DPT 2 - HepB + Hib 1','C',0,NULL,NULL,NULL,NULL,0);
INSERT INTO `oh_vaccine` VALUES ('8','DPT 3 - HepB + Hib 1','C',0,NULL,NULL,NULL,NULL,0);
INSERT INTO `oh_vaccine` VALUES ('9','MEASLES','C',0,NULL,NULL,NULL,NULL,0);
/*!40000 ALTER TABLE `oh_vaccine` ENABLE KEYS */;
UNLOCK TABLES;

--
-- Table structure for table `oh_vaccinetype`
--

DROP TABLE IF EXISTS `oh_vaccinetype`;
/*!40101 SET @saved_cs_client     = @@character_set_client */;
/*!40101 SET character_set_client = utf8mb4 */;
CREATE TABLE `oh_vaccinetype` (
  `VACT_ID_A` char(1) NOT NULL,
  `VACT_DESC` varchar(50) NOT NULL,
  `VACT_CREATED_BY` varchar(50) DEFAULT NULL,
  `VACT_CREATED_DATE` datetime DEFAULT NULL,
  `VACT_LAST_MODIFIED_BY` varchar(50) DEFAULT NULL,
  `VACT_LAST_MODIFIED_DATE` datetime DEFAULT NULL,
  `VACT_ACTIVE` tinyint(1) NOT NULL DEFAULT 1,
  PRIMARY KEY (`VACT_ID_A`),
  KEY `FK_VACCINETYPE_CREATED_BY_IDX` (`VACT_CREATED_BY`),
  KEY `FK_VACCINETYPE_LAST_MODIFIED_BY_IDX` (`VACT_LAST_MODIFIED_BY`),
  CONSTRAINT `FK_VACCINETYPE_CREATED_BY` FOREIGN KEY (`VACT_CREATED_BY`) REFERENCES `oh_user` (`US_ID_A`) ON DELETE NO ACTION ON UPDATE NO ACTION,
  CONSTRAINT `FK_VACCINETYPE_LAST_MODIFIED_BY` FOREIGN KEY (`VACT_LAST_MODIFIED_BY`) REFERENCES `oh_user` (`US_ID_A`) ON DELETE NO ACTION ON UPDATE NO ACTION
) ENGINE=InnoDB DEFAULT CHARSET=utf8mb3 COLLATE=utf8mb3_general_ci;
/*!40101 SET character_set_client = @saved_cs_client */;

--
-- Dumping data for table `oh_vaccinetype`
--

LOCK TABLES `oh_vaccinetype` WRITE;
/*!40000 ALTER TABLE `oh_vaccinetype` DISABLE KEYS */;
INSERT INTO `oh_vaccinetype` VALUES ('C','Child',NULL,NULL,NULL,NULL,0);
INSERT INTO `oh_vaccinetype` VALUES ('N','Not pregnant',NULL,NULL,'admin','2024-02-10 18:22:10',0);
INSERT INTO `oh_vaccinetype` VALUES ('P','Pregnant',NULL,NULL,NULL,NULL,0);
/*!40000 ALTER TABLE `oh_vaccinetype` ENABLE KEYS */;
UNLOCK TABLES;

--
-- Table structure for table `oh_version`
--

DROP TABLE IF EXISTS `oh_version`;
/*!40101 SET @saved_cs_client     = @@character_set_client */;
/*!40101 SET character_set_client = utf8mb4 */;
CREATE TABLE `oh_version` (
  `VER_MAJOR` int(11) NOT NULL,
  `VER_MINOR` int(11) NOT NULL,
  `VER_SOURCE` longblob DEFAULT NULL,
  `VER_DATE` datetime NOT NULL,
  `VER_CURRENT` char(1) NOT NULL DEFAULT 'N',
  PRIMARY KEY (`VER_MAJOR`,`VER_MINOR`)
) ENGINE=InnoDB DEFAULT CHARSET=utf8mb3 COLLATE=utf8mb3_general_ci;
/*!40101 SET character_set_client = @saved_cs_client */;

--
-- Dumping data for table `oh_version`
--

LOCK TABLES `oh_version` WRITE;
/*!40000 ALTER TABLE `oh_version` DISABLE KEYS */;
/*!40000 ALTER TABLE `oh_version` ENABLE KEYS */;
UNLOCK TABLES;

--
-- Table structure for table `oh_visits`
--

DROP TABLE IF EXISTS `oh_visits`;
/*!40101 SET @saved_cs_client     = @@character_set_client */;
/*!40101 SET character_set_client = utf8mb4 */;
CREATE TABLE `oh_visits` (
  `VST_ID` int(11) NOT NULL AUTO_INCREMENT,
  `VST_PAT_ID` int(11) NOT NULL,
  `VST_DATE` datetime NOT NULL,
  `VST_NOTE` text DEFAULT NULL,
  `VST_SMS` tinyint(1) DEFAULT 0,
  `VST_CREATED_BY` varchar(50) DEFAULT NULL,
  `VST_CREATED_DATE` datetime DEFAULT NULL,
  `VST_LAST_MODIFIED_BY` varchar(50) DEFAULT NULL,
  `VST_LAST_MODIFIED_DATE` datetime DEFAULT NULL,
  `VST_ACTIVE` tinyint(1) NOT NULL DEFAULT 1,
  `VST_WRD_ID_A` char(3) NOT NULL,
  `VST_DURATION` int(11) DEFAULT NULL,
  `VST_SERVICE` varchar(45) DEFAULT NULL,
  `VST_LOCK` int(11) NOT NULL DEFAULT 0,
  PRIMARY KEY (`VST_ID`),
  KEY `FK_VISITS_PATIENT` (`VST_PAT_ID`),
  KEY `FK_VISITS_WARD_idx` (`VST_WRD_ID_A`),
  KEY `FK_VISITS_CREATED_BY_IDX` (`VST_CREATED_BY`),
  KEY `FK_VISITS_LAST_MODIFIED_BY_IDX` (`VST_LAST_MODIFIED_BY`),
  CONSTRAINT `FK_VISITS_CREATED_BY` FOREIGN KEY (`VST_CREATED_BY`) REFERENCES `oh_user` (`US_ID_A`) ON DELETE NO ACTION ON UPDATE NO ACTION,
  CONSTRAINT `FK_VISITS_LAST_MODIFIED_BY` FOREIGN KEY (`VST_LAST_MODIFIED_BY`) REFERENCES `oh_user` (`US_ID_A`) ON DELETE NO ACTION ON UPDATE NO ACTION,
  CONSTRAINT `FK_VISITS_PATIENT` FOREIGN KEY (`VST_PAT_ID`) REFERENCES `oh_patient` (`PAT_ID`) ON DELETE CASCADE ON UPDATE CASCADE,
  CONSTRAINT `FK_VISITS_WARD` FOREIGN KEY (`VST_WRD_ID_A`) REFERENCES `oh_ward` (`WRD_ID_A`) ON DELETE NO ACTION ON UPDATE NO ACTION
) ENGINE=InnoDB AUTO_INCREMENT=46 DEFAULT CHARSET=utf8mb3 COLLATE=utf8mb3_general_ci;
/*!40101 SET character_set_client = @saved_cs_client */;

--
-- Dumping data for table `oh_visits`
--

LOCK TABLES `oh_visits` WRITE;
/*!40000 ALTER TABLE `oh_visits` DISABLE KEYS */;
INSERT INTO `oh_visits` VALUES (1,59,'2022-11-20 00:01:22',NULL,0,'admin','2022-11-20 00:01:33','admin','2022-11-20 00:01:33',1,'C',30,'',0);
INSERT INTO `oh_visits` VALUES (2,295,'2022-11-21 02:06:25',NULL,0,'admin','2022-11-20 02:07:17','admin','2022-11-20 02:07:17',1,'I',60,'Visit',0);
INSERT INTO `oh_visits` VALUES (3,467,'2022-11-21 02:32:28',NULL,0,'admin','2022-11-20 02:32:43','admin','2022-11-20 02:32:43',1,'I',60,'',0);
INSERT INTO `oh_visits` VALUES (4,61,'2022-11-20 19:56:34',NULL,0,'admin','2022-11-20 19:58:51','admin','2022-11-20 19:58:51',1,'F',100,'',0);
INSERT INTO `oh_visits` VALUES (5,53,'2022-11-20 19:56:34',NULL,0,'admin','2022-11-20 20:01:46','admin','2022-11-20 20:01:46',1,'F',30,'',0);
INSERT INTO `oh_visits` VALUES (6,57,'2022-11-20 20:06:53',NULL,0,'admin','2022-11-20 20:07:05','admin','2022-11-20 20:07:05',1,'F',30,'',0);
INSERT INTO `oh_visits` VALUES (7,307,'2022-11-28 23:30:08',NULL,0,'admin','2022-11-20 23:30:10','admin','2022-11-20 23:30:10',1,'OPD',15,'',0);
INSERT INTO `oh_visits` VALUES (8,83,'2022-11-21 02:04:43',NULL,0,'admin','2022-11-21 02:04:51','admin','2022-11-21 02:04:51',1,'F',30,'',0);
INSERT INTO `oh_visits` VALUES (9,299,'2022-11-21 02:04:43',NULL,0,'admin','2022-11-21 02:04:58','admin','2022-11-21 02:04:58',1,'F',30,'',0);
INSERT INTO `oh_visits` VALUES (10,54,'2022-11-21 02:22:51',NULL,0,'admin','2022-11-21 02:23:14','admin','2022-11-21 02:23:14',1,'C',180,'',0);
INSERT INTO `oh_visits` VALUES (11,373,'2022-11-22 22:05:45',NULL,0,'admin','2022-11-21 22:06:13','admin','2022-11-21 22:06:13',1,'F',120,'',0);
INSERT INTO `oh_visits` VALUES (12,97,'2022-11-23 02:37:13',NULL,0,'admin','2022-11-22 02:37:30','admin','2022-11-22 02:37:30',1,'F',30,'',0);
INSERT INTO `oh_visits` VALUES (13,408,'2021-07-06 11:10:00',NULL,0,'admin','2021-03-15 01:11:44','admin','2021-03-15 01:11:44',1,'F',60,'Visit',0);
INSERT INTO `oh_visits` VALUES (14,284,'2021-06-18 14:30:00',NULL,0,'admin','2021-03-15 01:12:20','admin','2021-03-15 01:12:20',1,'I',45,'Visit',0);
INSERT INTO `oh_visits` VALUES (15,528,'2021-05-09 18:10:00',NULL,0,'admin','2021-03-15 01:18:32','admin','2021-03-15 01:18:32',1,'F',30,'',0);
INSERT INTO `oh_visits` VALUES (16,529,'2021-03-15 12:31:10',NULL,0,'admin','2021-03-15 12:31:17','admin','2021-03-15 12:31:17',1,'F',30,'',0);
INSERT INTO `oh_visits` VALUES (17,257,'2021-05-19 10:30:00',NULL,0,'admin','2021-03-15 12:32:07','admin','2021-03-15 12:32:07',1,'F',45,'Visit',0);
INSERT INTO `oh_visits` VALUES (18,504,'2021-05-27 12:10:00',NULL,0,'admin','2021-03-15 14:44:07','admin','2021-03-15 14:44:07',1,'M',30,'Control visit',0);
INSERT INTO `oh_visits` VALUES (19,114,'2021-07-02 12:40:00',NULL,0,'admin','2021-03-15 14:44:52','admin','2021-03-15 14:44:52',1,'M',40,'Visit',0);
INSERT INTO `oh_visits` VALUES (20,531,'2021-08-27 15:36:13',NULL,0,'admin','2021-08-17 15:36:19','admin','2021-08-17 15:36:19',1,'I',60,'',0);
INSERT INTO `oh_visits` VALUES (21,540,'2021-11-26 18:32:12',NULL,0,'admin','2021-11-09 18:33:01','admin','2021-11-09 18:33:01',1,'F',30,'',0);
INSERT INTO `oh_visits` VALUES (22,526,'2021-12-13 18:33:25',NULL,0,'admin','2021-11-09 18:33:30','admin','2021-11-09 18:33:30',1,'F',45,'',0);
INSERT INTO `oh_visits` VALUES (23,533,'2023-02-04 10:00:00',NULL,0,'admin','2023-02-04 00:05:54','admin','2023-02-04 00:05:54',1,'F',30,'',0);
INSERT INTO `oh_visits` VALUES (24,505,'2023-02-05 15:30:00',NULL,0,'admin','2023-02-04 00:06:05','admin','2023-02-04 00:06:05',1,'F',30,'',0);
INSERT INTO `oh_visits` VALUES (25,484,'2023-02-22 16:00:00',NULL,0,'admin','2023-02-04 02:06:35','admin','2023-02-04 02:06:35',1,'I',30,'',0);
INSERT INTO `oh_visits` VALUES (26,132,'2023-02-26 14:00:00',NULL,0,'admin','2023-02-04 02:06:51','admin','2023-02-04 02:06:51',1,'I',30,'',0);
INSERT INTO `oh_visits` VALUES (27,549,'2023-04-05 12:00:00',NULL,0,'admin','2023-02-04 02:30:54','admin','2023-02-04 02:30:54',1,'C',30,'',0);
INSERT INTO `oh_visits` VALUES (28,519,'2023-03-14 09:30:00',NULL,0,'admin','2023-02-04 02:31:08','admin','2023-02-04 02:31:08',1,'C',30,'',0);
INSERT INTO `oh_visits` VALUES (29,558,'2024-02-21 10:30:00',NULL,0,'admin','2024-02-05 00:31:43','admin','2024-02-05 00:31:43',1,'I',30,'',0);
INSERT INTO `oh_visits` VALUES (30,557,'2024-03-21 16:00:00',NULL,0,'admin','2024-02-05 00:32:08','admin','2024-02-05 00:32:08',1,'F',30,'',0);
INSERT INTO `oh_visits` VALUES (31,556,'2024-04-09 09:30:00',NULL,0,'admin','2024-02-05 00:32:28','admin','2024-02-05 00:32:28',1,'F',30,'',0);
INSERT INTO `oh_visits` VALUES (32,559,'2024-03-14 11:30:00',NULL,0,'admin','2024-02-05 18:45:55','admin','2024-02-05 18:45:55',1,'I',60,'Visit',0);
INSERT INTO `oh_visits` VALUES (33,559,'2024-04-14 14:00:00',NULL,0,'admin','2024-02-05 18:46:23','admin','2024-02-05 18:46:23',1,'I',60,'Visit',0);
INSERT INTO `oh_visits` VALUES (34,560,'2024-02-12 09:00:00',NULL,0,'admin','2024-02-06 11:34:34','admin','2024-02-06 11:34:57',1,'M',30,'',0);
INSERT INTO `oh_visits` VALUES (35,560,'2024-02-08 09:00:00',NULL,0,'admin','2024-02-06 11:35:13','admin','2024-02-06 11:35:13',1,'M',30,'',0);
INSERT INTO `oh_visits` VALUES (36,560,'2024-02-12 09:30:00',NULL,0,'admin','2024-02-06 11:35:27','admin','2024-02-06 11:35:27',1,'M',30,'',0);
INSERT INTO `oh_visits` VALUES (37,561,'2024-02-07 10:30:00',NULL,0,'admin','2024-02-07 00:30:20','admin','2024-02-07 00:30:20',1,'M',30,'',0);
INSERT INTO `oh_visits` VALUES (38,561,'2025-02-27 15:00:00',NULL,0,'admin','2024-02-07 00:30:41','admin','2024-02-07 00:30:41',1,'F',30,'Control visit',0);
INSERT INTO `oh_visits` VALUES (39,562,'2024-04-26 10:30:00',NULL,0,'admin','2024-02-10 18:53:59','admin','2024-02-10 18:54:04',1,'I',30,'',0);
INSERT INTO `oh_visits` VALUES (40,562,'2026-05-29 09:30:00',NULL,0,'admin','2024-02-10 18:55:47','admin','2024-02-10 18:55:47',1,'I',30,'Visit',0);
INSERT INTO `oh_visits` VALUES (41,109,'2026-05-29 00:00:00',NULL,0,'admin','2024-02-10 18:56:35','admin','2024-02-10 18:56:35',1,'F',30,'',0);
INSERT INTO `oh_visits` VALUES (42,551,'2026-08-18 11:00:00',NULL,0,'admin','2024-02-10 18:57:09','admin','2024-02-10 18:57:09',1,'C',30,'',0);
INSERT INTO `oh_visits` VALUES (43,566,'2026-01-28 08:30:00',NULL,0,'admin','2026-01-14 17:05:01','admin','2026-01-14 17:05:01',1,'M',30,'Visit',0);
INSERT INTO `oh_visits` VALUES (44,567,'2026-01-23 13:00:00',NULL,0,'admin','2026-01-14 18:10:28','admin','2026-01-14 18:10:28',1,'F',30,'',0);
INSERT INTO `oh_visits` VALUES (45,569,'2026-04-16 09:00:00',NULL,0,'admin','2026-01-14 18:46:20','admin','2026-01-14 18:46:20',1,'F',30,'Visit',0);
/*!40000 ALTER TABLE `oh_visits` ENABLE KEYS */;
UNLOCK TABLES;

--
-- Table structure for table `oh_ward`
--

DROP TABLE IF EXISTS `oh_ward`;
/*!40101 SET @saved_cs_client     = @@character_set_client */;
/*!40101 SET character_set_client = utf8mb4 */;
CREATE TABLE `oh_ward` (
  `WRD_ID_A` char(3) NOT NULL,
  `WRD_NAME` varchar(50) NOT NULL,
  `WRD_TELE` varchar(50) DEFAULT NULL,
  `WRD_FAX` varchar(50) DEFAULT NULL,
  `WRD_EMAIL` varchar(50) DEFAULT NULL,
  `WRD_NBEDS` int(11) NOT NULL,
  `WRD_NQUA_NURS` int(11) NOT NULL,
  `WRD_NDOC` int(11) NOT NULL,
  `WRD_IS_OPD` tinyint(1) NOT NULL DEFAULT 0,
  `WRD_IS_PHARMACY` tinyint(1) NOT NULL DEFAULT 1,
  `WRD_IS_MALE` tinyint(1) NOT NULL DEFAULT 1,
  `WRD_IS_FEMALE` tinyint(1) NOT NULL DEFAULT 1,
  `WRD_VISIT_DURATION` int(11) NOT NULL DEFAULT 30,
  `WRD_LOCK` int(11) NOT NULL DEFAULT 0,
  `WRD_CREATED_BY` varchar(50) DEFAULT NULL,
  `WRD_CREATED_DATE` datetime DEFAULT NULL,
  `WRD_LAST_MODIFIED_BY` varchar(50) DEFAULT NULL,
  `WRD_LAST_MODIFIED_DATE` datetime DEFAULT NULL,
  `WRD_ACTIVE` tinyint(1) NOT NULL DEFAULT 1,
  PRIMARY KEY (`WRD_ID_A`),
  KEY `FK_WARD_CREATED_BY_IDX` (`WRD_CREATED_BY`),
  KEY `FK_WARD_LAST_MODIFIED_BY_IDX` (`WRD_LAST_MODIFIED_BY`),
  CONSTRAINT `FK_WARD_CREATED_BY` FOREIGN KEY (`WRD_CREATED_BY`) REFERENCES `oh_user` (`US_ID_A`) ON DELETE NO ACTION ON UPDATE NO ACTION,
  CONSTRAINT `FK_WARD_LAST_MODIFIED_BY` FOREIGN KEY (`WRD_LAST_MODIFIED_BY`) REFERENCES `oh_user` (`US_ID_A`) ON DELETE NO ACTION ON UPDATE NO ACTION
) ENGINE=InnoDB DEFAULT CHARSET=utf8mb3 COLLATE=utf8mb3_general_ci;
/*!40101 SET character_set_client = @saved_cs_client */;

--
-- Dumping data for table `oh_ward`
--

LOCK TABLES `oh_ward` WRITE;
/*!40000 ALTER TABLE `oh_ward` DISABLE KEYS */;
INSERT INTO `oh_ward` VALUES ('C','CHILDREN WARD','219','','',35,18,2,0,1,1,1,30,3,NULL,NULL,'admin','2022-11-22 02:41:08',1);
INSERT INTO `oh_ward` VALUES ('F','FEMALE WARD','218','','',41,15,4,0,1,0,1,30,5,NULL,NULL,'admin','2022-11-22 02:45:20',1);
INSERT INTO `oh_ward` VALUES ('I','MALE WARD','210','','',53,14,4,0,1,1,0,30,3,NULL,NULL,'admin','2022-11-22 02:45:11',1);
INSERT INTO `oh_ward` VALUES ('INV','INVENTORY','237','','',0,0,0,0,0,0,0,0,0,'admin','2024-06-06 10:03:55',NULL,NULL,1);
INSERT INTO `oh_ward` VALUES ('M','MATERNITY WARD','211','','',67,19,4,0,1,0,1,30,2,NULL,NULL,'admin','2022-11-22 02:45:40',1);
INSERT INTO `oh_ward` VALUES ('OPD','OPD','212','','',0,1,1,1,1,1,1,15,0,'admin','2022-10-05 22:03:55',NULL,NULL,1);
/*!40000 ALTER TABLE `oh_ward` ENABLE KEYS */;
UNLOCK TABLES;
/*!40103 SET TIME_ZONE=@OLD_TIME_ZONE */;

/*!40101 SET SQL_MODE=@OLD_SQL_MODE */;
/*!40014 SET FOREIGN_KEY_CHECKS=@OLD_FOREIGN_KEY_CHECKS */;
/*!40014 SET UNIQUE_CHECKS=@OLD_UNIQUE_CHECKS */;
/*!40101 SET CHARACTER_SET_CLIENT=@OLD_CHARACTER_SET_CLIENT */;
/*!40101 SET CHARACTER_SET_RESULTS=@OLD_CHARACTER_SET_RESULTS */;
/*!40101 SET COLLATION_CONNECTION=@OLD_COLLATION_CONNECTION */;
/*!40111 SET SQL_NOTES=@OLD_SQL_NOTES */;

-- Dump completed on 2026-01-14 18:47:16
