-- MySQL dump 10.13  Distrib 5.7.30, for linux-glibc2.12 (x86_64)
--
-- Host: 127.0.0.1    Database: oh
-- ------------------------------------------------------
-- Server version	5.7.30

/*!40101 SET @OLD_CHARACTER_SET_CLIENT=@@CHARACTER_SET_CLIENT */;
/*!40101 SET @OLD_CHARACTER_SET_RESULTS=@@CHARACTER_SET_RESULTS */;
/*!40101 SET @OLD_COLLATION_CONNECTION=@@COLLATION_CONNECTION */;
/*!40101 SET NAMES utf8 */;
/*!40103 SET @OLD_TIME_ZONE=@@TIME_ZONE */;
/*!40103 SET TIME_ZONE='+00:00' */;
/*!40014 SET @OLD_UNIQUE_CHECKS=@@UNIQUE_CHECKS, UNIQUE_CHECKS=0 */;
/*!40014 SET @OLD_FOREIGN_KEY_CHECKS=@@FOREIGN_KEY_CHECKS, FOREIGN_KEY_CHECKS=0 */;
/*!40101 SET @OLD_SQL_MODE=@@SQL_MODE, SQL_MODE='NO_AUTO_VALUE_ON_ZERO' */;
/*!40111 SET @OLD_SQL_NOTES=@@SQL_NOTES, SQL_NOTES=0 */;

--
-- Table structure for table `admission`
--

DROP TABLE IF EXISTS `admission`;
/*!40101 SET @saved_cs_client     = @@character_set_client */;
/*!40101 SET character_set_client = utf8 */;
CREATE TABLE `admission` (
  `ADM_ID` int(11) NOT NULL AUTO_INCREMENT,
  `ADM_IN` int(11) NOT NULL DEFAULT '0',
  `ADM_TYPE` char(1) NOT NULL DEFAULT 'N',
  `ADM_WRD_ID_A` char(1) NOT NULL DEFAULT '',
  `ADM_YPROG` int(11) NOT NULL DEFAULT '0',
  `ADM_PAT_ID` int(11) NOT NULL DEFAULT '0',
  `ADM_DATE_ADM` datetime NOT NULL,
  `ADM_ADMT_ID_A_ADM` varchar(10) NOT NULL DEFAULT '',
  `ADM_FHU` varchar(50) DEFAULT NULL,
  `ADM_IN_DIS_ID_A` varchar(10) DEFAULT NULL,
  `ADM_OUT_DIS_ID_A` varchar(10) DEFAULT NULL,
  `ADM_OUT_DIS_ID_A_2` varchar(10) DEFAULT NULL,
  `ADM_OUT_DIS_ID_A_3` varchar(10) DEFAULT NULL,
  `ADM_OPE_ID_A` varchar(10) DEFAULT NULL,
  `ADM_DATE_OP` datetime DEFAULT NULL,
  `ADM_RESOP` varchar(10) DEFAULT NULL,
  `ADM_DATE_DIS` datetime DEFAULT NULL,
  `ADM_DIST_ID_A` varchar(10) DEFAULT NULL,
  `ADM_NOTE` text,
  `ADM_TRANS` float DEFAULT '0',
  `ADM_PRG_DATE_VIS` datetime DEFAULT NULL,
  `ADM_PRG_PTT_ID_A` varchar(10) DEFAULT NULL,
  `ADM_PRG_DATE_DEL` datetime DEFAULT NULL,
  `ADM_PRG_DLT_ID_A` char(1) DEFAULT NULL,
  `ADM_PRG_DRT_ID_A` char(1) DEFAULT NULL,
  `ADM_PRG_WEIGHT` float DEFAULT NULL,
  `ADM_PRG_DATE_CTRL1` datetime DEFAULT NULL,
  `ADM_PRG_DATE_CTRL2` datetime DEFAULT NULL,
  `ADM_PRG_DATE_ABORT` datetime DEFAULT NULL,
  `ADM_USR_ID_A` varchar(50) NOT NULL DEFAULT 'admin',
  `ADM_LOCK` int(11) NOT NULL DEFAULT '0',
  `ADM_DELETED` char(1) NOT NULL DEFAULT 'N',
  `ADM_CREATED_BY` varchar(50) DEFAULT NULL,
  `ADM_CREATED_DATE` datetime DEFAULT NULL,
  `ADM_LAST_MODIFIED_BY` varchar(50) DEFAULT NULL,
  `ADM_LAST_MODIFIED_DATE` datetime DEFAULT NULL,
  `ADM_ACTIVE` tinyint(1) NOT NULL DEFAULT '1',
  PRIMARY KEY (`ADM_ID`),
  KEY `FK_ADMISSION_DISCHARGETYPE` (`ADM_DIST_ID_A`),
  KEY `FK_ADMISSION_DELIVERYTYPE` (`ADM_PRG_DLT_ID_A`),
  KEY `FK_ADMISSION_DELIVERYRESULTTYPE` (`ADM_PRG_DRT_ID_A`),
  KEY `FK_ADMISSION_ADMISSIONTYPE` (`ADM_ADMT_ID_A_ADM`),
  KEY `FK_ADMISSION_OPERATION` (`ADM_OPE_ID_A`),
  KEY `FK_ADMISSION_WARD` (`ADM_WRD_ID_A`),
  KEY `FK_ADMISSION_PREGNANTTREATMENTTYPE` (`ADM_PRG_PTT_ID_A`),
  KEY `FK_ADMISSION_IN_DISEASE` (`ADM_IN_DIS_ID_A`),
  KEY `FK_ADMISSION_OUT_DISEASE1` (`ADM_OUT_DIS_ID_A`),
  KEY `FK_ADMISSION_OUT_DISEASE2` (`ADM_OUT_DIS_ID_A_2`),
  KEY `FK_ADMISSION_OUT_DISEASE3` (`ADM_OUT_DIS_ID_A_3`),
  KEY `FK_ADMISSION_PATIENT` (`ADM_PAT_ID`),
  CONSTRAINT `FK_ADMISSION_ADMISSIONTYPE` FOREIGN KEY (`ADM_ADMT_ID_A_ADM`) REFERENCES `admissiontype` (`ADMT_ID_A`) ON DELETE NO ACTION ON UPDATE NO ACTION,
  CONSTRAINT `FK_ADMISSION_DELIVERYRESULTTYPE` FOREIGN KEY (`ADM_PRG_DRT_ID_A`) REFERENCES `deliveryresulttype` (`DRT_ID_A`) ON DELETE NO ACTION ON UPDATE NO ACTION,
  CONSTRAINT `FK_ADMISSION_DELIVERYTYPE` FOREIGN KEY (`ADM_PRG_DLT_ID_A`) REFERENCES `deliverytype` (`DLT_ID_A`) ON DELETE NO ACTION ON UPDATE NO ACTION,
  CONSTRAINT `FK_ADMISSION_DISCHARGETYPE` FOREIGN KEY (`ADM_DIST_ID_A`) REFERENCES `dischargetype` (`DIST_ID_A`) ON DELETE NO ACTION ON UPDATE NO ACTION,
  CONSTRAINT `FK_ADMISSION_IN_DISEASE` FOREIGN KEY (`ADM_IN_DIS_ID_A`) REFERENCES `disease` (`DIS_ID_A`) ON DELETE NO ACTION ON UPDATE NO ACTION,
  CONSTRAINT `FK_ADMISSION_OPERATION` FOREIGN KEY (`ADM_OPE_ID_A`) REFERENCES `operation` (`OPE_ID_A`) ON DELETE NO ACTION ON UPDATE NO ACTION,
  CONSTRAINT `FK_ADMISSION_OUT_DISEASE1` FOREIGN KEY (`ADM_OUT_DIS_ID_A`) REFERENCES `disease` (`DIS_ID_A`) ON DELETE NO ACTION ON UPDATE NO ACTION,
  CONSTRAINT `FK_ADMISSION_OUT_DISEASE2` FOREIGN KEY (`ADM_OUT_DIS_ID_A_2`) REFERENCES `disease` (`DIS_ID_A`) ON DELETE NO ACTION ON UPDATE NO ACTION,
  CONSTRAINT `FK_ADMISSION_OUT_DISEASE3` FOREIGN KEY (`ADM_OUT_DIS_ID_A_3`) REFERENCES `disease` (`DIS_ID_A`) ON DELETE NO ACTION ON UPDATE NO ACTION,
  CONSTRAINT `FK_ADMISSION_PATIENT` FOREIGN KEY (`ADM_PAT_ID`) REFERENCES `patient` (`PAT_ID`) ON DELETE CASCADE ON UPDATE CASCADE,
  CONSTRAINT `FK_ADMISSION_PREGNANTTREATMENTTYPE` FOREIGN KEY (`ADM_PRG_PTT_ID_A`) REFERENCES `pregnanttreatmenttype` (`PTT_ID_A`) ON DELETE NO ACTION ON UPDATE NO ACTION,
  CONSTRAINT `FK_ADMISSION_WARD` FOREIGN KEY (`ADM_WRD_ID_A`) REFERENCES `ward` (`WRD_ID_A`) ON DELETE NO ACTION ON UPDATE NO ACTION
) ENGINE=InnoDB AUTO_INCREMENT=506 DEFAULT CHARSET=utf8;
/*!40101 SET character_set_client = @saved_cs_client */;

--
-- Dumping data for table `admission`
--

LOCK TABLES `admission` WRITE;
/*!40000 ALTER TABLE `admission` DISABLE KEYS */;
INSERT INTO `admission` VALUES (47,1,'N','I',2,43,'2006-10-19 00:00:00','I',NULL,'15',NULL,NULL,NULL,NULL,NULL,NULL,NULL,NULL,NULL,0,NULL,NULL,NULL,NULL,NULL,NULL,NULL,NULL,NULL,'admin',0,'N',NULL,NULL,NULL,NULL,1),(48,1,'N','I',2,44,'2006-10-25 00:00:00','I',NULL,NULL,NULL,NULL,NULL,NULL,NULL,NULL,NULL,NULL,NULL,0,NULL,NULL,NULL,NULL,NULL,NULL,NULL,NULL,NULL,'admin',0,'N',NULL,NULL,NULL,NULL,1),(49,0,'N','I',837,45,'2006-10-09 00:00:00','I',NULL,'30','30',NULL,NULL,NULL,NULL,NULL,'2006-10-13 00:00:00','EQ',NULL,0,NULL,NULL,NULL,NULL,NULL,NULL,NULL,NULL,NULL,'admin',3,'N',NULL,NULL,NULL,NULL,1),(50,1,'N','I',2,46,'2006-10-20 00:00:00','I',NULL,'23',NULL,NULL,NULL,NULL,NULL,NULL,NULL,NULL,NULL,0,NULL,NULL,NULL,NULL,NULL,NULL,NULL,NULL,NULL,'admin',0,'N',NULL,NULL,NULL,NULL,1),(51,1,'N','I',2,47,'2006-10-20 00:00:00','I',NULL,'43',NULL,NULL,NULL,NULL,NULL,NULL,NULL,NULL,NULL,0,NULL,NULL,NULL,NULL,NULL,NULL,NULL,NULL,NULL,'admin',0,'N',NULL,NULL,NULL,NULL,1),(52,1,'N','I',2,48,'2006-10-20 00:00:00','I',NULL,'42',NULL,NULL,NULL,NULL,NULL,NULL,NULL,NULL,NULL,0,NULL,NULL,NULL,NULL,NULL,NULL,NULL,NULL,NULL,'admin',0,'N',NULL,NULL,NULL,NULL,1),(53,0,'N','I',840,49,'2006-10-20 00:00:00','I',NULL,'15','100',NULL,NULL,NULL,NULL,NULL,'2006-10-24 00:00:00','EQ',NULL,0,NULL,NULL,NULL,NULL,NULL,NULL,NULL,NULL,NULL,'admin',3,'N',NULL,NULL,NULL,NULL,1),(54,0,'N','I',2,50,'2006-10-20 00:00:00','I',NULL,'47','47',NULL,NULL,'20','2006-10-24 00:00:00','P','2006-10-25 00:00:00','B',NULL,0,NULL,NULL,NULL,NULL,NULL,NULL,NULL,NULL,NULL,'admin',1,'N',NULL,NULL,NULL,NULL,1),(55,1,'N','I',2,51,'2006-10-21 00:00:00','I',NULL,'47',NULL,NULL,NULL,NULL,NULL,NULL,NULL,NULL,NULL,0,NULL,NULL,NULL,NULL,NULL,NULL,NULL,NULL,NULL,'admin',0,'N',NULL,NULL,NULL,NULL,1),(56,0,'N','I',844,53,'2006-10-18 00:00:00','I',NULL,'15','39',NULL,NULL,NULL,NULL,NULL,'2006-10-22 00:00:00','D',NULL,0,NULL,NULL,NULL,NULL,NULL,NULL,NULL,NULL,NULL,'admin',2,'N',NULL,NULL,NULL,NULL,1),(57,0,'N','I',845,54,'2006-10-21 00:00:00','I',NULL,'39','39',NULL,NULL,NULL,NULL,NULL,'2006-10-24 00:00:00','EQ',NULL,0,NULL,NULL,NULL,NULL,NULL,NULL,NULL,NULL,NULL,'admin',5,'N',NULL,NULL,NULL,NULL,1),(58,0,'N','I',828,52,'2006-10-18 00:00:00','I',NULL,'15','68',NULL,NULL,NULL,NULL,NULL,'2006-10-24 00:00:00','EQ',NULL,0,NULL,NULL,NULL,NULL,NULL,NULL,NULL,NULL,NULL,'admin',2,'N',NULL,NULL,NULL,NULL,1),(59,0,'N','I',715,50,'2006-09-17 00:00:00','I',NULL,'47','95',NULL,NULL,NULL,NULL,NULL,'2006-10-04 00:00:00','EQ',NULL,0,NULL,NULL,NULL,NULL,NULL,NULL,NULL,NULL,NULL,'admin',2,'N',NULL,NULL,NULL,NULL,1),(60,0,'N','I',846,55,'2006-10-21 00:00:00','I',NULL,'18','18',NULL,NULL,NULL,NULL,NULL,'2006-10-26 00:00:00','EQ',NULL,0,NULL,NULL,NULL,NULL,NULL,NULL,NULL,NULL,NULL,'admin',1,'N',NULL,NULL,NULL,NULL,1),(61,1,'N','I',2,56,'2006-10-21 00:00:00','I',NULL,'12',NULL,NULL,NULL,NULL,NULL,NULL,NULL,NULL,NULL,0,NULL,NULL,NULL,NULL,NULL,NULL,NULL,NULL,NULL,'admin',0,'N',NULL,NULL,NULL,NULL,1),(62,0,'N','I',848,57,'2006-10-22 00:00:00','I',NULL,'15','15',NULL,NULL,'37','2006-10-23 00:00:00','P','2006-10-24 00:00:00','D',NULL,0,NULL,NULL,NULL,NULL,NULL,NULL,NULL,NULL,NULL,'admin',7,'N',NULL,NULL,NULL,NULL,1),(63,0,'N','I',849,58,'2006-10-22 00:00:00','I',NULL,'24','24',NULL,NULL,NULL,NULL,NULL,'2006-10-28 00:00:00','EQ',NULL,0,NULL,NULL,NULL,NULL,NULL,NULL,NULL,NULL,NULL,'admin',1,'N',NULL,NULL,NULL,NULL,1),(64,0,'N','I',850,59,'2006-10-23 00:00:00','I',NULL,'47','90',NULL,NULL,NULL,NULL,NULL,'2006-10-28 00:00:00','B',NULL,0,NULL,NULL,NULL,NULL,NULL,NULL,NULL,NULL,NULL,'admin',1,'N',NULL,NULL,NULL,NULL,1),(65,1,'N','I',2,60,'2006-10-23 00:00:00','I',NULL,'15',NULL,NULL,NULL,NULL,NULL,NULL,NULL,NULL,NULL,0,NULL,NULL,NULL,NULL,NULL,NULL,NULL,NULL,NULL,'admin',0,'N',NULL,NULL,NULL,NULL,1),(66,1,'N','I',2,61,'2006-10-24 00:00:00','I',NULL,'34',NULL,NULL,NULL,NULL,NULL,NULL,NULL,NULL,NULL,0,NULL,NULL,NULL,NULL,NULL,NULL,NULL,NULL,NULL,'admin',0,'N',NULL,NULL,NULL,NULL,1),(67,1,'N','I',2,62,'2006-10-24 00:00:00','I',NULL,'43',NULL,NULL,NULL,NULL,NULL,NULL,NULL,NULL,NULL,0,NULL,NULL,NULL,NULL,NULL,NULL,NULL,NULL,NULL,'admin',0,'N',NULL,NULL,NULL,NULL,1),(68,0,'N','I',854,63,'2006-10-24 00:00:00','I',NULL,'46','39',NULL,NULL,NULL,NULL,NULL,'2006-10-28 00:00:00','B',NULL,0,NULL,NULL,NULL,NULL,NULL,NULL,NULL,NULL,NULL,'admin',1,'N',NULL,NULL,NULL,NULL,1),(69,1,'N','I',2,64,'2006-10-24 00:00:00','I',NULL,'34',NULL,NULL,NULL,NULL,NULL,NULL,NULL,NULL,NULL,0,NULL,NULL,NULL,NULL,NULL,NULL,NULL,NULL,NULL,'admin',0,'N',NULL,NULL,NULL,NULL,1),(70,0,'N','I',856,65,'2006-10-24 00:00:00','I',NULL,'12','12',NULL,NULL,NULL,NULL,NULL,'2006-10-28 00:00:00','EQ',NULL,0,NULL,NULL,NULL,NULL,NULL,NULL,NULL,NULL,NULL,'admin',1,'N',NULL,NULL,NULL,NULL,1),(71,1,'N','I',2,66,'2006-10-24 00:00:00','I',NULL,'15',NULL,NULL,NULL,NULL,NULL,NULL,NULL,NULL,NULL,0,NULL,NULL,NULL,NULL,NULL,NULL,NULL,NULL,NULL,'admin',0,'N',NULL,NULL,NULL,NULL,1),(72,1,'N','I',2,67,'2006-10-24 00:00:00','I',NULL,'47',NULL,NULL,NULL,NULL,NULL,NULL,NULL,NULL,NULL,0,NULL,NULL,NULL,NULL,NULL,NULL,NULL,NULL,NULL,'admin',0,'N',NULL,NULL,NULL,NULL,1),(73,0,'N','I',859,68,'2006-10-24 00:00:00','I',NULL,'23','23',NULL,NULL,NULL,NULL,NULL,'2006-10-28 00:00:00','EQ',NULL,0,NULL,NULL,NULL,NULL,NULL,NULL,NULL,NULL,NULL,'admin',1,'N',NULL,NULL,NULL,NULL,1),(74,1,'N','I',2,69,'2006-10-25 00:00:00','I',NULL,'34',NULL,NULL,NULL,NULL,NULL,NULL,NULL,NULL,NULL,0,NULL,NULL,NULL,NULL,NULL,NULL,NULL,NULL,NULL,'admin',0,'N',NULL,NULL,NULL,NULL,1),(75,1,'N','I',2,70,'2006-10-25 00:00:00','I',NULL,'39',NULL,NULL,NULL,NULL,NULL,NULL,NULL,NULL,NULL,0,NULL,NULL,NULL,NULL,NULL,NULL,NULL,NULL,NULL,'admin',0,'N',NULL,NULL,NULL,NULL,1),(76,1,'N','I',2,71,'2006-10-25 00:00:00','I',NULL,'15',NULL,NULL,NULL,NULL,NULL,NULL,NULL,NULL,NULL,0,NULL,NULL,NULL,NULL,NULL,NULL,NULL,NULL,NULL,'admin',0,'N',NULL,NULL,NULL,NULL,1),(77,0,'N','I',2,72,'2006-10-07 00:00:00','I',NULL,'15','15',NULL,NULL,NULL,NULL,NULL,'2006-10-10 00:00:00','B',NULL,0,NULL,NULL,NULL,NULL,NULL,NULL,NULL,NULL,NULL,'admin',0,'N',NULL,NULL,NULL,NULL,1),(78,1,'N','I',2,73,'2006-10-07 00:00:00','I',NULL,'44',NULL,NULL,NULL,NULL,NULL,NULL,NULL,NULL,NULL,0,NULL,NULL,NULL,NULL,NULL,NULL,NULL,NULL,NULL,'admin',1,'N',NULL,NULL,NULL,NULL,1),(79,0,'N','F',0,74,'2006-10-01 00:00:00','I',NULL,'39','39',NULL,NULL,NULL,NULL,NULL,'2006-10-04 00:00:00','B',NULL,0,NULL,NULL,NULL,NULL,NULL,NULL,NULL,NULL,NULL,'admin',1,'N',NULL,NULL,NULL,NULL,1),(80,0,'N','F',0,75,'2006-10-01 00:00:00','I',NULL,'39','39',NULL,NULL,NULL,NULL,NULL,'2006-10-10 00:00:00','B',NULL,0,NULL,NULL,NULL,NULL,NULL,NULL,NULL,NULL,NULL,'admin',0,'N',NULL,NULL,NULL,NULL,1),(81,0,'N','F',0,76,'2006-10-03 00:00:00','I',NULL,'39','39',NULL,NULL,NULL,NULL,NULL,'2006-10-07 00:00:00','B',NULL,0,NULL,NULL,NULL,NULL,NULL,NULL,NULL,NULL,NULL,'admin',0,'N',NULL,NULL,NULL,NULL,1),(82,1,'N','F',0,77,'2006-10-26 00:00:00','I',NULL,'48',NULL,NULL,NULL,NULL,NULL,NULL,NULL,NULL,NULL,0,NULL,NULL,NULL,NULL,NULL,NULL,NULL,NULL,NULL,'admin',0,'N',NULL,NULL,NULL,NULL,1),(83,1,'N','F',0,78,'2006-10-03 00:00:00','I',NULL,'48',NULL,NULL,NULL,NULL,NULL,NULL,NULL,NULL,NULL,0,NULL,NULL,NULL,NULL,NULL,NULL,NULL,NULL,NULL,'admin',0,'N',NULL,NULL,NULL,NULL,1),(84,1,'N','F',0,79,'2006-10-04 00:00:00','I',NULL,'48',NULL,NULL,NULL,NULL,NULL,NULL,NULL,NULL,NULL,0,NULL,NULL,NULL,NULL,NULL,NULL,NULL,NULL,NULL,'admin',0,'N',NULL,NULL,NULL,NULL,1),(85,1,'N','F',0,80,'2006-10-04 00:00:00','I',NULL,'15',NULL,NULL,NULL,NULL,NULL,NULL,NULL,NULL,NULL,0,NULL,NULL,NULL,NULL,NULL,NULL,NULL,NULL,NULL,'admin',0,'N',NULL,NULL,NULL,NULL,1),(86,1,'N','F',0,81,'2006-10-04 00:00:00','I',NULL,'44',NULL,NULL,NULL,NULL,NULL,NULL,NULL,NULL,NULL,0,NULL,NULL,NULL,NULL,NULL,NULL,NULL,NULL,NULL,'admin',0,'N',NULL,NULL,NULL,NULL,1),(87,0,'N','F',0,82,'2006-10-04 00:00:00','I',NULL,'16','16',NULL,NULL,NULL,NULL,NULL,'2006-10-10 00:00:00','B',NULL,0,NULL,NULL,NULL,NULL,NULL,NULL,NULL,NULL,NULL,'admin',0,'N',NULL,NULL,NULL,NULL,1),(88,1,'N','F',0,83,'2006-10-05 00:00:00','I',NULL,'16',NULL,NULL,NULL,NULL,NULL,NULL,NULL,NULL,NULL,0,NULL,NULL,NULL,NULL,NULL,NULL,NULL,NULL,NULL,'admin',1,'N',NULL,NULL,NULL,NULL,1),(89,1,'N','F',0,84,'2006-10-05 00:00:00','I',NULL,'22',NULL,NULL,NULL,NULL,NULL,NULL,NULL,NULL,NULL,0,NULL,NULL,NULL,NULL,NULL,NULL,NULL,NULL,NULL,'admin',0,'N',NULL,NULL,NULL,NULL,1),(90,1,'N','F',0,85,'2006-10-06 00:00:00','I',NULL,'48',NULL,NULL,NULL,NULL,NULL,NULL,NULL,NULL,NULL,0,NULL,NULL,NULL,NULL,NULL,NULL,NULL,NULL,NULL,'admin',0,'N',NULL,NULL,NULL,NULL,1),(91,1,'N','F',0,86,'2006-10-06 00:00:00','I',NULL,'40',NULL,NULL,NULL,NULL,NULL,NULL,NULL,NULL,NULL,0,NULL,NULL,NULL,NULL,NULL,NULL,NULL,NULL,NULL,'admin',0,'N',NULL,NULL,NULL,NULL,1),(92,1,'N','F',0,87,'2006-10-06 00:00:00','I',NULL,'48',NULL,NULL,NULL,NULL,NULL,NULL,NULL,NULL,NULL,0,NULL,NULL,NULL,NULL,NULL,NULL,NULL,NULL,NULL,'admin',0,'N',NULL,NULL,NULL,NULL,1),(93,1,'N','F',0,88,'2006-10-06 00:00:00','I',NULL,'24',NULL,NULL,NULL,NULL,NULL,NULL,NULL,NULL,NULL,0,NULL,NULL,NULL,NULL,NULL,NULL,NULL,NULL,NULL,'admin',0,'N',NULL,NULL,NULL,NULL,1),(94,1,'N','F',0,89,'2006-10-07 00:00:00','I',NULL,'15',NULL,NULL,NULL,NULL,NULL,NULL,NULL,NULL,NULL,0,NULL,NULL,NULL,NULL,NULL,NULL,NULL,NULL,NULL,'admin',1,'N',NULL,NULL,NULL,NULL,1),(95,1,'N','F',0,90,'2006-10-07 00:00:00','I',NULL,'42',NULL,NULL,NULL,NULL,NULL,NULL,NULL,NULL,NULL,0,NULL,NULL,NULL,NULL,NULL,NULL,NULL,NULL,NULL,'admin',0,'N',NULL,NULL,NULL,NULL,1),(96,0,'N','F',0,91,'2006-10-06 00:00:00','I',NULL,'39','39',NULL,NULL,NULL,NULL,NULL,'2006-10-10 00:00:00','B',NULL,0,NULL,NULL,NULL,NULL,NULL,NULL,NULL,NULL,NULL,'admin',0,'N',NULL,NULL,NULL,NULL,1),(97,1,'N','F',0,92,'2006-10-08 00:00:00','I',NULL,'14',NULL,NULL,NULL,NULL,NULL,NULL,NULL,NULL,NULL,0,NULL,NULL,NULL,NULL,NULL,NULL,NULL,NULL,NULL,'admin',0,'N',NULL,NULL,NULL,NULL,1),(98,1,'N','F',0,93,'2006-10-10 00:00:00','I',NULL,'39',NULL,NULL,NULL,NULL,NULL,NULL,NULL,NULL,NULL,0,NULL,NULL,NULL,NULL,NULL,NULL,NULL,NULL,NULL,'admin',0,'N',NULL,NULL,NULL,NULL,1),(99,1,'N','F',0,94,'2006-10-10 00:00:00','I',NULL,'49',NULL,NULL,NULL,NULL,NULL,NULL,NULL,NULL,NULL,0,NULL,NULL,NULL,NULL,NULL,NULL,NULL,NULL,NULL,'admin',0,'N',NULL,NULL,NULL,NULL,1),(100,1,'N','F',0,95,'2006-10-10 00:00:00','I',NULL,'12',NULL,NULL,NULL,NULL,NULL,NULL,NULL,NULL,NULL,0,NULL,NULL,NULL,NULL,NULL,NULL,NULL,NULL,NULL,'admin',0,'N',NULL,NULL,NULL,NULL,1),(101,1,'N','F',0,96,'2006-10-10 00:00:00','I',NULL,'49',NULL,NULL,NULL,NULL,NULL,NULL,NULL,NULL,NULL,0,NULL,NULL,NULL,NULL,NULL,NULL,NULL,NULL,NULL,'admin',0,'N',NULL,NULL,NULL,NULL,1),(102,1,'N','F',0,97,'2006-10-11 00:00:00','I',NULL,'15',NULL,NULL,NULL,NULL,NULL,NULL,NULL,NULL,NULL,0,NULL,NULL,NULL,NULL,NULL,NULL,NULL,NULL,NULL,'admin',0,'N',NULL,NULL,NULL,NULL,1),(103,1,'N','F',0,98,'2006-10-11 00:00:00','I',NULL,'39',NULL,NULL,NULL,NULL,NULL,NULL,NULL,NULL,NULL,0,NULL,NULL,NULL,NULL,NULL,NULL,NULL,NULL,NULL,'admin',0,'N',NULL,NULL,NULL,NULL,1),(104,1,'N','F',0,99,'2006-10-12 00:00:00','I',NULL,'15',NULL,NULL,NULL,NULL,NULL,NULL,NULL,NULL,NULL,0,NULL,NULL,NULL,NULL,NULL,NULL,NULL,NULL,NULL,'admin',0,'N',NULL,NULL,NULL,NULL,1),(105,1,'N','F',0,100,'2006-10-12 00:00:00','I',NULL,'15',NULL,NULL,NULL,NULL,NULL,NULL,NULL,NULL,NULL,0,NULL,NULL,NULL,NULL,NULL,NULL,NULL,NULL,NULL,'admin',0,'N',NULL,NULL,NULL,NULL,1),(106,1,'N','F',0,101,'2006-10-13 00:00:00','I',NULL,'48',NULL,NULL,NULL,NULL,NULL,NULL,NULL,NULL,NULL,0,NULL,NULL,NULL,NULL,NULL,NULL,NULL,NULL,NULL,'admin',0,'N',NULL,NULL,NULL,NULL,1),(107,1,'N','F',0,102,'2006-10-13 00:00:00','I',NULL,'49',NULL,NULL,NULL,NULL,NULL,NULL,NULL,NULL,NULL,0,NULL,NULL,NULL,NULL,NULL,NULL,NULL,NULL,NULL,'admin',0,'N',NULL,NULL,NULL,NULL,1),(108,1,'N','F',0,103,'2006-10-14 00:00:00','I',NULL,'39',NULL,NULL,NULL,NULL,NULL,NULL,NULL,NULL,NULL,0,NULL,NULL,NULL,NULL,NULL,NULL,NULL,NULL,NULL,'admin',0,'N',NULL,NULL,NULL,NULL,1),(109,1,'N','F',0,104,'2006-10-14 00:00:00','I',NULL,'44',NULL,NULL,NULL,NULL,NULL,NULL,NULL,NULL,NULL,0,NULL,NULL,NULL,NULL,NULL,NULL,NULL,NULL,NULL,'admin',0,'N',NULL,NULL,NULL,NULL,1),(110,0,'N','F',0,105,'2006-10-15 00:00:00','I',NULL,'15','15',NULL,NULL,NULL,NULL,NULL,'2006-10-15 00:00:00','D',NULL,0,NULL,NULL,NULL,NULL,NULL,NULL,NULL,NULL,NULL,'admin',0,'N',NULL,NULL,NULL,NULL,1),(111,1,'N','F',0,106,'2006-10-16 00:00:00','I',NULL,'40',NULL,NULL,NULL,NULL,NULL,NULL,NULL,NULL,NULL,0,NULL,NULL,NULL,NULL,NULL,NULL,NULL,NULL,NULL,'admin',0,'N',NULL,NULL,NULL,NULL,1),(112,1,'N','F',0,107,'2006-10-16 00:00:00','I',NULL,'15',NULL,NULL,NULL,NULL,NULL,NULL,NULL,NULL,NULL,0,NULL,NULL,NULL,NULL,NULL,NULL,NULL,NULL,NULL,'admin',1,'N',NULL,NULL,NULL,NULL,1),(113,0,'N','F',721,108,'2006-10-16 00:00:00','I',NULL,'19','19',NULL,NULL,NULL,NULL,NULL,'2006-11-02 00:00:00','EQ',NULL,0,NULL,NULL,NULL,NULL,NULL,NULL,NULL,NULL,NULL,'admin',2,'N',NULL,NULL,NULL,NULL,1),(114,1,'N','F',0,109,'2006-10-17 00:00:00','I',NULL,'15',NULL,NULL,NULL,NULL,NULL,NULL,NULL,NULL,NULL,0,NULL,NULL,NULL,NULL,NULL,NULL,NULL,NULL,NULL,'admin',0,'N',NULL,NULL,NULL,NULL,1),(115,1,'N','F',0,110,'2006-10-17 00:00:00','I',NULL,'48',NULL,NULL,NULL,NULL,NULL,NULL,NULL,NULL,NULL,0,NULL,NULL,NULL,NULL,NULL,NULL,NULL,NULL,NULL,'admin',0,'N',NULL,NULL,NULL,NULL,1),(116,1,'N','F',0,111,'2006-10-17 00:00:00','I',NULL,'16',NULL,NULL,NULL,NULL,NULL,NULL,NULL,NULL,NULL,0,NULL,NULL,NULL,NULL,NULL,NULL,NULL,NULL,NULL,'admin',0,'N',NULL,NULL,NULL,NULL,1),(117,1,'N','F',0,112,'2006-10-17 00:00:00','I',NULL,'30',NULL,NULL,NULL,NULL,NULL,NULL,NULL,NULL,NULL,0,NULL,NULL,NULL,NULL,NULL,NULL,NULL,NULL,NULL,'admin',0,'N',NULL,NULL,NULL,NULL,1),(118,1,'N','F',0,113,'2006-10-18 00:00:00','I',NULL,'30',NULL,NULL,NULL,NULL,NULL,NULL,NULL,NULL,NULL,0,NULL,NULL,NULL,NULL,NULL,NULL,NULL,NULL,NULL,'admin',0,'N',NULL,NULL,NULL,NULL,1),(119,1,'N','F',0,114,'2006-10-19 00:00:00','I',NULL,'15',NULL,NULL,NULL,NULL,NULL,NULL,NULL,NULL,NULL,0,NULL,NULL,NULL,NULL,NULL,NULL,NULL,NULL,NULL,'admin',0,'N',NULL,NULL,NULL,NULL,1),(120,1,'N','F',0,115,'2006-10-19 00:00:00','I',NULL,'49',NULL,NULL,NULL,NULL,NULL,NULL,NULL,NULL,NULL,0,NULL,NULL,NULL,NULL,NULL,NULL,NULL,NULL,NULL,'admin',0,'N',NULL,NULL,NULL,NULL,1),(121,1,'N','F',0,116,'2006-10-20 00:00:00','I',NULL,'47',NULL,NULL,NULL,NULL,NULL,NULL,NULL,NULL,NULL,0,NULL,NULL,NULL,NULL,NULL,NULL,NULL,NULL,NULL,'admin',0,'N',NULL,NULL,NULL,NULL,1),(122,1,'N','F',0,117,'2006-10-21 00:00:00','I',NULL,'40',NULL,NULL,NULL,NULL,NULL,NULL,NULL,NULL,NULL,0,NULL,NULL,NULL,NULL,NULL,NULL,NULL,NULL,NULL,'admin',0,'N',NULL,NULL,NULL,NULL,1),(123,1,'N','F',0,118,'2006-10-21 00:00:00','I',NULL,'29',NULL,NULL,NULL,NULL,NULL,NULL,NULL,NULL,NULL,0,NULL,NULL,NULL,NULL,NULL,NULL,NULL,NULL,NULL,'admin',0,'N',NULL,NULL,NULL,NULL,1),(124,1,'N','F',0,119,'2006-10-21 00:00:00','I',NULL,'49',NULL,NULL,NULL,NULL,NULL,NULL,NULL,NULL,NULL,0,NULL,NULL,NULL,NULL,NULL,NULL,NULL,NULL,NULL,'admin',0,'N',NULL,NULL,NULL,NULL,1),(125,0,'N','F',0,120,'2006-10-23 00:00:00','I',NULL,'14','14',NULL,NULL,NULL,NULL,NULL,'2006-11-02 00:00:00','EQ',NULL,0,NULL,NULL,NULL,NULL,NULL,NULL,NULL,NULL,NULL,'admin',1,'N',NULL,NULL,NULL,NULL,1),(126,1,'N','F',0,121,'2006-10-23 00:00:00','I',NULL,'16',NULL,NULL,NULL,NULL,NULL,NULL,NULL,NULL,NULL,0,NULL,NULL,NULL,NULL,NULL,NULL,NULL,NULL,NULL,'admin',0,'N',NULL,NULL,NULL,NULL,1),(127,1,'N','F',0,122,'2006-10-23 00:00:00','I',NULL,'49',NULL,NULL,NULL,NULL,NULL,NULL,NULL,NULL,NULL,0,NULL,NULL,NULL,NULL,NULL,NULL,NULL,NULL,NULL,'admin',0,'N',NULL,NULL,NULL,NULL,1),(128,0,'N','F',0,123,'2006-10-23 00:00:00','I',NULL,'40','64',NULL,NULL,NULL,NULL,NULL,'2006-11-02 00:00:00','EQ',NULL,0,NULL,NULL,NULL,NULL,NULL,NULL,NULL,NULL,NULL,'admin',2,'N',NULL,NULL,NULL,NULL,1),(129,1,'N','F',0,124,'2006-10-24 00:00:00','I',NULL,'40',NULL,NULL,NULL,NULL,NULL,NULL,NULL,NULL,NULL,0,NULL,NULL,NULL,NULL,NULL,NULL,NULL,NULL,NULL,'admin',0,'N',NULL,NULL,NULL,NULL,1),(130,1,'N','F',0,126,'2006-10-24 00:00:00','I',NULL,'36',NULL,NULL,NULL,NULL,NULL,NULL,NULL,NULL,NULL,0,NULL,NULL,NULL,NULL,NULL,NULL,NULL,NULL,NULL,'admin',0,'N',NULL,NULL,NULL,NULL,1),(131,1,'N','F',0,127,'2006-10-24 00:00:00','I',NULL,'36',NULL,NULL,NULL,NULL,NULL,NULL,NULL,NULL,NULL,0,NULL,NULL,NULL,NULL,NULL,NULL,NULL,NULL,NULL,'admin',0,'N',NULL,NULL,NULL,NULL,1),(132,1,'N','F',0,128,'2006-10-24 00:00:00','I',NULL,'39',NULL,NULL,NULL,NULL,NULL,NULL,NULL,NULL,NULL,0,NULL,NULL,NULL,NULL,NULL,NULL,NULL,NULL,NULL,'admin',0,'N',NULL,NULL,NULL,NULL,1),(133,1,'N','F',0,129,'2006-10-24 00:00:00','I',NULL,'15',NULL,NULL,NULL,NULL,NULL,NULL,NULL,NULL,NULL,0,NULL,NULL,NULL,NULL,NULL,NULL,NULL,NULL,NULL,'admin',0,'N',NULL,NULL,NULL,NULL,1),(134,1,'N','F',0,130,'2006-10-24 00:00:00','I',NULL,'24',NULL,NULL,NULL,NULL,NULL,NULL,NULL,NULL,NULL,0,NULL,NULL,NULL,NULL,NULL,NULL,NULL,NULL,NULL,'admin',0,'N',NULL,NULL,NULL,NULL,1),(135,1,'N','F',0,131,'2006-10-25 00:00:00','I',NULL,'16',NULL,NULL,NULL,NULL,NULL,NULL,NULL,NULL,NULL,0,NULL,NULL,NULL,NULL,NULL,NULL,NULL,NULL,NULL,'admin',0,'N',NULL,NULL,NULL,NULL,1),(136,0,'N','I',2,132,'2006-10-07 00:00:00','I',NULL,'40','40',NULL,NULL,NULL,NULL,NULL,'2006-10-14 00:00:00','B',NULL,0,NULL,NULL,NULL,NULL,NULL,NULL,NULL,NULL,NULL,'admin',0,'N',NULL,NULL,NULL,NULL,1),(137,0,'N','I',2,133,'2006-10-07 00:00:00','R',NULL,'24','24',NULL,NULL,NULL,NULL,NULL,'2006-10-10 00:00:00','D',NULL,0,NULL,NULL,NULL,NULL,NULL,NULL,NULL,NULL,NULL,'admin',0,'N',NULL,NULL,NULL,NULL,1),(138,0,'N','I',2,134,'2006-10-07 00:00:00','I',NULL,'24','24',NULL,NULL,NULL,NULL,NULL,'2006-10-17 00:00:00','D',NULL,0,NULL,NULL,NULL,NULL,NULL,NULL,NULL,NULL,NULL,'admin',0,'N',NULL,NULL,NULL,NULL,1),(139,0,'N','I',2,135,'2006-10-08 00:00:00','I',NULL,'15','15',NULL,NULL,NULL,NULL,NULL,'2006-10-12 00:00:00','D',NULL,0,NULL,NULL,NULL,NULL,NULL,NULL,NULL,NULL,NULL,'admin',0,'N',NULL,NULL,NULL,NULL,1),(140,0,'N','I',2,136,'2006-10-09 00:00:00','I',NULL,'17','17',NULL,NULL,NULL,NULL,NULL,'2006-10-14 00:00:00','D',NULL,0,NULL,NULL,NULL,NULL,NULL,NULL,NULL,NULL,NULL,'admin',0,'N',NULL,NULL,NULL,NULL,1),(141,0,'N','I',2,137,'2006-10-09 00:00:00','I',NULL,'47','47',NULL,NULL,NULL,NULL,NULL,'2006-10-14 00:00:00','B',NULL,0,NULL,NULL,NULL,NULL,NULL,NULL,NULL,NULL,NULL,'admin',0,'N',NULL,NULL,NULL,NULL,1),(142,0,'N','I',2,138,'2006-10-09 00:00:00','I',NULL,'15','15',NULL,NULL,NULL,NULL,NULL,'2006-10-17 00:00:00','B',NULL,0,NULL,NULL,NULL,NULL,NULL,NULL,NULL,NULL,NULL,'admin',0,'N',NULL,NULL,NULL,NULL,1),(143,0,'N','I',2,139,'2006-10-10 00:00:00','I',NULL,'23','23',NULL,NULL,NULL,NULL,NULL,'2006-10-13 00:00:00','B',NULL,0,NULL,NULL,NULL,NULL,NULL,NULL,NULL,NULL,NULL,'admin',0,'N',NULL,NULL,NULL,NULL,1),(144,0,'N','I',2,140,'2006-10-10 00:00:00','I',NULL,'47','47',NULL,NULL,NULL,NULL,NULL,'2006-10-19 00:00:00','B',NULL,0,NULL,NULL,NULL,NULL,NULL,NULL,NULL,NULL,NULL,'admin',0,'N',NULL,NULL,NULL,NULL,1),(145,0,'N','I',2,141,'2006-10-10 00:00:00','I',NULL,'25','25',NULL,NULL,NULL,NULL,NULL,'2006-10-10 00:00:00','D',NULL,0,NULL,NULL,NULL,NULL,NULL,NULL,NULL,NULL,NULL,'admin',0,'N',NULL,NULL,NULL,NULL,1),(146,0,'N','I',2,142,'2006-10-10 00:00:00','I',NULL,'15','15',NULL,NULL,NULL,NULL,NULL,'2006-10-12 00:00:00','D',NULL,0,NULL,NULL,NULL,NULL,NULL,NULL,NULL,NULL,NULL,'admin',0,'N',NULL,NULL,NULL,NULL,1),(147,0,'N','I',791,143,'2006-10-10 00:00:00','I',NULL,'47','90',NULL,NULL,NULL,NULL,NULL,'2006-10-28 00:00:00','EQ',NULL,0,NULL,NULL,NULL,NULL,NULL,NULL,NULL,NULL,NULL,'admin',2,'N',NULL,NULL,NULL,NULL,1),(148,0,'N','I',2,144,'2006-10-10 00:00:00','I',NULL,'48','49',NULL,NULL,NULL,NULL,NULL,'2006-10-13 00:00:00','B',NULL,0,NULL,NULL,NULL,NULL,NULL,NULL,NULL,NULL,NULL,'admin',0,'N',NULL,NULL,NULL,NULL,1),(149,1,'N','I',2,145,'2006-10-10 00:00:00','I',NULL,'14',NULL,NULL,NULL,NULL,NULL,NULL,NULL,NULL,NULL,0,NULL,NULL,NULL,NULL,NULL,NULL,NULL,NULL,NULL,'admin',0,'N',NULL,NULL,NULL,NULL,1),(150,0,'N','I',2,146,'2006-10-11 00:00:00','I',NULL,'15','15',NULL,NULL,NULL,NULL,NULL,'2006-10-13 00:00:00','D',NULL,0,NULL,NULL,NULL,NULL,NULL,NULL,NULL,NULL,NULL,'admin',0,'N',NULL,NULL,NULL,NULL,1),(151,0,'N','I',2,147,'2006-10-11 00:00:00','I',NULL,'15','15',NULL,NULL,NULL,NULL,NULL,'2006-10-21 00:00:00','B',NULL,0,NULL,NULL,NULL,NULL,NULL,NULL,NULL,NULL,NULL,'admin',0,'N',NULL,NULL,NULL,NULL,1),(152,0,'N','I',2,148,'2006-10-11 00:00:00','I',NULL,'15','15',NULL,NULL,NULL,NULL,NULL,'2006-10-19 00:00:00','B',NULL,0,NULL,NULL,NULL,NULL,NULL,NULL,NULL,NULL,NULL,'admin',0,'N',NULL,NULL,NULL,NULL,1),(153,0,'N','I',2,149,'2006-10-12 00:00:00','I',NULL,'48','48',NULL,NULL,NULL,NULL,NULL,'2006-10-16 00:00:00','EQ',NULL,0,NULL,NULL,NULL,NULL,NULL,NULL,NULL,NULL,NULL,'admin',0,'N',NULL,NULL,NULL,NULL,1),(154,0,'N','I',2,150,'2006-10-12 00:00:00','I',NULL,'48','48',NULL,NULL,NULL,NULL,NULL,'2006-10-21 00:00:00','B',NULL,0,NULL,NULL,NULL,NULL,NULL,NULL,NULL,NULL,NULL,'admin',0,'N',NULL,NULL,NULL,NULL,1),(155,0,'N','I',2,151,'2006-10-12 00:00:00','I',NULL,'39','39',NULL,NULL,NULL,NULL,NULL,'2006-10-16 00:00:00','B',NULL,0,NULL,NULL,NULL,NULL,NULL,NULL,NULL,NULL,NULL,'admin',0,'N',NULL,NULL,NULL,NULL,1),(156,0,'N','I',2,152,'2006-10-12 00:00:00','I',NULL,'12','12',NULL,NULL,NULL,NULL,NULL,'2006-10-12 00:00:00','D',NULL,0,NULL,NULL,NULL,NULL,NULL,NULL,NULL,NULL,NULL,'admin',0,'N',NULL,NULL,NULL,NULL,1),(157,0,'N','I',801,153,'2006-10-12 00:00:00','I',NULL,'44','44',NULL,NULL,NULL,NULL,NULL,'2006-10-25 00:00:00','EQ',NULL,0,NULL,NULL,NULL,NULL,NULL,NULL,NULL,NULL,NULL,'admin',1,'N',NULL,NULL,NULL,NULL,1),(158,0,'N','I',802,154,'2006-10-12 00:00:00','I',NULL,'14','14',NULL,NULL,NULL,NULL,NULL,'2006-10-28 00:00:00','B',NULL,0,NULL,NULL,NULL,NULL,NULL,NULL,NULL,NULL,NULL,'admin',1,'N',NULL,NULL,NULL,NULL,1),(159,0,'N','I',803,155,'2006-10-13 00:00:00','I',NULL,'14','47',NULL,NULL,NULL,NULL,NULL,'2006-10-19 00:00:00','EQ',NULL,0,NULL,NULL,NULL,NULL,NULL,NULL,NULL,NULL,NULL,'admin',2,'N',NULL,NULL,NULL,NULL,1),(160,0,'N','I',2,156,'2006-10-13 00:00:00','I',NULL,'48','48',NULL,NULL,NULL,NULL,NULL,'2006-10-19 00:00:00','B',NULL,0,NULL,NULL,NULL,NULL,NULL,NULL,NULL,NULL,NULL,'admin',0,'N',NULL,NULL,NULL,NULL,1),(161,1,'N','I',2,158,'2006-10-14 00:00:00','I',NULL,'14',NULL,NULL,NULL,NULL,NULL,NULL,NULL,NULL,NULL,0,NULL,NULL,NULL,NULL,NULL,NULL,NULL,NULL,NULL,'admin',0,'N',NULL,NULL,NULL,NULL,1),(162,0,'N','I',807,159,'2006-10-14 00:00:00','I',NULL,'14','14',NULL,NULL,NULL,NULL,NULL,'2006-10-28 00:00:00','B',NULL,0,NULL,NULL,NULL,NULL,NULL,NULL,NULL,NULL,NULL,'admin',1,'N',NULL,NULL,NULL,NULL,1),(163,1,'N','I',2,160,'2006-10-14 00:00:00','I',NULL,'48',NULL,NULL,NULL,NULL,NULL,NULL,NULL,NULL,NULL,0,NULL,NULL,NULL,NULL,NULL,NULL,NULL,NULL,NULL,'admin',0,'N',NULL,NULL,NULL,NULL,1),(164,1,'N','I',2,161,'2006-10-14 00:00:00','I',NULL,'39',NULL,NULL,NULL,NULL,NULL,NULL,NULL,NULL,NULL,0,NULL,NULL,NULL,NULL,NULL,NULL,NULL,NULL,NULL,'admin',0,'N',NULL,NULL,NULL,NULL,1),(165,1,'N','C',2006,162,'2006-10-26 00:00:00','I',NULL,'39',NULL,NULL,NULL,NULL,NULL,NULL,NULL,NULL,NULL,0,NULL,NULL,NULL,NULL,NULL,NULL,NULL,NULL,NULL,'admin',0,'N',NULL,NULL,NULL,NULL,1),(166,0,'P','M',2,163,'2006-10-22 00:00:00','I',NULL,'26',NULL,NULL,NULL,NULL,NULL,NULL,'2006-10-23 00:00:00','B',NULL,0,'2006-10-22 00:00:00','S2','2006-10-22 00:00:00','N','A',3.4,NULL,NULL,NULL,'admin',0,'N',NULL,NULL,NULL,NULL,1),(167,1,'P','M',2,164,'2006-10-22 00:00:00','A',NULL,'26',NULL,NULL,NULL,'3','2006-10-22 00:00:00',NULL,NULL,NULL,NULL,0,'2006-10-22 00:00:00',NULL,NULL,NULL,NULL,NULL,NULL,NULL,NULL,'admin',0,'N',NULL,NULL,NULL,NULL,1),(168,0,'P','M',2,165,'2006-10-22 00:00:00','I',NULL,'26',NULL,NULL,NULL,NULL,NULL,NULL,'2006-10-24 00:00:00','B',NULL,0,'2006-10-22 00:00:00','S2','2006-10-22 00:00:00','N','A',3.1,NULL,NULL,NULL,'admin',0,'N',NULL,NULL,NULL,NULL,1),(169,0,'P','M',2,166,'2006-10-23 00:00:00','I',NULL,'26',NULL,NULL,NULL,NULL,'2006-10-23 00:00:00',NULL,'2006-10-26 00:00:00','B',NULL,0,'2006-10-23 00:00:00',NULL,'2006-10-23 00:00:00','N','A',3.33,NULL,NULL,NULL,'admin',0,'N',NULL,NULL,NULL,NULL,1),(170,0,'P','M',2,167,'2006-10-23 00:00:00','I',NULL,NULL,NULL,NULL,NULL,NULL,NULL,NULL,'2006-10-27 00:00:00','B',NULL,0,'2006-10-23 00:00:00',NULL,'2006-10-23 00:00:00','N','A',2.5,NULL,NULL,NULL,'admin',0,'N',NULL,NULL,NULL,NULL,1),(171,0,'P','M',2,168,'2006-10-23 00:00:00','I',NULL,NULL,NULL,NULL,NULL,NULL,NULL,NULL,'2006-10-25 00:00:00','B',NULL,0,'2006-10-23 00:00:00',NULL,'2006-10-23 00:00:00','N','A',3.1,NULL,NULL,NULL,'admin',0,'N',NULL,NULL,NULL,NULL,1),(172,0,'P','M',2,169,'2006-10-23 00:00:00','I',NULL,NULL,NULL,NULL,NULL,NULL,NULL,NULL,'2006-10-25 00:00:00','B',NULL,0,'2006-10-23 00:00:00',NULL,'2006-10-23 00:00:00','N','A',3.45,NULL,NULL,NULL,'admin',0,'N',NULL,NULL,NULL,NULL,1),(173,0,'P','M',2,170,'2006-10-23 00:00:00','I',NULL,NULL,NULL,NULL,NULL,NULL,NULL,NULL,'2006-10-25 00:00:00','B',NULL,0,'2006-10-23 00:00:00',NULL,'2006-10-23 00:00:00','N','A',3.3,NULL,NULL,NULL,'admin',0,'N',NULL,NULL,NULL,NULL,1),(174,0,'P','M',2,171,'2006-10-23 00:00:00','I',NULL,NULL,NULL,NULL,NULL,NULL,NULL,NULL,'2006-10-24 00:00:00','B',NULL,0,'2006-10-23 00:00:00',NULL,'2006-10-23 00:00:00','N','A',3,NULL,NULL,NULL,'admin',0,'N',NULL,NULL,NULL,NULL,1),(175,1,'P','M',2,171,'2006-10-23 00:00:00','I',NULL,NULL,NULL,NULL,NULL,NULL,NULL,NULL,NULL,NULL,NULL,0,'2006-10-23 00:00:00',NULL,'2006-10-23 00:00:00','N','A',3.03,NULL,NULL,NULL,'admin',0,'N',NULL,NULL,NULL,NULL,1),(176,1,'P','M',2,172,'2006-10-23 00:00:00','A',NULL,NULL,NULL,NULL,NULL,NULL,NULL,NULL,NULL,NULL,NULL,0,'2006-10-23 00:00:00',NULL,'2006-10-23 00:00:00','V',NULL,3.12,NULL,NULL,NULL,'admin',0,'N',NULL,NULL,NULL,NULL,1),(177,0,'P','M',2,173,'2006-10-24 00:00:00','I',NULL,NULL,NULL,NULL,NULL,NULL,NULL,NULL,'2006-10-26 00:00:00','B',NULL,0,'2006-10-24 00:00:00',NULL,'2006-10-24 00:00:00','N','A',3,NULL,NULL,NULL,'admin',0,'N',NULL,NULL,NULL,NULL,1),(178,1,'P','M',2,173,'2006-10-24 00:00:00','I',NULL,NULL,NULL,NULL,NULL,NULL,NULL,NULL,NULL,NULL,NULL,0,'2006-10-24 00:00:00',NULL,'2006-10-24 00:00:00','N',NULL,3,NULL,NULL,NULL,'admin',0,'N',NULL,NULL,NULL,NULL,1),(179,0,'P','M',2,174,'2006-10-24 00:00:00','I',NULL,NULL,NULL,NULL,NULL,NULL,NULL,NULL,'2006-10-25 00:00:00','B',NULL,0,'2006-10-24 00:00:00',NULL,'2006-10-24 00:00:00','N','A',2.7,NULL,NULL,NULL,'admin',0,'N',NULL,NULL,NULL,NULL,1),(180,0,'P','M',2,175,'2006-10-24 00:00:00','I',NULL,'12','12',NULL,NULL,NULL,NULL,NULL,'2006-10-26 00:00:00','B',NULL,0,NULL,NULL,NULL,NULL,NULL,NULL,NULL,NULL,NULL,'admin',0,'N',NULL,NULL,NULL,NULL,1),(181,0,'P','M',2,176,'2006-10-24 00:00:00','I',NULL,NULL,NULL,NULL,NULL,NULL,NULL,NULL,'2006-10-26 00:00:00','B',NULL,0,'2006-10-24 00:00:00',NULL,'2006-10-24 00:00:00','N','A',4.1,NULL,NULL,NULL,'admin',0,'N',NULL,NULL,NULL,NULL,1),(182,1,'P','M',2,177,'2006-10-24 00:00:00','I',NULL,NULL,NULL,NULL,NULL,'6','2006-10-24 00:00:00',NULL,NULL,NULL,NULL,0,'2006-10-24 00:00:00',NULL,'2006-10-24 00:00:00',NULL,'A',2.7,NULL,NULL,NULL,'admin',0,'N',NULL,NULL,NULL,NULL,1),(183,1,'P','M',2,178,'2006-10-25 00:00:00','I',NULL,'22',NULL,NULL,NULL,NULL,NULL,NULL,NULL,NULL,NULL,0,NULL,NULL,NULL,NULL,NULL,NULL,NULL,NULL,NULL,'admin',0,'N',NULL,NULL,NULL,NULL,1),(184,0,'P','M',2,179,'2006-10-25 00:00:00','I',NULL,NULL,NULL,NULL,NULL,NULL,NULL,NULL,'2006-10-26 00:00:00','B',NULL,0,'2006-10-25 00:00:00',NULL,'2006-10-25 00:00:00','N','A',2.7,NULL,NULL,NULL,'admin',0,'N',NULL,NULL,NULL,NULL,1),(185,1,'N','I',2,182,'2006-10-27 00:00:00','I',NULL,'48',NULL,NULL,NULL,NULL,NULL,NULL,NULL,NULL,NULL,0,NULL,NULL,NULL,NULL,NULL,NULL,NULL,NULL,NULL,'admin',0,'N',NULL,NULL,NULL,NULL,1),(186,1,'N','I',2,183,'2006-10-27 00:00:00','I',NULL,'14',NULL,NULL,NULL,NULL,NULL,NULL,NULL,NULL,NULL,0,NULL,NULL,NULL,NULL,NULL,NULL,NULL,NULL,NULL,'admin',0,'N',NULL,NULL,NULL,NULL,1),(190,1,'N','I',2,188,'2006-10-28 00:00:00','I',NULL,'16',NULL,NULL,NULL,NULL,NULL,NULL,NULL,NULL,NULL,0,NULL,NULL,NULL,NULL,NULL,NULL,NULL,NULL,NULL,'admin',0,'N',NULL,NULL,NULL,NULL,1),(191,1,'N','I',2,189,'2006-10-28 00:00:00','I',NULL,'44',NULL,NULL,NULL,NULL,NULL,NULL,NULL,NULL,NULL,0,NULL,NULL,NULL,NULL,NULL,NULL,NULL,NULL,NULL,'admin',0,'N',NULL,NULL,NULL,NULL,1),(192,1,'N','I',2,190,'2006-10-28 00:00:00','I',NULL,'43',NULL,NULL,NULL,NULL,NULL,NULL,NULL,NULL,NULL,0,NULL,NULL,NULL,NULL,NULL,NULL,NULL,NULL,NULL,'admin',0,'N',NULL,NULL,NULL,NULL,1),(193,1,'N','I',2,191,'2006-10-28 00:00:00','R',NULL,'47',NULL,NULL,NULL,NULL,NULL,NULL,NULL,NULL,NULL,0,NULL,NULL,NULL,NULL,NULL,NULL,NULL,NULL,NULL,'admin',0,'N',NULL,NULL,NULL,NULL,1),(194,0,'N','I',873,192,'2006-10-26 00:00:00','I',NULL,'14','14',NULL,NULL,NULL,NULL,NULL,'2006-10-31 00:00:00','B',NULL,0,NULL,NULL,NULL,NULL,NULL,NULL,NULL,NULL,NULL,'admin',1,'N',NULL,NULL,NULL,NULL,1),(195,0,'N','I',874,193,'2006-10-28 00:00:00','A',NULL,'14','14',NULL,NULL,NULL,NULL,NULL,'2006-10-29 00:00:00','D',NULL,0,NULL,NULL,NULL,NULL,NULL,NULL,NULL,NULL,NULL,'admin',2,'N',NULL,NULL,NULL,NULL,1),(196,1,'N','I',2,194,'2006-10-30 00:00:00','I',NULL,'47',NULL,NULL,NULL,NULL,NULL,NULL,NULL,NULL,NULL,0,NULL,NULL,NULL,NULL,NULL,NULL,NULL,NULL,NULL,'admin',0,'N',NULL,NULL,NULL,NULL,1),(197,1,'N','I',2,195,'2006-10-30 00:00:00','I',NULL,'39',NULL,NULL,NULL,NULL,NULL,NULL,NULL,NULL,NULL,0,NULL,NULL,NULL,NULL,NULL,NULL,NULL,NULL,NULL,'admin',0,'N',NULL,NULL,NULL,NULL,1),(198,1,'N','I',2,196,'2006-10-30 00:00:00','I',NULL,'48',NULL,NULL,NULL,NULL,NULL,NULL,NULL,NULL,NULL,0,NULL,NULL,NULL,NULL,NULL,NULL,NULL,NULL,NULL,'admin',0,'N',NULL,NULL,NULL,NULL,1),(199,1,'N','I',2,197,'2006-10-30 00:00:00','I',NULL,'19',NULL,NULL,NULL,NULL,NULL,NULL,NULL,NULL,NULL,0,NULL,NULL,NULL,NULL,NULL,NULL,NULL,NULL,NULL,'admin',0,'N',NULL,NULL,NULL,NULL,1),(200,1,'N','I',2,198,'2006-10-30 00:00:00','I',NULL,'37',NULL,NULL,NULL,NULL,NULL,NULL,NULL,NULL,NULL,0,NULL,NULL,NULL,NULL,NULL,NULL,NULL,NULL,NULL,'admin',0,'N',NULL,NULL,NULL,NULL,1),(201,1,'N','I',2,199,'2006-10-30 00:00:00','I',NULL,'37',NULL,NULL,NULL,NULL,NULL,NULL,NULL,NULL,NULL,0,NULL,NULL,NULL,NULL,NULL,NULL,NULL,NULL,NULL,'admin',0,'N',NULL,NULL,NULL,NULL,1),(202,1,'N','I',2,200,'2006-10-30 00:00:00','I',NULL,'3',NULL,NULL,NULL,NULL,NULL,NULL,NULL,NULL,NULL,0,NULL,NULL,NULL,NULL,NULL,NULL,NULL,NULL,NULL,'admin',0,'N',NULL,NULL,NULL,NULL,1),(204,1,'N','F',0,202,'2006-10-28 00:00:00','I',NULL,'26',NULL,NULL,NULL,NULL,NULL,NULL,NULL,NULL,NULL,0,NULL,NULL,NULL,NULL,NULL,NULL,NULL,NULL,NULL,'admin',0,'N',NULL,NULL,NULL,NULL,1),(205,1,'N','F',0,203,'2006-10-30 00:00:00','I',NULL,'44',NULL,NULL,NULL,NULL,NULL,NULL,NULL,NULL,NULL,0,NULL,NULL,NULL,NULL,NULL,NULL,NULL,NULL,NULL,'admin',0,'N',NULL,NULL,NULL,NULL,1),(206,1,'N','F',0,204,'2006-10-30 00:00:00','I',NULL,'44',NULL,NULL,NULL,NULL,NULL,NULL,NULL,NULL,NULL,0,NULL,NULL,NULL,NULL,NULL,NULL,NULL,NULL,NULL,'admin',0,'N',NULL,NULL,NULL,NULL,1),(207,1,'N','F',0,205,'2006-10-31 00:00:00','R',NULL,'39',NULL,NULL,NULL,NULL,NULL,NULL,NULL,NULL,NULL,0,NULL,NULL,NULL,NULL,NULL,NULL,NULL,NULL,NULL,'admin',0,'N',NULL,NULL,NULL,NULL,1),(208,1,'N','F',0,206,'2006-10-31 00:00:00','A',NULL,'15',NULL,NULL,NULL,NULL,NULL,NULL,NULL,NULL,NULL,0,NULL,NULL,NULL,NULL,NULL,NULL,NULL,NULL,NULL,'admin',0,'N',NULL,NULL,NULL,NULL,1),(209,1,'N','F',0,208,'2006-10-31 00:00:00','I',NULL,'15',NULL,NULL,NULL,NULL,NULL,NULL,NULL,NULL,NULL,0,NULL,NULL,NULL,NULL,NULL,NULL,NULL,NULL,NULL,'admin',0,'N',NULL,NULL,NULL,NULL,1),(213,1,'N','I',887,214,'2006-11-01 00:00:00','I',NULL,'44',NULL,NULL,NULL,NULL,NULL,NULL,NULL,NULL,NULL,0,NULL,NULL,NULL,NULL,NULL,NULL,NULL,NULL,NULL,'admin',0,'N',NULL,NULL,NULL,NULL,1),(214,1,'N','I',884,215,'2006-10-31 00:00:00','I',NULL,'48',NULL,NULL,NULL,NULL,NULL,NULL,NULL,NULL,NULL,0,NULL,NULL,NULL,NULL,NULL,NULL,NULL,NULL,NULL,'admin',0,'N',NULL,NULL,NULL,NULL,1),(215,1,'N','I',884,216,'2006-10-31 00:00:00','I',NULL,'44',NULL,NULL,NULL,NULL,NULL,NULL,NULL,NULL,NULL,0,NULL,NULL,NULL,NULL,NULL,NULL,NULL,NULL,NULL,'admin',0,'N',NULL,NULL,NULL,NULL,1),(216,1,'N','I',885,217,'2006-10-31 00:00:00','I',NULL,'40',NULL,NULL,NULL,NULL,NULL,NULL,NULL,NULL,NULL,0,NULL,NULL,NULL,NULL,NULL,NULL,NULL,NULL,NULL,'admin',0,'N',NULL,NULL,NULL,NULL,1),(217,1,'N','I',886,218,'2006-10-31 00:00:00','I',NULL,'43',NULL,NULL,NULL,NULL,NULL,NULL,NULL,NULL,NULL,0,NULL,NULL,NULL,NULL,NULL,NULL,NULL,NULL,NULL,'admin',0,'N',NULL,NULL,NULL,NULL,1),(218,1,'N','I',888,219,'2006-11-01 00:00:00','I',NULL,'19',NULL,NULL,NULL,NULL,NULL,NULL,NULL,NULL,NULL,0,NULL,NULL,NULL,NULL,NULL,NULL,NULL,NULL,NULL,'admin',0,'N',NULL,NULL,NULL,NULL,1),(219,1,'N','I',889,220,'2006-11-02 00:00:00','I',NULL,'39',NULL,NULL,NULL,NULL,NULL,NULL,NULL,NULL,NULL,0,NULL,NULL,NULL,NULL,NULL,NULL,NULL,NULL,NULL,'admin',0,'N',NULL,NULL,NULL,NULL,1),(220,1,'N','I',890,221,'2006-11-02 00:00:00','I',NULL,'15',NULL,NULL,NULL,NULL,NULL,NULL,NULL,NULL,NULL,0,NULL,NULL,NULL,NULL,NULL,NULL,NULL,NULL,NULL,'admin',0,'N',NULL,NULL,NULL,NULL,1),(221,1,'N','I',891,222,'2006-11-02 00:00:00','I',NULL,'44',NULL,NULL,NULL,NULL,NULL,NULL,NULL,NULL,NULL,0,NULL,NULL,NULL,NULL,NULL,NULL,NULL,NULL,NULL,'admin',0,'N',NULL,NULL,NULL,NULL,1),(222,1,'N','I',892,223,'2006-11-02 00:00:00','I',NULL,'15',NULL,NULL,NULL,NULL,NULL,NULL,NULL,NULL,NULL,0,NULL,NULL,NULL,NULL,NULL,NULL,NULL,NULL,NULL,'admin',0,'N',NULL,NULL,NULL,NULL,1),(223,1,'N','I',893,224,'2006-11-02 00:00:00','I',NULL,'17',NULL,NULL,NULL,NULL,NULL,NULL,NULL,NULL,NULL,0,NULL,NULL,NULL,NULL,NULL,NULL,NULL,NULL,NULL,'admin',0,'N',NULL,NULL,NULL,NULL,1),(224,1,'N','C',4703,225,'2006-11-01 00:00:00','I',NULL,'30',NULL,NULL,NULL,NULL,NULL,NULL,NULL,NULL,NULL,0,NULL,NULL,NULL,NULL,NULL,NULL,NULL,NULL,NULL,'admin',0,'N',NULL,NULL,NULL,NULL,1),(225,1,'N','C',4704,226,'2006-11-01 00:00:00','I',NULL,'39',NULL,NULL,NULL,NULL,NULL,NULL,NULL,NULL,NULL,0,NULL,NULL,NULL,NULL,NULL,NULL,NULL,NULL,NULL,'admin',0,'N',NULL,NULL,NULL,NULL,1),(226,1,'N','C',4705,227,'2006-11-01 00:00:00','I',NULL,'39',NULL,NULL,NULL,NULL,NULL,NULL,NULL,NULL,NULL,0,NULL,NULL,NULL,NULL,NULL,NULL,NULL,NULL,NULL,'admin',0,'N',NULL,NULL,NULL,NULL,1),(227,1,'N','C',4706,228,'2006-11-01 00:00:00','I',NULL,'39',NULL,NULL,NULL,NULL,NULL,NULL,NULL,NULL,NULL,0,NULL,NULL,NULL,NULL,NULL,NULL,NULL,NULL,NULL,'admin',0,'N',NULL,NULL,NULL,NULL,1),(228,1,'N','C',4707,229,'2006-11-01 00:00:00','I',NULL,'39',NULL,NULL,NULL,NULL,NULL,NULL,NULL,NULL,NULL,0,NULL,NULL,NULL,NULL,NULL,NULL,NULL,NULL,NULL,'admin',0,'N',NULL,NULL,NULL,NULL,1),(229,1,'N','C',4708,230,'2006-11-01 00:00:00','I',NULL,'30',NULL,NULL,NULL,NULL,NULL,NULL,NULL,NULL,NULL,0,NULL,NULL,NULL,NULL,NULL,NULL,NULL,NULL,NULL,'admin',0,'N',NULL,NULL,NULL,NULL,1),(230,1,'N','C',4709,231,'2006-11-01 00:00:00','I',NULL,'39',NULL,NULL,NULL,NULL,NULL,NULL,NULL,NULL,NULL,0,NULL,NULL,NULL,NULL,NULL,NULL,NULL,NULL,NULL,'admin',1,'N',NULL,NULL,NULL,NULL,1),(231,1,'N','C',4710,232,'2006-11-01 00:00:00','I',NULL,'39',NULL,NULL,NULL,NULL,NULL,NULL,NULL,NULL,NULL,0,NULL,NULL,NULL,NULL,NULL,NULL,NULL,NULL,NULL,'admin',0,'N',NULL,NULL,NULL,NULL,1),(232,1,'N','C',4711,233,'2006-11-01 00:00:00','I',NULL,'39',NULL,NULL,NULL,NULL,NULL,NULL,NULL,NULL,NULL,0,NULL,NULL,NULL,NULL,NULL,NULL,NULL,NULL,NULL,'admin',0,'N',NULL,NULL,NULL,NULL,1),(233,1,'N','C',4712,234,'2006-11-01 00:00:00','I',NULL,'39',NULL,NULL,NULL,NULL,NULL,NULL,NULL,NULL,NULL,0,NULL,NULL,NULL,NULL,NULL,NULL,NULL,NULL,NULL,'admin',0,'N',NULL,NULL,NULL,NULL,1),(234,1,'N','C',4713,235,'2006-11-01 00:00:00','I',NULL,'39',NULL,NULL,NULL,NULL,NULL,NULL,NULL,NULL,NULL,0,NULL,NULL,NULL,NULL,NULL,NULL,NULL,NULL,NULL,'admin',0,'N',NULL,NULL,NULL,NULL,1),(235,1,'N','C',4714,236,'2006-11-01 00:00:00','I',NULL,'12',NULL,NULL,NULL,NULL,NULL,NULL,NULL,NULL,NULL,0,NULL,NULL,NULL,NULL,NULL,NULL,NULL,NULL,NULL,'admin',0,'N',NULL,NULL,NULL,NULL,1),(236,1,'N','C',4715,237,'2006-11-01 00:00:00','I',NULL,'39',NULL,NULL,NULL,NULL,NULL,NULL,NULL,NULL,NULL,0,NULL,NULL,NULL,NULL,NULL,NULL,NULL,NULL,NULL,'admin',0,'N',NULL,NULL,NULL,NULL,1),(237,1,'N','C',4716,238,'2006-11-01 00:00:00','I',NULL,'12',NULL,NULL,NULL,NULL,NULL,NULL,NULL,NULL,NULL,0,NULL,NULL,NULL,NULL,NULL,NULL,NULL,NULL,NULL,'admin',0,'N',NULL,NULL,NULL,NULL,1),(238,1,'N','C',4717,239,'2006-11-01 00:00:00','I',NULL,'39',NULL,NULL,NULL,NULL,NULL,NULL,NULL,NULL,NULL,0,NULL,NULL,NULL,NULL,NULL,NULL,NULL,NULL,NULL,'admin',0,'N',NULL,NULL,NULL,NULL,1),(239,1,'N','C',4718,240,'2006-11-01 00:00:00','I',NULL,'30',NULL,NULL,NULL,NULL,NULL,NULL,NULL,NULL,NULL,0,NULL,NULL,NULL,NULL,NULL,NULL,NULL,NULL,NULL,'admin',0,'N',NULL,NULL,NULL,NULL,1),(240,1,'N','C',4719,241,'2006-11-01 00:00:00','I',NULL,'30',NULL,NULL,NULL,NULL,NULL,NULL,NULL,NULL,NULL,0,NULL,NULL,NULL,NULL,NULL,NULL,NULL,NULL,NULL,'admin',0,'N',NULL,NULL,NULL,NULL,1),(241,1,'N','C',4720,242,'2006-11-01 00:00:00','I',NULL,'30',NULL,NULL,NULL,NULL,NULL,NULL,NULL,NULL,NULL,0,NULL,NULL,NULL,NULL,NULL,NULL,NULL,NULL,NULL,'admin',0,'N',NULL,NULL,NULL,NULL,1),(242,1,'N','C',4721,243,'2006-11-01 00:00:00','I',NULL,'39',NULL,NULL,NULL,NULL,NULL,NULL,NULL,NULL,NULL,0,NULL,NULL,NULL,NULL,NULL,NULL,NULL,NULL,NULL,'admin',0,'N',NULL,NULL,NULL,NULL,1),(243,1,'N','C',4722,244,'2006-11-01 00:00:00','I',NULL,'39',NULL,NULL,NULL,NULL,NULL,NULL,NULL,NULL,NULL,0,NULL,NULL,NULL,NULL,NULL,NULL,NULL,NULL,NULL,'admin',0,'N',NULL,NULL,NULL,NULL,1),(244,1,'N','C',4723,245,'2006-11-02 00:00:00','I',NULL,'42',NULL,NULL,NULL,NULL,NULL,NULL,NULL,NULL,NULL,0,NULL,NULL,NULL,NULL,NULL,NULL,NULL,NULL,NULL,'admin',0,'N',NULL,NULL,NULL,NULL,1),(245,1,'N','C',4724,246,'2006-11-02 00:00:00','I',NULL,'39',NULL,NULL,NULL,NULL,NULL,NULL,NULL,NULL,NULL,0,NULL,NULL,NULL,NULL,NULL,NULL,NULL,NULL,NULL,'admin',0,'N',NULL,NULL,NULL,NULL,1),(246,1,'N','C',4725,247,'2006-11-02 00:00:00','I',NULL,'39',NULL,NULL,NULL,NULL,NULL,NULL,NULL,NULL,NULL,0,NULL,NULL,NULL,NULL,NULL,NULL,NULL,NULL,NULL,'admin',0,'N',NULL,NULL,NULL,NULL,1),(247,1,'N','C',4726,248,'2006-11-02 00:00:00','I',NULL,'12',NULL,NULL,NULL,NULL,NULL,NULL,NULL,NULL,NULL,0,NULL,NULL,NULL,NULL,NULL,NULL,NULL,NULL,NULL,'admin',0,'N',NULL,NULL,NULL,NULL,1),(248,1,'N','C',4727,249,'2006-11-02 00:00:00','I',NULL,'39',NULL,NULL,NULL,NULL,NULL,NULL,NULL,NULL,NULL,0,NULL,NULL,NULL,NULL,NULL,NULL,NULL,NULL,NULL,'admin',0,'N',NULL,NULL,NULL,NULL,1),(249,1,'N','C',4728,250,'2006-11-02 00:00:00','I',NULL,'39',NULL,NULL,NULL,NULL,NULL,NULL,NULL,NULL,NULL,0,NULL,NULL,NULL,NULL,NULL,NULL,NULL,NULL,NULL,'admin',0,'N',NULL,NULL,NULL,NULL,1),(250,1,'N','C',4729,251,'2006-11-02 00:00:00','I',NULL,'39',NULL,NULL,NULL,NULL,NULL,NULL,NULL,NULL,NULL,0,NULL,NULL,NULL,NULL,NULL,NULL,NULL,NULL,NULL,'admin',0,'N',NULL,NULL,NULL,NULL,1),(251,1,'N','C',4730,252,'2006-11-02 00:00:00','I',NULL,'39',NULL,NULL,NULL,NULL,NULL,NULL,NULL,NULL,NULL,0,NULL,NULL,NULL,NULL,NULL,NULL,NULL,NULL,NULL,'admin',0,'N',NULL,NULL,NULL,NULL,1),(252,1,'N','C',4731,253,'2006-11-02 00:00:00','I',NULL,'39',NULL,NULL,NULL,NULL,NULL,NULL,NULL,NULL,NULL,0,NULL,NULL,NULL,NULL,NULL,NULL,NULL,NULL,NULL,'admin',0,'N',NULL,NULL,NULL,NULL,1),(253,1,'N','C',4732,254,'2006-11-02 00:00:00','I',NULL,'39',NULL,NULL,NULL,NULL,NULL,NULL,NULL,NULL,NULL,0,NULL,NULL,NULL,NULL,NULL,NULL,NULL,NULL,NULL,'admin',0,'N',NULL,NULL,NULL,NULL,1),(254,1,'N','C',4733,256,'2006-11-02 00:00:00','I',NULL,'13',NULL,NULL,NULL,NULL,NULL,NULL,NULL,NULL,NULL,0,NULL,NULL,NULL,NULL,NULL,NULL,NULL,NULL,NULL,'admin',0,'N',NULL,NULL,NULL,NULL,1),(255,0,'N','C',4734,257,'2006-11-02 00:00:00','I',NULL,'12','12',NULL,NULL,NULL,NULL,NULL,'2006-11-02 00:00:00','D',NULL,0,NULL,NULL,NULL,NULL,NULL,NULL,NULL,NULL,NULL,'admin',0,'N',NULL,NULL,NULL,NULL,1),(256,1,'N','C',4735,258,'2006-11-02 00:00:00','I',NULL,'39',NULL,NULL,NULL,NULL,NULL,NULL,NULL,NULL,NULL,0,NULL,NULL,NULL,NULL,NULL,NULL,NULL,NULL,NULL,'admin',0,'N',NULL,NULL,NULL,NULL,1),(257,1,'P','M',2,255,'2006-11-02 00:00:00','I',NULL,NULL,NULL,NULL,NULL,NULL,NULL,NULL,NULL,NULL,NULL,0,'2006-11-02 00:00:00',NULL,'2006-11-02 00:00:00','N','A',2.5,NULL,NULL,NULL,'admin',0,'N',NULL,NULL,NULL,NULL,1),(258,1,'N','C',4736,259,'2006-11-02 00:00:00','I',NULL,'39',NULL,NULL,NULL,NULL,NULL,NULL,NULL,NULL,NULL,0,NULL,NULL,NULL,NULL,NULL,NULL,NULL,NULL,NULL,'admin',0,'N',NULL,NULL,NULL,NULL,1),(259,1,'N','C',4737,261,'2006-11-02 00:00:00','I',NULL,'15',NULL,NULL,NULL,NULL,NULL,NULL,NULL,NULL,NULL,0,NULL,NULL,NULL,NULL,NULL,NULL,NULL,NULL,NULL,'admin',0,'N',NULL,NULL,NULL,NULL,1),(260,1,'N','C',4738,262,'2006-11-02 00:00:00','I',NULL,'39',NULL,NULL,NULL,NULL,NULL,NULL,NULL,NULL,NULL,0,NULL,NULL,NULL,NULL,NULL,NULL,NULL,NULL,NULL,'admin',0,'N',NULL,NULL,NULL,NULL,1),(261,1,'P','M',2,260,'2006-11-02 00:00:00','I',NULL,NULL,NULL,NULL,NULL,NULL,NULL,NULL,NULL,NULL,NULL,0,'2006-11-02 00:00:00',NULL,'2006-11-02 00:00:00','N','A',2.9,NULL,NULL,NULL,'admin',0,'N',NULL,NULL,NULL,NULL,1),(262,1,'N','C',4739,263,'2006-11-02 00:00:00','I',NULL,'39',NULL,NULL,NULL,NULL,NULL,NULL,NULL,NULL,NULL,0,NULL,NULL,NULL,NULL,NULL,NULL,NULL,NULL,NULL,'admin',0,'N',NULL,NULL,NULL,NULL,1),(263,1,'N','C',4740,265,'2006-11-02 00:00:00','I',NULL,'39',NULL,NULL,NULL,NULL,NULL,NULL,NULL,NULL,NULL,0,NULL,NULL,NULL,NULL,NULL,NULL,NULL,NULL,NULL,'admin',0,'N',NULL,NULL,NULL,NULL,1),(264,1,'P','M',2,264,'2006-11-02 00:00:00','I',NULL,'47',NULL,NULL,NULL,NULL,NULL,NULL,NULL,NULL,NULL,0,NULL,NULL,NULL,NULL,NULL,NULL,NULL,NULL,NULL,'admin',0,'N',NULL,NULL,NULL,NULL,1),(265,1,'N','C',4741,266,'2006-11-02 00:00:00','I',NULL,'12',NULL,NULL,NULL,NULL,NULL,NULL,NULL,NULL,NULL,0,NULL,NULL,NULL,NULL,NULL,NULL,NULL,NULL,NULL,'admin',0,'N',NULL,NULL,NULL,NULL,1),(266,1,'N','C',4742,267,'2006-11-02 00:00:00','I',NULL,'39',NULL,NULL,NULL,NULL,NULL,NULL,NULL,NULL,NULL,0,NULL,NULL,NULL,NULL,NULL,NULL,NULL,NULL,NULL,'admin',0,'N',NULL,NULL,NULL,NULL,1),(267,1,'N','C',4743,268,'2006-11-02 00:00:00','I',NULL,'15',NULL,NULL,NULL,NULL,NULL,NULL,NULL,NULL,NULL,0,NULL,NULL,NULL,NULL,NULL,NULL,NULL,NULL,NULL,'admin',0,'N',NULL,NULL,NULL,NULL,1),(268,1,'N','F',760,269,'2006-11-02 00:00:00','I',NULL,'44',NULL,NULL,NULL,NULL,NULL,NULL,NULL,NULL,NULL,0,NULL,NULL,NULL,NULL,NULL,NULL,NULL,NULL,NULL,'admin',0,'N',NULL,NULL,NULL,NULL,1),(269,1,'N','C',4744,270,'2006-11-02 00:00:00','I',NULL,'15',NULL,NULL,NULL,NULL,NULL,NULL,NULL,NULL,NULL,0,NULL,NULL,NULL,NULL,NULL,NULL,NULL,NULL,NULL,'admin',0,'N',NULL,NULL,NULL,NULL,1),(270,1,'N','F',761,271,'2006-11-03 00:00:00','I',NULL,'44',NULL,NULL,NULL,NULL,NULL,NULL,NULL,NULL,NULL,0,NULL,NULL,NULL,NULL,NULL,NULL,NULL,NULL,NULL,'admin',0,'N',NULL,NULL,NULL,NULL,1),(271,1,'N','F',762,273,'2006-11-03 00:00:00','I',NULL,NULL,NULL,NULL,NULL,NULL,NULL,NULL,NULL,NULL,NULL,0,NULL,NULL,NULL,NULL,NULL,NULL,NULL,NULL,NULL,'admin',0,'N',NULL,NULL,NULL,NULL,1),(272,1,'N','C',4745,272,'2006-11-03 00:00:00','I',NULL,'39',NULL,NULL,NULL,NULL,NULL,NULL,NULL,NULL,NULL,0,NULL,NULL,NULL,NULL,NULL,NULL,NULL,NULL,NULL,'admin',0,'N',NULL,NULL,NULL,NULL,1),(273,1,'N','F',763,274,'2006-11-03 00:00:00','I',NULL,'39',NULL,NULL,NULL,NULL,NULL,NULL,NULL,NULL,NULL,0,NULL,NULL,NULL,NULL,NULL,NULL,NULL,NULL,NULL,'admin',0,'N',NULL,NULL,NULL,NULL,1),(274,1,'N','C',4746,275,'2006-11-03 00:00:00','I',NULL,'42',NULL,NULL,NULL,NULL,NULL,NULL,NULL,NULL,NULL,0,NULL,NULL,NULL,NULL,NULL,NULL,NULL,NULL,NULL,'admin',0,'N',NULL,NULL,NULL,NULL,1),(275,1,'N','C',4747,276,'2006-11-03 00:00:00','I',NULL,'39',NULL,NULL,NULL,NULL,NULL,NULL,NULL,NULL,NULL,0,NULL,NULL,NULL,NULL,NULL,NULL,NULL,NULL,NULL,'admin',0,'N',NULL,NULL,NULL,NULL,1),(276,1,'N','C',4748,277,'2006-11-03 00:00:00','I',NULL,'39',NULL,NULL,NULL,NULL,NULL,NULL,NULL,NULL,NULL,0,NULL,NULL,NULL,NULL,NULL,NULL,NULL,NULL,NULL,'admin',0,'N',NULL,NULL,NULL,NULL,1),(277,1,'N','C',4749,278,'2006-11-03 00:00:00','I',NULL,'39',NULL,NULL,NULL,NULL,NULL,NULL,NULL,NULL,NULL,0,NULL,NULL,NULL,NULL,NULL,NULL,NULL,NULL,NULL,'admin',0,'N',NULL,NULL,NULL,NULL,1),(278,1,'N','C',4750,279,'2006-11-03 00:00:00','I',NULL,'46',NULL,NULL,NULL,NULL,NULL,NULL,NULL,NULL,NULL,0,NULL,NULL,NULL,NULL,NULL,NULL,NULL,NULL,NULL,'admin',0,'N',NULL,NULL,NULL,NULL,1),(279,1,'N','C',4751,280,'2006-11-03 00:00:00','I',NULL,'39',NULL,NULL,NULL,NULL,NULL,NULL,NULL,NULL,NULL,0,NULL,NULL,NULL,NULL,NULL,NULL,NULL,NULL,NULL,'admin',0,'N',NULL,NULL,NULL,NULL,1),(280,1,'N','C',4752,281,'2006-11-03 00:00:00','I',NULL,'39',NULL,NULL,NULL,NULL,NULL,NULL,NULL,NULL,NULL,0,NULL,NULL,NULL,NULL,NULL,NULL,NULL,NULL,NULL,'admin',0,'N',NULL,NULL,NULL,NULL,1),(281,1,'N','C',4753,282,'2006-11-03 00:00:00','I',NULL,'39',NULL,NULL,NULL,NULL,NULL,NULL,NULL,NULL,NULL,0,NULL,NULL,NULL,NULL,NULL,NULL,NULL,NULL,NULL,'admin',0,'N',NULL,NULL,NULL,NULL,1),(282,1,'N','C',4754,283,'2006-11-03 00:00:00','I',NULL,'39',NULL,NULL,NULL,NULL,NULL,NULL,NULL,NULL,NULL,0,NULL,NULL,NULL,NULL,NULL,NULL,NULL,NULL,NULL,'admin',0,'N',NULL,NULL,NULL,NULL,1),(283,1,'N','C',4755,284,'2006-11-03 00:00:00','I',NULL,'39',NULL,NULL,NULL,NULL,NULL,NULL,NULL,NULL,NULL,0,NULL,NULL,NULL,NULL,NULL,NULL,NULL,NULL,NULL,'admin',0,'N',NULL,NULL,NULL,NULL,1),(284,0,'N','I',793,285,'2006-10-10 00:00:00','I',NULL,'14','14',NULL,NULL,NULL,NULL,NULL,'2006-10-28 00:00:00','B',NULL,0,NULL,NULL,NULL,NULL,NULL,NULL,NULL,NULL,NULL,'admin',0,'N',NULL,NULL,NULL,NULL,1),(285,1,'N','C',4756,286,'2006-11-03 00:00:00','I',NULL,'30',NULL,NULL,NULL,NULL,NULL,NULL,NULL,NULL,NULL,0,NULL,NULL,NULL,NULL,NULL,NULL,NULL,NULL,NULL,'admin',0,'N',NULL,NULL,NULL,NULL,1),(286,0,'N','I',820,287,'2006-10-16 00:00:00','I',NULL,'48','46',NULL,NULL,NULL,NULL,NULL,'2006-10-28 00:00:00','B',NULL,0,NULL,NULL,NULL,NULL,NULL,NULL,NULL,NULL,NULL,'admin',0,'N',NULL,NULL,NULL,NULL,1),(287,0,'N','I',761,288,'2006-10-18 00:00:00','I',NULL,'95','95',NULL,NULL,NULL,NULL,NULL,'2006-10-28 00:00:00','B',NULL,0,NULL,NULL,NULL,NULL,NULL,NULL,NULL,NULL,NULL,'admin',0,'N',NULL,NULL,NULL,NULL,1),(288,0,'N','I',805,157,'2006-10-13 00:00:00','I',NULL,'108','108',NULL,NULL,NULL,NULL,NULL,'2006-10-28 00:00:00','EQ',NULL,0,NULL,NULL,NULL,NULL,NULL,NULL,NULL,NULL,NULL,'admin',0,'N',NULL,NULL,NULL,NULL,1),(289,0,'N','I',745,289,'2006-09-28 00:00:00','I',NULL,'102','102',NULL,NULL,NULL,NULL,NULL,'2006-10-28 00:00:00','EQ',NULL,0,NULL,NULL,NULL,NULL,NULL,NULL,NULL,NULL,NULL,'admin',0,'N',NULL,NULL,NULL,NULL,1),(290,0,'N','I',813,290,'2006-10-16 00:00:00','I',NULL,'49','49',NULL,NULL,NULL,NULL,NULL,'2006-10-28 00:00:00','EQ',NULL,0,NULL,NULL,NULL,NULL,NULL,NULL,NULL,NULL,NULL,'admin',0,'N',NULL,NULL,NULL,NULL,1),(291,0,'N','I',741,291,'2006-10-25 00:00:00','I',NULL,'14','14',NULL,NULL,NULL,NULL,NULL,'2006-10-28 00:00:00','EQ',NULL,0,NULL,NULL,NULL,NULL,NULL,NULL,NULL,NULL,NULL,'admin',0,'N',NULL,NULL,NULL,NULL,1),(292,0,'N','I',810,292,'2006-10-14 00:00:00','I',NULL,'104','104',NULL,NULL,NULL,NULL,NULL,'2006-10-26 00:00:00','EQ',NULL,0,NULL,NULL,NULL,NULL,NULL,NULL,NULL,NULL,NULL,'admin',0,'N',NULL,NULL,NULL,NULL,1),(293,0,'N','I',747,293,'2006-09-28 00:00:00','I',NULL,'44','44',NULL,NULL,NULL,NULL,NULL,'2006-10-25 00:00:00','EQ',NULL,0,NULL,NULL,NULL,NULL,NULL,NULL,NULL,NULL,NULL,'admin',0,'N',NULL,NULL,NULL,NULL,1),(294,0,'N','I',748,294,'2006-09-29 00:00:00','I',NULL,'44','29',NULL,NULL,NULL,NULL,NULL,'2006-10-25 00:00:00','EQ',NULL,0,NULL,NULL,NULL,NULL,NULL,NULL,NULL,NULL,NULL,'admin',0,'N',NULL,NULL,NULL,NULL,1),(295,0,'N','I',751,295,'2006-10-01 00:00:00','I',NULL,'84','84',NULL,NULL,NULL,NULL,NULL,'2006-10-25 00:00:00','EQ',NULL,0,NULL,NULL,NULL,NULL,NULL,NULL,NULL,NULL,NULL,'admin',0,'N',NULL,NULL,NULL,NULL,1),(296,0,'N','I',749,296,'2006-09-30 00:00:00','I',NULL,'23','23',NULL,NULL,NULL,NULL,NULL,'2006-10-24 00:00:00','EQ',NULL,0,NULL,NULL,NULL,NULL,NULL,NULL,NULL,NULL,NULL,'admin',0,'N',NULL,NULL,NULL,NULL,1),(297,0,'N','I',830,297,'2006-10-10 00:00:00','I',NULL,'40','40',NULL,NULL,NULL,NULL,NULL,'2006-10-24 00:00:00','EQ',NULL,0,NULL,NULL,NULL,NULL,NULL,NULL,NULL,NULL,NULL,'admin',0,'N',NULL,NULL,NULL,NULL,1),(298,0,'N','I',822,298,'2006-10-17 00:00:00','I',NULL,'48','47',NULL,NULL,NULL,NULL,NULL,'2006-10-24 00:00:00','EQ',NULL,0,NULL,NULL,NULL,NULL,NULL,NULL,NULL,NULL,NULL,'admin',0,'N',NULL,NULL,NULL,NULL,1),(299,0,'N','I',823,299,'2006-10-17 00:00:00','I',NULL,'40','40',NULL,NULL,NULL,NULL,NULL,'2006-10-24 00:00:00','EQ',NULL,0,NULL,NULL,NULL,NULL,NULL,NULL,NULL,NULL,NULL,'admin',0,'N',NULL,NULL,NULL,NULL,1),(300,0,'N','I',776,300,'2006-10-07 00:00:00','I',NULL,'39','39',NULL,NULL,NULL,NULL,NULL,'2006-10-24 00:00:00','EQ',NULL,0,NULL,NULL,NULL,NULL,NULL,NULL,NULL,NULL,NULL,'admin',0,'N',NULL,NULL,NULL,NULL,1),(301,0,'N','I',764,301,'2006-10-18 00:00:00','I',NULL,'90','90',NULL,NULL,NULL,NULL,NULL,'2006-10-24 00:00:00','EQ',NULL,0,NULL,NULL,NULL,NULL,NULL,NULL,NULL,NULL,NULL,'admin',0,'N',NULL,NULL,NULL,NULL,1),(302,0,'N','I',815,302,'2006-10-16 00:00:00','I',NULL,'39','46',NULL,NULL,NULL,NULL,NULL,'2006-10-24 00:00:00','EQ',NULL,0,NULL,NULL,NULL,NULL,NULL,NULL,NULL,NULL,NULL,'admin',0,'N',NULL,NULL,NULL,NULL,1),(303,0,'N','I',811,303,'2006-10-15 00:00:00','I',NULL,'24','24',NULL,NULL,NULL,NULL,NULL,'2006-10-24 00:00:00','EQ',NULL,0,NULL,NULL,NULL,NULL,NULL,NULL,NULL,NULL,NULL,'admin',0,'N',NULL,NULL,NULL,NULL,1),(304,0,'N','I',632,304,'2006-10-17 00:00:00','I',NULL,'48','48',NULL,NULL,NULL,NULL,NULL,'2006-10-24 00:00:00','EQ',NULL,0,NULL,NULL,NULL,NULL,NULL,NULL,NULL,NULL,NULL,'admin',0,'N',NULL,NULL,NULL,NULL,1),(305,0,'N','I',828,305,'2006-10-18 00:00:00','I',NULL,'68','68',NULL,NULL,NULL,NULL,NULL,'2006-10-24 00:00:00','EQ',NULL,0,NULL,NULL,NULL,NULL,NULL,NULL,NULL,NULL,NULL,'admin',0,'N',NULL,NULL,NULL,NULL,1),(306,0,'N','I',773,306,'2006-10-05 00:00:00','I',NULL,'90','90',NULL,NULL,NULL,NULL,NULL,'2006-10-21 00:00:00','EQ',NULL,0,NULL,NULL,NULL,NULL,NULL,NULL,NULL,NULL,NULL,'admin',0,'N',NULL,NULL,NULL,NULL,1),(307,0,'N','I',819,307,'2006-10-16 00:00:00','I',NULL,'108','108',NULL,NULL,NULL,NULL,NULL,'2006-10-21 00:00:00','EQ',NULL,0,NULL,NULL,NULL,NULL,NULL,NULL,NULL,NULL,NULL,'admin',0,'N',NULL,NULL,NULL,NULL,1),(308,0,'N','I',775,308,'2006-10-04 00:00:00','I',NULL,'88','88',NULL,NULL,NULL,NULL,NULL,'2006-10-19 00:00:00','EQ',NULL,0,NULL,NULL,NULL,NULL,NULL,NULL,NULL,NULL,NULL,'admin',0,'N',NULL,NULL,NULL,NULL,1),(309,0,'N','I',766,309,'2006-10-05 00:00:00','I',NULL,'14','14',NULL,NULL,NULL,NULL,NULL,'2006-10-19 00:00:00','EQ',NULL,0,NULL,NULL,NULL,NULL,NULL,NULL,NULL,NULL,NULL,'admin',0,'N',NULL,NULL,NULL,NULL,1),(310,0,'N','I',740,310,'2006-09-27 00:00:00','I',NULL,'100','100',NULL,NULL,NULL,NULL,NULL,'2006-10-19 00:00:00','EQ',NULL,0,NULL,NULL,NULL,NULL,NULL,NULL,NULL,NULL,NULL,'admin',0,'N',NULL,NULL,NULL,NULL,1),(311,0,'N','I',770,311,'2006-10-05 00:00:00','I',NULL,'95','95',NULL,NULL,NULL,NULL,NULL,'2006-10-19 00:00:00','EQ',NULL,0,NULL,NULL,NULL,NULL,NULL,NULL,NULL,NULL,NULL,'admin',0,'N',NULL,NULL,NULL,NULL,1),(312,0,'N','I',638,312,'2006-08-18 00:00:00','I',NULL,'44','44',NULL,NULL,NULL,NULL,NULL,'2006-10-17 00:00:00','EQ',NULL,0,NULL,NULL,NULL,NULL,NULL,NULL,NULL,NULL,NULL,'admin',0,'N',NULL,NULL,NULL,NULL,1),(313,0,'N','I',774,313,'2006-10-06 00:00:00','I',NULL,'49','49',NULL,NULL,NULL,NULL,NULL,'2006-10-16 00:00:00','EQ',NULL,0,NULL,NULL,NULL,NULL,NULL,NULL,NULL,NULL,NULL,'admin',0,'N',NULL,NULL,NULL,NULL,1),(314,0,'N','I',769,314,'2006-10-05 00:00:00','I',NULL,'84','84',NULL,NULL,NULL,NULL,NULL,'2006-10-16 00:00:00','EQ',NULL,0,NULL,NULL,NULL,NULL,NULL,NULL,NULL,NULL,NULL,'admin',0,'N',NULL,NULL,NULL,NULL,1),(315,0,'N','I',760,315,'2006-10-04 00:00:00','I',NULL,'48','48',NULL,NULL,NULL,NULL,NULL,'2006-10-14 00:00:00','D',NULL,0,NULL,NULL,NULL,NULL,NULL,NULL,NULL,NULL,NULL,'admin',0,'N',NULL,NULL,NULL,NULL,1),(316,0,'N','I',756,316,'2006-10-03 00:00:00','I',NULL,'90','90',NULL,NULL,NULL,NULL,NULL,'2006-10-14 00:00:00','EQ',NULL,0,NULL,NULL,NULL,NULL,NULL,NULL,NULL,NULL,NULL,'admin',0,'N',NULL,NULL,NULL,NULL,1),(317,0,'N','I',712,317,'2006-09-15 00:00:00','I',NULL,'16','16',NULL,NULL,NULL,NULL,NULL,'2006-10-14 00:00:00','EQ',NULL,0,NULL,NULL,NULL,NULL,NULL,NULL,NULL,NULL,NULL,'admin',0,'N',NULL,NULL,NULL,NULL,1),(318,0,'N','I',736,318,'2006-09-25 00:00:00','I',NULL,'87','87',NULL,NULL,NULL,NULL,NULL,'2006-10-14 00:00:00','EQ',NULL,0,NULL,NULL,NULL,NULL,NULL,NULL,NULL,NULL,NULL,'admin',0,'N',NULL,NULL,NULL,NULL,1),(319,0,'N','I',725,319,'2006-09-21 00:00:00','I',NULL,'18','18',NULL,NULL,NULL,NULL,NULL,'2006-10-02 00:00:00','EQ',NULL,0,NULL,NULL,NULL,NULL,NULL,NULL,NULL,NULL,NULL,'admin',0,'N',NULL,NULL,NULL,NULL,1),(320,0,'N','I',735,320,'2006-09-25 00:00:00','I',NULL,'39','39',NULL,NULL,NULL,NULL,NULL,'2006-10-02 00:00:00','EQ',NULL,0,NULL,NULL,NULL,NULL,NULL,NULL,NULL,NULL,NULL,'admin',0,'N',NULL,NULL,NULL,NULL,1),(321,0,'N','I',702,321,'2006-09-11 00:00:00','I',NULL,'14','14',NULL,NULL,NULL,NULL,NULL,'2006-10-04 00:00:00','EQ',NULL,0,NULL,NULL,NULL,NULL,NULL,NULL,NULL,NULL,NULL,'admin',0,'N',NULL,NULL,NULL,NULL,1),(322,0,'N','I',754,322,'2006-10-02 00:00:00','I',NULL,'84','84',NULL,NULL,NULL,NULL,NULL,'2006-10-04 00:00:00','D',NULL,0,NULL,NULL,NULL,NULL,NULL,NULL,NULL,NULL,NULL,'admin',0,'N',NULL,NULL,NULL,NULL,1),(323,0,'N','I',758,323,'2006-10-03 00:00:00','R',NULL,'48','48',NULL,NULL,NULL,NULL,NULL,'2006-10-04 00:00:00','B',NULL,0,NULL,NULL,NULL,NULL,NULL,NULL,NULL,NULL,NULL,'admin',0,'N',NULL,NULL,NULL,NULL,1),(324,0,'N','I',724,324,'2006-09-21 00:00:00','I',NULL,'87','87',NULL,NULL,NULL,NULL,NULL,'2006-10-04 00:00:00','EQ',NULL,0,NULL,NULL,NULL,NULL,NULL,NULL,NULL,NULL,NULL,'admin',0,'N',NULL,NULL,NULL,NULL,1),(325,0,'N','I',721,325,'2006-09-20 00:00:00','I',NULL,'87','87',NULL,NULL,NULL,NULL,NULL,'2006-10-04 00:00:00','EQ',NULL,0,NULL,NULL,NULL,NULL,NULL,NULL,NULL,NULL,NULL,'admin',0,'N',NULL,NULL,NULL,NULL,1),(326,0,'N','I',753,326,'2006-10-02 00:00:00','I',NULL,'9','9',NULL,NULL,NULL,NULL,NULL,'2006-10-05 00:00:00','D',NULL,0,NULL,NULL,NULL,NULL,NULL,NULL,NULL,NULL,NULL,'admin',0,'N',NULL,NULL,NULL,NULL,1),(327,0,'N','I',750,327,'2006-10-01 00:00:00','I',NULL,'39','39',NULL,NULL,NULL,NULL,NULL,'2006-10-05 00:00:00','EQ',NULL,0,NULL,NULL,NULL,NULL,NULL,NULL,NULL,NULL,NULL,'admin',0,'N',NULL,NULL,NULL,NULL,1),(328,0,'N','I',772,328,'2006-10-05 00:00:00','I',NULL,'15','15',NULL,NULL,NULL,NULL,NULL,'2006-10-05 00:00:00','EQ',NULL,0,NULL,NULL,NULL,NULL,NULL,NULL,NULL,NULL,NULL,'admin',0,'N',NULL,NULL,NULL,NULL,1),(329,0,'N','I',752,329,'2006-10-02 00:00:00','I',NULL,'15','104',NULL,NULL,NULL,NULL,NULL,'2006-10-06 00:00:00','D',NULL,0,NULL,NULL,NULL,NULL,NULL,NULL,NULL,NULL,NULL,'admin',0,'N',NULL,NULL,NULL,NULL,1),(330,0,'N','I',765,330,'2006-10-04 00:00:00','I',NULL,'100','100',NULL,NULL,NULL,NULL,NULL,'2006-10-06 00:00:00','D',NULL,0,NULL,NULL,NULL,NULL,NULL,NULL,NULL,NULL,NULL,'admin',0,'N',NULL,NULL,NULL,NULL,1),(331,0,'N','I',722,331,'2006-09-20 00:00:00','I',NULL,'68','68',NULL,NULL,NULL,NULL,NULL,'2006-10-08 00:00:00','D',NULL,0,NULL,NULL,NULL,NULL,NULL,NULL,NULL,NULL,NULL,'admin',0,'N',NULL,NULL,NULL,NULL,1),(332,0,'N','I',777,332,'2006-10-07 00:00:00','I',NULL,'39','39',NULL,NULL,NULL,NULL,NULL,'2006-10-10 00:00:00','D',NULL,0,NULL,NULL,NULL,NULL,NULL,NULL,NULL,NULL,NULL,'admin',0,'N',NULL,NULL,NULL,NULL,1),(333,0,'N','I',763,333,'2006-10-04 00:00:00','I',NULL,'48','48',NULL,NULL,NULL,NULL,NULL,'2006-10-10 00:00:00','EQ',NULL,0,NULL,NULL,NULL,NULL,NULL,NULL,NULL,NULL,NULL,'admin',0,'N',NULL,NULL,NULL,NULL,1),(334,0,'N','I',768,334,'2006-10-05 00:00:00','I',NULL,'39','39',NULL,NULL,NULL,NULL,NULL,'2006-10-10 00:00:00','EQ',NULL,0,NULL,NULL,NULL,NULL,NULL,NULL,NULL,NULL,NULL,'admin',0,'N',NULL,NULL,NULL,NULL,1),(335,0,'N','I',742,335,'2006-09-27 00:00:00','I',NULL,'16','16',NULL,NULL,NULL,NULL,NULL,'2006-10-10 00:00:00','EQ',NULL,0,NULL,NULL,NULL,NULL,NULL,NULL,NULL,NULL,NULL,'admin',0,'N',NULL,NULL,NULL,NULL,1),(336,0,'N','I',743,336,'2006-09-27 00:00:00','I',NULL,'64','64',NULL,NULL,NULL,NULL,NULL,'2006-10-10 00:00:00','EQ',NULL,0,NULL,NULL,NULL,NULL,NULL,NULL,NULL,NULL,NULL,'admin',0,'N',NULL,NULL,NULL,NULL,1),(337,0,'N','I',771,337,'2006-10-05 00:00:00','I',NULL,'15','104',NULL,NULL,NULL,NULL,NULL,'2006-10-10 00:00:00','EQ',NULL,0,NULL,NULL,NULL,NULL,NULL,NULL,NULL,NULL,NULL,'admin',0,'N',NULL,NULL,NULL,NULL,1),(338,0,'N','I',732,338,'2006-09-25 00:00:00','I',NULL,'87','87',NULL,NULL,NULL,NULL,NULL,'2006-10-11 00:00:00','EQ',NULL,0,NULL,NULL,NULL,NULL,NULL,NULL,NULL,NULL,NULL,'admin',0,'N',NULL,NULL,NULL,NULL,1),(339,0,'N','I',734,339,'2006-09-25 00:00:00','I',NULL,'15','15',NULL,NULL,NULL,NULL,NULL,'2006-10-11 00:00:00','EQ',NULL,0,NULL,NULL,NULL,NULL,NULL,NULL,NULL,NULL,NULL,'admin',0,'N',NULL,NULL,NULL,NULL,1),(340,1,'N','C',4757,341,'2006-11-04 00:00:00','I',NULL,'15',NULL,NULL,NULL,NULL,NULL,NULL,NULL,NULL,NULL,0,NULL,NULL,NULL,NULL,NULL,NULL,NULL,NULL,NULL,'admin',0,'N',NULL,NULL,NULL,NULL,1),(341,1,'N','C',4758,342,'2006-11-04 00:00:00','I',NULL,'39',NULL,NULL,NULL,NULL,NULL,NULL,NULL,NULL,NULL,0,NULL,NULL,NULL,NULL,NULL,NULL,NULL,NULL,NULL,'admin',0,'N',NULL,NULL,NULL,NULL,1),(342,1,'N','C',4759,343,'2006-11-04 00:00:00','I',NULL,'39',NULL,NULL,NULL,NULL,NULL,NULL,NULL,NULL,NULL,0,NULL,NULL,NULL,NULL,NULL,NULL,NULL,NULL,NULL,'admin',0,'N',NULL,NULL,NULL,NULL,1),(343,0,'N','I',730,344,'2006-09-23 00:00:00','I',NULL,'87','87',NULL,NULL,NULL,NULL,NULL,'2006-10-11 00:00:00','EQ',NULL,0,NULL,NULL,NULL,NULL,NULL,NULL,NULL,NULL,NULL,'admin',0,'N',NULL,NULL,NULL,NULL,1),(344,1,'P','M',1822,345,'2006-11-02 00:00:00','I',NULL,'39',NULL,NULL,NULL,NULL,NULL,NULL,NULL,NULL,NULL,0,NULL,NULL,NULL,NULL,NULL,NULL,NULL,NULL,NULL,'admin',1,'N',NULL,NULL,NULL,NULL,1),(345,1,'P','M',1823,346,'2006-11-02 00:00:00','I',NULL,'26',NULL,NULL,NULL,'3','2006-11-06 00:00:00',NULL,NULL,NULL,NULL,0,NULL,NULL,NULL,NULL,NULL,NULL,NULL,NULL,NULL,'admin',0,'N',NULL,NULL,NULL,NULL,1),(346,1,'P','M',1824,347,'2006-11-02 00:00:00','I',NULL,'26',NULL,NULL,NULL,NULL,NULL,NULL,NULL,NULL,NULL,0,NULL,NULL,NULL,NULL,NULL,NULL,NULL,NULL,NULL,'admin',0,'N',NULL,NULL,NULL,NULL,1),(347,1,'P','M',1825,348,'2006-11-02 00:00:00','I',NULL,NULL,NULL,NULL,NULL,NULL,NULL,NULL,NULL,NULL,NULL,0,NULL,NULL,'2006-11-02 00:00:00','N',NULL,2.9,NULL,NULL,NULL,'admin',0,'N',NULL,NULL,NULL,NULL,1),(348,1,'P','M',1826,349,'2006-11-02 00:00:00','I',NULL,NULL,NULL,NULL,NULL,NULL,NULL,NULL,NULL,NULL,NULL,0,NULL,NULL,NULL,'N',NULL,3.9,NULL,NULL,NULL,'admin',0,'N',NULL,NULL,NULL,NULL,1),(349,1,'P','M',1827,350,'2006-11-03 00:00:00','I',NULL,NULL,NULL,NULL,NULL,'1','2006-11-03 00:00:00',NULL,NULL,NULL,NULL,0,'2006-11-03 00:00:00',NULL,'2006-11-03 00:00:00','C','A',3.14,NULL,NULL,NULL,'admin',0,'N',NULL,NULL,NULL,NULL,1),(350,1,'P','M',1828,351,'2006-10-26 00:00:00','I',NULL,'39',NULL,NULL,NULL,NULL,NULL,NULL,NULL,NULL,NULL,0,NULL,NULL,NULL,NULL,NULL,NULL,NULL,NULL,NULL,'admin',0,'N',NULL,NULL,NULL,NULL,1),(351,1,'P','M',1829,352,'2006-11-03 00:00:00','I',NULL,NULL,NULL,NULL,NULL,NULL,NULL,NULL,NULL,NULL,NULL,0,NULL,NULL,'2006-11-04 00:00:00','N','A',4.1,NULL,NULL,NULL,'admin',0,'N',NULL,NULL,NULL,NULL,1),(352,0,'P','M',1830,353,'2006-11-03 00:00:00','I',NULL,'26',NULL,NULL,NULL,NULL,NULL,NULL,'2006-11-05 00:00:00','EQ',NULL,0,NULL,NULL,'2006-11-05 00:00:00','V','S',NULL,NULL,NULL,NULL,'admin',0,'N',NULL,NULL,NULL,NULL,1),(353,1,'P','M',1831,354,'2006-11-03 00:00:00','I',NULL,'66',NULL,NULL,NULL,'1','2006-11-03 00:00:00',NULL,NULL,NULL,NULL,0,NULL,NULL,NULL,'C','A',2,NULL,NULL,NULL,'admin',0,'N',NULL,NULL,NULL,NULL,1),(354,1,'P','M',1832,355,'2006-11-03 00:00:00','I',NULL,NULL,NULL,NULL,NULL,'1','2006-11-04 00:00:00',NULL,NULL,NULL,NULL,0,NULL,NULL,NULL,'C','A',2.6,NULL,NULL,NULL,'admin',0,'N',NULL,NULL,NULL,NULL,1),(355,1,'P','M',1833,356,'2006-11-04 00:00:00','I',NULL,NULL,NULL,NULL,NULL,NULL,NULL,NULL,NULL,NULL,NULL,0,NULL,NULL,'2006-11-04 00:00:00','N','A',3.7,NULL,NULL,NULL,'admin',0,'N',NULL,NULL,NULL,NULL,1),(356,1,'P','M',1834,357,'2006-11-04 00:00:00','I',NULL,'26',NULL,NULL,NULL,'14','2006-11-04 00:00:00',NULL,NULL,NULL,NULL,0,NULL,NULL,NULL,NULL,NULL,NULL,NULL,NULL,NULL,'admin',0,'N',NULL,NULL,NULL,NULL,1),(357,1,'P','M',1835,358,'2006-11-04 00:00:00','I',NULL,'26',NULL,NULL,NULL,'1','2006-11-04 00:00:00',NULL,NULL,NULL,NULL,0,NULL,NULL,NULL,'C','A',3.1,NULL,NULL,NULL,'admin',0,'N',NULL,NULL,NULL,NULL,1),(358,1,'P','M',1836,359,'2006-11-04 00:00:00','I',NULL,NULL,NULL,NULL,NULL,'1','2006-11-04 00:00:00',NULL,NULL,NULL,NULL,0,NULL,NULL,NULL,NULL,NULL,NULL,NULL,NULL,NULL,'admin',0,'N',NULL,NULL,NULL,NULL,1),(359,1,'P','M',1837,360,'2006-11-05 00:00:00','I',NULL,NULL,NULL,NULL,NULL,NULL,NULL,NULL,NULL,NULL,NULL,0,NULL,NULL,'2006-11-05 00:00:00','N','A',3.44,NULL,NULL,NULL,'admin',0,'N',NULL,NULL,NULL,NULL,1),(360,1,'P','M',1838,361,'2006-11-05 00:00:00','I',NULL,NULL,NULL,NULL,NULL,NULL,NULL,NULL,NULL,NULL,NULL,0,NULL,NULL,'2006-11-05 00:00:00','N','B',NULL,NULL,NULL,NULL,'admin',3,'N',NULL,NULL,NULL,NULL,1),(361,1,'P','M',1839,362,'2006-11-06 00:00:00','I',NULL,NULL,NULL,NULL,NULL,NULL,NULL,NULL,NULL,NULL,NULL,0,NULL,NULL,'2006-11-06 00:00:00','N','A',3.56,NULL,NULL,NULL,'admin',0,'N',NULL,NULL,NULL,NULL,1),(362,1,'P','M',1840,363,'2006-11-06 00:00:00','I',NULL,NULL,NULL,NULL,NULL,'1','2006-11-06 00:00:00',NULL,NULL,NULL,NULL,0,NULL,NULL,'2006-11-06 00:00:00','C','A',NULL,NULL,NULL,NULL,'admin',1,'N',NULL,NULL,NULL,NULL,1),(363,1,'P','M',1841,364,'2006-11-06 00:00:00','I',NULL,'66',NULL,NULL,NULL,'1','2006-11-07 00:00:00',NULL,NULL,NULL,NULL,0,NULL,NULL,NULL,'C',NULL,NULL,NULL,NULL,NULL,'admin',0,'N',NULL,NULL,NULL,NULL,1),(364,1,'P','M',1842,365,'2006-11-06 00:00:00','I',NULL,NULL,NULL,NULL,NULL,NULL,NULL,NULL,NULL,NULL,NULL,0,NULL,NULL,NULL,NULL,NULL,NULL,NULL,NULL,NULL,'admin',0,'N',NULL,NULL,NULL,NULL,1),(366,1,'P','M',1843,366,'2006-11-06 00:00:00','I',NULL,NULL,NULL,NULL,NULL,NULL,NULL,NULL,NULL,NULL,NULL,0,NULL,NULL,'2006-11-06 00:00:00','N','A',3.33,NULL,NULL,NULL,'admin',0,'N',NULL,NULL,NULL,NULL,1),(367,1,'P','M',1844,367,'2006-11-06 00:00:00','I',NULL,NULL,NULL,NULL,NULL,NULL,NULL,NULL,NULL,NULL,NULL,0,NULL,NULL,'2006-11-06 00:00:00','N','A',3.08,NULL,NULL,NULL,'admin',0,'N',NULL,NULL,NULL,NULL,1),(368,1,'P','M',1845,368,'2006-11-06 00:00:00','I',NULL,NULL,NULL,NULL,NULL,'1','2006-11-06 00:00:00',NULL,NULL,NULL,NULL,0,NULL,NULL,'2006-11-06 00:00:00','C','A',3.2,NULL,NULL,NULL,'admin',1,'N',NULL,NULL,NULL,NULL,1),(369,1,'P','M',1846,369,'2006-11-06 00:00:00','I',NULL,NULL,NULL,NULL,NULL,NULL,NULL,NULL,NULL,NULL,NULL,0,NULL,NULL,'2006-11-06 00:00:00','N','A',3.7,NULL,NULL,NULL,'admin',0,'N',NULL,NULL,NULL,NULL,1),(370,1,'P','M',1847,370,'2006-11-07 00:00:00','I',NULL,NULL,NULL,NULL,NULL,NULL,NULL,NULL,NULL,NULL,NULL,0,NULL,NULL,'2006-11-07 00:00:00','N','A',3.05,NULL,NULL,NULL,'admin',0,'N',NULL,NULL,NULL,NULL,1),(371,1,'N','F',0,371,'2006-11-02 00:00:00','I',NULL,'48',NULL,NULL,NULL,NULL,NULL,NULL,NULL,NULL,NULL,0,NULL,NULL,NULL,NULL,NULL,NULL,NULL,NULL,NULL,'admin',0,'N',NULL,NULL,NULL,NULL,1),(372,1,'N','F',0,373,'2006-11-02 00:00:00','I',NULL,'44',NULL,NULL,NULL,NULL,NULL,NULL,NULL,NULL,NULL,0,NULL,NULL,NULL,NULL,NULL,NULL,NULL,NULL,NULL,'admin',0,'N',NULL,NULL,NULL,NULL,1),(373,1,'N','I',887,372,'2006-11-01 00:00:00','I',NULL,'84',NULL,NULL,NULL,NULL,NULL,NULL,NULL,NULL,NULL,0,NULL,NULL,NULL,NULL,NULL,NULL,NULL,NULL,NULL,'admin',0,'N',NULL,NULL,NULL,NULL,1),(374,1,'N','F',0,374,'2006-11-03 00:00:00','I',NULL,'44',NULL,NULL,NULL,NULL,NULL,NULL,NULL,NULL,NULL,0,NULL,NULL,NULL,NULL,NULL,NULL,NULL,NULL,NULL,'admin',0,'N',NULL,NULL,NULL,NULL,1),(375,1,'N','I',888,375,'2006-11-01 00:00:00','I',NULL,'16',NULL,NULL,NULL,NULL,NULL,NULL,NULL,NULL,NULL,0,NULL,NULL,NULL,NULL,NULL,NULL,NULL,NULL,NULL,'admin',0,'N',NULL,NULL,NULL,NULL,1),(376,1,'N','F',764,376,'2006-11-04 00:00:00','I',NULL,'48',NULL,NULL,NULL,NULL,NULL,NULL,NULL,NULL,NULL,0,NULL,NULL,NULL,NULL,NULL,NULL,NULL,NULL,NULL,'admin',0,'N',NULL,NULL,NULL,NULL,1),(377,1,'N','F',765,377,'2006-11-04 00:00:00','I',NULL,'39',NULL,NULL,NULL,NULL,NULL,NULL,NULL,NULL,NULL,0,NULL,NULL,NULL,NULL,NULL,NULL,NULL,NULL,NULL,'admin',0,'N',NULL,NULL,NULL,NULL,1),(378,1,'N','I',894,378,'2006-11-03 00:00:00','R',NULL,'84',NULL,NULL,NULL,NULL,NULL,NULL,NULL,NULL,NULL,0,NULL,NULL,NULL,NULL,NULL,NULL,NULL,NULL,NULL,'admin',0,'N',NULL,NULL,NULL,NULL,1),(379,1,'N','C',4760,380,'2006-11-04 00:00:00','I',NULL,'39',NULL,NULL,NULL,NULL,NULL,NULL,NULL,NULL,NULL,0,NULL,NULL,NULL,NULL,NULL,NULL,NULL,NULL,NULL,'admin',1,'N',NULL,NULL,NULL,NULL,1),(380,1,'N','I',895,381,'2006-11-04 00:00:00','I',NULL,'39',NULL,NULL,NULL,NULL,NULL,NULL,NULL,NULL,NULL,0,NULL,NULL,NULL,NULL,NULL,NULL,NULL,NULL,NULL,'admin',0,'N',NULL,NULL,NULL,NULL,1),(381,1,'N','F',766,379,'2006-11-04 00:00:00','I',NULL,'48','48',NULL,NULL,NULL,NULL,NULL,NULL,NULL,NULL,0,NULL,NULL,NULL,NULL,NULL,NULL,NULL,NULL,NULL,'admin',0,'N',NULL,NULL,NULL,NULL,1),(382,1,'N','C',4761,382,'2006-11-04 00:00:00','I',NULL,'39',NULL,NULL,NULL,NULL,NULL,NULL,NULL,NULL,NULL,0,NULL,NULL,NULL,NULL,NULL,NULL,NULL,NULL,NULL,'admin',1,'N',NULL,NULL,NULL,NULL,1),(383,1,'N','I',896,383,'2006-11-04 00:00:00','I',NULL,'104',NULL,NULL,NULL,NULL,NULL,NULL,NULL,NULL,NULL,0,NULL,NULL,NULL,NULL,NULL,NULL,NULL,NULL,NULL,'admin',0,'N',NULL,NULL,NULL,NULL,1),(384,1,'N','F',767,384,'2006-11-04 00:00:00','I',NULL,'48',NULL,NULL,NULL,NULL,NULL,NULL,NULL,NULL,NULL,0,NULL,NULL,NULL,NULL,NULL,NULL,NULL,NULL,NULL,'admin',0,'N',NULL,NULL,NULL,NULL,1),(385,1,'N','C',4762,386,'2006-11-04 00:00:00','I',NULL,'39',NULL,NULL,NULL,NULL,NULL,NULL,NULL,NULL,NULL,0,NULL,NULL,NULL,NULL,NULL,NULL,NULL,NULL,NULL,'admin',1,'N',NULL,NULL,NULL,NULL,1),(386,1,'N','I',897,385,'2006-11-04 00:00:00','I',NULL,'49',NULL,NULL,NULL,NULL,NULL,NULL,NULL,NULL,NULL,0,NULL,NULL,NULL,NULL,NULL,NULL,NULL,NULL,NULL,'admin',0,'N',NULL,NULL,NULL,NULL,1),(387,1,'N','C',4763,388,'2006-11-04 00:00:00','I',NULL,'39',NULL,NULL,NULL,NULL,NULL,NULL,NULL,NULL,NULL,0,NULL,NULL,NULL,NULL,NULL,NULL,NULL,NULL,NULL,'admin',0,'N',NULL,NULL,NULL,NULL,1),(388,1,'N','I',898,389,'2006-11-04 00:00:00','I',NULL,'15',NULL,NULL,NULL,NULL,NULL,NULL,NULL,NULL,NULL,0,NULL,NULL,NULL,NULL,NULL,NULL,NULL,NULL,NULL,'admin',0,'N',NULL,NULL,NULL,NULL,1),(389,1,'N','F',768,387,'2006-11-04 00:00:00','I',NULL,'86',NULL,NULL,NULL,NULL,NULL,NULL,NULL,NULL,NULL,0,NULL,NULL,NULL,NULL,NULL,NULL,NULL,NULL,NULL,'admin',0,'N',NULL,NULL,NULL,NULL,1),(390,1,'N','C',4764,390,'2006-11-04 00:00:00','I',NULL,'39',NULL,NULL,NULL,NULL,NULL,NULL,NULL,NULL,NULL,0,NULL,NULL,NULL,NULL,NULL,NULL,NULL,NULL,NULL,'admin',0,'N',NULL,NULL,NULL,NULL,1),(391,1,'N','F',769,391,'2006-11-05 00:00:00','I',NULL,'3',NULL,NULL,NULL,NULL,NULL,NULL,NULL,NULL,NULL,0,NULL,NULL,NULL,NULL,NULL,NULL,NULL,NULL,NULL,'admin',0,'N',NULL,NULL,NULL,NULL,1),(392,1,'N','I',899,302,'2006-11-04 00:00:00','I',NULL,'39',NULL,NULL,NULL,NULL,NULL,NULL,NULL,NULL,NULL,0,NULL,NULL,NULL,NULL,NULL,NULL,NULL,NULL,NULL,'admin',0,'N',NULL,NULL,NULL,NULL,1),(393,1,'N','C',4765,392,'2006-11-04 00:00:00','I',NULL,'15',NULL,NULL,NULL,NULL,NULL,NULL,NULL,NULL,NULL,0,NULL,NULL,NULL,NULL,NULL,NULL,NULL,NULL,NULL,'admin',0,'N',NULL,NULL,NULL,NULL,1),(394,1,'N','F',770,393,'2006-11-06 00:00:00','I',NULL,'48',NULL,NULL,NULL,NULL,NULL,NULL,NULL,NULL,NULL,0,NULL,NULL,NULL,NULL,NULL,NULL,NULL,NULL,NULL,'admin',0,'N',NULL,NULL,NULL,NULL,1),(395,1,'N','I',900,394,'2006-11-06 00:00:00','I',NULL,'49',NULL,NULL,NULL,NULL,NULL,NULL,NULL,NULL,NULL,0,NULL,NULL,NULL,NULL,NULL,NULL,NULL,NULL,NULL,'admin',0,'N',NULL,NULL,NULL,NULL,1),(396,1,'N','C',4766,396,'2006-11-05 00:00:00','I',NULL,'39',NULL,NULL,NULL,NULL,NULL,NULL,NULL,NULL,NULL,0,NULL,NULL,NULL,NULL,NULL,NULL,NULL,NULL,NULL,'admin',0,'N',NULL,NULL,NULL,NULL,1),(397,1,'N','F',771,397,'2006-11-06 00:00:00','I',NULL,'39',NULL,NULL,NULL,NULL,NULL,NULL,NULL,NULL,NULL,0,NULL,NULL,NULL,NULL,NULL,NULL,NULL,NULL,NULL,'admin',0,'N',NULL,NULL,NULL,NULL,1),(398,1,'N','C',4767,395,'2006-11-05 00:00:00','I',NULL,'39',NULL,NULL,NULL,NULL,NULL,NULL,NULL,NULL,NULL,0,NULL,NULL,NULL,NULL,NULL,NULL,NULL,NULL,NULL,'admin',0,'N',NULL,NULL,NULL,NULL,1),(399,1,'N','F',772,399,'2006-11-06 00:00:00','I',NULL,'16',NULL,NULL,NULL,NULL,NULL,NULL,NULL,NULL,NULL,0,NULL,NULL,NULL,NULL,NULL,NULL,NULL,NULL,NULL,'admin',0,'N',NULL,NULL,NULL,NULL,1),(400,1,'N','C',4768,400,'2006-11-05 00:00:00','I',NULL,'39',NULL,NULL,NULL,NULL,NULL,NULL,NULL,NULL,NULL,0,NULL,NULL,NULL,NULL,NULL,NULL,NULL,NULL,NULL,'admin',0,'N',NULL,NULL,NULL,NULL,1),(401,1,'N','F',773,401,'2006-11-06 00:00:00','I',NULL,'16',NULL,NULL,NULL,NULL,NULL,NULL,NULL,NULL,NULL,0,NULL,NULL,NULL,NULL,NULL,NULL,NULL,NULL,NULL,'admin',0,'N',NULL,NULL,NULL,NULL,1),(402,1,'N','C',4769,402,'2006-11-05 00:00:00','I',NULL,'39',NULL,NULL,NULL,NULL,NULL,NULL,NULL,NULL,NULL,0,NULL,NULL,NULL,NULL,NULL,NULL,NULL,NULL,NULL,'admin',0,'N',NULL,NULL,NULL,NULL,1),(403,1,'N','I',901,398,'2006-11-06 00:00:00','I',NULL,'48',NULL,NULL,NULL,NULL,NULL,NULL,NULL,NULL,NULL,0,NULL,NULL,NULL,NULL,NULL,NULL,NULL,NULL,NULL,'admin',0,'N',NULL,NULL,NULL,NULL,1),(404,1,'N','F',774,403,'2006-11-06 00:00:00','I',NULL,'15',NULL,NULL,NULL,NULL,NULL,NULL,NULL,NULL,NULL,0,NULL,NULL,NULL,NULL,NULL,NULL,NULL,NULL,NULL,'admin',0,'N',NULL,NULL,NULL,NULL,1),(405,1,'N','C',4770,404,'2006-11-05 00:00:00','I',NULL,'39',NULL,NULL,NULL,NULL,NULL,NULL,NULL,NULL,NULL,0,NULL,NULL,NULL,NULL,NULL,NULL,NULL,NULL,NULL,'admin',0,'N',NULL,NULL,NULL,NULL,1),(406,1,'N','F',775,406,'2006-11-06 00:00:00','I',NULL,'110',NULL,NULL,NULL,NULL,NULL,NULL,NULL,NULL,NULL,0,NULL,NULL,NULL,NULL,NULL,NULL,NULL,NULL,NULL,'admin',0,'N',NULL,NULL,NULL,NULL,1),(407,1,'N','I',902,405,'2006-11-06 00:00:00','I',NULL,'39',NULL,NULL,NULL,NULL,NULL,NULL,NULL,NULL,NULL,0,NULL,NULL,NULL,NULL,NULL,NULL,NULL,NULL,NULL,'admin',1,'N',NULL,NULL,NULL,NULL,1),(408,1,'N','C',4771,407,'2006-11-05 00:00:00','I',NULL,'39',NULL,NULL,NULL,NULL,NULL,NULL,NULL,NULL,NULL,0,NULL,NULL,NULL,NULL,NULL,NULL,NULL,NULL,NULL,'admin',0,'N',NULL,NULL,NULL,NULL,1),(409,1,'N','F',776,408,'2006-11-06 00:00:00','I',NULL,'81',NULL,NULL,NULL,NULL,NULL,NULL,NULL,NULL,NULL,0,NULL,NULL,NULL,NULL,NULL,NULL,NULL,NULL,NULL,'admin',0,'N',NULL,NULL,NULL,NULL,1),(410,1,'N','C',4772,410,'2006-11-05 00:00:00','I',NULL,'39',NULL,NULL,NULL,NULL,NULL,NULL,NULL,NULL,NULL,0,NULL,NULL,NULL,NULL,NULL,NULL,NULL,NULL,NULL,'admin',0,'N',NULL,NULL,NULL,NULL,1),(411,1,'N','F',777,411,'2006-11-07 00:00:00','I',NULL,'105',NULL,NULL,NULL,NULL,NULL,NULL,NULL,NULL,NULL,0,NULL,NULL,NULL,NULL,NULL,NULL,NULL,NULL,NULL,'admin',0,'N',NULL,NULL,NULL,NULL,1),(412,1,'N','I',903,409,'2006-11-06 00:00:00','I',NULL,'47',NULL,NULL,NULL,NULL,NULL,NULL,NULL,NULL,NULL,0,NULL,NULL,NULL,NULL,NULL,NULL,NULL,NULL,NULL,'admin',0,'N',NULL,NULL,NULL,NULL,1),(413,1,'N','C',4773,412,'2006-11-05 00:00:00','R',NULL,'39',NULL,NULL,NULL,NULL,NULL,NULL,NULL,NULL,NULL,0,NULL,NULL,NULL,NULL,NULL,NULL,NULL,NULL,NULL,'admin',0,'N',NULL,NULL,NULL,NULL,1),(414,1,'N','I',904,413,'2006-11-06 00:00:00','I',NULL,'42',NULL,NULL,NULL,NULL,NULL,NULL,NULL,NULL,NULL,0,NULL,NULL,NULL,NULL,NULL,NULL,NULL,NULL,NULL,'admin',0,'N',NULL,NULL,NULL,NULL,1),(415,1,'N','I',905,414,'2006-11-06 00:00:00','I',NULL,'47',NULL,NULL,NULL,NULL,NULL,NULL,NULL,NULL,NULL,0,NULL,NULL,NULL,NULL,NULL,NULL,NULL,NULL,NULL,'admin',0,'N',NULL,NULL,NULL,NULL,1),(416,1,'N','C',4774,415,'2006-11-05 00:00:00','I',NULL,'39',NULL,NULL,NULL,NULL,NULL,NULL,NULL,NULL,NULL,0,NULL,NULL,NULL,NULL,NULL,NULL,NULL,NULL,NULL,'admin',0,'N',NULL,NULL,NULL,NULL,1),(417,1,'N','I',906,416,'2006-11-06 00:00:00','I',NULL,'60',NULL,NULL,NULL,NULL,NULL,NULL,NULL,NULL,NULL,0,NULL,NULL,NULL,NULL,NULL,NULL,NULL,NULL,NULL,'admin',0,'N',NULL,NULL,NULL,NULL,1),(418,1,'N','C',4775,417,'2006-11-05 00:00:00','I',NULL,'15',NULL,NULL,NULL,NULL,NULL,NULL,NULL,NULL,NULL,0,NULL,NULL,NULL,NULL,NULL,NULL,NULL,NULL,NULL,'admin',0,'N',NULL,NULL,NULL,NULL,1),(419,1,'N','C',4776,418,'2006-11-05 00:00:00','I',NULL,'39',NULL,NULL,NULL,NULL,NULL,NULL,NULL,NULL,NULL,0,NULL,NULL,NULL,NULL,NULL,NULL,NULL,NULL,NULL,'admin',0,'N',NULL,NULL,NULL,NULL,1),(420,1,'N','C',4777,420,'2006-11-05 00:00:00','I',NULL,'39',NULL,NULL,NULL,NULL,NULL,NULL,NULL,NULL,NULL,0,NULL,NULL,NULL,NULL,NULL,NULL,NULL,NULL,NULL,'admin',0,'N',NULL,NULL,NULL,NULL,1),(421,1,'N','I',907,419,'2006-11-06 00:00:00','I',NULL,'90',NULL,NULL,NULL,NULL,NULL,NULL,NULL,NULL,NULL,0,NULL,NULL,NULL,NULL,NULL,NULL,NULL,NULL,NULL,'admin',0,'N',NULL,NULL,NULL,NULL,1),(422,1,'N','C',4778,421,'2006-11-05 00:00:00','I',NULL,'15',NULL,NULL,NULL,NULL,NULL,NULL,NULL,NULL,NULL,0,NULL,NULL,NULL,NULL,NULL,NULL,NULL,NULL,NULL,'admin',1,'N',NULL,NULL,NULL,NULL,1),(423,1,'N','I',908,422,'2006-11-06 00:00:00','I',NULL,'39',NULL,NULL,NULL,NULL,NULL,NULL,NULL,NULL,NULL,0,NULL,NULL,NULL,NULL,NULL,NULL,NULL,NULL,NULL,'admin',0,'N',NULL,NULL,NULL,NULL,1),(424,1,'N','I',909,423,'2006-11-07 00:00:00','I',NULL,'90',NULL,NULL,NULL,NULL,NULL,NULL,NULL,NULL,NULL,0,NULL,NULL,NULL,NULL,NULL,NULL,NULL,NULL,NULL,'admin',0,'N',NULL,NULL,NULL,NULL,1),(425,1,'N','I',910,424,'2006-11-07 00:00:00','I',NULL,'39',NULL,NULL,NULL,NULL,NULL,NULL,NULL,NULL,NULL,0,NULL,NULL,NULL,NULL,NULL,NULL,NULL,NULL,NULL,'admin',0,'N',NULL,NULL,NULL,NULL,1),(426,1,'N','C',4779,426,'2006-11-05 00:00:00','I',NULL,'39',NULL,NULL,NULL,NULL,NULL,NULL,NULL,NULL,NULL,0,NULL,NULL,NULL,NULL,NULL,NULL,NULL,NULL,NULL,'admin',0,'N',NULL,NULL,NULL,NULL,1),(427,1,'N','C',4780,427,'2006-11-05 00:00:00','I',NULL,'39',NULL,NULL,NULL,NULL,NULL,NULL,NULL,NULL,NULL,0,NULL,NULL,NULL,NULL,NULL,NULL,NULL,NULL,NULL,'admin',0,'N',NULL,NULL,NULL,NULL,1),(428,1,'N','C',4781,428,'2006-11-06 00:00:00','I',NULL,NULL,NULL,NULL,NULL,NULL,NULL,NULL,NULL,NULL,NULL,0,NULL,NULL,NULL,NULL,NULL,NULL,NULL,NULL,NULL,'admin',0,'N',NULL,NULL,NULL,NULL,1),(429,1,'N','C',4782,429,'2006-11-08 00:00:00','I',NULL,'39',NULL,NULL,NULL,NULL,NULL,NULL,NULL,NULL,NULL,0,NULL,NULL,NULL,NULL,NULL,NULL,NULL,NULL,NULL,'admin',0,'N',NULL,NULL,NULL,NULL,1),(430,1,'N','C',4783,430,'2006-11-06 00:00:00','I',NULL,'39',NULL,NULL,NULL,NULL,NULL,NULL,NULL,NULL,NULL,0,NULL,NULL,NULL,NULL,NULL,NULL,NULL,NULL,NULL,'admin',0,'N',NULL,NULL,NULL,NULL,1),(431,1,'N','C',4784,431,'2006-11-06 00:00:00','I',NULL,'39',NULL,NULL,NULL,NULL,NULL,NULL,NULL,NULL,NULL,0,NULL,NULL,NULL,NULL,NULL,NULL,NULL,NULL,NULL,'admin',0,'N',NULL,NULL,NULL,NULL,1),(432,1,'N','C',4785,432,'2006-11-06 00:00:00','I',NULL,'39',NULL,NULL,NULL,NULL,NULL,NULL,NULL,NULL,NULL,0,NULL,NULL,NULL,NULL,NULL,NULL,NULL,NULL,NULL,'admin',0,'N',NULL,NULL,NULL,NULL,1),(433,1,'N','C',4786,433,'2006-11-06 00:00:00','I',NULL,'39',NULL,NULL,NULL,NULL,NULL,NULL,NULL,NULL,NULL,0,NULL,NULL,NULL,NULL,NULL,NULL,NULL,NULL,NULL,'admin',0,'N',NULL,NULL,NULL,NULL,1),(434,1,'N','C',4787,434,'2006-11-06 00:00:00','I',NULL,'39',NULL,NULL,NULL,NULL,NULL,NULL,NULL,NULL,NULL,0,NULL,NULL,NULL,NULL,NULL,NULL,NULL,NULL,NULL,'admin',0,'N',NULL,NULL,NULL,NULL,1),(435,1,'N','C',4788,435,'2006-11-06 00:00:00','I',NULL,'39',NULL,NULL,NULL,NULL,NULL,NULL,NULL,NULL,NULL,0,NULL,NULL,NULL,NULL,NULL,NULL,NULL,NULL,NULL,'admin',0,'N',NULL,NULL,NULL,NULL,1),(436,1,'N','C',4789,436,'2006-11-08 00:00:00','I',NULL,'39',NULL,NULL,NULL,NULL,NULL,NULL,NULL,NULL,NULL,0,NULL,NULL,NULL,NULL,NULL,NULL,NULL,NULL,NULL,'admin',0,'N',NULL,NULL,NULL,NULL,1),(437,1,'N','C',4790,437,'2006-11-06 00:00:00','I',NULL,'39',NULL,NULL,NULL,NULL,NULL,NULL,NULL,NULL,NULL,0,NULL,NULL,NULL,NULL,NULL,NULL,NULL,NULL,NULL,'admin',0,'N',NULL,NULL,NULL,NULL,1),(438,1,'N','C',4791,438,'2006-11-06 00:00:00','I',NULL,'39',NULL,NULL,NULL,NULL,NULL,NULL,NULL,NULL,NULL,0,NULL,NULL,NULL,NULL,NULL,NULL,NULL,NULL,NULL,'admin',0,'N',NULL,NULL,NULL,NULL,1),(439,1,'N','C',4792,439,'2006-11-06 00:00:00','I',NULL,'30',NULL,NULL,NULL,NULL,NULL,NULL,NULL,NULL,NULL,0,NULL,NULL,NULL,NULL,NULL,NULL,NULL,NULL,NULL,'admin',0,'N',NULL,NULL,NULL,NULL,1),(440,1,'N','C',4793,440,'2006-11-06 00:00:00','I',NULL,'39',NULL,NULL,NULL,NULL,NULL,NULL,NULL,NULL,NULL,0,NULL,NULL,NULL,NULL,NULL,NULL,NULL,NULL,NULL,'admin',0,'N',NULL,NULL,NULL,NULL,1),(441,1,'N','C',4794,441,'2006-11-06 00:00:00','I',NULL,'39',NULL,NULL,NULL,NULL,NULL,NULL,NULL,NULL,NULL,0,NULL,NULL,NULL,NULL,NULL,NULL,NULL,NULL,NULL,'admin',0,'N',NULL,NULL,NULL,NULL,1),(442,1,'N','C',4795,442,'2006-11-07 00:00:00','I',NULL,'61',NULL,NULL,NULL,NULL,NULL,NULL,NULL,NULL,NULL,0,NULL,NULL,NULL,NULL,NULL,NULL,NULL,NULL,NULL,'admin',0,'N',NULL,NULL,NULL,NULL,1),(443,1,'N','C',4796,443,'2006-11-07 00:00:00','I',NULL,'39',NULL,NULL,NULL,NULL,NULL,NULL,NULL,NULL,NULL,0,NULL,NULL,NULL,NULL,NULL,NULL,NULL,NULL,NULL,'admin',0,'N',NULL,NULL,NULL,NULL,1),(444,1,'N','C',4797,444,'2006-11-07 00:00:00','I',NULL,'30',NULL,NULL,NULL,NULL,NULL,NULL,NULL,NULL,NULL,0,NULL,NULL,NULL,NULL,NULL,NULL,NULL,NULL,NULL,'admin',0,'N',NULL,NULL,NULL,NULL,1),(445,1,'N','C',4798,445,'2006-11-07 00:00:00','I',NULL,'47',NULL,NULL,NULL,NULL,NULL,NULL,NULL,NULL,NULL,0,NULL,NULL,NULL,NULL,NULL,NULL,NULL,NULL,NULL,'admin',0,'N',NULL,NULL,NULL,NULL,1),(446,1,'N','C',4799,446,'2006-11-07 00:00:00','I',NULL,'39',NULL,NULL,NULL,NULL,NULL,NULL,NULL,NULL,NULL,0,NULL,NULL,NULL,NULL,NULL,NULL,NULL,NULL,NULL,'admin',0,'N',NULL,NULL,NULL,NULL,1),(447,1,'N','C',4800,447,'2006-11-07 00:00:00','I',NULL,'39',NULL,NULL,NULL,NULL,NULL,NULL,NULL,NULL,NULL,0,NULL,NULL,NULL,NULL,NULL,NULL,NULL,NULL,NULL,'admin',0,'N',NULL,NULL,NULL,NULL,1),(448,1,'N','C',4801,448,'2006-11-07 00:00:00','I',NULL,'39',NULL,NULL,NULL,NULL,NULL,NULL,NULL,NULL,NULL,0,NULL,NULL,NULL,NULL,NULL,NULL,NULL,NULL,NULL,'admin',0,'N',NULL,NULL,NULL,NULL,1),(449,1,'N','C',4802,449,'2006-11-07 00:00:00','I',NULL,'23',NULL,NULL,NULL,NULL,NULL,NULL,NULL,NULL,NULL,0,NULL,NULL,NULL,NULL,NULL,NULL,NULL,NULL,NULL,'admin',0,'N',NULL,NULL,NULL,NULL,1),(450,1,'N','C',4803,450,'2006-11-07 00:00:00','I',NULL,'39',NULL,NULL,NULL,NULL,NULL,NULL,NULL,NULL,NULL,0,NULL,NULL,NULL,NULL,NULL,NULL,NULL,NULL,NULL,'admin',0,'N',NULL,NULL,NULL,NULL,1),(451,1,'N','C',4804,451,'2006-11-07 00:00:00','I',NULL,'39',NULL,NULL,NULL,NULL,NULL,NULL,NULL,NULL,NULL,0,NULL,NULL,NULL,NULL,NULL,NULL,NULL,NULL,NULL,'admin',0,'N',NULL,NULL,NULL,NULL,1),(452,1,'N','C',4805,452,'2006-11-07 00:00:00','I',NULL,'39',NULL,NULL,NULL,NULL,NULL,NULL,NULL,NULL,NULL,0,NULL,NULL,NULL,NULL,NULL,NULL,NULL,NULL,NULL,'admin',0,'N',NULL,NULL,NULL,NULL,1),(453,1,'N','C',4806,453,'2006-11-07 00:00:00','I',NULL,'39',NULL,NULL,NULL,NULL,NULL,NULL,NULL,NULL,NULL,0,NULL,NULL,NULL,NULL,NULL,NULL,NULL,NULL,NULL,'admin',0,'N',NULL,NULL,NULL,NULL,1),(454,1,'N','C',4807,454,'2006-11-07 00:00:00','I',NULL,NULL,NULL,NULL,NULL,NULL,NULL,NULL,NULL,NULL,NULL,0,NULL,NULL,NULL,NULL,NULL,NULL,NULL,NULL,NULL,'admin',0,'N',NULL,NULL,NULL,NULL,1),(455,1,'N','C',4808,455,'2006-11-07 00:00:00','I',NULL,NULL,NULL,NULL,NULL,NULL,NULL,NULL,NULL,NULL,NULL,0,NULL,NULL,NULL,NULL,NULL,NULL,NULL,NULL,NULL,'admin',0,'N',NULL,NULL,NULL,NULL,1),(456,1,'N','C',4809,456,'2006-11-07 00:00:00','I',NULL,NULL,NULL,NULL,NULL,NULL,NULL,NULL,NULL,NULL,NULL,0,NULL,NULL,NULL,NULL,NULL,NULL,NULL,NULL,NULL,'admin',0,'N',NULL,NULL,NULL,NULL,1),(457,1,'N','C',4810,457,'2006-11-07 00:00:00','I',NULL,NULL,NULL,NULL,NULL,NULL,NULL,NULL,NULL,NULL,NULL,0,NULL,NULL,NULL,NULL,NULL,NULL,NULL,NULL,NULL,'admin',0,'N',NULL,NULL,NULL,NULL,1),(458,1,'N','C',4811,458,'2006-11-07 00:00:00','I',NULL,NULL,NULL,NULL,NULL,NULL,NULL,NULL,NULL,NULL,NULL,0,NULL,NULL,NULL,NULL,NULL,NULL,NULL,NULL,NULL,'admin',0,'N',NULL,NULL,NULL,NULL,1),(459,1,'N','C',4812,459,'2006-11-08 00:00:00','I',NULL,NULL,NULL,NULL,NULL,NULL,NULL,NULL,NULL,NULL,NULL,0,NULL,NULL,NULL,NULL,NULL,NULL,NULL,NULL,NULL,'admin',0,'N',NULL,NULL,NULL,NULL,1),(460,1,'N','C',4813,460,'2006-11-07 00:00:00','I',NULL,'39',NULL,NULL,NULL,NULL,NULL,NULL,NULL,NULL,NULL,0,NULL,NULL,NULL,NULL,NULL,NULL,NULL,NULL,NULL,'admin',0,'N',NULL,NULL,NULL,NULL,1),(461,1,'N','C',4814,461,'2006-11-07 00:00:00','I',NULL,NULL,NULL,NULL,NULL,NULL,NULL,NULL,NULL,NULL,NULL,0,NULL,NULL,NULL,NULL,NULL,NULL,NULL,NULL,NULL,'admin',0,'N',NULL,NULL,NULL,NULL,1),(462,1,'N','F',778,462,'2006-11-08 00:00:00','I',NULL,'48',NULL,NULL,NULL,NULL,NULL,NULL,NULL,NULL,NULL,0,NULL,NULL,NULL,NULL,NULL,NULL,NULL,NULL,NULL,'admin',0,'N',NULL,NULL,NULL,NULL,1),(463,1,'N','F',779,463,'2006-11-08 00:00:00','I',NULL,'48',NULL,NULL,NULL,NULL,NULL,NULL,NULL,NULL,NULL,0,NULL,NULL,NULL,NULL,NULL,NULL,NULL,NULL,NULL,'admin',0,'N',NULL,NULL,NULL,NULL,1),(464,1,'N','F',780,464,'2006-11-08 00:00:00','I',NULL,'16',NULL,NULL,NULL,NULL,NULL,NULL,NULL,NULL,NULL,0,NULL,NULL,NULL,NULL,NULL,NULL,NULL,NULL,NULL,'admin',0,'N',NULL,NULL,NULL,NULL,1),(465,1,'N','I',912,465,'2006-11-08 00:00:00','I',NULL,'49',NULL,NULL,NULL,NULL,NULL,NULL,NULL,NULL,NULL,0,NULL,NULL,NULL,NULL,NULL,NULL,NULL,NULL,NULL,'admin',0,'N',NULL,NULL,NULL,NULL,1),(466,1,'N','C',4815,466,'2006-11-08 00:00:00','I',NULL,'39',NULL,NULL,NULL,NULL,NULL,NULL,NULL,NULL,NULL,0,NULL,NULL,NULL,NULL,NULL,NULL,NULL,NULL,NULL,'admin',0,'N',NULL,NULL,NULL,NULL,1),(467,1,'N','I',913,467,'2006-11-08 00:00:00','I',NULL,'90',NULL,NULL,NULL,NULL,NULL,NULL,NULL,NULL,NULL,0,NULL,NULL,NULL,NULL,NULL,NULL,NULL,NULL,NULL,'admin',0,'N',NULL,NULL,NULL,NULL,1),(468,1,'N','I',914,469,'2006-11-08 00:00:00','I',NULL,'16',NULL,NULL,NULL,NULL,NULL,NULL,NULL,NULL,NULL,0,NULL,NULL,NULL,NULL,NULL,NULL,NULL,NULL,NULL,'admin',0,'N',NULL,NULL,NULL,NULL,1),(469,1,'N','I',915,470,'2006-11-08 00:00:00','I',NULL,'90',NULL,NULL,NULL,NULL,NULL,NULL,NULL,NULL,NULL,0,NULL,NULL,NULL,NULL,NULL,NULL,NULL,NULL,NULL,'admin',0,'N',NULL,NULL,NULL,NULL,1),(470,1,'N','C',4816,471,'2006-11-08 00:00:00','I',NULL,'39',NULL,NULL,NULL,NULL,NULL,NULL,NULL,NULL,NULL,0,NULL,NULL,NULL,NULL,NULL,NULL,NULL,NULL,NULL,'admin',0,'N',NULL,NULL,NULL,NULL,1),(471,1,'N','C',4817,472,'2006-11-08 00:00:00','I',NULL,'39',NULL,NULL,NULL,NULL,NULL,NULL,NULL,NULL,NULL,0,NULL,NULL,NULL,NULL,NULL,NULL,NULL,NULL,NULL,'admin',0,'N',NULL,NULL,NULL,NULL,1),(472,1,'N','C',4818,473,'2006-11-08 00:00:00','I',NULL,'39',NULL,NULL,NULL,NULL,NULL,NULL,NULL,NULL,NULL,0,NULL,NULL,NULL,NULL,NULL,NULL,NULL,NULL,NULL,'admin',0,'N',NULL,NULL,NULL,NULL,1),(473,1,'N','C',4819,474,'2006-11-08 00:00:00','I',NULL,'39',NULL,NULL,NULL,NULL,NULL,NULL,NULL,NULL,NULL,0,NULL,NULL,NULL,NULL,NULL,NULL,NULL,NULL,NULL,'admin',0,'N',NULL,NULL,NULL,NULL,1),(474,1,'N','C',4820,475,'2006-11-08 00:00:00','I',NULL,'39',NULL,NULL,NULL,NULL,NULL,NULL,NULL,NULL,NULL,0,NULL,NULL,NULL,NULL,NULL,NULL,NULL,NULL,NULL,'admin',0,'N',NULL,NULL,NULL,NULL,1),(475,1,'N','C',4821,476,'2006-11-08 00:00:00','I',NULL,'39',NULL,NULL,NULL,NULL,NULL,NULL,NULL,NULL,NULL,0,NULL,NULL,NULL,NULL,NULL,NULL,NULL,NULL,NULL,'admin',0,'N',NULL,NULL,NULL,NULL,1),(476,1,'N','C',4822,477,'2006-11-08 00:00:00','I',NULL,'39',NULL,NULL,NULL,NULL,NULL,NULL,NULL,NULL,NULL,0,NULL,NULL,NULL,NULL,NULL,NULL,NULL,NULL,NULL,'admin',0,'N',NULL,NULL,NULL,NULL,1),(477,1,'N','C',4823,479,'2006-11-08 00:00:00','I',NULL,'39',NULL,NULL,NULL,NULL,NULL,NULL,NULL,NULL,NULL,0,NULL,NULL,NULL,NULL,NULL,NULL,NULL,NULL,NULL,'admin',0,'N',NULL,NULL,NULL,NULL,1),(478,1,'N','C',4824,480,'2006-11-08 00:00:00','I',NULL,'39',NULL,NULL,NULL,NULL,NULL,NULL,NULL,NULL,NULL,0,NULL,NULL,NULL,NULL,NULL,NULL,NULL,NULL,NULL,'admin',0,'N',NULL,NULL,NULL,NULL,1),(479,1,'N','C',4825,482,'2006-11-08 00:00:00','I',NULL,'39',NULL,NULL,NULL,NULL,NULL,NULL,NULL,NULL,NULL,0,NULL,NULL,NULL,NULL,NULL,NULL,NULL,NULL,NULL,'admin',0,'N',NULL,NULL,NULL,NULL,1),(480,0,'N','C',4555,483,'2006-10-22 00:00:00','I',NULL,'39','39',NULL,NULL,NULL,NULL,NULL,'2006-11-03 00:00:00','EQ',NULL,0,NULL,NULL,NULL,NULL,NULL,NULL,NULL,NULL,NULL,'admin',0,'N',NULL,NULL,NULL,NULL,1),(481,0,'N','C',4603,484,'2006-10-25 00:00:00','I',NULL,'30','30',NULL,NULL,NULL,NULL,NULL,'2006-11-03 00:00:00','EQ',NULL,0,NULL,NULL,NULL,NULL,NULL,NULL,NULL,NULL,NULL,'admin',0,'N',NULL,NULL,NULL,NULL,1),(482,0,'N','C',4655,485,'2006-10-28 00:00:00','I',NULL,'39','39',NULL,NULL,NULL,NULL,NULL,'2006-11-03 00:00:00','EQ',NULL,0,NULL,NULL,NULL,NULL,NULL,NULL,NULL,NULL,NULL,'admin',0,'N',NULL,NULL,NULL,NULL,1),(483,0,'N','C',4981,486,'2006-10-30 00:00:00','I',NULL,'39','39',NULL,NULL,NULL,NULL,NULL,'2006-11-03 00:00:00','EQ',NULL,0,NULL,NULL,NULL,NULL,NULL,NULL,NULL,NULL,NULL,'admin',0,'N',NULL,NULL,NULL,NULL,1),(484,0,'N','C',4666,487,'2006-10-29 00:00:00','I',NULL,'39','39',NULL,NULL,NULL,NULL,NULL,'2006-11-03 00:00:00','EQ',NULL,0,NULL,NULL,NULL,NULL,NULL,NULL,NULL,NULL,NULL,'admin',0,'N',NULL,NULL,NULL,NULL,1),(485,0,'N','C',4581,488,'2006-10-24 00:00:00','I',NULL,'49','49',NULL,NULL,NULL,NULL,NULL,'2006-11-03 00:00:00','EQ',NULL,0,NULL,NULL,NULL,NULL,NULL,NULL,NULL,NULL,NULL,'admin',0,'N',NULL,NULL,NULL,NULL,1),(486,0,'N','C',4875,489,'2006-10-30 00:00:00','I',NULL,'87','87',NULL,NULL,NULL,NULL,NULL,'2006-11-03 00:00:00','EQ',NULL,0,NULL,NULL,NULL,NULL,NULL,NULL,NULL,NULL,NULL,'admin',0,'N',NULL,NULL,NULL,NULL,1),(487,0,'N','C',4665,490,'2006-10-29 00:00:00','I',NULL,'39','39',NULL,NULL,NULL,NULL,NULL,'2006-11-03 00:00:00','EQ',NULL,0,NULL,NULL,NULL,NULL,NULL,NULL,NULL,NULL,NULL,'admin',0,'N',NULL,NULL,NULL,NULL,1),(488,0,'N','C',4642,491,'2006-10-27 00:00:00','I',NULL,'39','39',NULL,NULL,NULL,NULL,NULL,'2006-11-02 00:00:00','EQ',NULL,0,NULL,NULL,NULL,NULL,NULL,NULL,NULL,NULL,NULL,'admin',0,'N',NULL,NULL,NULL,NULL,1),(489,0,'N','C',4653,492,'2006-10-28 00:00:00','I',NULL,'39','39',NULL,NULL,NULL,NULL,NULL,'2006-11-02 00:00:00','EQ',NULL,0,NULL,NULL,NULL,NULL,NULL,NULL,NULL,NULL,NULL,'admin',0,'N',NULL,NULL,NULL,NULL,1),(490,0,'N','C',4636,493,'2006-01-27 00:00:00','I',NULL,'39','39',NULL,NULL,NULL,NULL,NULL,'2006-11-02 00:00:00','EQ',NULL,0,NULL,NULL,NULL,NULL,NULL,NULL,NULL,NULL,NULL,'admin',0,'N',NULL,NULL,NULL,NULL,1),(491,0,'N','C',4494,494,'2006-10-19 00:00:00','I',NULL,'30','30',NULL,NULL,NULL,NULL,NULL,'2006-11-02 00:00:00','EQ',NULL,0,NULL,NULL,NULL,NULL,NULL,NULL,NULL,NULL,NULL,'admin',1,'N',NULL,NULL,NULL,NULL,1),(492,0,'N','C',4586,495,'2006-10-24 00:00:00','I',NULL,'39','39',NULL,NULL,NULL,NULL,NULL,'2006-11-02 00:00:00','EQ',NULL,0,NULL,NULL,NULL,NULL,NULL,NULL,NULL,NULL,NULL,'admin',0,'N',NULL,NULL,NULL,NULL,1),(493,0,'N','C',4610,496,'2006-10-25 00:00:00','I',NULL,'30','30',NULL,NULL,NULL,NULL,NULL,'2006-11-02 00:00:00','EQ',NULL,0,NULL,NULL,NULL,NULL,NULL,NULL,NULL,NULL,NULL,'admin',0,'N',NULL,NULL,NULL,NULL,1),(494,0,'N','C',4986,497,'2006-10-30 00:00:00','I',NULL,'39','39',NULL,NULL,NULL,NULL,NULL,'2006-11-02 00:00:00','EQ',NULL,0,NULL,NULL,NULL,NULL,NULL,NULL,NULL,NULL,NULL,'admin',0,'N',NULL,NULL,NULL,NULL,1),(495,0,'N','C',4404,498,'2006-10-15 00:00:00','I',NULL,'40','40',NULL,NULL,NULL,NULL,NULL,'2006-11-02 00:00:00','EQ',NULL,0,NULL,NULL,NULL,NULL,NULL,NULL,NULL,NULL,NULL,'admin',0,'N',NULL,NULL,NULL,NULL,1),(496,0,'N','C',4650,499,'2006-10-28 00:00:00','I',NULL,'39','39',NULL,NULL,NULL,NULL,NULL,'2006-11-02 00:00:00','EQ',NULL,0,NULL,NULL,NULL,NULL,NULL,NULL,NULL,NULL,NULL,'admin',0,'N',NULL,NULL,NULL,NULL,1),(497,0,'N','C',4961,500,'2006-10-29 00:00:00','I',NULL,'39','39',NULL,NULL,NULL,NULL,NULL,'2006-11-02 00:00:00','EQ',NULL,0,NULL,NULL,NULL,NULL,NULL,NULL,NULL,NULL,NULL,'admin',0,'N',NULL,NULL,NULL,NULL,1),(498,0,'N','C',4713,501,'2006-11-01 00:00:00','I',NULL,'39','39',NULL,NULL,NULL,NULL,NULL,'2006-11-02 00:00:00','D',NULL,0,NULL,NULL,NULL,NULL,NULL,NULL,NULL,NULL,NULL,'admin',0,'N',NULL,NULL,NULL,NULL,1),(499,0,'N','C',4731,502,'2006-11-02 00:00:00','I',NULL,'39','39',NULL,NULL,NULL,NULL,NULL,'2006-11-02 00:00:00','D',NULL,0,NULL,NULL,NULL,NULL,NULL,NULL,NULL,NULL,NULL,'admin',0,'N',NULL,NULL,NULL,NULL,1),(500,0,'N','C',4550,503,'2006-10-22 00:00:00','I',NULL,'39','39',NULL,NULL,NULL,NULL,NULL,'2006-11-03 00:00:00','EQ',NULL,0,NULL,NULL,NULL,NULL,NULL,NULL,NULL,NULL,NULL,'admin',0,'N',NULL,NULL,NULL,NULL,1),(501,0,'N','C',4987,504,'2006-10-02 00:00:00','I',NULL,'81','81',NULL,NULL,NULL,NULL,NULL,'2006-11-02 00:00:00','EQ',NULL,0,NULL,NULL,NULL,NULL,NULL,NULL,NULL,NULL,NULL,'admin',0,'N',NULL,NULL,NULL,NULL,1),(502,0,'N','C',4952,505,'2006-10-28 00:00:00','I',NULL,'39','39',NULL,NULL,NULL,NULL,NULL,'2006-11-02 00:00:00','EQ',NULL,0,NULL,NULL,NULL,NULL,NULL,NULL,NULL,NULL,NULL,'admin',0,'N',NULL,NULL,NULL,NULL,1),(503,0,'N','C',4628,506,'2006-10-25 00:00:00','I',NULL,'39','39',NULL,NULL,NULL,NULL,NULL,'2006-11-02 00:00:00','EQ',NULL,0,NULL,NULL,NULL,NULL,NULL,NULL,NULL,NULL,NULL,'admin',0,'N',NULL,NULL,NULL,NULL,1),(504,0,'N','F',757,507,'2006-10-31 00:00:00','I',NULL,'39','29',NULL,NULL,NULL,NULL,NULL,'2006-11-01 00:00:00','D',NULL,0,NULL,NULL,NULL,NULL,NULL,NULL,NULL,NULL,NULL,'admin',0,'N',NULL,NULL,NULL,NULL,1),(505,0,'N','F',753,508,'2006-10-27 00:00:00','I',NULL,'12','12',NULL,NULL,NULL,NULL,NULL,'2006-11-02 00:00:00','EQ',NULL,0,NULL,NULL,NULL,NULL,NULL,NULL,NULL,NULL,NULL,'admin',0,'N',NULL,NULL,NULL,NULL,1);
/*!40000 ALTER TABLE `admission` ENABLE KEYS */;
UNLOCK TABLES;

--
-- Table structure for table `admissiontype`
--

DROP TABLE IF EXISTS `admissiontype`;
/*!40101 SET @saved_cs_client     = @@character_set_client */;
/*!40101 SET character_set_client = utf8 */;
CREATE TABLE `admissiontype` (
  `ADMT_ID_A` varchar(10) NOT NULL,
  `ADMT_DESC` varchar(50) NOT NULL,
  `ADMT_CREATED_BY` varchar(50) DEFAULT NULL,
  `ADMT_CREATED_DATE` datetime DEFAULT NULL,
  `ADMT_LAST_MODIFIED_BY` varchar(50) DEFAULT NULL,
  `ADMT_LAST_MODIFIED_DATE` datetime DEFAULT NULL,
  `ADMT_ACTIVE` tinyint(1) NOT NULL DEFAULT '1',
  PRIMARY KEY (`ADMT_ID_A`)
) ENGINE=InnoDB DEFAULT CHARSET=utf8;
/*!40101 SET character_set_client = @saved_cs_client */;

--
-- Dumping data for table `admissiontype`
--

LOCK TABLES `admissiontype` WRITE;
/*!40000 ALTER TABLE `admissiontype` DISABLE KEYS */;
INSERT INTO `admissiontype` VALUES ('A','AMBULANCE',NULL,NULL,NULL,NULL,1),('I','SELF',NULL,NULL,NULL,NULL,1),('R','REFERRAL',NULL,NULL,NULL,NULL,1);
/*!40000 ALTER TABLE `admissiontype` ENABLE KEYS */;
UNLOCK TABLES;

--
-- Table structure for table `agetype`
--

DROP TABLE IF EXISTS `agetype`;
/*!40101 SET @saved_cs_client     = @@character_set_client */;
/*!40101 SET character_set_client = utf8 */;
CREATE TABLE `agetype` (
  `AT_CODE` varchar(4) NOT NULL DEFAULT '',
  `AT_FROM` int(11) NOT NULL DEFAULT '0',
  `AT_TO` int(11) NOT NULL DEFAULT '0',
  `AT_DESC` varchar(100) CHARACTER SET utf8 COLLATE utf8_unicode_ci NOT NULL DEFAULT '',
  `AT_CREATED_BY` varchar(50) DEFAULT NULL,
  `AT_CREATED_DATE` datetime DEFAULT NULL,
  `AT_LAST_MODIFIED_BY` varchar(50) DEFAULT NULL,
  `AT_LAST_MODIFIED_DATE` datetime DEFAULT NULL,
  `AT_ACTIVE` tinyint(1) NOT NULL DEFAULT '1',
  PRIMARY KEY (`AT_CODE`)
) ENGINE=MyISAM DEFAULT CHARSET=utf8;
/*!40101 SET character_set_client = @saved_cs_client */;

--
-- Dumping data for table `agetype`
--

LOCK TABLES `agetype` WRITE;
/*!40000 ALTER TABLE `agetype` DISABLE KEYS */;
INSERT INTO `agetype` VALUES ('d0',0,0,'angal.agetype.newborn',NULL,NULL,NULL,NULL,1),('d1',1,5,'angal.agetype.earlychildhood',NULL,NULL,NULL,NULL,1),('d2',6,12,'angal.agetype.latechildhood',NULL,NULL,NULL,NULL,1),('d3',13,24,'angal.agetype.adolescents',NULL,NULL,NULL,NULL,1),('d4',25,59,'angal.agetype.adult',NULL,NULL,NULL,NULL,1),('d5',60,99,'angal.agetype.elderly',NULL,NULL,NULL,NULL,1);
/*!40000 ALTER TABLE `agetype` ENABLE KEYS */;
UNLOCK TABLES;

--
-- Table structure for table `billitems`
--

DROP TABLE IF EXISTS `billitems`;
/*!40101 SET @saved_cs_client     = @@character_set_client */;
/*!40101 SET character_set_client = utf8 */;
CREATE TABLE `billitems` (
  `BLI_ID` int(11) NOT NULL AUTO_INCREMENT,
  `BLI_ID_BILL` int(11) DEFAULT NULL,
  `BLI_IS_PRICE` tinyint(1) NOT NULL,
  `BLI_ID_PRICE` varchar(10) DEFAULT NULL,
  `BLI_ITEM_DESC` varchar(100) DEFAULT NULL,
  `BLI_ITEM_AMOUNT` double NOT NULL,
  `BLI_QTY` int(11) NOT NULL,
  `BLI_CREATED_BY` varchar(50) DEFAULT NULL,
  `BLI_CREATED_DATE` datetime DEFAULT NULL,
  `BLI_LAST_MODIFIED_BY` varchar(50) DEFAULT NULL,
  `BLI_LAST_MODIFIED_DATE` datetime DEFAULT NULL,
  `BLI_ACTIVE` tinyint(1) NOT NULL DEFAULT '1',
  PRIMARY KEY (`BLI_ID`),
  KEY `FK_BILLITEMS_BILLS` (`BLI_ID_BILL`),
  CONSTRAINT `FK_BILLITEMS_BILLS` FOREIGN KEY (`BLI_ID_BILL`) REFERENCES `bills` (`BLL_ID`) ON DELETE CASCADE ON UPDATE CASCADE
) ENGINE=InnoDB DEFAULT CHARSET=utf8;
/*!40101 SET character_set_client = @saved_cs_client */;

--
-- Dumping data for table `billitems`
--

LOCK TABLES `billitems` WRITE;
/*!40000 ALTER TABLE `billitems` DISABLE KEYS */;
/*!40000 ALTER TABLE `billitems` ENABLE KEYS */;
UNLOCK TABLES;

--
-- Table structure for table `billpayments`
--

DROP TABLE IF EXISTS `billpayments`;
/*!40101 SET @saved_cs_client     = @@character_set_client */;
/*!40101 SET character_set_client = utf8 */;
CREATE TABLE `billpayments` (
  `BLP_ID` int(11) NOT NULL AUTO_INCREMENT,
  `BLP_ID_BILL` int(11) DEFAULT NULL,
  `BLP_DATE` datetime NOT NULL,
  `BLP_AMOUNT` double NOT NULL,
  `BLP_USR_ID_A` varchar(50) NOT NULL DEFAULT 'admin',
  `BLP_CREATED_BY` varchar(50) DEFAULT NULL,
  `BLP_CREATED_DATE` datetime DEFAULT NULL,
  `BLP_LAST_MODIFIED_BY` varchar(50) DEFAULT NULL,
  `BLP_LAST_MODIFIED_DATE` datetime DEFAULT NULL,
  `BLP_ACTIVE` tinyint(1) NOT NULL DEFAULT '1',
  PRIMARY KEY (`BLP_ID`),
  KEY `FK_BILLPAYMENTS_BILLS` (`BLP_ID_BILL`),
  CONSTRAINT `FK_BILLPAYMENTS_BILLS` FOREIGN KEY (`BLP_ID_BILL`) REFERENCES `bills` (`BLL_ID`) ON DELETE CASCADE ON UPDATE CASCADE
) ENGINE=InnoDB DEFAULT CHARSET=utf8;
/*!40101 SET character_set_client = @saved_cs_client */;

--
-- Dumping data for table `billpayments`
--

LOCK TABLES `billpayments` WRITE;
/*!40000 ALTER TABLE `billpayments` DISABLE KEYS */;
/*!40000 ALTER TABLE `billpayments` ENABLE KEYS */;
UNLOCK TABLES;

--
-- Table structure for table `bills`
--

DROP TABLE IF EXISTS `bills`;
/*!40101 SET @saved_cs_client     = @@character_set_client */;
/*!40101 SET character_set_client = utf8 */;
CREATE TABLE `bills` (
  `BLL_ID` int(11) NOT NULL AUTO_INCREMENT,
  `BLL_DATE` datetime NOT NULL,
  `BLL_UPDATE` datetime NOT NULL,
  `BLL_IS_LST` tinyint(1) NOT NULL,
  `BLL_ID_LST` int(11) DEFAULT NULL,
  `BLL_LST_NAME` varchar(50) DEFAULT NULL,
  `BLL_IS_PAT` tinyint(1) NOT NULL,
  `BLL_ID_PAT` int(11) DEFAULT NULL,
  `BLL_PAT_NAME` varchar(100) DEFAULT NULL,
  `BLL_STATUS` varchar(1) DEFAULT NULL,
  `BLL_AMOUNT` double DEFAULT NULL,
  `BLL_BALANCE` double DEFAULT NULL,
  `BLL_USR_ID_A` varchar(50) NOT NULL DEFAULT 'admin',
  `BLL_CREATED_BY` varchar(50) DEFAULT NULL,
  `BLL_CREATED_DATE` datetime DEFAULT NULL,
  `BLL_LAST_MODIFIED_BY` varchar(50) DEFAULT NULL,
  `BLL_LAST_MODIFIED_DATE` datetime DEFAULT NULL,
  `BLL_ACTIVE` tinyint(1) NOT NULL DEFAULT '1',
  PRIMARY KEY (`BLL_ID`),
  KEY `FK_BILLS_PATIENT` (`BLL_ID_PAT`),
  KEY `FK_BILLS_PRICELISTS` (`BLL_ID_LST`),
  CONSTRAINT `FK_BILLS_PATIENT` FOREIGN KEY (`BLL_ID_PAT`) REFERENCES `patient` (`PAT_ID`) ON DELETE CASCADE ON UPDATE CASCADE,
  CONSTRAINT `FK_BILLS_PRICELISTS` FOREIGN KEY (`BLL_ID_LST`) REFERENCES `pricelists` (`LST_ID`) ON DELETE NO ACTION ON UPDATE NO ACTION
) ENGINE=InnoDB DEFAULT CHARSET=utf8;
/*!40101 SET character_set_client = @saved_cs_client */;

--
-- Dumping data for table `bills`
--

LOCK TABLES `bills` WRITE;
/*!40000 ALTER TABLE `bills` DISABLE KEYS */;
/*!40000 ALTER TABLE `bills` ENABLE KEYS */;
UNLOCK TABLES;

--
-- Table structure for table `deliveryresulttype`
--

DROP TABLE IF EXISTS `deliveryresulttype`;
/*!40101 SET @saved_cs_client     = @@character_set_client */;
/*!40101 SET character_set_client = utf8 */;
CREATE TABLE `deliveryresulttype` (
  `DRT_ID_A` char(1) NOT NULL,
  `DRT_DESC` varchar(50) NOT NULL,
  `DRT_CREATED_BY` varchar(50) DEFAULT NULL,
  `DRT_CREATED_DATE` datetime DEFAULT NULL,
  `DRT_LAST_MODIFIED_BY` varchar(50) DEFAULT NULL,
  `DRT_LAST_MODIFIED_DATE` datetime DEFAULT NULL,
  `DRT_ACTIVE` tinyint(1) NOT NULL DEFAULT '1',
  PRIMARY KEY (`DRT_ID_A`)
) ENGINE=InnoDB DEFAULT CHARSET=utf8;
/*!40101 SET character_set_client = @saved_cs_client */;

--
-- Dumping data for table `deliveryresulttype`
--

LOCK TABLES `deliveryresulttype` WRITE;
/*!40000 ALTER TABLE `deliveryresulttype` DISABLE KEYS */;
INSERT INTO `deliveryresulttype` VALUES ('A','LIVE BIRTH',NULL,NULL,NULL,NULL,1),('B','MASTERATED STILL BIRTH',NULL,NULL,NULL,NULL,1),('M','MATERNAL DEATH',NULL,NULL,NULL,NULL,1),('N','NEWBORN DEATH',NULL,NULL,NULL,NULL,1),('S','FRESH STILL BIRTH',NULL,NULL,NULL,NULL,1);
/*!40000 ALTER TABLE `deliveryresulttype` ENABLE KEYS */;
UNLOCK TABLES;

--
-- Table structure for table `deliverytype`
--

DROP TABLE IF EXISTS `deliverytype`;
/*!40101 SET @saved_cs_client     = @@character_set_client */;
/*!40101 SET character_set_client = utf8 */;
CREATE TABLE `deliverytype` (
  `DLT_ID_A` char(1) NOT NULL,
  `DLT_DESC` varchar(50) NOT NULL,
  `DLT_CREATED_BY` varchar(50) DEFAULT NULL,
  `DLT_CREATED_DATE` datetime DEFAULT NULL,
  `DLT_LAST_MODIFIED_BY` varchar(50) DEFAULT NULL,
  `DLT_LAST_MODIFIED_DATE` datetime DEFAULT NULL,
  `DLT_ACTIVE` tinyint(1) NOT NULL DEFAULT '1',
  PRIMARY KEY (`DLT_ID_A`)
) ENGINE=InnoDB DEFAULT CHARSET=utf8;
/*!40101 SET character_set_client = @saved_cs_client */;

--
-- Dumping data for table `deliverytype`
--

LOCK TABLES `deliverytype` WRITE;
/*!40000 ALTER TABLE `deliverytype` DISABLE KEYS */;
INSERT INTO `deliverytype` VALUES ('C','DELIVERY ASSISTED BY CESARIAN SECTION',NULL,NULL,NULL,NULL,1),('N','NORMAL DELIVERY',NULL,NULL,NULL,NULL,1),('V','DELIVERY ASSISTED BY VACUUM EXTRACTION',NULL,NULL,NULL,NULL,1);
/*!40000 ALTER TABLE `deliverytype` ENABLE KEYS */;
UNLOCK TABLES;

--
-- Table structure for table `dicom`
--

DROP TABLE IF EXISTS `dicom`;
/*!40101 SET @saved_cs_client     = @@character_set_client */;
/*!40101 SET character_set_client = utf8 */;
CREATE TABLE `dicom` (
  `DM_PAT_ID` int(11) NOT NULL,
  `DM_DATA` longblob,
  `DM_FILE_ID` bigint(20) NOT NULL AUTO_INCREMENT,
  `DM_FILE_NOME` varchar(255) NOT NULL,
  `DM_FILE_ACCESSION_NUMBER` varchar(255) DEFAULT NULL,
  `DM_FILE_INSTITUTION_NAME` varchar(255) DEFAULT NULL,
  `DM_FILE_PAT_UID` varchar(255) DEFAULT NULL,
  `DM_FILE_PAT_NAME` varchar(255) DEFAULT NULL,
  `DM_FILE_PAT_ADDR` varchar(255) DEFAULT NULL,
  `DM_FILE_PAT_AGE` varchar(255) DEFAULT NULL,
  `DM_FILE_PAT_SEX` varchar(255) DEFAULT NULL,
  `DM_FILE_PAT_BIRTHDATE` varchar(255) DEFAULT NULL,
  `DM_FILE_ST_UID` varchar(255) NOT NULL,
  `DM_FILE_ST_DATE` datetime DEFAULT NULL,
  `DM_FILE_ST_DESCR` varchar(255) DEFAULT NULL,
  `DM_FILE_SER_UID` varchar(255) NOT NULL,
  `DM_FILE_SER_INST_UID` varchar(255) NOT NULL,
  `DM_FILE_SER_NUMBER` varchar(255) DEFAULT NULL,
  `DM_FILE_SER_DESC_COD_SEQ` varchar(255) DEFAULT NULL,
  `DM_FILE_SER_DATE` datetime DEFAULT NULL,
  `DM_FILE_SER_DESC` varchar(255) DEFAULT NULL,
  `DM_FILE_INST_UID` varchar(255) NOT NULL,
  `DM_FILE_MODALIITY` varchar(255) DEFAULT NULL,
  `DM_THUMBNAIL` blob,
  `DM_DCMT_ID` varchar(3) DEFAULT NULL,
  `DM_CREATED_BY` varchar(50) DEFAULT NULL,
  `DM_CREATED_DATE` datetime DEFAULT NULL,
  `DM_LAST_MODIFIED_BY` varchar(50) DEFAULT NULL,
  `DM_LAST_MODIFIED_DATE` datetime DEFAULT NULL,
  `DM_ACTIVE` tinyint(1) NOT NULL DEFAULT '1',
  PRIMARY KEY (`DM_FILE_ID`),
  KEY `FK_DICOM_DICOMTYPE_idx` (`DM_DCMT_ID`),
  CONSTRAINT `FK_DICOM_DICOMTYPE` FOREIGN KEY (`DM_DCMT_ID`) REFERENCES `dicomtype` (`DCMT_ID`) ON DELETE NO ACTION ON UPDATE NO ACTION
) ENGINE=InnoDB DEFAULT CHARSET=utf8;
/*!40101 SET character_set_client = @saved_cs_client */;

--
-- Dumping data for table `dicom`
--

LOCK TABLES `dicom` WRITE;
/*!40000 ALTER TABLE `dicom` DISABLE KEYS */;
/*!40000 ALTER TABLE `dicom` ENABLE KEYS */;
UNLOCK TABLES;

--
-- Table structure for table `dicomtype`
--

DROP TABLE IF EXISTS `dicomtype`;
/*!40101 SET @saved_cs_client     = @@character_set_client */;
/*!40101 SET character_set_client = utf8 */;
CREATE TABLE `dicomtype` (
  `DCMT_ID` varchar(3) NOT NULL,
  `DCMT_DESC` varchar(50) NOT NULL,
  PRIMARY KEY (`DCMT_ID`)
) ENGINE=InnoDB DEFAULT CHARSET=utf8;
/*!40101 SET character_set_client = @saved_cs_client */;

--
-- Dumping data for table `dicomtype`
--

LOCK TABLES `dicomtype` WRITE;
/*!40000 ALTER TABLE `dicomtype` DISABLE KEYS */;
/*!40000 ALTER TABLE `dicomtype` ENABLE KEYS */;
UNLOCK TABLES;

--
-- Table structure for table `dischargetype`
--

DROP TABLE IF EXISTS `dischargetype`;
/*!40101 SET @saved_cs_client     = @@character_set_client */;
/*!40101 SET character_set_client = utf8 */;
CREATE TABLE `dischargetype` (
  `DIST_ID_A` varchar(10) NOT NULL,
  `DIST_DESC` varchar(50) NOT NULL,
  `DIST_CREATED_BY` varchar(50) DEFAULT NULL,
  `DIST_CREATED_DATE` datetime DEFAULT NULL,
  `DIST_LAST_MODIFIED_BY` varchar(50) DEFAULT NULL,
  `DIST_LAST_MODIFIED_DATE` datetime DEFAULT NULL,
  `DIST_ACTIVE` tinyint(1) NOT NULL DEFAULT '1',
  PRIMARY KEY (`DIST_ID_A`)
) ENGINE=InnoDB DEFAULT CHARSET=utf8;
/*!40101 SET character_set_client = @saved_cs_client */;

--
-- Dumping data for table `dischargetype`
--

LOCK TABLES `dischargetype` WRITE;
/*!40000 ALTER TABLE `dischargetype` DISABLE KEYS */;
INSERT INTO `dischargetype` VALUES ('B','REFERRED',NULL,NULL,NULL,NULL,1),('D','DEAD',NULL,NULL,NULL,NULL,1),('EQ','NORMAL DISCHARGE',NULL,NULL,NULL,NULL,1),('ES','ESCAPE',NULL,NULL,NULL,NULL,1);
/*!40000 ALTER TABLE `dischargetype` ENABLE KEYS */;
UNLOCK TABLES;

--
-- Table structure for table `disease`
--

DROP TABLE IF EXISTS `disease`;
/*!40101 SET @saved_cs_client     = @@character_set_client */;
/*!40101 SET character_set_client = utf8 */;
CREATE TABLE `disease` (
  `DIS_ID_A` varchar(10) NOT NULL,
  `DIS_DESC` varchar(160) NOT NULL,
  `DIS_DCL_ID_A` char(2) NOT NULL,
  `DIS_LOCK` int(11) NOT NULL DEFAULT '0',
  `DIS_OPD_INCLUDE` int(11) NOT NULL DEFAULT '0',
  `DIS_IPD_IN_INCLUDE` int(11) NOT NULL DEFAULT '0',
  `DIS_IPD_OUT_INCLUDE` int(11) NOT NULL DEFAULT '0',
  `DIS_CREATED_BY` varchar(50) DEFAULT NULL,
  `DIS_CREATED_DATE` datetime DEFAULT NULL,
  `DIS_LAST_MODIFIED_BY` varchar(50) DEFAULT NULL,
  `DIS_LAST_MODIFIED_DATE` datetime DEFAULT NULL,
  `DIS_ACTIVE` tinyint(1) NOT NULL DEFAULT '1',
  PRIMARY KEY (`DIS_ID_A`),
  KEY `FK_DISEASE_DISEASETYPE` (`DIS_DCL_ID_A`),
  CONSTRAINT `FK_DISEASE_DISEASETYPE` FOREIGN KEY (`DIS_DCL_ID_A`) REFERENCES `diseasetype` (`DCL_ID_A`) ON DELETE NO ACTION ON UPDATE CASCADE
) ENGINE=InnoDB DEFAULT CHARSET=utf8;
/*!40101 SET character_set_client = @saved_cs_client */;

--
-- Dumping data for table `disease`
--

LOCK TABLES `disease` WRITE;
/*!40000 ALTER TABLE `disease` DISABLE KEYS */;
INSERT INTO `disease` VALUES ('1','Acute Flaccid Paralysis','ND',0,1,1,1,NULL,NULL,NULL,NULL,1),('10','Viral Haemorragic Fever','ND',0,1,1,1,NULL,NULL,NULL,NULL,1),('100','Other malignant neoplasm','NC',0,1,1,1,NULL,NULL,NULL,NULL,1),('101','Curable Ulcers','NC',0,1,1,1,NULL,NULL,NULL,NULL,1),('102','Cerebro-vascular event','NC',0,1,1,1,NULL,NULL,NULL,NULL,1),('103','Cardiac arrest','NC',0,1,1,1,NULL,NULL,NULL,NULL,1),('104','Gastro-intestinal bleeding','NC',0,1,1,1,NULL,NULL,NULL,NULL,1),('105','Respiratory distress','NC',0,1,1,1,NULL,NULL,NULL,NULL,1),('106','Acute renal failure','NC',1,0,1,1,NULL,NULL,NULL,NULL,1),('107','Acute sepsis','NC',1,0,1,1,NULL,NULL,NULL,NULL,1),('108','Schostosomiasis','NC',0,1,1,1,NULL,NULL,NULL,NULL,1),('11','Yellow Fever','ND',0,1,1,1,NULL,NULL,NULL,NULL,1),('110','Pelvic Inflammatory DISEASEs (PID)','OC',0,1,1,1,NULL,NULL,NULL,NULL,1),('111','Tetanus (over 28 days age)','OC',1,1,1,1,NULL,NULL,NULL,NULL,1),('112','Obstructed Labour','MP',0,1,1,1,NULL,NULL,NULL,NULL,1),('113','Other types of meningitis','OC',0,1,1,1,NULL,NULL,NULL,NULL,1),('114','Schistosomiasis','OC',0,1,1,1,NULL,NULL,NULL,NULL,1),('115','Sleeping sickness','OC',0,1,1,1,NULL,NULL,NULL,NULL,1),('116','Malaria in pregnancy','MP',0,1,1,1,NULL,NULL,NULL,NULL,1),('117','Injuries - (road traffic accident)','NC',0,1,1,1,NULL,NULL,NULL,NULL,1),('12','Anaemia','NC',0,1,1,1,NULL,NULL,NULL,NULL,1),('13','Dental DISEASE and conditions','NC',0,1,1,1,NULL,NULL,NULL,NULL,1),('14','Diabetes Mellitus','NC',0,1,1,1,NULL,NULL,NULL,NULL,1),('15','Gastro-intestinal DISEASEss (non infective)','NC',1,1,1,1,NULL,NULL,NULL,NULL,1),('16','Hypertension','NC',0,1,1,1,NULL,NULL,NULL,NULL,1),('17','Mental Illness','NC',0,1,1,1,NULL,NULL,NULL,NULL,1),('18','Epilepsy','NC',0,1,1,1,NULL,NULL,NULL,NULL,1),('19','Other cardio-vascular DISEASEs','NC',0,1,1,1,NULL,NULL,NULL,NULL,1),('2','Cholera','ND',0,1,1,1,NULL,NULL,NULL,NULL,1),('20','Severe malnutrition (marasmus,kwashiorkor,marasmic-kwash)','NC',6,1,0,0,NULL,NULL,NULL,NULL,1),('22','Trauma-Domestic Violence','NC',0,1,1,1,NULL,NULL,NULL,NULL,1),('23','Trauma-other intensional','NC',0,1,1,1,NULL,NULL,NULL,NULL,1),('24','Trauma Road traffic accidents','NC',0,1,1,1,NULL,NULL,NULL,NULL,1),('25','Trauma Other Non intensional','NC',0,1,1,1,NULL,NULL,NULL,NULL,1),('26','Other complications of pregnancy','MP',1,0,1,1,NULL,NULL,NULL,NULL,1),('27','Perinatal conditions','MP',0,1,1,1,NULL,NULL,NULL,NULL,1),('28','Abortions','MP',0,1,1,1,NULL,NULL,NULL,NULL,1),('29','AIDS','OC',0,1,1,1,NULL,NULL,NULL,NULL,1),('3','Diarrhoea-Dysentry','ND',2,1,1,1,NULL,NULL,NULL,NULL,1),('30','Diarrhoea-Not bloody','OC',0,1,1,1,NULL,NULL,NULL,NULL,1),('31','Diarrhoea-Persistent','OC',0,1,1,1,NULL,NULL,NULL,NULL,1),('32','Ear Infection','OC',1,0,1,1,NULL,NULL,NULL,NULL,1),('33','Eye Infection','OC',0,1,1,1,NULL,NULL,NULL,NULL,1),('34','Genital Inf.-Urethral discharge','OC',1,0,1,1,NULL,NULL,NULL,NULL,1),('35','Genital Inf.-Vaginal discharge','OC',1,0,1,1,NULL,NULL,NULL,NULL,1),('36','Genital Inf.-Ulcerative','OC',1,0,1,1,NULL,NULL,NULL,NULL,1),('37','Intestinal Worms','OC',0,1,1,1,NULL,NULL,NULL,NULL,1),('38','Leprosy','OC',0,1,1,1,NULL,NULL,NULL,NULL,1),('39','Malaria','OC',0,1,1,1,NULL,NULL,NULL,NULL,1),('4','Guinea Worm','ND',0,1,1,1,NULL,NULL,NULL,NULL,1),('40','No pneumonia-cold or cough','OC',0,1,1,1,NULL,NULL,NULL,NULL,1),('41','Onchocerciasis','OC',0,1,1,1,NULL,NULL,NULL,NULL,1),('42','Pneumonia','OC',0,1,1,1,NULL,NULL,NULL,NULL,1),('43','Skin DISEASEs','OC',0,1,1,1,NULL,NULL,NULL,NULL,1),('44','Tuberculosis','OC',2,1,1,1,NULL,NULL,NULL,NULL,1),('46','Typhoid Fever','OC',0,1,1,1,NULL,NULL,NULL,NULL,1),('47','Urinary Tract Infections (UTI)','OC',2,1,1,1,NULL,NULL,NULL,NULL,1),('48','Others(non specified)','OC',1,0,1,1,NULL,NULL,NULL,NULL,1),('49','All Other DISEASEs','AO',2,1,1,1,NULL,NULL,NULL,NULL,1),('5','Measles','ND',0,1,1,1,NULL,NULL,NULL,NULL,1),('50','Other emerging infectious DISEASE','ND',0,1,1,1,NULL,NULL,NULL,NULL,1),('56','Death in OPD','OC',0,1,1,1,NULL,NULL,NULL,NULL,1),('57','ENT Conditions','OC',0,1,1,1,NULL,NULL,NULL,NULL,1),('58','Eye Conditions','OC',0,1,1,1,NULL,NULL,NULL,NULL,1),('59','Sexually transmited infections (STI)','OC',1,1,1,1,NULL,NULL,NULL,NULL,1),('6','Meningitis','ND',0,1,1,1,NULL,NULL,NULL,NULL,1),('60','Hepatitis','OC',1,0,1,1,NULL,NULL,NULL,NULL,1),('61','Osteomyelitis','OC',1,0,1,1,NULL,NULL,NULL,NULL,1),('62','Peritonitis','OC',1,0,1,1,NULL,NULL,NULL,NULL,1),('63','Pyrexiaof unknown origin (PUO)','OC',1,0,1,1,NULL,NULL,NULL,NULL,1),('64','Septicaemia','OC',1,0,1,1,NULL,NULL,NULL,NULL,1),('65','High blood pressure in pregnancy','MP',0,1,1,1,NULL,NULL,NULL,NULL,1),('66','Haemorrhage related to pregnancy (APH/PPH)','MP',0,1,1,1,NULL,NULL,NULL,NULL,1),('67','Sepsis related to pregnancy','MP',1,0,1,1,NULL,NULL,NULL,NULL,1),('68','Asthma','NC',0,1,1,1,NULL,NULL,NULL,NULL,1),('69','Oral DISEASEs and condition','NC',0,1,1,1,NULL,NULL,NULL,NULL,1),('7','Tetanus neonatal (less 28 days age)','ND',3,1,1,1,NULL,NULL,NULL,NULL,1),('70','Endocrine and metabolic disorders (other)','NC',0,1,1,1,NULL,NULL,NULL,NULL,1),('71','Anxiety disorders','NC',0,1,1,1,NULL,NULL,NULL,NULL,1),('72','Mania','NC',0,1,1,1,NULL,NULL,NULL,NULL,1),('73','Depression','NC',0,1,1,1,NULL,NULL,NULL,NULL,1),('74','Schizophrenia','NC',0,1,1,1,NULL,NULL,NULL,NULL,1),('75','Alcohol and drug abuse','NC',0,1,1,1,NULL,NULL,NULL,NULL,1),('76','Childhood and mentle disorders','NC',0,1,1,1,NULL,NULL,NULL,NULL,1),('77','Severe malnutrition (kwashiorkor)','NC',2,0,1,1,NULL,NULL,NULL,NULL,1),('78','Severe malnutrition (marasmus)','NC',3,0,1,1,NULL,NULL,NULL,NULL,1),('79','Severe malnutrition (marasmic-kwash)','NC',2,0,1,1,NULL,NULL,NULL,NULL,1),('8','Plague','ND',0,1,1,1,NULL,NULL,NULL,NULL,1),('80','Low weight for age','NC',0,1,1,1,NULL,NULL,NULL,NULL,1),('81','Injuries - (trauma due to other causes)','NC',0,1,1,1,NULL,NULL,NULL,NULL,1),('82','Animal/snake bite','NC',0,1,1,1,NULL,NULL,NULL,NULL,1),('83','Poisoning','NC',1,0,1,1,NULL,NULL,NULL,NULL,1),('84','Liver cirrhosis','NC',0,1,1,1,NULL,NULL,NULL,NULL,1),('85','Hepatocellular carcinoma','NC',0,1,1,1,NULL,NULL,NULL,NULL,1),('86','Liver DISEASE s (other)','NC',0,1,1,1,NULL,NULL,NULL,NULL,1),('87','Hernias','NC',0,1,1,1,NULL,NULL,NULL,NULL,1),('88','DISEASEs of the appendix','NC',0,1,1,1,NULL,NULL,NULL,NULL,1),('89','Musculo skeletal and connective tissue DISEASE','NC',0,1,1,1,NULL,NULL,NULL,NULL,1),('9','Rabies','ND',0,1,1,1,NULL,NULL,NULL,NULL,1),('90','Genito erinary system DISEASEs ( non infective )','NC',0,1,1,1,NULL,NULL,NULL,NULL,1),('91','Congenital malformations and chromosome abnormalities','ND',1,0,1,1,NULL,NULL,NULL,NULL,1),('92','Comlpication and surgical care','NC',0,1,1,1,NULL,NULL,NULL,NULL,1),('93','Benine neoplasm\"s ( all type )','NC',0,1,1,1,NULL,NULL,NULL,NULL,1),('94','Cancer of the breast','NC',0,1,1,1,NULL,NULL,NULL,NULL,1),('95','Cancer of the prostate','ND',1,0,1,1,NULL,NULL,NULL,NULL,1),('96','Malignant neoplasm of the digestive organs','NC',0,1,1,1,NULL,NULL,NULL,NULL,1),('97','Malignant of the lungs','NC',0,1,1,1,NULL,NULL,NULL,NULL,1),('98','Caposis and other skin cancers','NC',0,1,1,1,NULL,NULL,NULL,NULL,1),('99','Malignant neoplasm of Haemopoetic tissue','NC',0,1,1,1,NULL,NULL,NULL,NULL,1);
/*!40000 ALTER TABLE `disease` ENABLE KEYS */;
UNLOCK TABLES;

--
-- Table structure for table `diseasetype`
--

DROP TABLE IF EXISTS `diseasetype`;
/*!40101 SET @saved_cs_client     = @@character_set_client */;
/*!40101 SET character_set_client = utf8 */;
CREATE TABLE `diseasetype` (
  `DCL_ID_A` char(2) NOT NULL,
  `DCL_DESC` varchar(110) NOT NULL,
  `DCL_CREATED_BY` varchar(50) DEFAULT NULL,
  `DCL_CREATED_DATE` datetime DEFAULT NULL,
  `DCL_LAST_MODIFIED_BY` varchar(50) DEFAULT NULL,
  `DCL_LAST_MODIFIED_DATE` datetime DEFAULT NULL,
  `DCL_ACTIVE` tinyint(1) NOT NULL DEFAULT '1',
  PRIMARY KEY (`DCL_ID_A`)
) ENGINE=InnoDB DEFAULT CHARSET=utf8;
/*!40101 SET character_set_client = @saved_cs_client */;

--
-- Dumping data for table `diseasetype`
--

LOCK TABLES `diseasetype` WRITE;
/*!40000 ALTER TABLE `diseasetype` DISABLE KEYS */;
INSERT INTO `diseasetype` VALUES ('AO','5. All Other',NULL,NULL,NULL,NULL,1),('MP','3.MATERNAL AND PERINATAL DISEASES',NULL,NULL,NULL,NULL,1),('NC','4.NON-COMMUNICABLE DISEASES',NULL,NULL,NULL,NULL,1),('ND','1.NOTIFIABLE DISEASES',NULL,NULL,NULL,NULL,1),('OC','2.OTHER INFECTIOUS/COMMUNICABLE DISEASES',NULL,NULL,NULL,NULL,1);
/*!40000 ALTER TABLE `diseasetype` ENABLE KEYS */;
UNLOCK TABLES;

--
-- Table structure for table `exam`
--

DROP TABLE IF EXISTS `exam`;
/*!40101 SET @saved_cs_client     = @@character_set_client */;
/*!40101 SET character_set_client = utf8 */;
CREATE TABLE `exam` (
  `EXA_ID_A` varchar(10) NOT NULL,
  `EXA_DESC` varchar(100) NOT NULL,
  `EXA_EXC_ID_A` char(2) NOT NULL,
  `EXA_PROC` int(11) NOT NULL,
  `EXA_DEFAULT` varchar(50) DEFAULT NULL,
  `EXA_LOCK` int(11) NOT NULL DEFAULT '0',
  `EXA_CREATED_BY` varchar(50) DEFAULT NULL,
  `EXA_CREATED_DATE` datetime DEFAULT NULL,
  `EXA_LAST_MODIFIED_BY` varchar(50) DEFAULT NULL,
  `EXA_LAST_MODIFIED_DATE` datetime DEFAULT NULL,
  `EXA_ACTIVE` tinyint(1) NOT NULL DEFAULT '1',
  PRIMARY KEY (`EXA_ID_A`),
  KEY `FK_EXAM_EXAMTYPE` (`EXA_EXC_ID_A`),
  CONSTRAINT `FK_EXAM_EXAMTYPE` FOREIGN KEY (`EXA_EXC_ID_A`) REFERENCES `examtype` (`EXC_ID_A`) ON DELETE NO ACTION ON UPDATE CASCADE
) ENGINE=InnoDB DEFAULT CHARSET=utf8;
/*!40101 SET character_set_client = @saved_cs_client */;

--
-- Dumping data for table `exam`
--

LOCK TABLES `exam` WRITE;
/*!40000 ALTER TABLE `exam` DISABLE KEYS */;
INSERT INTO `exam` VALUES ('01.01','1.1 HB','HB',1,'>=12 (NORMAL)',1,NULL,NULL,NULL,NULL,1),('01.02','1.2 WBC Count','HB',1,'4000 - 7000 (NORMAL)',1,NULL,NULL,NULL,NULL,1),('01.03','1.3 Differential ','HB',1,'',0,NULL,NULL,NULL,NULL,1),('01.04','1.4 Film Comment','HB',1,'',0,NULL,NULL,NULL,NULL,1),('01.05','1.5 ESR','HB',1,'NORMAL',1,NULL,NULL,NULL,NULL,1),('01.06','1.6 Sickling Test','HB',1,'NEGATIVE',1,NULL,NULL,NULL,NULL,1),('02.01','2.1 Grouping','BT',1,'',2,NULL,NULL,NULL,NULL,1),('02.02','2.2 Comb\'s Test','BT',1,'NEGATIVE',3,NULL,NULL,NULL,NULL,1),('03.01','3.1 Blood Slide (Malaria)','PA',1,'NEGATIVE',1,NULL,NULL,NULL,NULL,1),('03.02','3.2 Blood Slide (OTHERS, E.G. TRIUPHANOSOMIAS, MICRIFILARIA, LEISHMANIA, BORRELIA)','PA',1,'NEGATIVE',2,NULL,NULL,NULL,NULL,1),('03.021','3.21 Trypanosomiasis','PA',1,'NEGATIVE',2,NULL,NULL,NULL,NULL,1),('03.022','3.22 MICROFILARIA','PA',1,'NEGATIVE',1,NULL,NULL,NULL,NULL,1),('03.023','3.23 LEISHMANIA','PA',1,'NEGATIVE',1,NULL,NULL,NULL,NULL,1),('03.024','3.24 BORRELIA','PA',1,'NEGATIVE',1,NULL,NULL,NULL,NULL,1),('03.03','3.3 STOOL MICROSCOPY','PA',2,'',2,NULL,NULL,NULL,NULL,1),('03.04','3.4 URINE MICROSCOPY','PA',1,'NEGATIVE',1,NULL,NULL,NULL,NULL,1),('03.05','3.5 TISSUE MICROSCOPY','PA',1,'NEGATIVE',1,NULL,NULL,NULL,NULL,1),('03.06','3.6 CSF WET PREP','PA',1,'NEGATIVE',1,NULL,NULL,NULL,NULL,1),('04.01','4.1 CULTURE AND SENSITIVITY (C&S) FOR HAEMOPHILUS INFUENZA TYPE B','BA',1,'NEGATIVE',2,NULL,NULL,NULL,NULL,1),('04.02','4.2 C&S FOR SALMONELA TYPHI','BA',1,'NEGATIVE',1,NULL,NULL,NULL,NULL,1),('04.03','4.3 C&S FOR VIBRO CHOLERA','BA',1,'NEGATIVE',1,NULL,NULL,NULL,NULL,1),('04.04','4.4 C&S FOR SHIGELLA DYSENTERIAE','BA',1,'NEGATIVE',1,NULL,NULL,NULL,NULL,1),('04.05','4.5 C&S FOR NEISSERIA MENINGITIDES','BA',1,'NEGATIVE',1,NULL,NULL,NULL,NULL,1),('04.06','4.6 OTHER C&S ','BA',1,'NEGATIVE',1,NULL,NULL,NULL,NULL,1),('05.01','5.1 WET PREP','MC',1,'NEGATIVE',1,NULL,NULL,NULL,NULL,1),('05.02','5.2 GRAM STAIN','MC',1,'NEGATIVE',1,NULL,NULL,NULL,NULL,1),('05.03','5.3 INDIA INK','MC',1,'NEGATIVE',1,NULL,NULL,NULL,NULL,1),('05.04','5.4 LEISMANIA','MC',1,'NEGATIVE',1,NULL,NULL,NULL,NULL,1),('05.05','5.5 ZN','MC',1,'NEGATIVE',1,NULL,NULL,NULL,NULL,1),('05.06','5.6 WAYSON','MC',1,'NEGATIVE',1,NULL,NULL,NULL,NULL,1),('05.07','5.7 PAP SMEAR','MC',1,'NEGATIVE',1,NULL,NULL,NULL,NULL,1),('06.01','6.1 VDRL/RPR','SE',1,'NEGATIVE',1,NULL,NULL,NULL,NULL,1),('06.02','6.2 TPHA','SE',1,'NEGATIVE',1,NULL,NULL,NULL,NULL,1),('06.03','6.3 HIV','SE',1,'NEGATIVE',1,NULL,NULL,NULL,NULL,1),('06.04','6.4 HEPATITIS','SE',1,'NEGATIVE',1,NULL,NULL,NULL,NULL,1),('06.05','6.5 OTHERS E.G BRUCELLA, RHEUMATOID FACTOR, WEIL FELIX','SE',1,'NEGATIVE',1,NULL,NULL,NULL,NULL,1),('06.06','6.6 PREGANCY TEST','SE',1,'NEGATIVE',1,NULL,NULL,NULL,NULL,1),('07.01','7.1 PROTEIN','CH',1,'NEGATIVE',1,NULL,NULL,NULL,NULL,1),('07.02','7.2 SUGAR','CH',1,'NORMAL',1,NULL,NULL,NULL,NULL,1),('07.03','7.3 LFTS','CH',1,'NORMAL',1,NULL,NULL,NULL,NULL,1),('07.03.1','7.3.1 BILIRUBIN TOTAL','CH',1,'< 1.2 (NORMAL)',3,NULL,NULL,NULL,NULL,1),('07.03.2','7.3.2 BILIRUBIN DIRECT','CH',1,'< 1.2 (NORMAL)',7,NULL,NULL,NULL,NULL,1),('07.03.3','7.3.3 GOT','CH',1,'<= 50 (NORMAL)',2,NULL,NULL,NULL,NULL,1),('07.03.4','7.3.4 ALT/GPT','CH',1,'<= 50 (NORMAL)',1,NULL,NULL,NULL,NULL,1),('07.04','7.4 RFTS','CH',1,'NORMAL',1,NULL,NULL,NULL,NULL,1),('07.04.1','7.4.1 CREATININA','CH',1,'< 1.4 (NORMAL)',1,NULL,NULL,NULL,NULL,1),('07.04.2','7.4.2 UREA','CH',1,'10-55 (NORMAL)',1,NULL,NULL,NULL,NULL,1),('08.01','8.1 OCCULT BLOOD','OC',1,'NEGATIVE',1,NULL,NULL,NULL,NULL,1),('URI','URINALYSIS','OT',2,'',1,NULL,NULL,NULL,NULL,1);
/*!40000 ALTER TABLE `exam` ENABLE KEYS */;
UNLOCK TABLES;

--
-- Table structure for table `examrow`
--

DROP TABLE IF EXISTS `examrow`;
/*!40101 SET @saved_cs_client     = @@character_set_client */;
/*!40101 SET character_set_client = utf8 */;
CREATE TABLE `examrow` (
  `EXR_ID` int(11) NOT NULL AUTO_INCREMENT,
  `EXR_EXA_ID_A` varchar(10) NOT NULL,
  `EXR_DESC` varchar(50) NOT NULL,
  `EXR_CREATED_BY` varchar(50) DEFAULT NULL,
  `EXR_CREATED_DATE` datetime DEFAULT NULL,
  `EXR_LAST_MODIFIED_BY` varchar(50) DEFAULT NULL,
  `EXR_LAST_MODIFIED_DATE` datetime DEFAULT NULL,
  `EXR_ACTIVE` tinyint(1) NOT NULL DEFAULT '1',
  PRIMARY KEY (`EXR_ID`),
  KEY `FK_EXAMROW_EXAM` (`EXR_EXA_ID_A`),
  CONSTRAINT `FK_EXAMROW_EXAM` FOREIGN KEY (`EXR_EXA_ID_A`) REFERENCES `exam` (`EXA_ID_A`) ON DELETE NO ACTION ON UPDATE CASCADE
) ENGINE=InnoDB AUTO_INCREMENT=213 DEFAULT CHARSET=utf8;
/*!40101 SET character_set_client = @saved_cs_client */;

--
-- Dumping data for table `examrow`
--

LOCK TABLES `examrow` WRITE;
/*!40000 ALTER TABLE `examrow` DISABLE KEYS */;
INSERT INTO `examrow` VALUES (14,'05.02','NEGATIVE',NULL,NULL,NULL,NULL,1),(15,'05.02','PNEUMOCOCCI',NULL,NULL,NULL,NULL,1),(16,'05.02','MENINGOCOCCI',NULL,NULL,NULL,NULL,1),(17,'05.02','HEMOPHILLUS INFL.',NULL,NULL,NULL,NULL,1),(18,'05.02','CRYPTOCOCCI',NULL,NULL,NULL,NULL,1),(19,'05.02','PLEAMORPHIC BACILLI',NULL,NULL,NULL,NULL,1),(20,'05.02','STAPHYLOCOCCI',NULL,NULL,NULL,NULL,1),(48,'07.03.1','<1.2 (NORMAL)',NULL,NULL,NULL,NULL,1),(49,'07.03.1','1.2 - 5',NULL,NULL,NULL,NULL,1),(50,'07.03.1','> 5',NULL,NULL,NULL,NULL,1),(51,'07.04.1','< 1.4 (NORMAL)',NULL,NULL,NULL,NULL,1),(52,'07.04.1','1.4 - 2.5',NULL,NULL,NULL,NULL,1),(53,'07.04.1','> 2.5',NULL,NULL,NULL,NULL,1),(56,'07.03.3','<= 50 (NORMAL)',NULL,NULL,NULL,NULL,1),(57,'07.03.3','> 50',NULL,NULL,NULL,NULL,1),(60,'01.02','4000 - 7000 (NORMAL)',NULL,NULL,NULL,NULL,1),(61,'01.02','> 7000 (HIGH)',NULL,NULL,NULL,NULL,1),(62,'01.02','< 4000 (LOW)',NULL,NULL,NULL,NULL,1),(76,'URI','SEDIMENTS',NULL,NULL,NULL,NULL,1),(77,'URI','SUGAR',NULL,NULL,NULL,NULL,1),(78,'URI','UROBILINOGEN',NULL,NULL,NULL,NULL,1),(79,'URI','BILIRUBIN',NULL,NULL,NULL,NULL,1),(80,'URI','PROTEIN',NULL,NULL,NULL,NULL,1),(81,'URI','HCG',NULL,NULL,NULL,NULL,1),(83,'07.04.2','> 10',NULL,NULL,NULL,NULL,1),(84,'07.04.2','10-55 (NORMAL)',NULL,NULL,NULL,NULL,1),(85,'07.04.2','< 55',NULL,NULL,NULL,NULL,1),(87,'01.01','6 - 12',NULL,NULL,NULL,NULL,1),(88,'01.01','< 6',NULL,NULL,NULL,NULL,1),(89,'01.01','>=12 (NORMAL)',NULL,NULL,NULL,NULL,1),(90,'01.05','HIGH',NULL,NULL,NULL,NULL,1),(91,'01.05','NORMAL',NULL,NULL,NULL,NULL,1),(92,'01.05','LOW',NULL,NULL,NULL,NULL,1),(93,'01.06','POSITIVE',NULL,NULL,NULL,NULL,1),(94,'01.06','NEGATIVE',NULL,NULL,NULL,NULL,1),(96,'02.01','A RH+',NULL,NULL,NULL,NULL,1),(97,'02.01','A RH-',NULL,NULL,NULL,NULL,1),(98,'02.01','B RH+',NULL,NULL,NULL,NULL,1),(99,'02.01','B RH-',NULL,NULL,NULL,NULL,1),(100,'02.01','AB RH+',NULL,NULL,NULL,NULL,1),(101,'02.01','AB RH-',NULL,NULL,NULL,NULL,1),(102,'02.01','O RH+',NULL,NULL,NULL,NULL,1),(103,'02.01','O RH-',NULL,NULL,NULL,NULL,1),(104,'02.02','NEGATIVE',NULL,NULL,NULL,NULL,1),(105,'02.02','POSITIVE',NULL,NULL,NULL,NULL,1),(106,'03.01','NEGATIVE',NULL,NULL,NULL,NULL,1),(107,'03.01','FEW',NULL,NULL,NULL,NULL,1),(109,'03.01','+',NULL,NULL,NULL,NULL,1),(110,'03.01','++',NULL,NULL,NULL,NULL,1),(111,'03.01','+++',NULL,NULL,NULL,NULL,1),(112,'03.01','++++',NULL,NULL,NULL,NULL,1),(113,'03.02','POSITIVE',NULL,NULL,NULL,NULL,1),(114,'03.02','NEGATIVE',NULL,NULL,NULL,NULL,1),(116,'03.021','NEGATIVE',NULL,NULL,NULL,NULL,1),(117,'03.022','POSITIVE',NULL,NULL,NULL,NULL,1),(118,'03.022','NEGATIVE',NULL,NULL,NULL,NULL,1),(119,'03.023','NEGATIVE',NULL,NULL,NULL,NULL,1),(120,'03.023','POSITIVE',NULL,NULL,NULL,NULL,1),(121,'03.024','NEGATIVE',NULL,NULL,NULL,NULL,1),(122,'03.024','POSITIVE',NULL,NULL,NULL,NULL,1),(125,'03.05','POSITIVE',NULL,NULL,NULL,NULL,1),(126,'03.05','NEGATIVE',NULL,NULL,NULL,NULL,1),(127,'03.06','POSITIVE',NULL,NULL,NULL,NULL,1),(128,'03.06','NEGATIVE',NULL,NULL,NULL,NULL,1),(129,'04.01','POSITIVE',NULL,NULL,NULL,NULL,1),(130,'04.01','NEGATIVE',NULL,NULL,NULL,NULL,1),(131,'04.02','POSITIVE',NULL,NULL,NULL,NULL,1),(132,'04.02','NEGATIVE',NULL,NULL,NULL,NULL,1),(133,'04.03','POSITIVE',NULL,NULL,NULL,NULL,1),(134,'04.03','NEGATIVE',NULL,NULL,NULL,NULL,1),(135,'04.04','POSITIVE',NULL,NULL,NULL,NULL,1),(136,'04.04','NEGATIVE',NULL,NULL,NULL,NULL,1),(137,'04.05','POSITIVE',NULL,NULL,NULL,NULL,1),(138,'04.05','NEGATIVE',NULL,NULL,NULL,NULL,1),(139,'05.01','POSITIVE',NULL,NULL,NULL,NULL,1),(140,'05.01','NEGATIVE',NULL,NULL,NULL,NULL,1),(143,'05.03','POSITIVE',NULL,NULL,NULL,NULL,1),(144,'05.03','NEGATIVE',NULL,NULL,NULL,NULL,1),(145,'05.04','POSITIVE',NULL,NULL,NULL,NULL,1),(146,'05.04','NEGATIVE',NULL,NULL,NULL,NULL,1),(148,'05.05','NEGATIVE',NULL,NULL,NULL,NULL,1),(149,'05.06','POSITIVE',NULL,NULL,NULL,NULL,1),(150,'05.06','NEGATIVE',NULL,NULL,NULL,NULL,1),(151,'05.07','POSITIVE ',NULL,NULL,NULL,NULL,1),(152,'05.07','NEGATIVE',NULL,NULL,NULL,NULL,1),(153,'06.01','POSITIVE',NULL,NULL,NULL,NULL,1),(154,'06.01','NEGATIVE',NULL,NULL,NULL,NULL,1),(155,'06.02','POSITIVE',NULL,NULL,NULL,NULL,1),(156,'06.02','NEGATIVE',NULL,NULL,NULL,NULL,1),(157,'06.03','POSITIVE',NULL,NULL,NULL,NULL,1),(158,'06.03','NEGATIVE',NULL,NULL,NULL,NULL,1),(159,'06.04','POSITIVE',NULL,NULL,NULL,NULL,1),(160,'06.04','NEGATIVE',NULL,NULL,NULL,NULL,1),(161,'06.05','POSITIVE',NULL,NULL,NULL,NULL,1),(162,'06.05','NEGATIVE',NULL,NULL,NULL,NULL,1),(163,'06.06','POSITIVE',NULL,NULL,NULL,NULL,1),(164,'06.06','NEGATIVE',NULL,NULL,NULL,NULL,1),(165,'07.01','POSITIVE',NULL,NULL,NULL,NULL,1),(166,'07.01','NEGATIVE',NULL,NULL,NULL,NULL,1),(169,'07.03','HIGH',NULL,NULL,NULL,NULL,1),(170,'07.03','LOW',NULL,NULL,NULL,NULL,1),(171,'07.03','NORMAL',NULL,NULL,NULL,NULL,1),(172,'07.04','HIGH',NULL,NULL,NULL,NULL,1),(173,'07.04','LOW',NULL,NULL,NULL,NULL,1),(174,'07.04','NORMAL',NULL,NULL,NULL,NULL,1),(175,'08.01','POSITIVE',NULL,NULL,NULL,NULL,1),(176,'08.01','NEGATIVE',NULL,NULL,NULL,NULL,1),(185,'04.06','NORMAL',NULL,NULL,NULL,NULL,1),(186,'05.05','+',NULL,NULL,NULL,NULL,1),(187,'05.05','++',NULL,NULL,NULL,NULL,1),(188,'05.05','+++',NULL,NULL,NULL,NULL,1),(189,'03.03','A..LUMBRICOIDES',NULL,NULL,NULL,NULL,1),(190,'03.03','E.COLI CYSTS',NULL,NULL,NULL,NULL,1),(191,'03.03','E.HISTOLYTICA',NULL,NULL,NULL,NULL,1),(192,'03.03','E.VERMICULARIS',NULL,NULL,NULL,NULL,1),(193,'03.03','G.LAMBLIA',NULL,NULL,NULL,NULL,1),(194,'03.03','T.HOMINIS',NULL,NULL,NULL,NULL,1),(195,'03.03','HOOK WORM',NULL,NULL,NULL,NULL,1),(196,'03.03','S.MANSONI',NULL,NULL,NULL,NULL,1),(197,'03.03','S.STERCORALIS',NULL,NULL,NULL,NULL,1),(198,'03.03','TAENIA SAGINATA',NULL,NULL,NULL,NULL,1),(199,'03.03','TAENIA SOLIUM',NULL,NULL,NULL,NULL,1),(200,'03.03','TRICHURISI TRICHURA',NULL,NULL,NULL,NULL,1),(201,'07.03.2','< 1.2 (NORMAL)',NULL,NULL,NULL,NULL,1),(202,'07.03.2','1.2 - 5',NULL,NULL,NULL,NULL,1),(203,'07.03.2','> 5',NULL,NULL,NULL,NULL,1),(204,'07.03.4','<= 50 (NORMAL)',NULL,NULL,NULL,NULL,1),(205,'07.03.4','> 50',NULL,NULL,NULL,NULL,1),(206,'07.02','HIGH',NULL,NULL,NULL,NULL,1),(207,'07.02','LOW',NULL,NULL,NULL,NULL,1),(208,'07.02','NORMAL',NULL,NULL,NULL,NULL,1),(209,'03.04','POSITIVE',NULL,NULL,NULL,NULL,1),(210,'03.04','NEGATIVE',NULL,NULL,NULL,NULL,1),(211,'03.021','POSITIVE',NULL,NULL,NULL,NULL,1),(212,'03.03','HYMENOLEPIS NANA',NULL,NULL,NULL,NULL,1);
/*!40000 ALTER TABLE `examrow` ENABLE KEYS */;
UNLOCK TABLES;

--
-- Table structure for table `examtype`
--

DROP TABLE IF EXISTS `examtype`;
/*!40101 SET @saved_cs_client     = @@character_set_client */;
/*!40101 SET character_set_client = utf8 */;
CREATE TABLE `examtype` (
  `EXC_ID_A` char(2) NOT NULL,
  `EXC_DESC` varchar(50) NOT NULL,
  `EXC_CREATED_BY` varchar(50) DEFAULT NULL,
  `EXC_CREATED_DATE` datetime DEFAULT NULL,
  `EXC_LAST_MODIFIED_BY` varchar(50) DEFAULT NULL,
  `EXC_LAST_MODIFIED_DATE` datetime DEFAULT NULL,
  `EXC_ACTIVE` tinyint(1) NOT NULL DEFAULT '1',
  PRIMARY KEY (`EXC_ID_A`)
) ENGINE=InnoDB DEFAULT CHARSET=utf8;
/*!40101 SET character_set_client = @saved_cs_client */;

--
-- Dumping data for table `examtype`
--

LOCK TABLES `examtype` WRITE;
/*!40000 ALTER TABLE `examtype` DISABLE KEYS */;
INSERT INTO `examtype` VALUES ('BA','4.Bacteriology',NULL,NULL,NULL,NULL,1),('BT','2.Blood transfusion',NULL,NULL,NULL,NULL,1),('CH','7. Chemistry',NULL,NULL,NULL,NULL,1),('HB','1.Haematology',NULL,NULL,NULL,NULL,1),('MC','5.Microscopy',NULL,NULL,NULL,NULL,1),('OC','8.Occult Blood',NULL,NULL,NULL,NULL,1),('OL','OLD EXAMS',NULL,NULL,NULL,NULL,1),('OT','OTHER',NULL,NULL,NULL,NULL,1),('PA','3.Parasitology',NULL,NULL,NULL,NULL,1),('SE','6. Serology',NULL,NULL,NULL,NULL,1),('SP','STOOLPARASITES',NULL,NULL,NULL,NULL,1),('UR','URINALYSIS',NULL,NULL,NULL,NULL,1);
/*!40000 ALTER TABLE `examtype` ENABLE KEYS */;
UNLOCK TABLES;

--
-- Table structure for table `groupmenu`
--

DROP TABLE IF EXISTS `groupmenu`;
/*!40101 SET @saved_cs_client     = @@character_set_client */;
/*!40101 SET character_set_client = utf8 */;
CREATE TABLE `groupmenu` (
  `GM_ID` int(11) NOT NULL AUTO_INCREMENT,
  `GM_UG_ID_A` varchar(50) NOT NULL DEFAULT '',
  `GM_MNI_ID_A` varchar(50) NOT NULL DEFAULT '',
  `GM_ACTIVE` tinyint(1) NOT NULL DEFAULT '1',
  `GM_CREATED_BY` varchar(50) DEFAULT NULL,
  `GM_CREATED_DATE` datetime DEFAULT NULL,
  `GM_LAST_MODIFIED_BY` varchar(50) DEFAULT NULL,
  `GM_LAST_MODIFIED_DATE` datetime DEFAULT NULL,
  PRIMARY KEY (`GM_ID`)
) ENGINE=MyISAM AUTO_INCREMENT=139 DEFAULT CHARSET=utf8;
/*!40101 SET character_set_client = @saved_cs_client */;

--
-- Dumping data for table `groupmenu`
--

LOCK TABLES `groupmenu` WRITE;
/*!40000 ALTER TABLE `groupmenu` DISABLE KEYS */;
INSERT INTO `groupmenu` VALUES (1,'admin','admtype',1,NULL,NULL,NULL,NULL),(2,'admin','disctype',1,NULL,NULL,NULL,NULL),(44,'admin','medicalsward',1,NULL,NULL,NULL,NULL),(4,'admin','admission',1,NULL,NULL,NULL,NULL),(7,'admin','disease',1,NULL,NULL,NULL,NULL),(8,'admin','exams',1,NULL,NULL,NULL,NULL),(9,'admin','exit',1,NULL,NULL,NULL,NULL),(10,'admin','file',1,NULL,NULL,NULL,NULL),(11,'admin','generaldata',1,NULL,NULL,NULL,NULL),(12,'admin','groups',1,NULL,NULL,NULL,NULL),(13,'admin','help',1,NULL,NULL,NULL,NULL),(14,'admin','hospital',1,NULL,NULL,NULL,NULL),(43,'admin','agetype',1,NULL,NULL,NULL,NULL),(16,'admin','laboratory',1,NULL,NULL,NULL,NULL),(17,'admin','medicals',1,NULL,NULL,NULL,NULL),(18,'admin','medicalstock',1,NULL,NULL,NULL,NULL),(19,'admin','operation',1,NULL,NULL,NULL,NULL),(21,'admin','pharmacy',1,NULL,NULL,NULL,NULL),(22,'admin','statistics',1,NULL,NULL,NULL,NULL),(26,'admin','opd',1,NULL,NULL,NULL,NULL),(27,'admin','users',1,NULL,NULL,NULL,NULL),(28,'admin','usersusers',1,NULL,NULL,NULL,NULL),(29,'admin','vaccine',1,NULL,NULL,NULL,NULL),(30,'admin','ward',1,NULL,NULL,NULL,NULL),(31,'admin','types',1,NULL,NULL,NULL,NULL),(32,'admin','pretreatmenttype',1,NULL,NULL,NULL,NULL),(33,'admin','diseasetype',1,NULL,NULL,NULL,NULL),(34,'admin','medstockmovtype',1,NULL,NULL,NULL,NULL),(35,'admin','examtype',1,NULL,NULL,NULL,NULL),(36,'admin','operationtype',1,NULL,NULL,NULL,NULL),(37,'admin','deliverytype',1,NULL,NULL,NULL,NULL),(38,'admin','medicalstype',1,NULL,NULL,NULL,NULL),(39,'admin','delresulttype',1,NULL,NULL,NULL,NULL),(40,'admin','printing',1,NULL,NULL,NULL,NULL),(41,'admin','examlist1',1,NULL,NULL,NULL,NULL),(42,'admin','diseaselist',1,NULL,NULL,NULL,NULL),(45,'admin','priceslists',1,NULL,NULL,NULL,NULL),(46,'admin','otherprices',1,NULL,NULL,NULL,NULL),(47,'admin','accounting',1,NULL,NULL,NULL,NULL),(48,'admin','newbill',1,NULL,NULL,NULL,NULL),(49,'admin','billsmanager',1,NULL,NULL,NULL,NULL),(50,'admin','data',1,NULL,NULL,NULL,NULL),(51,'admin','btnadmdel',1,NULL,NULL,NULL,NULL),(52,'admin','btnadmadm',1,NULL,NULL,NULL,NULL),(53,'admin','btnadmedit',1,NULL,NULL,NULL,NULL),(54,'admin','btnadmnew',1,NULL,NULL,NULL,NULL),(55,'admin','btnadmopd',1,NULL,NULL,NULL,NULL),(56,'admin','btnadmmer',1,NULL,NULL,NULL,NULL),(57,'admin','btnlaboratorydel',1,NULL,NULL,NULL,NULL),(58,'admin','btnlaboratoryedit',1,NULL,NULL,NULL,NULL),(59,'admin','btnlaboratorynew',1,NULL,NULL,NULL,NULL),(60,'admin','btnopdedit',1,NULL,NULL,NULL,NULL),(61,'admin','btnopddel',1,NULL,NULL,NULL,NULL),(62,'admin','btnopdnew',1,NULL,NULL,NULL,NULL),(63,'admin','btndatamalnut',1,NULL,NULL,NULL,NULL),(64,'admin','btndatadel',1,NULL,NULL,NULL,NULL),(65,'admin','btndataedit',1,NULL,NULL,NULL,NULL),(66,'admin','btndataeditpat',1,NULL,NULL,NULL,NULL),(67,'admin','btnpharmaceuticaldel',1,NULL,NULL,NULL,NULL),(68,'admin','btnpharmaceuticaledit',1,NULL,NULL,NULL,NULL),(69,'admin','btnpharmaceuticalnew',1,NULL,NULL,NULL,NULL),(70,'guest','admtype',0,NULL,NULL,NULL,NULL),(71,'guest','disctype',0,NULL,NULL,NULL,NULL),(72,'guest','admission',1,NULL,NULL,NULL,NULL),(73,'guest','disease',0,NULL,NULL,NULL,NULL),(74,'guest','exams',0,NULL,NULL,NULL,NULL),(75,'guest','exit',1,NULL,NULL,NULL,NULL),(76,'guest','file',1,NULL,NULL,NULL,NULL),(77,'guest','generaldata',0,NULL,NULL,NULL,NULL),(78,'guest','groups',0,NULL,NULL,NULL,NULL),(79,'guest','help',0,NULL,NULL,NULL,NULL),(80,'guest','hospital',0,NULL,NULL,NULL,NULL),(81,'guest','laboratory',1,NULL,NULL,NULL,NULL),(82,'guest','medicals',1,NULL,NULL,NULL,NULL),(83,'guest','medicalstock',0,NULL,NULL,NULL,NULL),(84,'guest','operation',0,NULL,NULL,NULL,NULL),(85,'guest','pharmacy',1,NULL,NULL,NULL,NULL),(86,'guest','statistics',1,NULL,NULL,NULL,NULL),(87,'guest','opd',1,NULL,NULL,NULL,NULL),(88,'guest','users',0,NULL,NULL,NULL,NULL),(89,'guest','usersusers',0,NULL,NULL,NULL,NULL),(90,'guest','vaccine',0,NULL,NULL,NULL,NULL),(91,'guest','ward',0,NULL,NULL,NULL,NULL),(92,'guest','types',0,NULL,NULL,NULL,NULL),(93,'guest','pretreatmenttype',0,NULL,NULL,NULL,NULL),(94,'guest','diseasetype',0,NULL,NULL,NULL,NULL),(95,'guest','medstockmovtype',0,NULL,NULL,NULL,NULL),(96,'guest','examtype',0,NULL,NULL,NULL,NULL),(97,'guest','operationtype',0,NULL,NULL,NULL,NULL),(98,'guest','deliverytype',0,NULL,NULL,NULL,NULL),(99,'guest','medicalstype',0,NULL,NULL,NULL,NULL),(100,'guest','delresulttype',0,NULL,NULL,NULL,NULL),(101,'guest','printing',1,NULL,NULL,NULL,NULL),(102,'guest','examlist1',1,NULL,NULL,NULL,NULL),(103,'guest','diseaselist',1,NULL,NULL,NULL,NULL),(104,'admin','btnadmtherapy',1,NULL,NULL,NULL,NULL),(105,'admin','btnbillnew',1,NULL,NULL,NULL,NULL),(106,'admin','btnbilledit',1,NULL,NULL,NULL,NULL),(107,'admin','btnbilldelete',1,NULL,NULL,NULL,NULL),(108,'admin','btnbillreport',1,NULL,NULL,NULL,NULL),(109,'admin','vaccinetype',1,NULL,NULL,NULL,NULL),(110,'admin','patientvaccine',1,NULL,NULL,NULL,NULL),(111,'admin','btnpatientvaccinenew',1,NULL,NULL,NULL,NULL),(112,'admin','btnpatientvaccineedit',1,NULL,NULL,NULL,NULL),(113,'admin','btnpatientvaccinedel',1,NULL,NULL,NULL,NULL),(115,'admin','communication',1,NULL,NULL,NULL,NULL),(116,'guest','communication',1,NULL,NULL,NULL,NULL),(117,'admin','btnadmbill',1,NULL,NULL,NULL,NULL),(118,'admin','btnbillreceipt',1,NULL,NULL,NULL,NULL),(119,'admin','btnadmpatientfolder',1,NULL,NULL,NULL,NULL),(120,'admin','btnopdnewexamination',1,NULL,NULL,NULL,NULL),(121,'admin','btnopdeditexamination',1,NULL,NULL,NULL,NULL),(122,'admin','btnadmadmexamination',1,NULL,NULL,NULL,NULL),(123,'admin','btnadmexamination',1,NULL,NULL,NULL,NULL),(124,'admin','supplier',1,NULL,NULL,NULL,NULL),(125,'admin','btnpatfoldopdrpt',1,NULL,NULL,NULL,NULL),(126,'admin','btnpatfoldadmrpt',1,NULL,NULL,NULL,NULL),(127,'admin','btnpatfoldpatrpt',1,NULL,NULL,NULL,NULL),(128,'admin','btnpatfolddicom',1,NULL,NULL,NULL,NULL),(129,'admin','smsmanager',1,NULL,NULL,NULL,NULL),(130,'admin','btnpharmstockcharge',1,NULL,NULL,NULL,NULL),(131,'admin','btnpharmstockdischarge',1,NULL,NULL,NULL,NULL),(132,'admin','btnmedicalswardreport',1,NULL,NULL,NULL,NULL),(133,'admin','btnmedicalswardexcel',1,NULL,NULL,NULL,NULL),(134,'admin','btnmedicalswardrectify',1,NULL,NULL,NULL,NULL),(135,'admin','dicomtype',1,NULL,NULL,NULL,NULL),(136,'admin','btnopdnewoperation',1,NULL,NULL,NULL,NULL),(137,'admin','btnopdeditoperation',1,NULL,NULL,NULL,NULL),(138,'admin','worksheet',1,NULL,NULL,NULL,NULL);
/*!40000 ALTER TABLE `groupmenu` ENABLE KEYS */;
UNLOCK TABLES;

--
-- Table structure for table `help`
--

DROP TABLE IF EXISTS `help`;
/*!40101 SET @saved_cs_client     = @@character_set_client */;
/*!40101 SET character_set_client = utf8 */;
CREATE TABLE `help` (
  `HL_ID` int(11) NOT NULL AUTO_INCREMENT,
  `HL_MASK` int(11) NOT NULL,
  `HL_FIELD` int(11) NOT NULL,
  `HL_LANG` char(2) DEFAULT NULL,
  `HL_MSG` varchar(255) DEFAULT NULL,
  PRIMARY KEY (`HL_ID`)
) ENGINE=MyISAM DEFAULT CHARSET=utf8;
/*!40101 SET character_set_client = @saved_cs_client */;

--
-- Dumping data for table `help`
--

LOCK TABLES `help` WRITE;
/*!40000 ALTER TABLE `help` DISABLE KEYS */;
/*!40000 ALTER TABLE `help` ENABLE KEYS */;
UNLOCK TABLES;

--
-- Table structure for table `hospital`
--

DROP TABLE IF EXISTS `hospital`;
/*!40101 SET @saved_cs_client     = @@character_set_client */;
/*!40101 SET character_set_client = utf8 */;
CREATE TABLE `hospital` (
  `HOS_ID_A` varchar(10) NOT NULL,
  `HOS_NAME` varchar(255) NOT NULL,
  `HOS_ADDR` varchar(255) NOT NULL,
  `HOS_CITY` varchar(255) NOT NULL,
  `HOS_TELE` varchar(50) DEFAULT NULL,
  `HOS_FAX` varchar(50) DEFAULT NULL,
  `HOS_EMAIL` varchar(50) DEFAULT NULL,
  `HOS_CURR_COD` varchar(3) DEFAULT NULL,
  `HOS_LOCK` int(11) NOT NULL DEFAULT '0',
  `HOS_CREATED_BY` varchar(50) DEFAULT NULL,
  `HOS_CREATED_DATE` datetime DEFAULT NULL,
  `HOS_LAST_MODIFIED_BY` varchar(50) DEFAULT NULL,
  `HOS_LAST_MODIFIED_DATE` datetime DEFAULT NULL,
  `HOS_ACTIVE` tinyint(1) NOT NULL DEFAULT '1',
  PRIMARY KEY (`HOS_ID_A`)
) ENGINE=InnoDB DEFAULT CHARSET=utf8;
/*!40101 SET character_set_client = @saved_cs_client */;

--
-- Dumping data for table `hospital`
--

LOCK TABLES `hospital` WRITE;
/*!40000 ALTER TABLE `hospital` DISABLE KEYS */;
INSERT INTO `hospital` VALUES ('STLUKE','test','P.O. BOX 85 - NEBBI','ANGAL','+256 0472621076','+256 0','angal@ucmb.ug.co.','',1,NULL,NULL,'admin','2020-11-13 01:14:09',1);
/*!40000 ALTER TABLE `hospital` ENABLE KEYS */;
UNLOCK TABLES;

--
-- Table structure for table `laboratory`
--

DROP TABLE IF EXISTS `laboratory`;
/*!40101 SET @saved_cs_client     = @@character_set_client */;
/*!40101 SET character_set_client = utf8 */;
CREATE TABLE `laboratory` (
  `LAB_ID` int(11) NOT NULL AUTO_INCREMENT,
  `LAB_EXA_ID_A` varchar(10) NOT NULL,
  `LAB_DATE` datetime NOT NULL,
  `LAB_RES` varchar(50) NOT NULL,
  `LAB_NOTE` varchar(255) DEFAULT NULL,
  `LAB_PAT_ID` int(11) DEFAULT NULL,
  `LAB_PAT_NAME` varchar(100) DEFAULT NULL,
  `LAB_CROSS1` int(11) DEFAULT NULL,
  `LAB_CROSS2` int(11) DEFAULT NULL,
  `LAB_CROSS3` int(11) DEFAULT NULL,
  `LAB_CROSS4` int(11) DEFAULT NULL,
  `LAB_CROSS5` int(11) DEFAULT NULL,
  `LAB_CROSS6` int(11) DEFAULT NULL,
  `LAB_CROSS7` int(11) DEFAULT NULL,
  `LAB_CROSS8` int(11) DEFAULT NULL,
  `LAB_CROSS9` int(11) DEFAULT NULL,
  `LAB_CROSS10` int(11) DEFAULT NULL,
  `LAB_CROSS11` int(11) DEFAULT NULL,
  `LAB_CROSS12` int(11) DEFAULT NULL,
  `LAB_CROSS13` int(11) DEFAULT NULL,
  `LAB_LOCK` int(11) NOT NULL DEFAULT '0',
  `LAB_AGE` int(11) DEFAULT NULL,
  `LAB_SEX` char(1) DEFAULT NULL,
  `LAB_MATERIAL` varchar(25) DEFAULT NULL,
  `LAB_EXAM_DATE` date DEFAULT NULL,
  `LAB_PAT_INOUT` char(1) DEFAULT NULL,
  `LAB_CREATED_BY` varchar(50) DEFAULT NULL,
  `LAB_CREATED_DATE` datetime DEFAULT NULL,
  `LAB_LAST_MODIFIED_BY` varchar(50) DEFAULT NULL,
  `LAB_LAST_MODIFIED_DATE` datetime DEFAULT NULL,
  `LAB_ACTIVE` tinyint(1) NOT NULL DEFAULT '1',
  PRIMARY KEY (`LAB_ID`),
  KEY `FK_LABORATORY_EXAM` (`LAB_EXA_ID_A`),
  KEY `FK_LABORATORY_PATIENT` (`LAB_PAT_ID`),
  CONSTRAINT `FK_LABORATORY_EXAM` FOREIGN KEY (`LAB_EXA_ID_A`) REFERENCES `exam` (`EXA_ID_A`) ON DELETE NO ACTION ON UPDATE NO ACTION,
  CONSTRAINT `FK_LABORATORY_PATIENT` FOREIGN KEY (`LAB_PAT_ID`) REFERENCES `patient` (`PAT_ID`) ON DELETE CASCADE ON UPDATE CASCADE
) ENGINE=InnoDB AUTO_INCREMENT=247 DEFAULT CHARSET=utf8;
/*!40101 SET character_set_client = @saved_cs_client */;

--
-- Dumping data for table `laboratory`
--

LOCK TABLES `laboratory` WRITE;
/*!40000 ALTER TABLE `laboratory` DISABLE KEYS */;
INSERT INTO `laboratory` VALUES (14,'URI','2006-11-01 10:51:14','Multiple Results','20g/l',NULL,'kwiocwiny Brenda',NULL,NULL,NULL,NULL,NULL,NULL,NULL,NULL,NULL,NULL,NULL,NULL,NULL,0,NULL,NULL,'Urine','2006-11-02','I',NULL,NULL,NULL,NULL,1),(15,'03.01','2006-11-01 10:56:38','NEGATIVE','',NULL,'Silvia Ayomirwoth',NULL,NULL,NULL,NULL,NULL,NULL,NULL,NULL,NULL,NULL,NULL,NULL,NULL,0,NULL,NULL,'Blood','2006-11-02','I',NULL,NULL,NULL,NULL,1),(16,'01.02','2006-11-01 11:00:20','> 7000 (HIGH)','WBC 23,900  DC N 64, L32, M 4%',NULL,'Baby of Loise',NULL,NULL,NULL,NULL,NULL,NULL,NULL,NULL,NULL,NULL,NULL,NULL,NULL,0,NULL,NULL,'CSF','2006-11-02','I',NULL,NULL,NULL,NULL,1),(17,'URI','2006-11-01 11:06:23','Multiple Results','Leucocytes ++++, Epithelial Cells ++, Pus Cells ++.',NULL,'Levit Cwinya-ai',NULL,NULL,NULL,NULL,NULL,NULL,NULL,NULL,NULL,NULL,NULL,NULL,NULL,0,NULL,NULL,'Urine','2006-11-02','I',NULL,NULL,NULL,NULL,1),(18,'03.01','2006-11-06 14:46:49','FEW','		',NULL,'Dorine c/o kertho',NULL,NULL,NULL,NULL,NULL,NULL,NULL,NULL,NULL,NULL,NULL,NULL,NULL,0,NULL,NULL,'Blood','2006-11-02','I',NULL,NULL,NULL,NULL,1),(19,'03.01','2006-11-06 14:48:22','FEW','',NULL,'Mar-parwoth Sunday',NULL,NULL,NULL,NULL,NULL,NULL,NULL,NULL,NULL,NULL,NULL,NULL,NULL,0,NULL,NULL,'Blood','2006-11-02','I',NULL,NULL,NULL,NULL,1),(20,'03.01','2006-11-06 14:49:53','NEGATIVE','',NULL,'Oyirwoth ',NULL,NULL,NULL,NULL,NULL,NULL,NULL,NULL,NULL,NULL,NULL,NULL,NULL,0,NULL,NULL,'Blood','2006-11-02','I',NULL,NULL,NULL,NULL,1),(21,'03.01','2006-11-06 14:51:14','NEGATIVE','',NULL,'Opakrwoth Jerry',NULL,NULL,NULL,NULL,NULL,NULL,NULL,NULL,NULL,NULL,NULL,NULL,NULL,0,NULL,NULL,'Blood','2006-11-02','I',NULL,NULL,NULL,NULL,1),(22,'01.02','2006-11-06 14:55:19','> 7000 (HIGH)',' WBC 16,600Cells DC N 43, L 52& M5 %',NULL,'Ofoirwoth Francis',NULL,NULL,NULL,NULL,NULL,NULL,NULL,NULL,NULL,NULL,NULL,NULL,NULL,0,NULL,NULL,'CSF','2006-11-02','I',NULL,NULL,NULL,NULL,1),(23,'03.01','2006-11-06 14:56:40','NEGATIVE','',NULL,'Ofoirwoth Francis',NULL,NULL,NULL,NULL,NULL,NULL,NULL,NULL,NULL,NULL,NULL,NULL,NULL,0,NULL,NULL,'Blood','2006-11-02','I',NULL,NULL,NULL,NULL,1),(24,'03.01','2006-11-06 14:57:45','NEGATIVE','',NULL,'Ayiorwoth Mercy',NULL,NULL,NULL,NULL,NULL,NULL,NULL,NULL,NULL,NULL,NULL,NULL,NULL,0,NULL,NULL,'Blood','2006-11-02','I',NULL,NULL,NULL,NULL,1),(25,'03.01','2006-11-06 14:58:48','+++','',NULL,'Prisca Kwiocwiny',NULL,NULL,NULL,NULL,NULL,NULL,NULL,NULL,NULL,NULL,NULL,NULL,NULL,0,NULL,NULL,'Blood','2006-11-02','I',NULL,NULL,NULL,NULL,1),(26,'03.01','2006-11-06 15:00:11','NEGATIVE','',NULL,'Hudson Pikwo',NULL,NULL,NULL,NULL,NULL,NULL,NULL,NULL,NULL,NULL,NULL,NULL,NULL,0,NULL,NULL,'Blood','2006-11-02','I',NULL,NULL,NULL,NULL,1),(27,'03.01','2006-11-06 15:01:17','+','',NULL,'Muzamil Oyirwoth',NULL,NULL,NULL,NULL,NULL,NULL,NULL,NULL,NULL,NULL,NULL,NULL,NULL,0,NULL,NULL,'Blood','2006-11-02','I',NULL,NULL,NULL,NULL,1),(28,'03.01','2006-11-06 15:02:13','++','',NULL,'Agenorwoth Hebron',NULL,NULL,NULL,NULL,NULL,NULL,NULL,NULL,NULL,NULL,NULL,NULL,NULL,0,NULL,NULL,'Blood','2006-11-02','I',NULL,NULL,NULL,NULL,1),(29,'03.01','2006-11-06 15:03:14','+++','',NULL,'Josephine Giramia',NULL,NULL,NULL,NULL,NULL,NULL,NULL,NULL,NULL,NULL,NULL,NULL,NULL,0,NULL,NULL,'Blood','2006-11-02','I',NULL,NULL,NULL,NULL,1),(30,'URI','2006-11-06 15:06:29','Multiple Results','20g/l',NULL,'Cwinya-ai Jonson',NULL,NULL,NULL,NULL,NULL,NULL,NULL,NULL,NULL,NULL,NULL,NULL,NULL,0,NULL,NULL,'Urine','2006-11-02','I',NULL,NULL,NULL,NULL,1),(31,'01.01','2006-11-06 15:08:21','< 6','5.2g/dl',NULL,'JAKISA BRIAN',NULL,NULL,NULL,NULL,NULL,NULL,NULL,NULL,NULL,NULL,NULL,NULL,NULL,0,NULL,NULL,'Blood','2006-11-02','I',NULL,NULL,NULL,NULL,1),(32,'02.01','2006-11-06 15:09:32','O RH+','',NULL,'Jakisa Brian',NULL,NULL,NULL,NULL,NULL,NULL,NULL,NULL,NULL,NULL,NULL,NULL,NULL,0,NULL,NULL,'Blood','2006-11-02','I',NULL,NULL,NULL,NULL,1),(33,'URI','2006-11-06 15:11:40','Multiple Results','0g/l',NULL,'Kacwiny-rwoth Brenda',NULL,NULL,NULL,NULL,NULL,NULL,NULL,NULL,NULL,NULL,NULL,NULL,NULL,0,NULL,NULL,'Urine','2006-11-02','I',NULL,NULL,NULL,NULL,1),(34,'01.02','2006-11-06 15:14:52','4000 - 7000 (NORMAL)','WBC 6,600Cells , DC N32, L61, M6, E1%',NULL,'Vincent Okwai',NULL,NULL,NULL,NULL,NULL,NULL,NULL,NULL,NULL,NULL,NULL,NULL,NULL,0,NULL,NULL,'Blood','2006-11-02','I',NULL,NULL,NULL,NULL,1),(35,'03.01','2006-11-06 15:16:16','+','few GPF Seen',NULL,'Vincent Okwai',NULL,NULL,NULL,NULL,NULL,NULL,NULL,NULL,NULL,NULL,NULL,NULL,NULL,0,NULL,NULL,'Blood','2006-11-02','I',NULL,NULL,NULL,NULL,1),(36,'03.01','2006-11-06 15:17:08','++','',NULL,'Kayeny-parwoth',NULL,NULL,NULL,NULL,NULL,NULL,NULL,NULL,NULL,NULL,NULL,NULL,NULL,0,NULL,NULL,'Blood','2006-11-02','I',NULL,NULL,NULL,NULL,1),(37,'03.01','2006-11-06 15:20:37','NEGATIVE','',NULL,'Paula Owonda',NULL,NULL,NULL,NULL,NULL,NULL,NULL,NULL,NULL,NULL,NULL,NULL,NULL,0,NULL,NULL,'Blood','2006-11-02','I',NULL,NULL,NULL,NULL,1),(38,'03.01','2006-11-06 15:22:19','+','',NULL,'Bright Munguromo',NULL,NULL,NULL,NULL,NULL,NULL,NULL,NULL,NULL,NULL,NULL,NULL,NULL,0,NULL,NULL,'Blood','2006-11-02','I',NULL,NULL,NULL,NULL,1),(39,'03.01','2006-11-06 15:23:31','FEW','',NULL,'Bright Okwairwoth',NULL,NULL,NULL,NULL,NULL,NULL,NULL,NULL,NULL,NULL,NULL,NULL,NULL,0,NULL,NULL,'Blood','2006-11-02','I',NULL,NULL,NULL,NULL,1),(40,'03.01','2006-11-06 15:25:03','+','',NULL,'Ajolorwoth Ayiorwoth',NULL,NULL,NULL,NULL,NULL,NULL,NULL,NULL,NULL,NULL,NULL,NULL,NULL,0,NULL,NULL,'Blood','2006-11-02','I',NULL,NULL,NULL,NULL,1),(41,'01.01','2006-11-06 15:26:18','6 - 12','7.1g/l',NULL,'Bright Oyiorwoth',NULL,NULL,NULL,NULL,NULL,NULL,NULL,NULL,NULL,NULL,NULL,NULL,NULL,0,NULL,NULL,'Blood','2006-11-02','I',NULL,NULL,NULL,NULL,1),(42,'01.01','2006-11-06 15:28:05','< 6','4.8g/l',NULL,'Ajolorwoth ayiorwoth',NULL,NULL,NULL,NULL,NULL,NULL,NULL,NULL,NULL,NULL,NULL,NULL,NULL,0,NULL,NULL,'Blood','2006-11-02','I',NULL,NULL,NULL,NULL,1),(43,'02.01','2006-11-06 15:28:52','O RH+','',NULL,'Ajolorwoth Ayiorwoth',NULL,NULL,NULL,NULL,NULL,NULL,NULL,NULL,NULL,NULL,NULL,NULL,NULL,0,NULL,NULL,'Blood','2006-11-02','I',NULL,NULL,NULL,NULL,1),(44,'03.01','2006-11-06 15:30:49','++','',NULL,'Patricia Yonirwoth',NULL,NULL,NULL,NULL,NULL,NULL,NULL,NULL,NULL,NULL,NULL,NULL,NULL,0,NULL,NULL,'Blood','2006-11-02','I',NULL,NULL,NULL,NULL,1),(45,'03.01','2006-11-06 15:31:45','NEGATIVE','',NULL,'Okello Innocent',NULL,NULL,NULL,NULL,NULL,NULL,NULL,NULL,NULL,NULL,NULL,NULL,NULL,0,NULL,NULL,'Blood','2006-11-02','I',NULL,NULL,NULL,NULL,1),(46,'01.01','2006-11-06 15:33:02','< 6','4.8g/l',NULL,'Afoyorwoh Fortunate',NULL,NULL,NULL,NULL,NULL,NULL,NULL,NULL,NULL,NULL,NULL,NULL,NULL,0,NULL,NULL,'Blood','2006-11-02','I',NULL,NULL,NULL,NULL,1),(47,'03.01','2006-11-06 15:34:07','+','',NULL,'Afoyorwoth Fortunate',NULL,NULL,NULL,NULL,NULL,NULL,NULL,NULL,NULL,NULL,NULL,NULL,NULL,0,NULL,NULL,'Blood','2006-11-02','I',NULL,NULL,NULL,NULL,1),(48,'02.01','2006-11-06 15:35:09','A RH+','',NULL,'Afoyorwoth Fortunate',NULL,NULL,NULL,NULL,NULL,NULL,NULL,NULL,NULL,NULL,NULL,NULL,NULL,0,NULL,NULL,'Blood','2006-11-02','I',NULL,NULL,NULL,NULL,1),(49,'03.01','2006-11-06 15:35:52','NEGATIVE','',NULL,'Ochaki Luiji',NULL,NULL,NULL,NULL,NULL,NULL,NULL,NULL,NULL,NULL,NULL,NULL,NULL,0,NULL,NULL,'Blood','2006-11-02','I',NULL,NULL,NULL,NULL,1),(50,'URI','2006-11-06 15:39:00','Multiple Results','20g/l',NULL,'Cwinya-ai Jonh',NULL,NULL,NULL,NULL,NULL,NULL,NULL,NULL,NULL,NULL,NULL,NULL,NULL,0,NULL,NULL,'Urine','2006-11-02','I',NULL,NULL,NULL,NULL,1),(51,'01.01','2006-11-06 15:40:12','< 6','5.8g/l',NULL,'Otimkisa',NULL,NULL,NULL,NULL,NULL,NULL,NULL,NULL,NULL,NULL,NULL,NULL,NULL,0,NULL,NULL,'Blood','2006-11-02','I',NULL,NULL,NULL,NULL,1),(52,'03.01','2006-11-06 15:40:44','NEGATIVE','',NULL,'Otimkisa',NULL,NULL,NULL,NULL,NULL,NULL,NULL,NULL,NULL,NULL,NULL,NULL,NULL,0,NULL,NULL,'Blood','2006-11-02','I',NULL,NULL,NULL,NULL,1),(53,'URI','2006-11-06 15:41:57','Multiple Results','0g/l',NULL,'Kwiocwiny Brenda',NULL,NULL,NULL,NULL,NULL,NULL,NULL,NULL,NULL,NULL,NULL,NULL,NULL,0,NULL,NULL,'Urine','2006-11-02','I',NULL,NULL,NULL,NULL,1),(54,'03.01','2006-11-06 15:43:07','NEGATIVE','',NULL,'Wapakrwoth Trintity',NULL,NULL,NULL,NULL,NULL,NULL,NULL,NULL,NULL,NULL,NULL,NULL,NULL,0,NULL,NULL,'Blood','2006-11-02','I',NULL,NULL,NULL,NULL,1),(55,'03.01','2006-11-06 15:44:03','NEGATIVE','',NULL,'Akumu Chanthal',NULL,NULL,NULL,NULL,NULL,NULL,NULL,NULL,NULL,NULL,NULL,NULL,NULL,0,NULL,NULL,'Blood','2006-11-02','I',NULL,NULL,NULL,NULL,1),(56,'URI','2006-11-06 15:45:10','Multiple Results','20g/l',NULL,'Kwiocwiny Brenda',NULL,NULL,NULL,NULL,NULL,NULL,NULL,NULL,NULL,NULL,NULL,NULL,NULL,0,NULL,NULL,'Urine','2006-11-02','I',NULL,NULL,NULL,NULL,1),(57,'03.01','2006-11-06 15:46:38','NEGATIVE','',NULL,'BR.Journey',NULL,NULL,NULL,NULL,NULL,NULL,NULL,NULL,NULL,NULL,NULL,NULL,NULL,0,NULL,NULL,'Blood','2006-11-02','I',NULL,NULL,NULL,NULL,1),(58,'01.02','2006-11-06 15:49:21','4000 - 7000 (NORMAL)','WBC 6,700Cells , DC N63, L33, M3, E1%',NULL,'Kaila',NULL,NULL,NULL,NULL,NULL,NULL,NULL,NULL,NULL,NULL,NULL,NULL,NULL,0,NULL,NULL,'Blood','2006-11-02','I',NULL,NULL,NULL,NULL,1),(59,'03.01','2006-11-06 15:50:17','FEW','',NULL,'Kaila',NULL,NULL,NULL,NULL,NULL,NULL,NULL,NULL,NULL,NULL,NULL,NULL,NULL,0,NULL,NULL,'Blood','2006-11-02','I',NULL,NULL,NULL,NULL,1),(60,'01.01','2006-11-06 15:51:16','< 6','5.5g/l',NULL,'muzamil Oyiorwoth',NULL,NULL,NULL,NULL,NULL,NULL,NULL,NULL,NULL,NULL,NULL,NULL,NULL,0,NULL,NULL,'Blood','2006-11-02','I',NULL,NULL,NULL,NULL,1),(61,'01.02','2006-11-06 15:53:37','> 7000 (HIGH)','WBC 9,500Cells DC N87, L11&M2%',NULL,'Muzamil Oyiorwoth',NULL,NULL,NULL,NULL,NULL,NULL,NULL,NULL,NULL,NULL,NULL,NULL,NULL,0,NULL,NULL,'CSF','2006-11-02','I',NULL,NULL,NULL,NULL,1),(63,'01.06','2006-11-06 15:55:41','NEGATIVE','',NULL,'Muzamil Oyiorwoth',NULL,NULL,NULL,NULL,NULL,NULL,NULL,NULL,NULL,NULL,NULL,NULL,NULL,0,NULL,NULL,'Blood','2006-11-02','I',NULL,NULL,NULL,NULL,1),(64,'03.01','2006-11-06 15:56:43','NEGATIVE','',NULL,'Derick Mungutimo ',NULL,NULL,NULL,NULL,NULL,NULL,NULL,NULL,NULL,NULL,NULL,NULL,NULL,0,NULL,NULL,'Blood','2006-11-02','I',NULL,NULL,NULL,NULL,1),(65,'03.01','2006-11-06 15:58:32','NEGATIVE','',NULL,'OPakwroth Vincent',NULL,NULL,NULL,NULL,NULL,NULL,NULL,NULL,NULL,NULL,NULL,NULL,NULL,0,NULL,NULL,'Blood','2006-11-02','I',NULL,NULL,NULL,NULL,1),(66,'03.01','2006-11-06 15:59:41','FEW','',NULL,'Edmond Oyungrwoth',NULL,NULL,NULL,NULL,NULL,NULL,NULL,NULL,NULL,NULL,NULL,NULL,NULL,0,NULL,NULL,'Blood','2006-11-02','I',NULL,NULL,NULL,NULL,1),(67,'03.01','2006-11-06 16:00:47','NEGATIVE','',NULL,'Eyotara Florence',NULL,NULL,NULL,NULL,NULL,NULL,NULL,NULL,NULL,NULL,NULL,NULL,NULL,0,NULL,NULL,'Blood','2006-11-02','I',NULL,NULL,NULL,NULL,1),(68,'URI','2006-11-06 16:03:43','Multiple Results','Amorphous phosphate+,few luecos & epithelial cells',NULL,'Valente Batu',NULL,NULL,NULL,NULL,NULL,NULL,NULL,NULL,NULL,NULL,NULL,NULL,NULL,0,NULL,NULL,'Urine','2006-11-02','I',NULL,NULL,NULL,NULL,1),(69,'03.01','2006-11-06 16:05:02','NEGATIVE','',NULL,'Cwinya-ai Mutwalit',NULL,NULL,NULL,NULL,NULL,NULL,NULL,NULL,NULL,NULL,NULL,NULL,NULL,0,NULL,NULL,'Blood','2006-11-02','I',NULL,NULL,NULL,NULL,1),(70,'01.01','2006-11-06 16:06:00','6 - 12','7.2g/l',NULL,'Mungugeo Van',NULL,NULL,NULL,NULL,NULL,NULL,NULL,NULL,NULL,NULL,NULL,NULL,NULL,0,NULL,NULL,'Blood','2006-11-02','I',NULL,NULL,NULL,NULL,1),(71,'01.02','2006-11-06 16:08:14','> 7000 (HIGH)','WBC 44,300cells',NULL,'Mungungeo Van',NULL,NULL,NULL,NULL,NULL,NULL,NULL,NULL,NULL,NULL,NULL,NULL,NULL,0,NULL,NULL,'Blood','2006-11-02','I',NULL,NULL,NULL,NULL,1),(72,'01.01','2006-11-06 16:09:51','< 6','4.5g/l																													',NULL,'Samuel Rwothomio',NULL,NULL,NULL,NULL,NULL,NULL,NULL,NULL,NULL,NULL,NULL,NULL,NULL,0,NULL,NULL,'Blood','2006-11-02','I',NULL,NULL,NULL,NULL,1),(73,'01.01','2006-11-06 16:11:15','6 - 12','8.8g/l',NULL,'Parmu Elias',NULL,NULL,NULL,NULL,NULL,NULL,NULL,NULL,NULL,NULL,NULL,NULL,NULL,0,NULL,NULL,'Blood','2006-11-02','I',NULL,NULL,NULL,NULL,1),(74,'01.02','2006-11-06 16:13:09','> 7000 (HIGH)','WBC 10,700Cells DC N88, L12%',NULL,'Ochaki Luwiji',NULL,NULL,NULL,NULL,NULL,NULL,NULL,NULL,NULL,NULL,NULL,NULL,NULL,0,NULL,NULL,'Blood','2006-11-02','I',NULL,NULL,NULL,NULL,1),(75,'URI','2006-11-06 16:14:43','Multiple Results','few epithelial cells,leucos+',NULL,'Ochaki Luwiji',NULL,NULL,NULL,NULL,NULL,NULL,NULL,NULL,NULL,NULL,NULL,NULL,NULL,0,NULL,NULL,'Urine','2006-11-02','I',NULL,NULL,NULL,NULL,1),(76,'URI','2006-11-06 16:16:29','Multiple Results','20g/l',NULL,'Alirach Justine',NULL,NULL,NULL,NULL,NULL,NULL,NULL,NULL,NULL,NULL,NULL,NULL,NULL,0,NULL,NULL,'Urine','2006-11-02','I',NULL,NULL,NULL,NULL,1),(77,'01.02','2006-11-06 16:18:37','','15,600cells',NULL,'Confort Kayenyparwoth',NULL,NULL,NULL,NULL,NULL,NULL,NULL,NULL,NULL,NULL,NULL,NULL,NULL,0,NULL,NULL,'Blood','2006-11-02','I',NULL,NULL,NULL,NULL,1),(78,'03.01','2006-11-06 16:19:52','NEGATIVE','',NULL,'Confort Kayeny pawroth',NULL,NULL,NULL,NULL,NULL,NULL,NULL,NULL,NULL,NULL,NULL,NULL,NULL,0,NULL,NULL,'Blood','2006-11-02','I',NULL,NULL,NULL,NULL,1),(79,'01.02','2006-11-06 16:21:02','> 7000 (HIGH)','WBC 10,400Cells',NULL,'Pimer',NULL,NULL,NULL,NULL,NULL,NULL,NULL,NULL,NULL,NULL,NULL,NULL,NULL,0,NULL,NULL,'Blood','2006-11-02','I',NULL,NULL,NULL,NULL,1),(80,'07.02','2006-11-06 16:22:45','HIGH','>500mg/dl',NULL,'Justine',NULL,NULL,NULL,NULL,NULL,NULL,NULL,NULL,NULL,NULL,NULL,NULL,NULL,0,NULL,NULL,NULL,'2006-11-02','I',NULL,NULL,NULL,NULL,1),(81,'URI','2006-11-06 16:24:04','Multiple Results','0g/l',NULL,'Ongala Eptien',NULL,NULL,NULL,NULL,NULL,NULL,NULL,NULL,NULL,NULL,NULL,NULL,NULL,0,NULL,NULL,'Urine','2006-11-02','I',NULL,NULL,NULL,NULL,1),(82,'01.01','2006-11-06 16:25:18','6 - 12','9.6g/dl',NULL,'Anirwoth Docus',NULL,NULL,NULL,NULL,NULL,NULL,NULL,NULL,NULL,NULL,NULL,NULL,NULL,0,NULL,NULL,'Blood','2006-11-02','I',NULL,NULL,NULL,NULL,1),(83,'03.01','2006-11-06 16:26:28','++','',NULL,'Anirwoth Docus',NULL,NULL,NULL,NULL,NULL,NULL,NULL,NULL,NULL,NULL,NULL,NULL,NULL,0,NULL,NULL,'Blood','2006-11-02','I',NULL,NULL,NULL,NULL,1),(84,'07.02','2006-11-06 16:29:09','NORMAL','112mg/l',NULL,'Ongala Eptien',NULL,NULL,NULL,NULL,NULL,NULL,NULL,NULL,NULL,NULL,NULL,NULL,NULL,0,NULL,NULL,NULL,'2006-11-02','I',NULL,NULL,NULL,NULL,1),(85,'03.01','2006-11-06 16:30:44','NEGATIVE','',NULL,'Makmilan Maditrwoth',NULL,NULL,NULL,NULL,NULL,NULL,NULL,NULL,NULL,NULL,NULL,NULL,NULL,0,NULL,NULL,'Blood','2006-11-02','I',NULL,NULL,NULL,NULL,1),(86,'03.01','2006-11-06 16:32:25','+++','',NULL,'Hellen Nyamungu',NULL,NULL,NULL,NULL,NULL,NULL,NULL,NULL,NULL,NULL,NULL,NULL,NULL,0,NULL,NULL,'Blood','2006-11-02','I',NULL,NULL,NULL,NULL,1),(87,'03.03','2006-11-06 16:34:13','Multiple Results','few',NULL,'kumakech Edmond',NULL,NULL,NULL,NULL,NULL,NULL,NULL,NULL,NULL,NULL,NULL,NULL,NULL,0,NULL,NULL,'Stool','2006-11-02','I',NULL,NULL,NULL,NULL,1),(88,'03.03','2006-11-06 16:35:29','Multiple Results','',NULL,'Angeyo Charles',NULL,NULL,NULL,NULL,NULL,NULL,NULL,NULL,NULL,NULL,NULL,NULL,NULL,0,NULL,NULL,'Stool','2006-11-02','I',NULL,NULL,NULL,NULL,1),(89,'03.03','2006-11-06 16:36:51','Multiple Results','',NULL,'Angom Justine',NULL,NULL,NULL,NULL,NULL,NULL,NULL,NULL,NULL,NULL,NULL,NULL,NULL,0,NULL,NULL,'Stool','2006-11-02','I',NULL,NULL,NULL,NULL,1),(90,'01.02','2006-11-06 16:38:39','4000 - 7000 (NORMAL)','DC N42, L56, M2,L2%',NULL,'',NULL,NULL,NULL,NULL,NULL,NULL,NULL,NULL,NULL,NULL,NULL,NULL,NULL,0,NULL,NULL,'Blood','2006-11-02','I',NULL,NULL,NULL,NULL,1),(91,'01.04','2006-11-06 16:42:53','','Erythroblast51, SS Cells++',NULL,'Anirwoth Esther',NULL,NULL,NULL,NULL,NULL,NULL,NULL,NULL,NULL,NULL,NULL,NULL,NULL,0,NULL,NULL,'Blood','2006-11-02','I',NULL,NULL,NULL,NULL,1),(92,'03.01','2006-11-06 16:43:42','NEGATIVE','',NULL,'Anirwoth Esther',NULL,NULL,NULL,NULL,NULL,NULL,NULL,NULL,NULL,NULL,NULL,NULL,NULL,0,NULL,NULL,'Blood','2006-11-02','I',NULL,NULL,NULL,NULL,1),(94,'01.01','2006-11-06 16:49:48','< 6','5.4g/l',NULL,'Saverio Lillian',NULL,NULL,NULL,NULL,NULL,NULL,NULL,NULL,NULL,NULL,NULL,NULL,NULL,0,NULL,NULL,'Blood','2006-11-02','I',NULL,NULL,NULL,NULL,1),(95,'01.02','2006-11-06 16:52:56','> 7000 (HIGH)','WBC 10,500Cells ,DC N63, N30, M5, E2%',NULL,'Abineno Harriet',NULL,NULL,NULL,NULL,NULL,NULL,NULL,NULL,NULL,NULL,NULL,NULL,NULL,0,NULL,NULL,'Blood','2006-11-02','I',NULL,NULL,NULL,NULL,1),(96,'03.01','2006-11-06 16:53:48','+','',NULL,'Abineno Harriet',NULL,NULL,NULL,NULL,NULL,NULL,NULL,NULL,NULL,NULL,NULL,NULL,NULL,0,NULL,NULL,'Blood','2006-11-02','I',NULL,NULL,NULL,NULL,1),(97,'03.01','2006-11-06 16:54:47','++','',NULL,'Acen Paula',NULL,NULL,NULL,NULL,NULL,NULL,NULL,NULL,NULL,NULL,NULL,NULL,NULL,0,NULL,NULL,'Blood','2006-11-02','I',NULL,NULL,NULL,NULL,1),(98,'03.01','2006-11-06 16:56:33','FEW','',NULL,'Ayika Pastore',NULL,NULL,NULL,NULL,NULL,NULL,NULL,NULL,NULL,NULL,NULL,NULL,NULL,0,NULL,NULL,'Blood','2006-11-02','I',NULL,NULL,NULL,NULL,1),(99,'03.03','2006-11-07 14:39:18','NEGATIVE','NPS',NULL,'Ongom Selestino',NULL,NULL,NULL,NULL,NULL,NULL,NULL,NULL,NULL,NULL,NULL,NULL,NULL,0,NULL,NULL,'Stool','2006-11-02','I',NULL,NULL,NULL,NULL,1),(100,'03.01','2006-11-07 14:40:19','NEGATIVE','',NULL,'kwiocwiny Trinity',NULL,NULL,NULL,NULL,NULL,NULL,NULL,NULL,NULL,NULL,NULL,NULL,NULL,0,NULL,NULL,'Blood','2006-11-02','I',NULL,NULL,NULL,NULL,1),(101,'03.01','2006-11-07 14:41:10','NEGATIVE','',NULL,'Desmond Owach-giu',NULL,NULL,NULL,NULL,NULL,NULL,NULL,NULL,NULL,NULL,NULL,NULL,NULL,0,NULL,NULL,'Blood','2006-11-02','I',NULL,NULL,NULL,NULL,1),(102,'03.01','2006-11-07 14:42:04','NEGATIVE','',NULL,'Masago-rwoth Trinity',NULL,NULL,NULL,NULL,NULL,NULL,NULL,NULL,NULL,NULL,NULL,NULL,NULL,0,NULL,NULL,'Blood','2006-11-02','I',NULL,NULL,NULL,NULL,1),(103,'03.01','2006-11-07 14:43:02','NEGATIVE','',NULL,'Giramia Fosca',NULL,NULL,NULL,NULL,NULL,NULL,NULL,NULL,NULL,NULL,NULL,NULL,NULL,0,NULL,NULL,'Blood','2006-11-02','I',NULL,NULL,NULL,NULL,1),(104,'01.02','2006-11-07 14:44:49','> 7000 (HIGH)','WBC 8500cells DC N43, L50, M7%',NULL,'Giramia fosca',NULL,NULL,NULL,NULL,NULL,NULL,NULL,NULL,NULL,NULL,NULL,NULL,NULL,0,NULL,NULL,'Blood','2006-11-02','I',NULL,NULL,NULL,NULL,1),(105,'01.04','2006-11-07 15:01:01','','Erytroblasts 6',NULL,'Fosca Giramia',NULL,NULL,NULL,NULL,NULL,NULL,NULL,NULL,NULL,NULL,NULL,NULL,NULL,0,NULL,NULL,'Blood','2006-11-02','I',NULL,NULL,NULL,NULL,1),(106,'03.01','2006-11-07 15:01:50','NEGATIVE','',NULL,'Mungudit Simon',NULL,NULL,NULL,NULL,NULL,NULL,NULL,NULL,NULL,NULL,NULL,NULL,NULL,0,NULL,NULL,'Blood','2006-11-02','I',NULL,NULL,NULL,NULL,1),(107,'03.01','2006-11-07 15:02:46','+++','',NULL,'Mungudit Justine',NULL,NULL,NULL,NULL,NULL,NULL,NULL,NULL,NULL,NULL,NULL,NULL,NULL,0,NULL,NULL,'Blood','2006-11-02','I',NULL,NULL,NULL,NULL,1),(108,'03.01','2006-11-07 15:03:31','++++','',NULL,'Rwothomio Victor',NULL,NULL,NULL,NULL,NULL,NULL,NULL,NULL,NULL,NULL,NULL,NULL,NULL,0,NULL,NULL,'Blood','2006-11-02','I',NULL,NULL,NULL,NULL,1),(109,'03.01','2006-11-07 15:04:49','NEGATIVE','',NULL,'Friiman Opakrwoth',NULL,NULL,NULL,NULL,NULL,NULL,NULL,NULL,NULL,NULL,NULL,NULL,NULL,0,NULL,NULL,'Blood','2006-11-02','I',NULL,NULL,NULL,NULL,1),(110,'03.01','2006-11-07 15:05:32','NEGATIVE','',NULL,'Rwothomio Pactrick',NULL,NULL,NULL,NULL,NULL,NULL,NULL,NULL,NULL,NULL,NULL,NULL,NULL,0,NULL,NULL,'Blood','2006-11-02','I',NULL,NULL,NULL,NULL,1),(111,'03.01','2006-11-07 15:06:30','++','',NULL,'Yikparwoth Oscar',NULL,NULL,NULL,NULL,NULL,NULL,NULL,NULL,NULL,NULL,NULL,NULL,NULL,0,NULL,NULL,'Blood','2006-11-02','I',NULL,NULL,NULL,NULL,1),(112,'03.01','2006-11-07 15:07:15','NEGATIVE','',NULL,'Desmond Mungudit',NULL,NULL,NULL,NULL,NULL,NULL,NULL,NULL,NULL,NULL,NULL,NULL,NULL,0,NULL,NULL,'Blood','2006-11-02','I',NULL,NULL,NULL,NULL,1),(113,'03.01','2006-11-07 15:08:03','NEGATIVE','',NULL,'Pius Rwothomio',NULL,NULL,NULL,NULL,NULL,NULL,NULL,NULL,NULL,NULL,NULL,NULL,NULL,0,NULL,NULL,'Blood','2006-11-02','I',NULL,NULL,NULL,NULL,1),(114,'03.01','2006-11-07 15:09:25','NEGATIVE','',NULL,'Jackson Jatho',NULL,NULL,NULL,NULL,NULL,NULL,NULL,NULL,NULL,NULL,NULL,NULL,NULL,0,NULL,NULL,'Blood','2006-11-02','I',NULL,NULL,NULL,NULL,1),(115,'03.01','2006-11-07 15:10:15','+++','',NULL,'Roggers',NULL,NULL,NULL,NULL,NULL,NULL,NULL,NULL,NULL,NULL,NULL,NULL,NULL,0,NULL,NULL,'Blood','2006-11-02','I',NULL,NULL,NULL,NULL,1),(116,'URI','2006-11-07 15:12:47','Multiple Results','Few Epithelial cells&luecos',NULL,'Anirwoth Esther',NULL,NULL,NULL,NULL,NULL,NULL,NULL,NULL,NULL,NULL,NULL,NULL,NULL,0,NULL,NULL,'Urine','2006-11-02','I',NULL,NULL,NULL,NULL,1),(117,'03.01','2006-11-07 15:14:02','NEGATIVE','',NULL,'Ogenmungu Chancely',NULL,NULL,NULL,NULL,NULL,NULL,NULL,NULL,NULL,NULL,NULL,NULL,NULL,0,NULL,NULL,'Blood','2006-11-02','I',NULL,NULL,NULL,NULL,1),(118,'01.01','2006-11-07 15:15:03','6 - 12','8.2g/l',NULL,'Pikwo Monica',NULL,NULL,NULL,NULL,NULL,NULL,NULL,NULL,NULL,NULL,NULL,NULL,NULL,0,NULL,NULL,'Blood','2006-11-02','I',NULL,NULL,NULL,NULL,1),(119,'03.01','2006-11-07 15:15:37','+++','',NULL,'Pikwo Monica',NULL,NULL,NULL,NULL,NULL,NULL,NULL,NULL,NULL,NULL,NULL,NULL,NULL,0,NULL,NULL,'Blood','2006-11-02','I',NULL,NULL,NULL,NULL,1),(120,'URI','2006-11-07 15:18:07','Multiple Results','Few epithelial cells&luecos',NULL,'Ogenmungu Chancely',NULL,NULL,NULL,NULL,NULL,NULL,NULL,NULL,NULL,NULL,NULL,NULL,NULL,0,NULL,NULL,'Urine','2006-11-02','I',NULL,NULL,NULL,NULL,1),(121,'01.01','2006-11-07 15:20:51','6 - 12','7.3g/l',NULL,'Ayomirwoth Trinity',NULL,NULL,NULL,NULL,NULL,NULL,NULL,NULL,NULL,NULL,NULL,NULL,NULL,0,NULL,NULL,'Blood','2006-11-02','I',NULL,NULL,NULL,NULL,1),(122,'03.03','2006-11-07 15:21:59','Multiple Results','NPS',NULL,'Ocima Juliet',NULL,NULL,NULL,NULL,NULL,NULL,NULL,NULL,NULL,NULL,NULL,NULL,NULL,0,NULL,NULL,'Stool','2006-11-02','I',NULL,NULL,NULL,NULL,1),(123,'03.01','2006-11-07 15:23:11','NEGATIVE','',NULL,'Okumu Patrick',NULL,NULL,NULL,NULL,NULL,NULL,NULL,NULL,NULL,NULL,NULL,NULL,NULL,0,NULL,NULL,'Blood','2006-11-02','I',NULL,NULL,NULL,NULL,1),(124,'URI','2006-11-07 15:26:13','Multiple Results','Epithelial cells++&Few luecos',NULL,'Okumu Patrick',NULL,NULL,NULL,NULL,NULL,NULL,NULL,NULL,NULL,NULL,NULL,NULL,NULL,0,NULL,NULL,'Urine','2006-11-02','I',NULL,NULL,NULL,NULL,1),(125,'06.01','2006-11-07 15:30:07','NEGATIVE','',NULL,'Bedijo Manuel',NULL,NULL,NULL,NULL,NULL,NULL,NULL,NULL,NULL,NULL,NULL,NULL,NULL,0,NULL,NULL,NULL,'2006-11-02','I',NULL,NULL,NULL,NULL,1),(129,'01.02','2006-11-07 15:50:01','> 7000 (HIGH)','WBC 7500 Cells',NULL,'Ayikanying Derick',NULL,NULL,NULL,NULL,NULL,NULL,NULL,NULL,NULL,NULL,NULL,NULL,NULL,0,NULL,NULL,'Blood','2006-11-02','I',NULL,NULL,NULL,NULL,1),(130,'03.01','2006-11-07 15:52:58','','Few GPF',NULL,'Anet Ozinga',NULL,NULL,NULL,NULL,NULL,NULL,NULL,NULL,NULL,NULL,NULL,NULL,NULL,0,NULL,NULL,'Blood','2006-11-03','I',NULL,NULL,NULL,NULL,1),(131,'01.01','2006-11-07 15:55:22','6 - 12','10.1g/l',NULL,'Okwairwoth Kumakech',NULL,NULL,NULL,NULL,NULL,NULL,NULL,NULL,NULL,NULL,NULL,NULL,NULL,0,NULL,NULL,'Blood','2006-11-03','O',NULL,NULL,NULL,NULL,1),(132,'03.01','2006-11-07 15:57:38','NEGATIVE','',NULL,'Okwairwoth Kumakech',NULL,NULL,NULL,NULL,NULL,NULL,NULL,NULL,NULL,NULL,NULL,NULL,NULL,0,NULL,NULL,'Blood','2006-11-03','O',NULL,NULL,NULL,NULL,1),(133,'01.01','2006-11-07 15:59:11','< 6','5.7g/l',NULL,'Charon Kwiocwiny',NULL,NULL,NULL,NULL,NULL,NULL,NULL,NULL,NULL,NULL,NULL,NULL,NULL,0,NULL,NULL,'Blood','2006-11-03','O',NULL,NULL,NULL,NULL,1),(134,'01.02','2006-11-07 16:01:57','4000 - 7000 (NORMAL)','WBC 4500 cells DC N38, L 52, M5, E7%',NULL,'Charon Kwiocwiny',NULL,NULL,NULL,NULL,NULL,NULL,NULL,NULL,NULL,NULL,NULL,NULL,NULL,0,NULL,NULL,'Blood','2006-11-03','O',NULL,NULL,NULL,NULL,1),(135,'03.01','2006-11-07 16:02:30','NEGATIVE','',NULL,'Rwothomio Santo',NULL,NULL,NULL,NULL,NULL,NULL,NULL,NULL,NULL,NULL,NULL,NULL,NULL,0,NULL,NULL,'Blood','2006-11-03','O',NULL,NULL,NULL,NULL,1),(136,'03.01','2006-11-07 16:02:56','++','',NULL,'Scovia',NULL,NULL,NULL,NULL,NULL,NULL,NULL,NULL,NULL,NULL,NULL,NULL,NULL,0,NULL,NULL,'Blood','2006-11-03','O',NULL,NULL,NULL,NULL,1),(137,'03.01','2006-11-07 16:03:36','NEGATIVE','',NULL,'Omirambe Kizito',NULL,NULL,NULL,NULL,NULL,NULL,NULL,NULL,NULL,NULL,NULL,NULL,NULL,0,NULL,NULL,'Blood','2006-11-03','O',NULL,NULL,NULL,NULL,1),(138,'01.02','2006-11-07 16:05:03','> 7000 (HIGH)','WBC 8100 cells DC N70, L25, M55%',NULL,'Munguryek Fosca',NULL,NULL,NULL,NULL,NULL,NULL,NULL,NULL,NULL,NULL,NULL,NULL,NULL,0,NULL,NULL,'Blood','2006-11-03','O',NULL,NULL,NULL,NULL,1),(139,'01.01','2006-11-07 16:06:36','< 6','4.9g/dl',NULL,'Ofoirwoth Denis',NULL,NULL,NULL,NULL,NULL,NULL,NULL,NULL,NULL,NULL,NULL,NULL,NULL,0,NULL,NULL,'Blood','2006-11-03','O',NULL,NULL,NULL,NULL,1),(140,'03.03','2006-11-07 16:08:38','Multiple Results','NPS',NULL,'Paska AnirWoth',NULL,NULL,NULL,NULL,NULL,NULL,NULL,NULL,NULL,NULL,NULL,NULL,NULL,0,NULL,NULL,'Stool','2006-11-03','O',NULL,NULL,NULL,NULL,1),(141,'03.01','2006-11-07 16:09:32','NEGATIVE','',NULL,'Mungudit Rwothomio',NULL,NULL,NULL,NULL,NULL,NULL,NULL,NULL,NULL,NULL,NULL,NULL,NULL,0,NULL,NULL,'Blood','2006-11-03','O',NULL,NULL,NULL,NULL,1),(142,'03.01','2006-11-07 16:10:08','NEGATIVE','',NULL,'Silvia Fuathum',NULL,NULL,NULL,NULL,NULL,NULL,NULL,NULL,NULL,NULL,NULL,NULL,NULL,0,NULL,NULL,'Blood','2006-11-03','O',NULL,NULL,NULL,NULL,1),(143,'01.01','2006-11-07 16:11:17','6 - 12','11.5g/dl',NULL,'Silvia Anirwoth',NULL,NULL,NULL,NULL,NULL,NULL,NULL,NULL,NULL,NULL,NULL,NULL,NULL,0,NULL,NULL,'Blood','2006-11-03','O',NULL,NULL,NULL,NULL,1),(145,'03.01','2006-11-07 16:12:35','FEW','',NULL,'Biwaga Irine',NULL,NULL,NULL,NULL,NULL,NULL,NULL,NULL,NULL,NULL,NULL,NULL,NULL,0,NULL,NULL,'Blood','2006-11-03','O',NULL,NULL,NULL,NULL,1),(146,'03.01','2006-11-07 16:13:09','NEGATIVE','',NULL,'Pirwoth Mungungeo',NULL,NULL,NULL,NULL,NULL,NULL,NULL,NULL,NULL,NULL,NULL,NULL,NULL,0,NULL,NULL,'Blood','2006-11-03','O',NULL,NULL,NULL,NULL,1),(147,'03.01','2006-11-07 16:13:44','NEGATIVE','',NULL,'Bondi Colbert',NULL,NULL,NULL,NULL,NULL,NULL,NULL,NULL,NULL,NULL,NULL,NULL,NULL,0,NULL,NULL,'Blood','2006-11-03','O',NULL,NULL,NULL,NULL,1),(148,'03.01','2006-11-07 16:14:15','++++','',NULL,'Munguromo Brenda',NULL,NULL,NULL,NULL,NULL,NULL,NULL,NULL,NULL,NULL,NULL,NULL,NULL,0,NULL,NULL,'Blood','2006-11-03','O',NULL,NULL,NULL,NULL,1),(149,'01.01','2006-11-07 16:15:19','< 6','4.9g/dl',NULL,'Munguromo Brenda',NULL,NULL,NULL,NULL,NULL,NULL,NULL,NULL,NULL,NULL,NULL,NULL,NULL,0,NULL,NULL,'Blood','2006-11-03','O',NULL,NULL,NULL,NULL,1),(150,'03.01','2006-11-07 16:15:59','++++','',NULL,'Mungungeo ',NULL,NULL,NULL,NULL,NULL,NULL,NULL,NULL,NULL,NULL,NULL,NULL,NULL,0,NULL,NULL,'Blood','2006-11-03','O',NULL,NULL,NULL,NULL,1),(151,'01.01','2006-11-07 16:16:58','6 - 12','9.2g/dl',NULL,'Mungungeo',NULL,NULL,NULL,NULL,NULL,NULL,NULL,NULL,NULL,NULL,NULL,NULL,NULL,0,NULL,NULL,'Blood','2006-11-03','O',NULL,NULL,NULL,NULL,1),(152,'03.01','2006-11-07 16:17:30','NEGATIVE','',NULL,'Acen Lillian',NULL,NULL,NULL,NULL,NULL,NULL,NULL,NULL,NULL,NULL,NULL,NULL,NULL,0,NULL,NULL,'Blood','2006-11-03','O',NULL,NULL,NULL,NULL,1),(153,'03.01','2006-11-07 16:17:59','+++','',NULL,'Iwutung Lillian',NULL,NULL,NULL,NULL,NULL,NULL,NULL,NULL,NULL,NULL,NULL,NULL,NULL,0,NULL,NULL,'Blood','2006-11-03','O',NULL,NULL,NULL,NULL,1),(154,'03.01','2006-11-07 16:18:42','NEGATIVE','',NULL,'Kaguta Museveni',NULL,NULL,NULL,NULL,NULL,NULL,NULL,NULL,NULL,NULL,NULL,NULL,NULL,0,NULL,NULL,'Blood','2006-11-03','O',NULL,NULL,NULL,NULL,1),(155,'03.01','2006-11-07 16:19:21','+++','',NULL,'Pimer Pius',NULL,NULL,NULL,NULL,NULL,NULL,NULL,NULL,NULL,NULL,NULL,NULL,NULL,0,NULL,NULL,'Blood','2006-11-03','O',NULL,NULL,NULL,NULL,1),(156,'03.01','2006-11-07 16:19:57','+','',NULL,'Ocungi Denis',NULL,NULL,NULL,NULL,NULL,NULL,NULL,NULL,NULL,NULL,NULL,NULL,NULL,0,NULL,NULL,'Blood','2006-11-03','O',NULL,NULL,NULL,NULL,1),(157,'03.01','2006-11-07 16:20:29','NEGATIVE','',NULL,'Okwairwoth Denis',NULL,NULL,NULL,NULL,NULL,NULL,NULL,NULL,NULL,NULL,NULL,NULL,NULL,0,NULL,NULL,'Blood','2006-11-03','O',NULL,NULL,NULL,NULL,1),(158,'07.02','2006-11-07 16:21:58','LOW','47mg/dl',NULL,'Oryek Ofungi',NULL,NULL,NULL,NULL,NULL,NULL,NULL,NULL,NULL,NULL,NULL,NULL,NULL,0,NULL,NULL,NULL,'2006-11-03','O',NULL,NULL,NULL,NULL,1),(159,'01.01','2006-11-07 16:22:57','6 - 12','8.1g/dl',NULL,'Micpamungu Prisca',NULL,NULL,NULL,NULL,NULL,NULL,NULL,NULL,NULL,NULL,NULL,NULL,NULL,0,NULL,NULL,'Blood','2006-11-03','O',NULL,NULL,NULL,NULL,1),(160,'01.06','2006-11-07 16:23:36','NEGATIVE','',NULL,'Micpamungu Prisca',NULL,NULL,NULL,NULL,NULL,NULL,NULL,NULL,NULL,NULL,NULL,NULL,NULL,0,NULL,NULL,'Blood','2006-11-03','O',NULL,NULL,NULL,NULL,1),(161,'URI','2006-11-07 16:24:45','Multiple Results','0g/l',NULL,'Brenda',NULL,NULL,NULL,NULL,NULL,NULL,NULL,NULL,NULL,NULL,NULL,NULL,NULL,0,NULL,NULL,'Urine','2006-11-03','O',NULL,NULL,NULL,NULL,1),(162,'01.01','2006-11-07 16:26:38','< 6','3.4g/dl',NULL,'Oyirwoth Ayomiwroth',NULL,NULL,NULL,NULL,NULL,NULL,NULL,NULL,NULL,NULL,NULL,NULL,NULL,0,NULL,NULL,'Blood','2006-11-03','O',NULL,NULL,NULL,NULL,1),(163,'02.01','2006-11-07 16:27:24','A RH+','',NULL,'Oyirwoth Ayomiwroth',NULL,NULL,NULL,NULL,NULL,NULL,NULL,NULL,NULL,NULL,NULL,NULL,NULL,0,NULL,NULL,'Blood','2006-11-03','O',NULL,NULL,NULL,NULL,1),(164,'03.01','2006-11-07 16:28:21','NEGATIVE','',NULL,'Oyiwroth Ayomiwroth',NULL,NULL,NULL,NULL,NULL,NULL,NULL,NULL,NULL,NULL,NULL,NULL,NULL,0,NULL,NULL,'Blood','2006-11-03','O',NULL,NULL,NULL,NULL,1),(165,'01.01','2006-11-07 17:17:08','6 - 12','7.1 g/dl\n',NULL,'Aloysius Otuga',NULL,NULL,NULL,NULL,NULL,NULL,NULL,NULL,NULL,NULL,NULL,NULL,NULL,0,NULL,NULL,'Blood','2006-11-03','O',NULL,NULL,NULL,NULL,1),(166,'02.01','2006-11-07 17:19:01','B RH+','',NULL,'Aloysius Otuga',NULL,NULL,NULL,NULL,NULL,NULL,NULL,NULL,NULL,NULL,NULL,NULL,NULL,0,NULL,NULL,'Blood','2006-11-03','O',NULL,NULL,NULL,NULL,1),(167,'01.01','2006-11-08 15:46:33','< 6','3.8g/dl',NULL,'Trinity Ayiorwoth',NULL,NULL,NULL,NULL,NULL,NULL,NULL,NULL,NULL,NULL,NULL,NULL,NULL,0,NULL,NULL,'Blood','2006-11-03','O',NULL,NULL,NULL,NULL,1),(168,'02.01','2006-11-08 15:47:26','O RH+','',NULL,'Trinity Ayiorwoth',NULL,NULL,NULL,NULL,NULL,NULL,NULL,NULL,NULL,NULL,NULL,NULL,NULL,0,NULL,NULL,'Blood','2006-11-03','O',NULL,NULL,NULL,NULL,1),(169,'03.01','2006-11-08 15:48:11','NEGATIVE','',NULL,'Trinity Ayiorwoth',NULL,NULL,NULL,NULL,NULL,NULL,NULL,NULL,NULL,NULL,NULL,NULL,NULL,0,NULL,NULL,'Blood','2006-11-03','O',NULL,NULL,NULL,NULL,1),(170,'03.01','2006-11-08 15:49:04','NEGATIVE','',NULL,'Ocowun Christopher',NULL,NULL,NULL,NULL,NULL,NULL,NULL,NULL,NULL,NULL,NULL,NULL,NULL,0,NULL,NULL,'Blood','2006-11-03','O',NULL,NULL,NULL,NULL,1),(171,'03.03','2006-11-08 15:50:55','Multiple Results','NPS,Pus cells+',NULL,'Jenety Orebi',NULL,NULL,NULL,NULL,NULL,NULL,NULL,NULL,NULL,NULL,NULL,NULL,NULL,0,NULL,NULL,'Stool','2006-11-03','O',NULL,NULL,NULL,NULL,1),(172,'03.03','2006-11-08 15:52:05','Multiple Results','NPS',NULL,'Atimango Florence',NULL,NULL,NULL,NULL,NULL,NULL,NULL,NULL,NULL,NULL,NULL,NULL,NULL,0,NULL,NULL,'Stool','2006-11-03','O',NULL,NULL,NULL,NULL,1),(173,'03.01','2006-11-08 15:53:12','NEGATIVE','',NULL,'Alirach Beatrice',NULL,NULL,NULL,NULL,NULL,NULL,NULL,NULL,NULL,NULL,NULL,NULL,NULL,0,NULL,NULL,'Blood','2006-11-03','O',NULL,NULL,NULL,NULL,1),(174,'01.01','2006-11-08 15:54:19','< 6','4.2g/dl',NULL,'Munguromo Brenda',NULL,NULL,NULL,NULL,NULL,NULL,NULL,NULL,NULL,NULL,NULL,NULL,NULL,0,NULL,NULL,'Blood','2006-11-03','O',NULL,NULL,NULL,NULL,1),(175,'02.01','2006-11-08 15:55:00','O RH+','',NULL,'Munguromo Brenda',NULL,NULL,NULL,NULL,NULL,NULL,NULL,NULL,NULL,NULL,NULL,NULL,NULL,0,NULL,NULL,'Blood','2006-11-03','O',NULL,NULL,NULL,NULL,1),(176,'03.01','2006-11-08 15:56:19','NEGATIVE','',NULL,'Muzamil Oyirwoth',NULL,NULL,NULL,NULL,NULL,NULL,NULL,NULL,NULL,NULL,NULL,NULL,NULL,0,NULL,NULL,'Blood','2006-11-03','O',NULL,NULL,NULL,NULL,1),(177,'03.03','2006-11-08 15:57:24','Multiple Results','',NULL,'Beatrice Fuacan',NULL,NULL,NULL,NULL,NULL,NULL,NULL,NULL,NULL,NULL,NULL,NULL,NULL,0,NULL,NULL,'Stool','2006-11-03','O',NULL,NULL,NULL,NULL,1),(178,'URI','2006-11-08 15:58:59','Multiple Results','0g/l',NULL,'Ovon Quintino',NULL,NULL,NULL,NULL,NULL,NULL,NULL,NULL,NULL,NULL,NULL,NULL,NULL,0,NULL,NULL,'Urine','2006-11-03','O',NULL,NULL,NULL,NULL,1),(179,'07.02','2006-11-08 16:01:18','LOW','43mg/dl',NULL,'Ovon Quintino',NULL,NULL,NULL,NULL,NULL,NULL,NULL,NULL,NULL,NULL,NULL,NULL,NULL,0,NULL,NULL,NULL,'2006-11-03','O',NULL,NULL,NULL,NULL,1),(180,'URI','2006-11-08 16:03:04','Multiple Results','0g/l',NULL,'Anecho Okecha',NULL,NULL,NULL,NULL,NULL,NULL,NULL,NULL,NULL,NULL,NULL,NULL,NULL,0,NULL,NULL,'Urine','2006-11-03','O',NULL,NULL,NULL,NULL,1),(181,'03.03','2006-11-08 16:04:54','Multiple Results','NPS',NULL,'Acen Paula',NULL,NULL,NULL,NULL,NULL,NULL,NULL,NULL,NULL,NULL,NULL,NULL,NULL,0,NULL,NULL,'Stool','2006-11-03','O',NULL,NULL,NULL,NULL,1),(183,'URI','2006-11-08 16:10:30','Multiple Results','epithelial cells++, few luecos',NULL,'Ocwi Berta',NULL,NULL,NULL,NULL,NULL,NULL,NULL,NULL,NULL,NULL,NULL,NULL,NULL,0,NULL,NULL,'Urine','2006-11-03','O',NULL,NULL,NULL,NULL,1),(184,'URI','2006-11-08 16:11:53','Multiple Results','Few epithelial cells&luecos',NULL,'Derrick Ayikanying',NULL,NULL,NULL,NULL,NULL,NULL,NULL,NULL,NULL,NULL,NULL,NULL,NULL,0,NULL,NULL,'Urine','2006-11-03','O',NULL,NULL,NULL,NULL,1),(185,'URI','2006-11-08 16:13:39','Multiple Results','Amorphous Phosphate+',NULL,'Omarwoth Vincent',NULL,NULL,NULL,NULL,NULL,NULL,NULL,NULL,NULL,NULL,NULL,NULL,NULL,0,NULL,NULL,'Urine','2006-11-03','O',NULL,NULL,NULL,NULL,1),(186,'URI','2006-11-08 16:16:11','Multiple Results','Few epithelial cells,few luecos& amorphous phosphate.',NULL,'Silvia Fuathum',NULL,NULL,NULL,NULL,NULL,NULL,NULL,NULL,NULL,NULL,NULL,NULL,NULL,0,NULL,NULL,'Urine','2006-11-03','O',NULL,NULL,NULL,NULL,1),(187,'URI','2006-11-08 16:18:09','Multiple Results','Few Epithelial &luecos',NULL,'Akello Jeska',NULL,NULL,NULL,NULL,NULL,NULL,NULL,NULL,NULL,NULL,NULL,NULL,NULL,0,NULL,NULL,'Urine','2006-11-03','O',NULL,NULL,NULL,NULL,1),(188,'03.01','2006-11-08 16:19:18','FEW','',NULL,'Consolate Ayiorwoth',NULL,NULL,NULL,NULL,NULL,NULL,NULL,NULL,NULL,NULL,NULL,NULL,NULL,0,NULL,NULL,'Blood','2006-11-03','O',NULL,NULL,NULL,NULL,1),(189,'03.01','2006-11-08 16:20:21','+++','',NULL,'Vincent Okonya',NULL,NULL,NULL,NULL,NULL,NULL,NULL,NULL,NULL,NULL,NULL,NULL,NULL,0,NULL,NULL,'Blood','2006-11-03','O',NULL,NULL,NULL,NULL,1),(190,'03.01','2006-11-08 16:21:17','+++','',NULL,'Saviour Rwothongeo',NULL,NULL,NULL,NULL,NULL,NULL,NULL,NULL,NULL,NULL,NULL,NULL,NULL,0,NULL,NULL,'Blood','2006-11-03','O',NULL,NULL,NULL,NULL,1),(191,'URI','2006-11-08 16:22:43','Multiple Results','0g/l',NULL,'Anna AMondirwoth',NULL,NULL,NULL,NULL,NULL,NULL,NULL,NULL,NULL,NULL,NULL,NULL,NULL,0,NULL,NULL,'Urine','2006-11-03','O',NULL,NULL,NULL,NULL,1),(193,'URI','2006-11-08 16:25:22','Multiple Results','20g/l',NULL,'Jakisa James',NULL,NULL,NULL,NULL,NULL,NULL,NULL,NULL,NULL,NULL,NULL,NULL,NULL,0,NULL,NULL,'Urine','2006-11-03','O',NULL,NULL,NULL,NULL,1),(194,'01.06','2006-11-08 16:26:25','NEGATIVE','',NULL,'Samuel',NULL,NULL,NULL,NULL,NULL,NULL,NULL,NULL,NULL,NULL,NULL,NULL,NULL,0,NULL,NULL,'Blood','2006-11-03','O',NULL,NULL,NULL,NULL,1),(195,'URI','2006-11-08 16:27:58','Multiple Results','20g/l',NULL,'Esther Anican',NULL,NULL,NULL,NULL,NULL,NULL,NULL,NULL,NULL,NULL,NULL,NULL,NULL,0,NULL,NULL,'Urine','2006-11-03','O',NULL,NULL,NULL,NULL,1),(196,'03.01','2006-11-08 16:29:58','+++','',NULL,'Oyirwoth Ivan',NULL,NULL,NULL,NULL,NULL,NULL,NULL,NULL,NULL,NULL,NULL,NULL,NULL,0,NULL,NULL,'Blood','2006-11-03','O',NULL,NULL,NULL,NULL,1),(197,'03.01','2006-11-08 16:31:23','NEGATIVE','',NULL,'Kayeny Anet',NULL,NULL,NULL,NULL,NULL,NULL,NULL,NULL,NULL,NULL,NULL,NULL,NULL,0,NULL,NULL,'Blood','2006-11-03','O',NULL,NULL,NULL,NULL,1),(198,'03.01','2006-11-08 16:34:32','NEGATIVE','',NULL,'Anirwoth Joan',NULL,NULL,NULL,NULL,NULL,NULL,NULL,NULL,NULL,NULL,NULL,NULL,NULL,0,NULL,NULL,'Blood','2006-11-03','O',NULL,NULL,NULL,NULL,1),(199,'03.01','2006-11-08 16:37:45','NEGATIVE','',NULL,'Ayomirwoth Fancy',NULL,NULL,NULL,NULL,NULL,NULL,NULL,NULL,NULL,NULL,NULL,NULL,NULL,0,NULL,NULL,'Blood','2006-11-03','O',NULL,NULL,NULL,NULL,1),(200,'03.01','2006-11-08 16:39:22','NEGATIVE','',NULL,'Inocent Omarwoth',NULL,NULL,NULL,NULL,NULL,NULL,NULL,NULL,NULL,NULL,NULL,NULL,NULL,0,NULL,NULL,'Blood','2006-11-03','O',NULL,NULL,NULL,NULL,1),(201,'03.01','2006-11-08 16:41:07','NEGATIVE','',NULL,'Juliet Oyungrwoth',NULL,NULL,NULL,NULL,NULL,NULL,NULL,NULL,NULL,NULL,NULL,NULL,NULL,0,NULL,NULL,'Blood','2006-11-03','O',NULL,NULL,NULL,NULL,1),(202,'03.01','2006-11-08 16:43:08','NEGATIVE','',NULL,'Mikuze Agnes',NULL,NULL,NULL,NULL,NULL,NULL,NULL,NULL,NULL,NULL,NULL,NULL,NULL,0,NULL,NULL,'Blood','2006-11-03','O',NULL,NULL,NULL,NULL,1),(204,'03.03','2006-11-08 16:47:59','Multiple Results','NPS',NULL,'mikuzw Agnes',NULL,NULL,NULL,NULL,NULL,NULL,NULL,NULL,NULL,NULL,NULL,NULL,NULL,0,NULL,NULL,'Stool','2006-11-03','O',NULL,NULL,NULL,NULL,1),(205,'03.01','2006-11-08 16:49:58','NEGATIVE','',NULL,'Mungudit Anthony',NULL,NULL,NULL,NULL,NULL,NULL,NULL,NULL,NULL,NULL,NULL,NULL,NULL,0,NULL,NULL,'Blood','2006-11-03','O',NULL,NULL,NULL,NULL,1),(206,'03.01','2006-11-08 16:55:02','NEGATIVE','',NULL,'Okwairwoth Osijali',NULL,NULL,NULL,NULL,NULL,NULL,NULL,NULL,NULL,NULL,NULL,NULL,NULL,0,NULL,NULL,'Blood','2006-11-03','O',NULL,NULL,NULL,NULL,1),(207,'03.01','2006-11-08 16:58:52','NEGATIVE','',NULL,'Pimer Margaret',NULL,NULL,NULL,NULL,NULL,NULL,NULL,NULL,NULL,NULL,NULL,NULL,NULL,0,NULL,NULL,'Blood','2006-11-03','O',NULL,NULL,NULL,NULL,1),(208,'03.01','2006-11-08 16:59:57','NEGATIVE','',NULL,'Upenymungu ',NULL,NULL,NULL,NULL,NULL,NULL,NULL,NULL,NULL,NULL,NULL,NULL,NULL,0,NULL,NULL,'Blood','2006-11-03','O',NULL,NULL,NULL,NULL,1),(209,'03.01','2006-11-08 17:01:08','NEGATIVE','',NULL,'Owachi Evalyn',NULL,NULL,NULL,NULL,NULL,NULL,NULL,NULL,NULL,NULL,NULL,NULL,NULL,0,NULL,NULL,'Blood','2006-11-03','O',NULL,NULL,NULL,NULL,1),(211,'03.01','2006-11-08 17:07:22','NEGATIVE','',NULL,'Oyer John',NULL,NULL,NULL,NULL,NULL,NULL,NULL,NULL,NULL,NULL,NULL,NULL,NULL,0,NULL,NULL,'Blood','2006-11-03','O',NULL,NULL,NULL,NULL,1),(212,'01.01','2006-11-08 17:09:38','6 - 12','7.3g/dl',NULL,'Victor Rwothomio',NULL,NULL,NULL,NULL,NULL,NULL,NULL,NULL,NULL,NULL,NULL,NULL,NULL,0,NULL,NULL,'Blood','2006-11-03','O',NULL,NULL,NULL,NULL,1),(213,'01.02','2006-11-08 17:12:49','4000 - 7000 (NORMAL)','WBC 9900cells, DC N50, L50%',NULL,'Amia Anet',NULL,NULL,NULL,NULL,NULL,NULL,NULL,NULL,NULL,NULL,NULL,NULL,NULL,0,NULL,NULL,'Blood','2006-11-03','O',NULL,NULL,NULL,NULL,1),(214,'03.01','2006-11-08 17:14:07','NEGATIVE','',NULL,'Amia Anet',NULL,NULL,NULL,NULL,NULL,NULL,NULL,NULL,NULL,NULL,NULL,NULL,NULL,0,NULL,NULL,'Blood','2006-11-03','O',NULL,NULL,NULL,NULL,1),(215,'03.03','2006-11-08 17:15:56','Multiple Results','',NULL,'Colbert Bondi',NULL,NULL,NULL,NULL,NULL,NULL,NULL,NULL,NULL,NULL,NULL,NULL,NULL,0,NULL,NULL,'Stool','2006-11-03','O',NULL,NULL,NULL,NULL,1),(216,'03.01','2006-11-08 17:17:59','FEW','',NULL,'Mapenzi',NULL,NULL,NULL,NULL,NULL,NULL,NULL,NULL,NULL,NULL,NULL,NULL,NULL,0,NULL,NULL,'Blood','2006-11-03','O',NULL,NULL,NULL,NULL,1),(217,'03.01','2006-11-08 17:20:09','+++','',NULL,'Biywaga Cristine',NULL,NULL,NULL,NULL,NULL,NULL,NULL,NULL,NULL,NULL,NULL,NULL,NULL,0,NULL,NULL,'Blood','2006-11-03','O',NULL,NULL,NULL,NULL,1),(218,'03.01','2006-11-08 17:27:09','FEW','',NULL,'Kercan Agustine',NULL,NULL,NULL,NULL,NULL,NULL,NULL,NULL,NULL,NULL,NULL,NULL,NULL,0,NULL,NULL,'Blood','2006-11-03','O',NULL,NULL,NULL,NULL,1),(219,'03.01','2006-11-12 17:29:54','NEGATIVE','',NULL,'Paramungu Gloria',NULL,NULL,NULL,NULL,NULL,NULL,NULL,NULL,NULL,NULL,NULL,NULL,NULL,0,0,'F','Blood','2006-11-03','I',NULL,NULL,NULL,NULL,1),(220,'08.01','2006-11-11 09:47:15','POSITIVE','cv',500,'Madit Rwoth Godwin',NULL,NULL,NULL,NULL,NULL,NULL,NULL,NULL,NULL,NULL,NULL,NULL,NULL,0,2,'M',NULL,'2006-11-03','O',NULL,NULL,NULL,NULL,1),(221,'01.01','2006-11-12 11:36:42','>=12 (NORMAL)','',NULL,'hello it is a test',NULL,NULL,NULL,NULL,NULL,NULL,NULL,NULL,NULL,NULL,NULL,NULL,NULL,0,2,'M','Blood','2006-11-03','O',NULL,NULL,NULL,NULL,1),(222,'01.01','2006-11-12 11:37:02','>=12 (NORMAL)','',200,'Abernitho Zakaria',NULL,NULL,NULL,NULL,NULL,NULL,NULL,NULL,NULL,NULL,NULL,NULL,NULL,0,78,'M','Blood','2006-11-03','O',NULL,NULL,NULL,NULL,1),(223,'01.01','2006-11-12 11:38:33','>=12 (NORMAL)','',NULL,'Paolo Rossetto',NULL,NULL,NULL,NULL,NULL,NULL,NULL,NULL,NULL,NULL,NULL,NULL,NULL,0,2,'M','Blood','2006-11-03','O',NULL,NULL,NULL,NULL,1),(224,'01.01','2006-11-12 11:39:09','>=12 (NORMAL)','',200,'Abernitho Zakaria',NULL,NULL,NULL,NULL,NULL,NULL,NULL,NULL,NULL,NULL,NULL,NULL,NULL,0,78,'M','Blood','2006-11-03','O',NULL,NULL,NULL,NULL,1),(225,'05.05','2006-11-12 12:11:47','>=12 (NORMAL)','',200,'Abernitho Zakaria',NULL,NULL,NULL,NULL,NULL,NULL,NULL,NULL,NULL,NULL,NULL,NULL,NULL,0,78,'M','Blood','2006-11-03','O',NULL,NULL,NULL,NULL,1),(226,'03.01','2006-11-12 12:13:03','NEGATIVE','',NULL,'Ocowun Christopher',NULL,NULL,NULL,NULL,NULL,NULL,NULL,NULL,NULL,NULL,NULL,NULL,NULL,0,0,'M','Blood','2006-11-03','O',NULL,NULL,NULL,NULL,1),(227,'03.01','2006-11-12 12:13:19','NEGATIVE','',NULL,'Trinity Ayiorwoth',NULL,NULL,NULL,NULL,NULL,NULL,NULL,NULL,NULL,NULL,NULL,NULL,NULL,0,0,'M','Blood','2006-11-03','O',NULL,NULL,NULL,NULL,1),(228,'02.01','2006-11-12 12:13:30','O RH+','',NULL,'Trinity Ayiorwoth',NULL,NULL,NULL,NULL,NULL,NULL,NULL,NULL,NULL,NULL,NULL,NULL,NULL,0,0,'M','Blood','2006-11-03','O',NULL,NULL,NULL,NULL,1),(229,'01.01','2006-11-12 12:13:39','< 6','3.8g/dl',NULL,'Trinity Ayiorwoth',NULL,NULL,NULL,NULL,NULL,NULL,NULL,NULL,NULL,NULL,NULL,NULL,NULL,0,0,'M','Blood','2006-11-03','O',NULL,NULL,NULL,NULL,1),(230,'02.01','2006-11-12 12:13:49','B RH+','',NULL,'Aloysius Otuga',NULL,NULL,NULL,NULL,NULL,NULL,NULL,NULL,NULL,NULL,NULL,NULL,NULL,0,0,'M','Blood','2006-11-03','O',NULL,NULL,NULL,NULL,1),(231,'01.01','2006-11-12 12:13:57','6 - 12','7.1 g/dl\n',NULL,'Aloysius Otuga',NULL,NULL,NULL,NULL,NULL,NULL,NULL,NULL,NULL,NULL,NULL,NULL,NULL,0,0,'M','Blood','2006-11-03','O',NULL,NULL,NULL,NULL,1),(232,'01.01','2006-11-12 12:15:02','< 6','3.4g/dl',NULL,'Oyirwoth Ayomiwroth',NULL,NULL,NULL,NULL,NULL,NULL,NULL,NULL,NULL,NULL,NULL,NULL,NULL,0,0,'M','Blood','2006-11-03','O',NULL,NULL,NULL,NULL,1),(233,'URI','2006-11-12 12:15:15','Multiple Results','0g/l',NULL,'Brenda',NULL,NULL,NULL,NULL,NULL,NULL,NULL,NULL,NULL,NULL,NULL,NULL,NULL,0,0,'F','Urine','2006-11-03','O',NULL,NULL,NULL,NULL,1),(234,'01.06','2006-11-12 12:15:28','NEGATIVE','',NULL,'Micpamungu Prisca',NULL,NULL,NULL,NULL,NULL,NULL,NULL,NULL,NULL,NULL,NULL,NULL,NULL,0,0,'F','Blood','2006-11-03','O',NULL,NULL,NULL,NULL,1),(235,'01.01','2006-11-12 12:15:46','6 - 12','8.1g/dl',NULL,'Micpamungu Prisca',NULL,NULL,NULL,NULL,NULL,NULL,NULL,NULL,NULL,NULL,NULL,NULL,NULL,0,0,'F','Blood','2006-11-03','O',NULL,NULL,NULL,NULL,1),(236,'07.02','2006-11-12 12:15:58','LOW','47mg/dl',NULL,'Oryek Ofungi',NULL,NULL,NULL,NULL,NULL,NULL,NULL,NULL,NULL,NULL,NULL,NULL,NULL,0,0,'M',NULL,'2006-11-03','O',NULL,NULL,NULL,NULL,1),(237,'03.01','2006-11-12 12:16:10','NEGATIVE','',NULL,'Okwairwoth Denis',NULL,NULL,NULL,NULL,NULL,NULL,NULL,NULL,NULL,NULL,NULL,NULL,NULL,0,0,'M','Blood','2006-11-03','O',NULL,NULL,NULL,NULL,1),(238,'03.01','2006-11-12 12:17:22','NEGATIVE','',NULL,'Giramia Fosca',NULL,NULL,NULL,NULL,NULL,NULL,NULL,NULL,NULL,NULL,NULL,NULL,NULL,0,0,'F','Blood','2006-11-03','O',NULL,NULL,NULL,NULL,1),(239,'03.01','2006-11-12 17:50:22','+++','',NULL,'Pikwo Monica',NULL,NULL,NULL,NULL,NULL,NULL,NULL,NULL,NULL,NULL,NULL,NULL,NULL,0,0,'M','Blood','2006-11-02','I',NULL,NULL,NULL,NULL,1),(240,'03.01','2006-11-12 17:50:32','+++','',NULL,'Pikwo Monica',NULL,NULL,NULL,NULL,NULL,NULL,NULL,NULL,NULL,NULL,NULL,NULL,NULL,0,0,'F','Blood','2006-11-02','I',NULL,NULL,NULL,NULL,1),(241,'03.01','2006-11-12 17:52:37','NEGATIVE','',NULL,'Makmilan Maditrwoth',NULL,NULL,NULL,NULL,NULL,NULL,NULL,NULL,NULL,NULL,NULL,NULL,NULL,0,0,'M','Blood','2006-11-02','I',NULL,NULL,NULL,NULL,1),(242,'03.01','2006-11-12 17:52:43','NEGATIVE','',NULL,'Makmilan Maditrwoth',NULL,NULL,NULL,NULL,NULL,NULL,NULL,NULL,NULL,NULL,NULL,NULL,NULL,0,0,'M','Blood','2006-11-02','I',NULL,NULL,NULL,NULL,1),(243,'03.01','2006-11-12 15:59:39','NEGATIVE','',NULL,'Makmilan Maditrwoth',NULL,NULL,NULL,NULL,NULL,NULL,NULL,NULL,NULL,NULL,NULL,NULL,NULL,0,0,'M','Blood','2006-11-02','I',NULL,NULL,NULL,NULL,1),(245,'03.01','2006-11-12 18:17:22','NEGATIVE','',NULL,'Paramungu Gloria',NULL,NULL,NULL,NULL,NULL,NULL,NULL,NULL,NULL,NULL,NULL,NULL,NULL,0,0,'F','Blood','2006-11-03','I',NULL,NULL,NULL,NULL,1),(246,'03.01','2006-11-12 16:22:48','NEGATIVE','',NULL,'Paramungu Gloria',NULL,NULL,NULL,NULL,NULL,NULL,NULL,NULL,NULL,NULL,NULL,NULL,NULL,0,0,'F','Blood','2006-11-03','I',NULL,NULL,NULL,NULL,1);
/*!40000 ALTER TABLE `laboratory` ENABLE KEYS */;
UNLOCK TABLES;

--
-- Table structure for table `laboratoryrow`
--

DROP TABLE IF EXISTS `laboratoryrow`;
/*!40101 SET @saved_cs_client     = @@character_set_client */;
/*!40101 SET character_set_client = utf8 */;
CREATE TABLE `laboratoryrow` (
  `LABR_ID` int(11) NOT NULL AUTO_INCREMENT,
  `LABR_LAB_ID` int(11) NOT NULL,
  `LABR_DESC` varchar(50) NOT NULL,
  `LABR_CREATED_BY` varchar(50) DEFAULT NULL,
  `LABR_CREATED_DATE` datetime DEFAULT NULL,
  `LABR_LAST_MODIFIED_BY` varchar(50) DEFAULT NULL,
  `LABR_LAST_MODIFIED_DATE` datetime DEFAULT NULL,
  `LABR_ACTIVE` tinyint(1) NOT NULL DEFAULT '1',
  PRIMARY KEY (`LABR_ID`),
  KEY `FK_LABORATORYROW_LABORATORY` (`LABR_LAB_ID`),
  CONSTRAINT `FK_LABORATORYROW_LABORATORY` FOREIGN KEY (`LABR_LAB_ID`) REFERENCES `laboratory` (`LAB_ID`) ON DELETE NO ACTION ON UPDATE CASCADE
) ENGINE=InnoDB AUTO_INCREMENT=34 DEFAULT CHARSET=utf8;
/*!40101 SET character_set_client = @saved_cs_client */;

--
-- Dumping data for table `laboratoryrow`
--

LOCK TABLES `laboratoryrow` WRITE;
/*!40000 ALTER TABLE `laboratoryrow` DISABLE KEYS */;
INSERT INTO `laboratoryrow` VALUES (6,14,'SUGAR',NULL,NULL,NULL,NULL,1),(7,17,'SEDIMENTS',NULL,NULL,NULL,NULL,1),(8,30,'SUGAR',NULL,NULL,NULL,NULL,1),(9,33,'SUGAR',NULL,NULL,NULL,NULL,1),(10,50,'SUGAR',NULL,NULL,NULL,NULL,1),(11,56,'SUGAR',NULL,NULL,NULL,NULL,1),(12,75,'SEDIMENTS',NULL,NULL,NULL,NULL,1),(13,76,'SUGAR',NULL,NULL,NULL,NULL,1),(14,81,'SUGAR',NULL,NULL,NULL,NULL,1),(15,87,'S.MANSONI',NULL,NULL,NULL,NULL,1),(16,116,'SEDIMENTS',NULL,NULL,NULL,NULL,1),(17,120,'SEDIMENTS',NULL,NULL,NULL,NULL,1),(18,124,'SEDIMENTS',NULL,NULL,NULL,NULL,1),(19,161,'SUGAR',NULL,NULL,NULL,NULL,1),(20,177,'G.LAMBLIA',NULL,NULL,NULL,NULL,1),(21,178,'SUGAR',NULL,NULL,NULL,NULL,1),(22,180,'SUGAR',NULL,NULL,NULL,NULL,1),(24,183,'SEDIMENTS',NULL,NULL,NULL,NULL,1),(25,184,'SEDIMENTS',NULL,NULL,NULL,NULL,1),(26,185,'SEDIMENTS',NULL,NULL,NULL,NULL,1),(27,186,'SEDIMENTS',NULL,NULL,NULL,NULL,1),(28,187,'SEDIMENTS',NULL,NULL,NULL,NULL,1),(29,191,'SUGAR',NULL,NULL,NULL,NULL,1),(30,193,'SUGAR',NULL,NULL,NULL,NULL,1),(31,195,'SUGAR',NULL,NULL,NULL,NULL,1),(32,215,'G.LAMBLIA',NULL,NULL,NULL,NULL,1),(33,233,'SUGAR',NULL,NULL,NULL,NULL,1);
/*!40000 ALTER TABLE `laboratoryrow` ENABLE KEYS */;
UNLOCK TABLES;

--
-- Table structure for table `log`
--

DROP TABLE IF EXISTS `log`;
/*!40101 SET @saved_cs_client     = @@character_set_client */;
/*!40101 SET character_set_client = utf8 */;
CREATE TABLE `log` (
  `LOG_ID` int(11) NOT NULL AUTO_INCREMENT,
  `LOG_TYPE` int(11) NOT NULL,
  `LOG_CLASS` varchar(100) DEFAULT NULL,
  `LOG_METHOD` varchar(64) DEFAULT NULL,
  `LOG_TIME` datetime NOT NULL,
  `LOG_MESS` varchar(1024) DEFAULT NULL,
  `LOG_USER` varchar(50) DEFAULT NULL,
  PRIMARY KEY (`LOG_ID`)
) ENGINE=MyISAM DEFAULT CHARSET=utf8;
/*!40101 SET character_set_client = @saved_cs_client */;

--
-- Dumping data for table `log`
--

LOCK TABLES `log` WRITE;
/*!40000 ALTER TABLE `log` DISABLE KEYS */;
/*!40000 ALTER TABLE `log` ENABLE KEYS */;
UNLOCK TABLES;

--
-- Table structure for table `malnutritioncontrol`
--

DROP TABLE IF EXISTS `malnutritioncontrol`;
/*!40101 SET @saved_cs_client     = @@character_set_client */;
/*!40101 SET character_set_client = utf8 */;
CREATE TABLE `malnutritioncontrol` (
  `MLN_ID` int(11) NOT NULL AUTO_INCREMENT,
  `MLN_DATE_SUPP` datetime NOT NULL,
  `MNL_DATE_CONF` datetime DEFAULT NULL,
  `MLN_ADM_ID` int(11) NOT NULL,
  `MLN_HEIGHT` float NOT NULL,
  `MLN_WEIGHT` float NOT NULL,
  `MLN_LOCK` int(11) NOT NULL DEFAULT '0',
  `MLN_CREATED_BY` varchar(50) DEFAULT NULL,
  `MLN_CREATED_DATE` datetime DEFAULT NULL,
  `MLN_LAST_MODIFIED_BY` varchar(50) DEFAULT NULL,
  `MLN_LAST_MODIFIED_DATE` datetime DEFAULT NULL,
  `MLN_ACTIVE` tinyint(1) NOT NULL DEFAULT '1',
  PRIMARY KEY (`MLN_ID`)
) ENGINE=MyISAM DEFAULT CHARSET=utf8;
/*!40101 SET character_set_client = @saved_cs_client */;

--
-- Dumping data for table `malnutritioncontrol`
--

LOCK TABLES `malnutritioncontrol` WRITE;
/*!40000 ALTER TABLE `malnutritioncontrol` DISABLE KEYS */;
/*!40000 ALTER TABLE `malnutritioncontrol` ENABLE KEYS */;
UNLOCK TABLES;

--
-- Table structure for table `medicaldsr`
--

DROP TABLE IF EXISTS `medicaldsr`;
/*!40101 SET @saved_cs_client     = @@character_set_client */;
/*!40101 SET character_set_client = utf8 */;
CREATE TABLE `medicaldsr` (
  `MDSR_ID` int(11) NOT NULL AUTO_INCREMENT,
  `MDSR_MDSRT_ID_A` char(1) NOT NULL,
  `MDSR_CODE` varchar(5) NOT NULL,
  `MDSR_DESC` varchar(100) NOT NULL,
  `MDSR_MIN_STOCK_QTI` float NOT NULL DEFAULT '0',
  `MDSR_INI_STOCK_QTI` float NOT NULL DEFAULT '0',
  `MDSR_PCS_X_PCK` int(11) NOT NULL,
  `MDSR_IN_QTI` float NOT NULL DEFAULT '0',
  `MDSR_OUT_QTI` float NOT NULL DEFAULT '0',
  `MDSR_LOCK` int(11) NOT NULL DEFAULT '0',
  `MDSR_CREATED_BY` varchar(50) DEFAULT NULL,
  `MDSR_CREATED_DATE` datetime DEFAULT NULL,
  `MDSR_LAST_MODIFIED_BY` varchar(50) DEFAULT NULL,
  `MDSR_LAST_MODIFIED_DATE` datetime DEFAULT NULL,
  `MDSR_ACTIVE` tinyint(1) NOT NULL DEFAULT '1',
  PRIMARY KEY (`MDSR_ID`),
  UNIQUE KEY `MDSR_MDSRT_ID_A` (`MDSR_MDSRT_ID_A`,`MDSR_DESC`),
  CONSTRAINT `FK_MEDICALDSR_MEDICALDSRTYPE` FOREIGN KEY (`MDSR_MDSRT_ID_A`) REFERENCES `medicaldsrtype` (`MDSRT_ID_A`) ON DELETE NO ACTION ON UPDATE CASCADE
) ENGINE=InnoDB AUTO_INCREMENT=419 DEFAULT CHARSET=utf8;
/*!40101 SET character_set_client = @saved_cs_client */;

--
-- Dumping data for table `medicaldsr`
--

LOCK TABLES `medicaldsr` WRITE;
/*!40000 ALTER TABLE `medicaldsr` DISABLE KEYS */;
INSERT INTO `medicaldsr` VALUES (1,'K','','Glucose Test Strip ( Sure Step)',0,0,0,0,0,0,NULL,NULL,NULL,NULL,1),(2,'L','','Acetic Acid Glacial 1 ltr',0,0,0,0,0,0,NULL,NULL,NULL,NULL,1),(3,'L','','Aceton 99% 1ltr',0,0,0,0,0,0,NULL,NULL,NULL,NULL,1),(4,'L','','Copper 11 Sulphate 500g',0,0,0,0,0,0,NULL,NULL,NULL,NULL,1),(5,'L','','EDTA Di- sodium salt 100g',0,0,0,0,0,0,NULL,NULL,NULL,NULL,1),(6,'L','','Ethanol Absolute 1ltr',0,0,0,0,0,0,NULL,NULL,NULL,NULL,1),(7,'L','','Formaldelyde solution 35-38% 1ltr',0,0,0,0,0,0,NULL,NULL,NULL,NULL,1),(8,'L','','Hydrochloric Acid 30-33% 1ltr',0,0,0,0,0,0,NULL,NULL,NULL,NULL,1),(9,'L','','Iodin Crystal 100g',0,0,0,0,0,0,NULL,NULL,NULL,NULL,1),(10,'L','','Methanol 99% 1ltr',0,0,0,0,0,0,NULL,NULL,NULL,NULL,1),(11,'L','','Phenol crystals 1kg',0,0,0,0,0,0,NULL,NULL,NULL,NULL,1),(12,'L','','Potassium iodide 100g',0,0,0,0,0,0,NULL,NULL,NULL,NULL,1),(13,'L','','Sodium Carbonate Anhydrous 500g',0,0,0,0,0,0,NULL,NULL,NULL,NULL,1),(14,'L','','Sodium Citrate 100g',0,0,0,0,0,0,NULL,NULL,NULL,NULL,1),(15,'L','','Sodium Sulphate 500g',0,0,0,0,0,0,NULL,NULL,NULL,NULL,1),(16,'L','','Sodium Nitrate 25g',0,0,0,0,0,0,NULL,NULL,NULL,NULL,1),(17,'L','','Sulphosalicylic Acid 500g',0,0,0,0,0,0,NULL,NULL,NULL,NULL,1),(18,'L','','Sulphuric Acid Conc 1ltr',0,0,0,0,0,0,NULL,NULL,NULL,NULL,1),(19,'L','','Xylene 2.5 ltrs',0,0,0,0,0,0,NULL,NULL,NULL,NULL,1),(20,'L','','Sodium Flouride',0,0,0,0,0,0,NULL,NULL,NULL,NULL,1),(21,'L','','Potassium Oxalate',0,0,0,0,0,0,NULL,NULL,NULL,NULL,1),(22,'L','','Brillians crystal blue',0,0,0,0,0,0,NULL,NULL,NULL,NULL,1),(23,'L','','Amonium Oxalate',0,0,0,0,0,0,NULL,NULL,NULL,NULL,1),(24,'L','','4 Dimethyl Aminobenzaldelyde',0,0,0,0,0,0,NULL,NULL,NULL,NULL,1),(25,'L','','Trichloro acetic Acid',0,0,0,0,0,0,NULL,NULL,NULL,NULL,1),(26,'L','','Non 111 Chloride (Ferric chloride)',0,0,0,0,0,0,NULL,NULL,NULL,NULL,1),(27,'L','','Sodium Carbonate Anhydrous',0,0,0,0,0,0,NULL,NULL,NULL,NULL,1),(28,'L','','Trisodium Citrate',0,0,0,0,0,0,NULL,NULL,NULL,NULL,1),(29,'L','','Crystal Violet',0,0,0,0,0,0,NULL,NULL,NULL,NULL,1),(30,'K','','GPT (ALT) 200ml ( Does not have NAOH)',0,0,0,0,0,0,NULL,NULL,NULL,NULL,1),(31,'K','','GOT ( AST) 200ml has no NAOH) AS 101',0,0,0,0,0,0,NULL,NULL,NULL,NULL,1),(32,'K','','GOT ( AST) 200ml (Calorimetric) AS 147',0,0,0,0,0,0,NULL,NULL,NULL,NULL,1),(33,'K','','HIV 1/2 Capillus Kit 100Tests',0,0,0,0,0,0,NULL,NULL,NULL,NULL,1),(34,'K','','HIV Buffer for determine Kit',0,0,0,0,0,0,NULL,NULL,NULL,NULL,1),(35,'K','','HIV Determine 1/11 (Abbott) 100Tests',0,0,0,0,0,0,NULL,NULL,NULL,NULL,1),(36,'K','','HIV UNIGOLD 1/11 Test Kits 20 Tests',0,0,0,0,0,0,NULL,NULL,NULL,NULL,1),(37,'K','','Pregnacy ( HGG Latex) 50 tests',0,0,0,0,0,0,NULL,NULL,NULL,NULL,1),(38,'K','','RPR 125mm x 75mm',0,0,0,0,0,0,NULL,NULL,NULL,NULL,1),(39,'K','','RPR ( VDRL Carbon ) Antigen 5ml',0,0,0,0,0,0,NULL,NULL,NULL,NULL,1),(40,'D','','Adrenaline 1mg/ml 1ml Amp',0,0,0,100,100,0,NULL,NULL,NULL,NULL,1),(41,'D','','Aminophyline 25mg/ml,10ml Amp',0,0,0,190,0,0,NULL,NULL,NULL,NULL,1),(42,'D','','Amphotericin B 50mg Vial',0,0,0,0,0,0,NULL,NULL,NULL,NULL,1),(43,'D','','Ampicillin 500mg Vial',0,0,0,650,0,0,NULL,NULL,NULL,NULL,1),(44,'D','','Atropine 1mg/ml 1ml Amp',0,0,0,673,0,0,NULL,NULL,NULL,NULL,1),(45,'D','','Benzathine Penicillin 2.4 MIU Vial',0,0,0,0,0,0,NULL,NULL,NULL,NULL,1),(46,'D','','Benzyl Penicillin 1 MIU Vial',0,0,0,0,0,0,NULL,NULL,NULL,NULL,1),(47,'D','','Benzyl Penicillin 5 MIU Vial',0,0,0,0,0,0,NULL,NULL,NULL,NULL,1),(48,'D','','Chloramphenicol 1g Vial',0,0,0,0,0,0,NULL,NULL,NULL,NULL,1),(49,'D','','Chloroquine 40mg Base/ml 5ml Amp',0,0,0,0,0,0,NULL,NULL,NULL,NULL,1),(50,'D','','Chlorpromazine 25mg/ml/2ml Amp',0,0,0,0,0,0,NULL,NULL,NULL,NULL,1),(51,'D','','Cloxacillin 500mg Vial',0,0,0,0,0,0,NULL,NULL,NULL,NULL,1),(52,'D','','Cyclophosphamide 200mg Vial',0,0,0,0,0,0,NULL,NULL,NULL,NULL,1),(53,'D','','Cyclophosphamide 500mg Vial',0,0,0,0,0,0,NULL,NULL,NULL,NULL,1),(54,'D','','Diazepam 5mg / ml 2ml Amp',0,0,0,0,0,0,NULL,NULL,NULL,NULL,1),(55,'D','','Diclofenac 25mg/ml 3ml Amp',0,0,0,0,0,0,NULL,NULL,NULL,NULL,1),(56,'D','','Digoxin 0.25 mg/ml 2ml Amp',0,0,0,0,0,0,NULL,NULL,NULL,NULL,1),(57,'D','','Frusemide 10mg/ml 2ml Amp',0,0,0,0,0,0,NULL,NULL,NULL,NULL,1),(58,'D','','Gentamicin 40mg/ml 2ml',0,0,0,0,0,0,NULL,NULL,NULL,NULL,1),(59,'D','','Haloperidol 5mg/ml 1ml Amp',0,0,0,0,0,0,NULL,NULL,NULL,NULL,1),(60,'D','','Haloperidol Decanoate 50mg/ml 1ml Amp',0,0,0,0,0,0,NULL,NULL,NULL,NULL,1),(61,'D','','Hydralazine 20mg Vial',0,0,0,0,0,0,NULL,NULL,NULL,NULL,1),(62,'D','','Hydrocortisone 100mg Vial',0,0,0,0,0,0,NULL,NULL,NULL,NULL,1),(63,'D','','Hyoscine Butyl Bromide 20mg/ml/ Amp',0,0,0,0,0,0,NULL,NULL,NULL,NULL,1),(64,'D','','Insulin Soluble 100IU/ml 10ml Vial',0,0,0,0,0,0,NULL,NULL,NULL,NULL,1),(65,'D','','Insulin Isophane 100IU/ml 10ml Vial',0,0,0,0,0,0,NULL,NULL,NULL,NULL,1),(66,'D','','Insulin Mixtard 30/70 100IU/ml 10ml Vial',0,0,0,0,0,0,NULL,NULL,NULL,NULL,1),(67,'D','','Insulin Mixtard 30/70 100IU/ml 5x3ml catridges',0,0,0,0,0,0,NULL,NULL,NULL,NULL,1),(68,'D','','Insulin Isophane 40IU/ml 10ml',0,0,0,0,0,0,NULL,NULL,NULL,NULL,1),(69,'D','','Iron Dextran 10mg/ml 2ml Vial',0,0,0,0,0,0,NULL,NULL,NULL,NULL,1),(70,'D','','Ketamine 10mg/ml 20ml Vial',0,0,0,0,0,0,NULL,NULL,NULL,NULL,1),(71,'D','','Ketamine 10mg/ml 10ml Vial',0,0,0,0,0,0,NULL,NULL,NULL,NULL,1),(72,'D','','Lignocaine 2% 20ml Vial',0,0,0,0,0,0,NULL,NULL,NULL,NULL,1),(73,'D','','Lignocaine 2% Adrenaline Dent.cartridges',0,0,0,0,0,0,NULL,NULL,NULL,NULL,1),(74,'D','','Lignocaine spinal 50mg/ml 2ml Amp',0,0,0,0,0,0,NULL,NULL,NULL,NULL,1),(75,'D','','Methylergomatrine 0.2mg/ml 1ml Amp',0,0,0,0,0,0,NULL,NULL,NULL,NULL,1),(76,'D','','Methylergomatrine 0.5mg/ml 1ml Amp',0,0,0,0,0,0,NULL,NULL,NULL,NULL,1),(77,'D','','Metoclopramide 5mg/ml 100ml Amp',0,0,0,0,0,0,NULL,NULL,NULL,NULL,1),(78,'D','','Metronidazole 5mg/ml 2ml IV',0,0,0,0,0,0,NULL,NULL,NULL,NULL,1),(79,'D','','Morphine 15mg/ml 1ml Amp',0,0,0,0,0,0,NULL,NULL,NULL,NULL,1),(80,'D','','Oxytocin 10 IU/ml 1ml Amp',0,0,0,0,0,0,NULL,NULL,NULL,NULL,1),(81,'D','','Pethidine 100mg/ml 2ml Amp',0,0,0,0,0,0,NULL,NULL,NULL,NULL,1),(82,'D','','Pethidine 50mg/ml 1ml Amp',0,0,0,0,0,0,NULL,NULL,NULL,NULL,1),(83,'D','','Phenobarbital 100mg/ml 2ml Amp',0,0,0,0,0,0,NULL,NULL,NULL,NULL,1),(84,'D','','Phytomenadione 10mg/ml 1ml Amp',0,0,0,0,0,0,NULL,NULL,NULL,NULL,1),(85,'D','','Phytomenadione 1mg/ml 1ml Amp',0,0,0,0,0,0,NULL,NULL,NULL,NULL,1),(86,'D','','Procaine Penicillin Fortified 4 MIU Vial',0,0,0,0,0,0,NULL,NULL,NULL,NULL,1),(87,'D','','Promethazine 25mg/ml 2ml Amp',0,0,0,0,0,0,NULL,NULL,NULL,NULL,1),(88,'D','','Quinine Di-HCI 300mg/ml 2ml Amp',0,0,0,0,0,0,NULL,NULL,NULL,NULL,1),(89,'D','','Ranitidine 25mg/ml 2ml Amp',0,0,0,0,0,0,NULL,NULL,NULL,NULL,1),(90,'D','','Streptomycin 1g Vial',0,0,0,0,0,0,NULL,NULL,NULL,NULL,1),(91,'D','','Suxamethonium 500mg Vial',0,0,0,0,0,0,NULL,NULL,NULL,NULL,1),(92,'D','','Suxamethonium 500mg/ml 2ml Amp',0,0,0,0,0,0,NULL,NULL,NULL,NULL,1),(93,'D','','tetanus Antitoxin 1500 IU 1ml Amp',0,0,0,0,0,0,NULL,NULL,NULL,NULL,1),(94,'D','','Thiopental Sodium 500mg Vial',0,0,0,0,0,0,NULL,NULL,NULL,NULL,1),(95,'D','','Water for Injection 10ml Vial',0,0,0,0,0,0,NULL,NULL,NULL,NULL,1),(96,'D','','Sodium Chloride 0.9% IV 500ml',0,0,0,0,0,0,NULL,NULL,NULL,NULL,1),(97,'D','','Sodium Lactate Compound IV 500ml',0,0,0,0,0,0,NULL,NULL,NULL,NULL,1),(98,'D','','Acetazolamide 250mg Tab',0,0,0,200,200,2,NULL,NULL,NULL,NULL,1),(99,'D','','Acyclovir 200mg Tab',0,0,0,1310,100,0,NULL,NULL,NULL,NULL,1),(101,'D','','Aminophylline 100mg Tab',0,0,0,8981,0,0,NULL,NULL,NULL,NULL,1),(102,'D','','Albendazole 400mg Tab',0,0,0,0,0,0,NULL,NULL,NULL,NULL,1),(103,'D','','Albendazole 200mg Tab',450,0,0,37300,100,1,NULL,NULL,NULL,NULL,1),(104,'D','','Amitriptyline 25mg Tab',0,0,0,5600,0,0,NULL,NULL,NULL,NULL,1),(105,'D','','Amoxycillin 250mg Caps',0,0,0,57080,1000,0,NULL,NULL,NULL,NULL,1),(106,'D','','Amoxycillin /Clavulanate 375mg Tab',0,0,0,0,0,0,NULL,NULL,NULL,NULL,1),(107,'D','','Ascorbic Acid 100mg tab',0,0,0,0,0,0,NULL,NULL,NULL,NULL,1),(108,'D','','Aspirin 300mg Tab',0,0,0,4344,1600,0,NULL,NULL,NULL,NULL,1),(109,'D','','Atenolol 50mg Tab',0,0,0,5500,0,0,NULL,NULL,NULL,NULL,1),(110,'D','','Atenolol 100mg Tab',0,0,0,0,0,0,NULL,NULL,NULL,NULL,1),(111,'D','','Bendrofluazide 5mg Tab',0,0,0,0,0,0,NULL,NULL,NULL,NULL,1),(112,'D','','Benzhexol 2mg Tab',0,0,0,0,0,0,NULL,NULL,NULL,NULL,1),(113,'D','','Benzhexol 5mg Tab',0,0,0,0,0,0,NULL,NULL,NULL,NULL,1),(114,'D','','Bisacodyl 5mg Tab',0,0,0,0,0,0,NULL,NULL,NULL,NULL,1),(115,'D','','Calcium Lactate 300mg Tab',0,0,0,0,0,0,NULL,NULL,NULL,NULL,1),(116,'D','','Carbamazepine 200mg Tab',0,0,0,0,0,0,NULL,NULL,NULL,NULL,1),(117,'D','','Carbimazole 5mg Tab',0,0,0,0,0,0,NULL,NULL,NULL,NULL,1),(118,'D','','Charcoal 250mg Tab',0,0,0,0,0,0,NULL,NULL,NULL,NULL,1),(119,'D','','Chloramphenicol 250mg Caps',0,0,0,0,0,0,NULL,NULL,NULL,NULL,1),(120,'D','','Chloroquine Uncoated 150mg Tab',0,0,0,0,0,0,NULL,NULL,NULL,NULL,1),(121,'D','','Chloroquine Coated 150mg Tab',0,0,0,0,0,0,NULL,NULL,NULL,NULL,1),(122,'K','','UREA Calorimetric 300 Tests',0,0,0,0,0,0,NULL,NULL,NULL,NULL,1),(123,'D','','Chlorphenimine 4mg Tab',0,0,0,0,0,0,NULL,NULL,NULL,NULL,1),(124,'D','','Chlorpromazine 100mg Tab',0,0,0,0,0,0,NULL,NULL,NULL,NULL,1),(125,'D','','Chlorpromazine 25mg Tab',0,0,0,0,0,0,NULL,NULL,NULL,NULL,1),(126,'D','','Cimetidine 200mg Tab',0,0,0,0,0,0,NULL,NULL,NULL,NULL,1),(127,'D','','Cimetidine 400mg Tab',0,0,0,0,0,0,NULL,NULL,NULL,NULL,1),(128,'D','','Ciprofloxacine 500mg Tab',0,0,0,0,0,0,NULL,NULL,NULL,NULL,1),(129,'D','','Ciprofloxacine 250mg Tab',0,0,0,0,0,0,NULL,NULL,NULL,NULL,1),(130,'D','','Cloxacillin 250mg Tab',0,0,0,0,0,0,NULL,NULL,NULL,NULL,1),(131,'D','','Codein Phosphate 30mg Tab',0,0,0,0,0,0,NULL,NULL,NULL,NULL,1),(132,'D','','Cotrimoxazole 100/20mg Paed Tab',0,0,0,0,0,0,NULL,NULL,NULL,NULL,1),(133,'D','','Cotrimoxazole 400/80mg Tab',0,0,0,0,0,0,NULL,NULL,NULL,NULL,1),(134,'D','','Darrows Half Strength 500ml',0,0,0,0,0,0,NULL,NULL,NULL,NULL,1),(135,'D','','DEXAMethasone 4mg/ml 2ml Amp',0,0,0,0,0,0,NULL,NULL,NULL,NULL,1),(136,'D','','DEXAMethasone 4mg/ml 1ml Amp',0,0,0,0,0,0,NULL,NULL,NULL,NULL,1),(137,'D','','Dextrose 5% IV 500ml',0,0,0,0,0,0,NULL,NULL,NULL,NULL,1),(138,'D','','Dextrose 30% IV 100ml',0,0,0,0,0,0,NULL,NULL,NULL,NULL,1),(139,'D','','Dextrose 50% IV 100ml',0,0,0,0,0,0,NULL,NULL,NULL,NULL,1),(140,'D','','DEXAMethasone 0.5mg Tab',0,0,0,0,0,0,NULL,NULL,NULL,NULL,1),(141,'D','','Diazepam 5mg Tab',0,0,0,0,0,0,NULL,NULL,NULL,NULL,1),(142,'D','','Diclofenac 50mg Tab',0,0,0,0,0,0,NULL,NULL,NULL,NULL,1),(143,'D','','Diethylcarbamazine 50mg Tab',0,0,0,0,0,0,NULL,NULL,NULL,NULL,1),(144,'D','','Digoxin 0.25 mg Tab',0,0,0,0,0,0,NULL,NULL,NULL,NULL,1),(145,'D','','Doxycycline 100mg Tab',0,0,0,0,0,0,NULL,NULL,NULL,NULL,1),(146,'D','','Ephedrine 30mg Tab',0,0,0,0,0,0,NULL,NULL,NULL,NULL,1),(147,'D','','Erythromycin 250mg Tab',0,0,0,0,0,0,NULL,NULL,NULL,NULL,1),(148,'D','','Fansider 500/25mg Tab (50dosesx3)',0,0,0,0,0,0,NULL,NULL,NULL,NULL,1),(149,'D','','Fansider 500/25mg Tab',0,0,0,0,0,0,NULL,NULL,NULL,NULL,1),(150,'D','','Ferrous Sulphate 200mg Tab',0,0,0,0,0,0,NULL,NULL,NULL,NULL,1),(151,'D','','Fluconazole 100mg Tab',0,0,0,0,0,0,NULL,NULL,NULL,NULL,1),(152,'D','','Fluconazole 100mg 24 Caps',0,0,0,0,0,0,NULL,NULL,NULL,NULL,1),(153,'D','','Folic Acid 1mg Tab',0,0,0,0,0,0,NULL,NULL,NULL,NULL,1),(154,'D','','Folic Acid 5mg Tab',0,0,0,0,0,0,NULL,NULL,NULL,NULL,1),(155,'D','','Folic Acid/Ferrous Sulp 0.5/200mg Tab',0,0,0,0,0,0,NULL,NULL,NULL,NULL,1),(156,'D','','Folic Acid 15mg Tab',0,0,0,0,0,0,NULL,NULL,NULL,NULL,1),(157,'D','','Frusemide 40mg Tab',0,0,0,0,0,0,NULL,NULL,NULL,NULL,1),(158,'D','','Glibeclamide 5mg Tab',0,0,0,0,0,0,NULL,NULL,NULL,NULL,1),(159,'D','','Griseofulvin 500mg Tab',0,0,0,0,0,0,NULL,NULL,NULL,NULL,1),(160,'D','','Haloperidol 5mg Tab',0,0,0,0,0,0,NULL,NULL,NULL,NULL,1),(161,'D','','Haloperdol 5mg',0,0,0,0,0,0,NULL,NULL,NULL,NULL,1),(162,'D','','Hydralazine 25mg Tab',0,0,0,0,0,0,NULL,NULL,NULL,NULL,1),(163,'D','','Hyoscine 10mg Tab',0,0,0,0,0,0,NULL,NULL,NULL,NULL,1),(164,'D','','Ibuprofen 200mg Tab',0,0,0,0,0,0,NULL,NULL,NULL,NULL,1),(165,'D','','Impramine 25mg Tab',0,0,0,0,0,0,NULL,NULL,NULL,NULL,1),(166,'D','','Indomethacin 25mg Tab',0,0,0,0,0,0,NULL,NULL,NULL,NULL,1),(167,'D','','Isoniazid 300mg Tab',0,0,0,0,0,0,NULL,NULL,NULL,NULL,1),(168,'D','','Ketocanazole 200mg Tab',0,0,0,0,0,0,NULL,NULL,NULL,NULL,1),(169,'D','','Pyridoxine 50mg Tab',0,0,0,0,0,0,NULL,NULL,NULL,NULL,1),(170,'D','','Quinine 300mg Tab',0,0,0,0,0,0,NULL,NULL,NULL,NULL,1),(171,'D','','Ranitidine 150mg Tab',0,0,0,0,0,0,NULL,NULL,NULL,NULL,1),(172,'D','','Rifampicin/Isoniazid 150/100 Tab',0,0,0,0,0,0,NULL,NULL,NULL,NULL,1),(173,'D','','Salbutamol 4mg Tab',0,0,0,0,0,0,NULL,NULL,NULL,NULL,1),(174,'D','','Spironolactone 25mg Tab',0,0,0,0,0,0,NULL,NULL,NULL,NULL,1),(175,'D','','Tolbutamide 500mg tab',0,0,0,0,0,0,NULL,NULL,NULL,NULL,1),(176,'D','','Vitamin A 200.000 IU Caps',0,0,0,0,0,0,NULL,NULL,NULL,NULL,1),(177,'D','','Vitamin B Complex Tab',0,0,0,0,0,0,NULL,NULL,NULL,NULL,1),(178,'D','','Oral Rehydration Salt (ORS)',0,0,0,0,0,0,NULL,NULL,NULL,NULL,1),(179,'D','','Paracetamol 120mg/5ml Syrup',0,0,0,0,0,0,NULL,NULL,NULL,NULL,1),(180,'D','','Paracetamol 120mg/5ml 100ml',0,0,0,0,0,0,NULL,NULL,NULL,NULL,1),(181,'D','','Quinine 100mg/5ml Syrup 100ml',0,0,0,0,0,0,NULL,NULL,NULL,NULL,1),(183,'D','','Chlorhexidine/Centrimide 1.5/15% 1Ltr',0,0,0,0,0,0,NULL,NULL,NULL,NULL,1),(184,'D','','Chlorhexidine/Centrimide 1.5/15% 5Ltr',0,0,0,0,0,0,NULL,NULL,NULL,NULL,1),(185,'D','','Getian Violet 25g Tin',0,0,0,0,0,0,NULL,NULL,NULL,NULL,1),(186,'D','','Hydrogen Peroxide 6% 250ml',0,0,0,0,0,0,NULL,NULL,NULL,NULL,1),(187,'D','','Iodine Solution 2% 500ml',0,0,0,0,0,0,NULL,NULL,NULL,NULL,1),(188,'D','','Sodium Hypochloride solution 0.75 Ltr',0,0,0,0,0,0,NULL,NULL,NULL,NULL,1),(189,'D','','liquid detergent 5Ltr Perfumed',0,0,0,0,0,0,NULL,NULL,NULL,NULL,1),(190,'D','','Soap Blue Bar 550g',0,0,0,0,0,0,NULL,NULL,NULL,NULL,1),(191,'D','','Liquid detergent 20Ltr',0,0,0,0,0,0,NULL,NULL,NULL,NULL,1),(192,'D','','Soap Powder Hand wash 5kg',0,0,0,0,0,0,NULL,NULL,NULL,NULL,1),(193,'D','','Sodium Hypochlorite solution 5Ltr',0,0,0,0,0,0,NULL,NULL,NULL,NULL,1),(194,'D','','Betamethasone 0.1% eye/ear/nose drops',0,0,0,0,0,0,NULL,NULL,NULL,NULL,1),(195,'D','','Betamethasone 0.1% Neomycin 0.35 %eye drops 7.5ml',0,0,0,0,0,0,NULL,NULL,NULL,NULL,1),(196,'D','','Chloramphenicol 0.5% Eye Drops 10ml',0,0,0,0,0,0,NULL,NULL,NULL,NULL,1),(197,'D','','Cloramphenicol 1% Eye Ointment 3.5g',0,0,0,0,0,0,NULL,NULL,NULL,NULL,1),(198,'D','','Gentamicin 0.3% eye/ear drops 10ml',0,0,0,0,0,0,NULL,NULL,NULL,NULL,1),(199,'D','','Hydrocortisone 1% eye drops 5ml',0,0,0,0,0,0,NULL,NULL,NULL,NULL,1),(200,'D','','Tetracycline eye ointment 1% 3.5g',0,0,0,0,0,0,NULL,NULL,NULL,NULL,1),(201,'D','','Beclamethasone 50mcg Innhaler',0,0,0,0,0,0,NULL,NULL,NULL,NULL,1),(202,'K','','Urine Test Strips 3 Parameters 100 tests',0,0,0,0,0,0,NULL,NULL,NULL,NULL,1),(203,'D','','Salbutamol solution for inhalation 5ml',0,0,0,0,0,0,NULL,NULL,NULL,NULL,1),(204,'D','','Salbutamol Inhaler 10ml',0,0,0,0,0,0,NULL,NULL,NULL,NULL,1),(205,'D','','Clotrimazole 500mg Pessaries',0,0,0,0,0,0,NULL,NULL,NULL,NULL,1),(206,'D','','Clotrimazole 100mg Pessaries',0,0,0,0,0,0,NULL,NULL,NULL,NULL,1),(207,'D','','Diazepam 2mg/ml 2.5ml Rectal Tube',0,0,0,0,0,0,NULL,NULL,NULL,NULL,1),(208,'D','','Antihaemorrhoid suppositories',0,0,0,100,0,0,NULL,NULL,NULL,NULL,1),(209,'D','','Nystatin 100.000 IU Pessaries',0,0,0,0,0,0,NULL,NULL,NULL,NULL,1),(210,'D','','Dextrose Monohydrate Apyrogen 25Kg',0,0,0,0,0,0,NULL,NULL,NULL,NULL,1),(211,'D','','Benzyl Benzoate 25% 100ml',0,0,0,0,0,0,NULL,NULL,NULL,NULL,1),(212,'D','','Calamine Lotion 3Ltr',0,0,0,0,0,0,NULL,NULL,NULL,NULL,1),(213,'D','','Calamine Lotion 100ml',0,0,0,0,0,0,NULL,NULL,NULL,NULL,1),(214,'D','','Clotrimazole !% cream 200mg',0,0,0,0,0,0,NULL,NULL,NULL,NULL,1),(215,'D','','Clotrimazole !% cream 15/20g',0,0,0,0,0,0,NULL,NULL,NULL,NULL,1),(216,'D','','Hydrocortisone 1% Cream 200g',0,0,0,0,0,0,NULL,NULL,NULL,NULL,1),(217,'D','','Hydrocortisone 1% Cream 15g',0,0,0,0,0,0,NULL,NULL,NULL,NULL,1),(218,'D','','Hydrocortisone 1% Ointment 200g',0,0,0,0,0,0,NULL,NULL,NULL,NULL,1),(219,'D','','Hydrocortisone 1% Ointment 15g',0,0,0,0,0,0,NULL,NULL,NULL,NULL,1),(220,'D','','lubricating Jelly 42g',0,0,0,0,0,0,NULL,NULL,NULL,NULL,1),(221,'D','','Nystatin 100,000 IU/g Ointment 30g',0,0,0,0,0,0,NULL,NULL,NULL,NULL,1),(222,'D','','Ultrasound Gel 800g',0,0,0,0,0,0,NULL,NULL,NULL,NULL,1),(223,'D','','Ultrasound Gel 5Ltr',0,0,0,0,0,0,NULL,NULL,NULL,NULL,1),(224,'D','','Whitfield Oinment 200g',0,0,0,0,0,0,NULL,NULL,NULL,NULL,1),(225,'D','','Whitfield Oinment 25g',0,0,0,0,0,0,NULL,NULL,NULL,NULL,1),(226,'D','','Amoxycillin 125mg/5ml Powd. Susp 100ml',0,0,0,180,0,0,NULL,NULL,NULL,NULL,1),(227,'D','','Chloramphenicol 125mg/5ml Susp 3Ltr',0,0,0,0,0,0,NULL,NULL,NULL,NULL,1),(228,'D','','Chloramphenicol 125mg/5ml Susp 100ml',0,0,0,0,0,0,NULL,NULL,NULL,NULL,1),(229,'D','','Cotrimoxazole 200+40mg/5ml Susp 3Ltr',0,0,0,0,0,0,NULL,NULL,NULL,NULL,1),(230,'D','','Cotrimoxazole 200+40mg/5ml Susp 100ml',0,0,0,0,0,0,NULL,NULL,NULL,NULL,1),(231,'D','','Nystatin 500.000IU/ Susp/ Drops',0,0,0,0,0,0,NULL,NULL,NULL,NULL,1),(232,'D','','Sodium Chloride Apyrogen 50kg',0,0,0,0,0,0,NULL,NULL,NULL,NULL,1),(233,'K','','Field stain A and B',0,0,0,0,0,0,NULL,NULL,NULL,NULL,1),(234,'K','','Genitian Violet',0,0,0,0,0,0,NULL,NULL,NULL,NULL,1),(235,'K','','Neutral Red',0,0,0,0,0,0,NULL,NULL,NULL,NULL,1),(236,'K','','Eosin Yelowish',0,0,0,0,0,0,NULL,NULL,NULL,NULL,1),(237,'K','','Giemsa Stain',0,0,0,0,0,0,NULL,NULL,NULL,NULL,1),(238,'K','','Anti Serum A 10ml',0,0,0,0,0,0,NULL,NULL,NULL,NULL,1),(239,'S','','Blood giving set Disposable',0,0,0,0,0,0,NULL,NULL,NULL,NULL,1),(240,'S','','Blood Transfer Bag 300ml',0,0,0,0,0,0,NULL,NULL,NULL,NULL,1),(241,'S','','Insulin Syringe 100IU with Needle G26/29',0,0,0,0,0,0,NULL,NULL,NULL,NULL,1),(242,'S','','IV Canula G16 with Port',0,0,0,0,0,0,NULL,NULL,NULL,NULL,1),(243,'S','','IV Canula G18 with Port',0,0,0,0,0,0,NULL,NULL,NULL,NULL,1),(244,'S','','IV Canula G20 with Port',0,0,0,0,0,0,NULL,NULL,NULL,NULL,1),(245,'S','','IV Canula G22 with Port',0,0,0,0,0,0,NULL,NULL,NULL,NULL,1),(246,'S','','IV Canula G24 without Port',0,0,0,0,0,0,NULL,NULL,NULL,NULL,1),(247,'S','','IV Canula G24 with Port',0,0,0,0,0,0,NULL,NULL,NULL,NULL,1),(248,'S','','IV Giving set Disposable',0,0,0,0,0,0,NULL,NULL,NULL,NULL,1),(249,'S','','Needle container disposable of contaminated',0,0,0,0,0,0,NULL,NULL,NULL,NULL,1),(250,'S','','Needles Luer G20 Disposable',0,0,0,0,0,0,NULL,NULL,NULL,NULL,1),(251,'S','','Needles Luer G21 Disposable',0,0,0,0,0,0,NULL,NULL,NULL,NULL,1),(252,'S','','Needles Luer G22 Disposable',0,0,0,0,0,0,NULL,NULL,NULL,NULL,1),(253,'S','','Needles Luer G23 Disposable',0,0,0,0,0,0,NULL,NULL,NULL,NULL,1),(254,'S','','Needles Spinal G20x75-120mm',0,0,0,0,0,0,NULL,NULL,NULL,NULL,1),(255,'S','','Needles Spinal G22x75-120mm',0,0,0,0,0,0,NULL,NULL,NULL,NULL,1),(256,'S','','Needles Spinal G25x75-120mm',0,0,0,0,0,0,NULL,NULL,NULL,NULL,1),(257,'S','','Needles Spinal G22x40mm',0,0,0,0,0,0,NULL,NULL,NULL,NULL,1),(258,'S','','Scalp Vein G19 Infusion set',0,0,0,0,0,0,NULL,NULL,NULL,NULL,1),(259,'S','','Scalp Vein G21 Infusion set',0,0,0,0,0,0,NULL,NULL,NULL,NULL,1),(260,'S','','Scalp Vein G23 Infusion set',0,0,0,0,0,0,NULL,NULL,NULL,NULL,1),(261,'S','','Scalp Vein G25 Infusion set',0,0,0,0,0,0,NULL,NULL,NULL,NULL,1),(262,'S','','Syringe Feeding/Irrigation 50/60ml',0,0,0,0,0,0,NULL,NULL,NULL,NULL,1),(263,'S','','Syringe Luer 2ml With Needle Disposable',0,0,0,0,0,0,NULL,NULL,NULL,NULL,1),(264,'S','','Syringe Luer 10ml With Needle Disposable',0,0,0,0,0,0,NULL,NULL,NULL,NULL,1),(265,'S','','Syringe Luer 20ml With Needle Disposable',0,0,0,0,0,0,NULL,NULL,NULL,NULL,1),(266,'S','','Syringe Luer 5ml With Needle Disposable',0,0,0,0,0,0,NULL,NULL,NULL,NULL,1),(267,'S','','Airway Guedel Size 00',0,0,0,0,0,0,NULL,NULL,NULL,NULL,1),(268,'S','','Airway Guedel Size 0',0,0,0,0,0,0,NULL,NULL,NULL,NULL,1),(269,'S','','Airway Guedel Size 1',0,0,0,0,0,0,NULL,NULL,NULL,NULL,1),(270,'S','','Airway Guedel Size 2',0,0,0,0,0,0,NULL,NULL,NULL,NULL,1),(271,'S','','Airway Guedel Size 3',0,0,0,0,0,0,NULL,NULL,NULL,NULL,1),(272,'S','','Eye Pad Sterile',0,0,0,0,0,0,NULL,NULL,NULL,NULL,1),(273,'S','','Adhesive Tape 2.5cm x 5m',0,0,0,0,0,0,NULL,NULL,NULL,NULL,1),(274,'S','','Adhesive Tape 7.5cm x 5m',0,0,0,0,0,0,NULL,NULL,NULL,NULL,1),(275,'S','','cotton Wool 500G',0,0,0,0,0,0,NULL,NULL,NULL,NULL,1),(276,'S','','Cotton Wool 200G',0,0,0,0,0,0,NULL,NULL,NULL,NULL,1),(277,'S','','Elastic Bandage 10cm x 4.5m',0,0,0,0,0,0,NULL,NULL,NULL,NULL,1),(278,'S','','Elastic Bandage 7.5cm x 4.5m',0,0,0,0,0,0,NULL,NULL,NULL,NULL,1),(279,'S','','Gauze Bandage 7.5cm x 3.65-4m',0,0,0,0,0,0,NULL,NULL,NULL,NULL,1),(280,'S','','Gauze Bandage 10cm x 4m',0,0,0,0,0,0,NULL,NULL,NULL,NULL,1),(281,'S','','Gauze Pads Non Sterile 10cm x 10cm',0,0,0,0,0,0,NULL,NULL,NULL,NULL,1),(282,'S','','Gauze Pads  Sterile 10cm x 10cm',0,0,0,0,0,0,NULL,NULL,NULL,NULL,1),(283,'S','','Gauze Hydrophylic 90cm x 91cm',0,0,0,0,0,0,NULL,NULL,NULL,NULL,1),(284,'S','','Plaster of Paris 10cm',0,0,0,0,0,0,NULL,NULL,NULL,NULL,1),(285,'S','','Plaster of Paris 15cm',0,0,0,0,0,0,NULL,NULL,NULL,NULL,1),(286,'S','','Cathether Foley CH20 3 Way Ballon',0,0,0,0,0,0,NULL,NULL,NULL,NULL,1),(287,'S','','Cathether Foley CH8 3 Way Ballon',0,0,0,0,0,0,NULL,NULL,NULL,NULL,1),(288,'S','','Cathether Foley CH10 3 Way Ballon',0,0,0,0,0,0,NULL,NULL,NULL,NULL,1),(289,'S','','Cathether Foley CH12 3 Way Ballon',0,0,0,0,0,0,NULL,NULL,NULL,NULL,1),(290,'S','','Cathether Foley CH14 3 Way Ballon',0,0,0,0,0,0,NULL,NULL,NULL,NULL,1),(291,'S','','Cathether Foley CH16 3 Way Ballon',0,0,0,0,0,0,NULL,NULL,NULL,NULL,1),(292,'S','','Cathether Foley CH18 3 Way Ballon',0,0,0,0,0,0,NULL,NULL,NULL,NULL,1),(293,'S','','Cathether Stopper for All sizes',0,0,0,0,0,0,NULL,NULL,NULL,NULL,1),(294,'S','','Nasogastric Tube G5 (Children)',0,0,0,0,0,0,NULL,NULL,NULL,NULL,1),(295,'S','','Nasogastric Tube G8 (Children)',0,0,0,0,0,0,NULL,NULL,NULL,NULL,1),(296,'S','','Nasogastric Tube G6 (Children)',0,0,0,0,0,0,NULL,NULL,NULL,NULL,1),(297,'S','','Nasogastric Tube G10 (Children)',0,0,0,0,0,0,NULL,NULL,NULL,NULL,1),(298,'S','','Nasogastric Tube G14 (Children)',0,0,0,0,0,0,NULL,NULL,NULL,NULL,1),(299,'S','','Nasogastric Tube G16 (Children)',0,0,0,0,0,0,NULL,NULL,NULL,NULL,1),(300,'S','','Rectal Tube CH24',0,0,0,0,0,0,NULL,NULL,NULL,NULL,1),(301,'S','','Rectal Tube CH26',0,0,0,0,0,0,NULL,NULL,NULL,NULL,1),(302,'S','','Suction Cathether Size 6 Disposable',0,0,0,0,0,0,NULL,NULL,NULL,NULL,1),(303,'S','','Suction Cathether Size 8 Disposable',0,0,0,0,0,0,NULL,NULL,NULL,NULL,1),(304,'S','','Suction Cathether Size 16 Disposable',0,0,0,0,0,0,NULL,NULL,NULL,NULL,1),(305,'S','','Suction Cathether Size 12 Disposable',0,0,0,0,0,0,NULL,NULL,NULL,NULL,1),(306,'S','','Suction Cathether Size 14 Disposable',0,0,0,0,0,0,NULL,NULL,NULL,NULL,1),(307,'S','','Suction Cathether Size 10 Disposable',0,0,0,0,0,0,NULL,NULL,NULL,NULL,1),(308,'S','','Gloves Domestic',0,0,0,0,0,0,NULL,NULL,NULL,NULL,1),(309,'S','','Gloves High risk non sterile Medium',0,0,0,0,0,0,NULL,NULL,NULL,NULL,1),(310,'S','','Gloves Gynaecological 7.5-8',0,0,0,0,0,0,NULL,NULL,NULL,NULL,1),(311,'S','','Gloves Non Sterile Medium Disposable',0,0,0,0,0,0,NULL,NULL,NULL,NULL,1),(312,'S','','Gloves Non Sterile Large Disposable',0,0,0,0,0,0,NULL,NULL,NULL,NULL,1),(313,'S','','Gloves Surgical Sterile 6',0,0,0,0,0,0,NULL,NULL,NULL,NULL,1),(314,'S','','Gloves Surgical Sterile 6.5',0,0,0,0,0,0,NULL,NULL,NULL,NULL,1),(315,'S','','Gloves Surgical Sterile 7',0,0,0,0,0,0,NULL,NULL,NULL,NULL,1),(316,'S','','Gloves Surgical Sterile 7.5',0,0,0,0,0,0,NULL,NULL,NULL,NULL,1),(317,'S','','Gloves Surgical Sterile 8',0,0,0,0,0,0,NULL,NULL,NULL,NULL,1),(318,'S','','Gloves Surgical Sterile 8.5',0,0,0,0,0,0,NULL,NULL,NULL,NULL,1),(319,'S','','Tongue depressor Disposable',0,0,0,0,0,0,NULL,NULL,NULL,NULL,1),(320,'S','','Bedpan Plastic Autoclavable',0,0,0,0,0,0,NULL,NULL,NULL,NULL,1),(321,'S','','Bedpan Stainless Steel',0,0,0,0,0,0,NULL,NULL,NULL,NULL,1),(322,'S','','Body Bag 70 x 215cm  (Adult)',0,0,0,0,0,0,NULL,NULL,NULL,NULL,1),(323,'S','','Bowl Without Lid 7 x 12cm stainless steel',0,0,0,0,0,0,NULL,NULL,NULL,NULL,1),(324,'S','','Bowl Without Lid 8 x 16cm stainless steel',0,0,0,0,0,0,NULL,NULL,NULL,NULL,1),(325,'S','','Bowl Without Lid 10 x 24cm stainless steel',0,0,0,0,0,0,NULL,NULL,NULL,NULL,1),(326,'S','','Air ring set 43x15cm, rubber with pump',0,0,0,0,0,0,NULL,NULL,NULL,NULL,1),(327,'S','','Colostomy Bag closed 30mm size 2',0,0,0,0,0,0,NULL,NULL,NULL,NULL,1),(328,'S','','Colostomy Bag closed 30mm size 3',0,0,0,0,0,0,NULL,NULL,NULL,NULL,1),(329,'S','','Colostomy Bag open re-usable 35mm',0,0,0,0,0,0,NULL,NULL,NULL,NULL,1),(330,'S','','Ear syringe rubber 60ml',0,0,0,0,0,0,NULL,NULL,NULL,NULL,1),(331,'S','','First Aid kit',0,0,0,0,0,0,NULL,NULL,NULL,NULL,1),(332,'S','','Gallipot stainless steel 300ml/15cm',0,0,0,0,0,0,NULL,NULL,NULL,NULL,1),(333,'S','','Gallipot stainless steel 200ml/10cm',0,0,0,0,0,0,NULL,NULL,NULL,NULL,1),(334,'S','','Hot water Bottle 2Ltr',0,0,0,0,0,0,NULL,NULL,NULL,NULL,1),(335,'S','','Instrument Box With Lid 20x10x5cm',0,0,0,0,0,0,NULL,NULL,NULL,NULL,1),(336,'S','','Instrument Tray 30 x 20 x 2cm',0,0,0,0,0,0,NULL,NULL,NULL,NULL,1),(337,'S','','Irrigation can with acsessories',0,0,0,0,0,0,NULL,NULL,NULL,NULL,1),(338,'S','','Kidney Dish stainless Steel 24cm',0,0,0,0,0,0,NULL,NULL,NULL,NULL,1),(339,'S','','Kidney Dish stainless Steel 20cm',0,0,0,0,0,0,NULL,NULL,NULL,NULL,1),(340,'S','','Kidney Dish Polypropylene 24cm',0,0,0,0,0,0,NULL,NULL,NULL,NULL,1),(341,'S','','Mackintosh Plastic (Apron) per 1m',0,0,0,0,0,0,NULL,NULL,NULL,NULL,1),(342,'S','','Mackintosh Rubber Brown (sheeting) per 1m',0,0,0,0,0,0,NULL,NULL,NULL,NULL,1),(343,'S','','Measuring Cup Graduated 25ml',0,0,0,0,0,0,NULL,NULL,NULL,NULL,1),(344,'S','','Nesk Support Small',0,0,0,0,0,0,NULL,NULL,NULL,NULL,1),(345,'S','','Neck Support Medium',0,0,0,0,0,0,NULL,NULL,NULL,NULL,1),(346,'S','','Neck Support Large',0,0,0,0,0,0,NULL,NULL,NULL,NULL,1),(347,'S','','Spoon Medicine 5ml',0,0,0,0,0,0,NULL,NULL,NULL,NULL,1),(348,'S','','Apron Plastic Re-usable',0,0,0,0,0,0,NULL,NULL,NULL,NULL,1),(349,'S','','Apron Plastic Re-usable local',0,0,0,0,0,0,NULL,NULL,NULL,NULL,1),(350,'S','','Apron Polythene Disp Non Sterile',0,0,0,0,0,0,NULL,NULL,NULL,NULL,1),(351,'S','','Razor Blades Disposable 5pc',0,0,0,0,0,0,NULL,NULL,NULL,NULL,1),(352,'S','','Stethoscope Foetal Metal',0,0,0,0,0,0,NULL,NULL,NULL,NULL,1),(353,'S','','Stethoscope Foetal Wood',0,0,0,0,0,0,NULL,NULL,NULL,NULL,1),(354,'S','','Surgical Brush (Scrubbing)',0,0,0,0,0,0,NULL,NULL,NULL,NULL,1),(355,'S','','Surgical Mop 12 x 15',0,0,0,0,0,0,NULL,NULL,NULL,NULL,1),(356,'S','','Tablet Counting Tray',0,0,0,0,0,0,NULL,NULL,NULL,NULL,1),(357,'S','','Toilet Paper Rolls',0,0,0,0,0,0,NULL,NULL,NULL,NULL,1),(358,'S','','Traction Kit Children',0,0,0,0,0,0,NULL,NULL,NULL,NULL,1),(359,'S','','Traction Kit Adult',0,0,0,0,0,0,NULL,NULL,NULL,NULL,1),(360,'S','','Thermometer Clinical Flat Type',0,0,0,0,0,0,NULL,NULL,NULL,NULL,1),(361,'S','','Thermometer Clinical Prismatic Type',0,0,0,0,0,0,NULL,NULL,NULL,NULL,1),(362,'S','','Umbilical Cord Tie non sterile 100m',0,0,0,0,0,0,NULL,NULL,NULL,NULL,1),(363,'S','','Umbilical Cord Tie sterile 22m',0,0,0,0,0,0,NULL,NULL,NULL,NULL,1),(364,'S','','Urinal 1Ltr / 2Ltr',0,0,0,0,0,0,NULL,NULL,NULL,NULL,1),(365,'S','','Urine Collecting Bag sterile 2Ltr',0,0,0,0,0,0,NULL,NULL,NULL,NULL,1),(366,'S','','Insectcide Spray 400g',0,0,0,0,0,0,NULL,NULL,NULL,NULL,1),(367,'S','','Mosquito Net Impregnated Medium',0,0,0,0,0,0,NULL,NULL,NULL,NULL,1),(368,'S','','Mosquito Net Impregnated Large',0,0,0,0,0,0,NULL,NULL,NULL,NULL,1),(369,'S','','Mosquito Net Non Impregnated Medium',0,0,0,0,0,0,NULL,NULL,NULL,NULL,1),(370,'S','','Mosquito Net Non Impregnated Large',0,0,0,0,0,0,NULL,NULL,NULL,NULL,1),(371,'S','','Mosquito Net Impregnation Tablet',0,0,0,0,0,0,NULL,NULL,NULL,NULL,1),(372,'S','','Mosquito Net Impregnation Liquid 500ml',0,0,0,0,0,0,NULL,NULL,NULL,NULL,1),(373,'S','','Mosquito Wal spray Powder 80g',0,0,0,0,0,0,NULL,NULL,NULL,NULL,1),(374,'S','','Handle for surgical blade No 3',0,0,0,0,0,0,NULL,NULL,NULL,NULL,1),(375,'S','','Handle for surgical blade No 4',0,0,0,0,0,0,NULL,NULL,NULL,NULL,1),(376,'S','','Surgical Blades No 20',0,0,0,0,0,0,NULL,NULL,NULL,NULL,1),(377,'S','','Surgical Blades No 21',0,0,0,0,0,0,NULL,NULL,NULL,NULL,1),(378,'S','','Surgical Blades No 22',0,0,0,0,0,0,NULL,NULL,NULL,NULL,1),(379,'S','','Surgical Blades No 23',0,0,0,0,0,0,NULL,NULL,NULL,NULL,1),(380,'S','','Needle suture No 5 round',0,0,0,0,0,0,NULL,NULL,NULL,NULL,1),(381,'S','','Needle suture No 5 cutting',0,0,0,0,0,0,NULL,NULL,NULL,NULL,1),(382,'S','','Needle suture No 6 Round',0,0,0,0,0,0,NULL,NULL,NULL,NULL,1),(383,'S','','Suture Cutgut Chromic (0)',0,0,0,0,0,0,NULL,NULL,NULL,NULL,1),(384,'S','','Suture Cutgut Chromic (2) RN22240TH',0,0,0,0,0,0,NULL,NULL,NULL,NULL,1),(385,'S','','Suture Cutgut Chromic (2/0) RN22230TH',0,0,0,0,0,0,NULL,NULL,NULL,NULL,1),(386,'S','','Suture Cutgut Chromic (3/0) RN2325TF',0,0,0,0,0,0,NULL,NULL,NULL,NULL,1),(387,'S','','Suture Cutgut Plain (2/0) RN1230TF',0,0,0,0,0,0,NULL,NULL,NULL,NULL,1),(388,'S','','Suture Silk (1) S595',0,0,0,0,0,0,NULL,NULL,NULL,NULL,1),(389,'S','','Suture Silk (2/0) RN5230TF',0,0,0,0,0,0,NULL,NULL,NULL,NULL,1),(390,'S','','Suture PGA (3/0) RN3330TF',0,0,0,0,0,0,NULL,NULL,NULL,NULL,1),(391,'S','','Lead Apron 100cmx60cm',0,0,0,0,0,0,NULL,NULL,NULL,NULL,1),(392,'S','','X-Ray Developer 2.6kg for 22.5Ltr',0,0,0,0,0,0,NULL,NULL,NULL,NULL,1),(393,'S','','X-Ray Film 18x24cm',0,0,0,0,0,0,NULL,NULL,NULL,NULL,1),(394,'S','','X-Ray Film 20x40cm',0,0,0,0,0,0,NULL,NULL,NULL,NULL,1),(395,'S','','X-Ray Film 24x30cm',0,0,0,0,0,0,NULL,NULL,NULL,NULL,1),(396,'S','','X-Ray Film 30x40cm',0,0,0,0,0,0,NULL,NULL,NULL,NULL,1),(397,'S','','X-Ray Film 35x35cm',0,0,0,0,0,0,NULL,NULL,NULL,NULL,1),(398,'S','','X-Ray Film 43x35cm',0,0,0,0,0,0,NULL,NULL,NULL,NULL,1),(399,'S','','X-Ray Film Cassette  18x24cm with screen',0,0,0,0,0,0,NULL,NULL,NULL,NULL,1),(400,'S','','X-Ray Film Cassette  24x30cm with screen',0,0,0,0,0,0,NULL,NULL,NULL,NULL,1),(401,'S','','X-Ray Film Cassette  30x40cm with screen',0,0,0,0,0,0,NULL,NULL,NULL,NULL,1),(402,'S','','X-Ray Film Cassette  35x35cm with screen',0,0,0,0,0,0,NULL,NULL,NULL,NULL,1),(403,'S','','X-Ray Film Cassette  35x43cm with screen',0,0,0,0,0,0,NULL,NULL,NULL,NULL,1),(404,'S','','X-Ray Fixer 3.3kg for 22.5 Ltr',0,0,0,10,10,0,NULL,NULL,NULL,NULL,1),(405,'S','','Barium Sulphate for X-Ray 1kg',0,0,0,0,0,0,NULL,NULL,NULL,NULL,1),(406,'S','','Diatrizoate Meglumin Sod 76% 20ml Amp',0,0,0,0,0,0,NULL,NULL,NULL,NULL,1),(407,'K','','Anti Serum B 10ml',0,0,0,0,0,0,NULL,NULL,NULL,NULL,1),(408,'K','','Anti Serum AB 10ml',0,0,0,0,0,0,NULL,NULL,NULL,NULL,1),(409,'K','','Anti Serum D 10ml',0,0,0,0,0,0,NULL,NULL,NULL,NULL,1),(410,'K','','Creatinine 200ml (Calorimetric)',0,0,0,0,0,0,NULL,NULL,NULL,NULL,1),(411,'K','','Glucose GOD PAD  6 x 100ml (Colorimetric)',0,0,0,0,0,0,NULL,NULL,NULL,NULL,1),(412,'K','','Glucose Test Strips (Hyloguard)',0,0,0,0,0,0,NULL,NULL,NULL,NULL,1),(414,'D','','Aciclovir cream',2,0,0,320,0,0,NULL,NULL,NULL,NULL,1),(415,'D','','Paracetamol 500 MG',18000,0,0,70510,1200,1,NULL,NULL,NULL,NULL,1),(416,'D','','Artemether+Lumefantrine 25-35kg',0,0,0,252,0,0,NULL,NULL,NULL,NULL,1),(417,'D','','Coartem 15-25kg',0,0,0,379,0,0,NULL,NULL,NULL,NULL,1),(418,'D','','Coartem 5-15kg',0,0,0,493,0,0,NULL,NULL,NULL,NULL,1);
/*!40000 ALTER TABLE `medicaldsr` ENABLE KEYS */;
UNLOCK TABLES;

--
-- Table structure for table `medicaldsrlot`
--

DROP TABLE IF EXISTS `medicaldsrlot`;
/*!40101 SET @saved_cs_client     = @@character_set_client */;
/*!40101 SET character_set_client = utf8 */;
CREATE TABLE `medicaldsrlot` (
  `LT_ID_A` varchar(50) NOT NULL,
  `LT_MDSR_ID` int(11) NOT NULL,
  `LT_PREP_DATE` datetime NOT NULL,
  `LT_DUE_DATE` datetime NOT NULL,
  `LT_COST` double DEFAULT NULL,
  `LT_LOCK` int(11) NOT NULL DEFAULT '0',
  `LT_CREATED_BY` varchar(50) DEFAULT NULL,
  `LT_CREATED_DATE` datetime DEFAULT NULL,
  `LT_LAST_MODIFIED_BY` varchar(50) DEFAULT NULL,
  `LT_LAST_MODIFIED_DATE` datetime DEFAULT NULL,
  `LT_ACTIVE` tinyint(1) NOT NULL DEFAULT '1',
  PRIMARY KEY (`LT_ID_A`),
  KEY `FK_MEDICALDSRLOT_MEDICALDSR_idx` (`LT_MDSR_ID`),
  CONSTRAINT `FK_MEDICALDSRLOT_MEDICALDSR` FOREIGN KEY (`LT_MDSR_ID`) REFERENCES `medicaldsr` (`MDSR_ID`) ON DELETE NO ACTION ON UPDATE NO ACTION
) ENGINE=InnoDB DEFAULT CHARSET=utf8;
/*!40101 SET character_set_client = @saved_cs_client */;

--
-- Dumping data for table `medicaldsrlot`
--

LOCK TABLES `medicaldsrlot` WRITE;
/*!40000 ALTER TABLE `medicaldsrlot` DISABLE KEYS */;
INSERT INTO `medicaldsrlot` VALUES ('-1554622624438837880',103,'2005-08-01 00:00:00','2010-08-30 00:00:00',NULL,0,NULL,NULL,NULL,NULL,1),('-1769145966120870973',104,'2005-10-01 00:00:00','2008-09-30 00:00:00',NULL,0,NULL,NULL,NULL,NULL,1),('-1815940974768681924',103,'2005-08-01 00:00:00','2010-08-31 00:00:00',NULL,0,NULL,NULL,NULL,NULL,1),('-4111916415666582009',415,'2006-04-01 00:00:00','2009-03-30 00:00:00',NULL,0,NULL,NULL,NULL,NULL,1),('-5845759742362476819',43,'2006-01-01 00:00:00','2009-01-30 00:00:00',NULL,0,NULL,NULL,NULL,NULL,1),('-6109574716038492275',226,'2006-01-01 00:00:00','2008-06-30 00:00:00',NULL,0,NULL,NULL,NULL,NULL,1),('-6730757007553028234',105,'2005-05-01 00:00:00','2007-04-30 00:00:00',NULL,0,NULL,NULL,NULL,NULL,1),('-6960883012965428324',44,'2005-10-01 00:00:00','2007-07-30 00:00:00',NULL,0,NULL,NULL,NULL,NULL,1),('-7516567952419863028',208,'2006-08-01 00:00:00','2008-07-30 00:00:00',NULL,0,NULL,NULL,NULL,NULL,1),('-7660511420907688190',414,'2006-08-01 00:00:00','2009-07-31 00:00:00',NULL,0,NULL,NULL,NULL,NULL,1),('-7718978867967166817',40,'2002-04-03 00:00:00','2005-07-01 00:00:00',NULL,0,NULL,NULL,NULL,NULL,1),('-8122995274739094851',101,'2006-04-01 00:00:00','2009-03-30 00:00:00',NULL,0,NULL,NULL,NULL,NULL,1),('-8771079640543120715',99,'2005-09-01 00:00:00','2009-08-31 00:00:00',NULL,0,NULL,NULL,NULL,NULL,1),('2422709406193164023',41,'2004-04-01 00:00:00','2009-05-30 00:00:00',NULL,0,NULL,NULL,NULL,NULL,1),('5453401403025577763',109,'2005-05-01 00:00:00','2008-04-30 00:00:00',NULL,0,NULL,NULL,NULL,NULL,1),('5830690725884682660',418,'2002-08-01 00:00:00','2007-08-30 00:00:00',NULL,0,NULL,NULL,NULL,NULL,1),('677685091133639642',98,'2006-09-30 00:00:00','2007-09-30 00:00:00',NULL,0,NULL,NULL,NULL,NULL,1),('6814074013396911291',417,'2002-09-01 00:00:00','2007-09-30 00:00:00',NULL,0,NULL,NULL,NULL,NULL,1),('7846903226866365678',108,'2005-07-01 00:00:00','2008-07-01 00:00:00',NULL,0,NULL,NULL,NULL,NULL,1),('7951533530148276440',404,'2006-09-18 00:00:00','2007-09-18 00:00:00',NULL,0,NULL,NULL,NULL,NULL,1),('8151139553159369735',414,'2006-08-01 00:00:00','2009-07-01 00:00:00',NULL,0,NULL,NULL,NULL,NULL,1),('8626874521922561779',98,'2006-09-30 00:00:00','2007-09-30 00:00:00',NULL,0,NULL,NULL,NULL,NULL,1),('9112042438595920595',416,'2002-11-01 00:00:00','2007-11-30 00:00:00',NULL,0,NULL,NULL,NULL,NULL,1),('AUTO_C_103',103,'2020-11-12 00:00:00','2020-11-12 00:00:00',NULL,0,NULL,NULL,NULL,NULL,1),('AUTO_F_105',105,'2020-11-12 00:00:00','2020-11-12 00:00:00',NULL,0,NULL,NULL,NULL,NULL,1),('AUTO_F_404',404,'2020-11-12 00:00:00','2020-11-12 00:00:00',NULL,0,NULL,NULL,NULL,NULL,1),('AUTO_F_415',415,'2020-11-12 00:00:00','2020-11-12 00:00:00',NULL,0,NULL,NULL,NULL,NULL,1),('AUTO_F_99',99,'2020-11-12 00:00:00','2020-11-12 00:00:00',NULL,0,NULL,NULL,NULL,NULL,1),('AUTO_I_108',108,'2020-11-12 00:00:00','2020-11-12 00:00:00',NULL,0,NULL,NULL,NULL,NULL,1),('AUTO_I_40',40,'2020-11-12 00:00:00','2020-11-12 00:00:00',NULL,0,NULL,NULL,NULL,NULL,1),('AUTO_I_415',415,'2020-11-12 00:00:00','2020-11-12 00:00:00',NULL,0,NULL,NULL,NULL,NULL,1),('AUTO_I_98',98,'2020-11-12 00:00:00','2020-11-12 00:00:00',NULL,0,NULL,NULL,NULL,NULL,1),('AUTO_M_98',98,'2020-11-12 00:00:00','2020-11-12 00:00:00',NULL,0,NULL,NULL,NULL,NULL,1);
/*!40000 ALTER TABLE `medicaldsrlot` ENABLE KEYS */;
UNLOCK TABLES;

--
-- Table structure for table `medicaldsrstockmov`
--

DROP TABLE IF EXISTS `medicaldsrstockmov`;
/*!40101 SET @saved_cs_client     = @@character_set_client */;
/*!40101 SET character_set_client = utf8 */;
CREATE TABLE `medicaldsrstockmov` (
  `MMV_ID` int(11) NOT NULL AUTO_INCREMENT,
  `MMV_MDSR_ID` int(11) NOT NULL,
  `MMV_WRD_ID_A` char(1) DEFAULT NULL,
  `MMV_MMVT_ID_A` varchar(10) NOT NULL,
  `MMV_LT_ID_A` varchar(50) DEFAULT NULL,
  `MMV_DATE` datetime NOT NULL,
  `MMV_QTY` float NOT NULL DEFAULT '0',
  `MMV_FROM` int(11) DEFAULT NULL,
  `MMV_LOCK` int(11) NOT NULL DEFAULT '0',
  `MMV_REFNO` varchar(50) NOT NULL DEFAULT '',
  `MMV_CREATED_BY` varchar(50) DEFAULT NULL,
  `MMV_CREATED_DATE` datetime DEFAULT NULL,
  `MMV_LAST_MODIFIED_BY` varchar(50) DEFAULT NULL,
  `MMV_LAST_MODIFIED_DATE` datetime DEFAULT NULL,
  `MMV_ACTIVE` tinyint(1) NOT NULL DEFAULT '1',
  PRIMARY KEY (`MMV_ID`),
  KEY `FK_MEDICALDSRSTOCKMOV_MEDICALDSR` (`MMV_MDSR_ID`),
  KEY `FK_MEDICALDSRSTOCKMOV_MEDICALDSRSTOCKMOVTYPE` (`MMV_MMVT_ID_A`),
  KEY `FK_MEDICALDSRSTOCKMOV_WARD` (`MMV_WRD_ID_A`),
  CONSTRAINT `FK_MEDICALDSRSTOCKMOV_MEDICALDSR` FOREIGN KEY (`MMV_MDSR_ID`) REFERENCES `medicaldsr` (`MDSR_ID`) ON DELETE NO ACTION ON UPDATE NO ACTION,
  CONSTRAINT `FK_MEDICALDSRSTOCKMOV_MEDICALDSRSTOCKMOVTYPE` FOREIGN KEY (`MMV_MMVT_ID_A`) REFERENCES `medicaldsrstockmovtype` (`MMVT_ID_A`) ON DELETE NO ACTION ON UPDATE NO ACTION,
  CONSTRAINT `FK_MEDICALDSRSTOCKMOV_WARD` FOREIGN KEY (`MMV_WRD_ID_A`) REFERENCES `ward` (`WRD_ID_A`) ON DELETE NO ACTION ON UPDATE NO ACTION
) ENGINE=InnoDB AUTO_INCREMENT=37 DEFAULT CHARSET=utf8;
/*!40101 SET character_set_client = @saved_cs_client */;

--
-- Dumping data for table `medicaldsrstockmov`
--

LOCK TABLES `medicaldsrstockmov` WRITE;
/*!40000 ALTER TABLE `medicaldsrstockmov` DISABLE KEYS */;
INSERT INTO `medicaldsrstockmov` VALUES (1,98,NULL,'charge','8626874521922561779','2006-09-30 00:00:00',100,1,0,'Auto-Refno-charge',NULL,NULL,NULL,NULL,1),(2,98,NULL,'charge','677685091133639642','2006-09-30 00:00:00',100,1,0,'Auto-Refno-charge',NULL,NULL,NULL,NULL,1),(3,98,'M','discharge','8626874521922561779','2006-09-30 00:00:00',70,NULL,0,'Auto-Refno-discharge',NULL,NULL,NULL,NULL,1),(5,414,NULL,'charge','8151139553159369735','2006-10-16 00:00:00',120,1,0,'Auto-Refno-charge',NULL,NULL,NULL,NULL,1),(6,108,NULL,'charge','7846903226866365678','2006-10-16 00:00:00',4344,1,0,'Auto-Refno-charge',NULL,NULL,NULL,NULL,1),(7,40,NULL,'charge','-7718978867967166817','2006-10-16 00:00:00',100,1,0,'Auto-Refno-charge',NULL,NULL,NULL,NULL,1),(8,404,NULL,'charge','7951533530148276440','2006-10-18 00:00:00',10,1,0,'Auto-Refno-charge',NULL,NULL,NULL,NULL,1),(9,404,'F','discharge','7951533530148276440','2006-10-18 00:00:00',10,NULL,0,'Auto-Refno-discharge',NULL,NULL,NULL,NULL,1),(10,415,NULL,'charge','-4111916415666582009','2006-10-18 00:00:00',70510,1,0,'Auto-Refno-charge',NULL,NULL,NULL,NULL,1),(11,415,'I','discharge','-4111916415666582009','2006-10-18 00:00:00',1000,NULL,0,'Auto-Refno-discharge',NULL,NULL,NULL,NULL,1),(12,415,'F','discharge','-4111916415666582009','2006-10-18 00:00:00',200,NULL,0,'Auto-Refno-discharge',NULL,NULL,NULL,NULL,1),(13,40,'I','discharge','-7718978867967166817','2006-10-19 00:00:00',100,NULL,0,'Auto-Refno-discharge',NULL,NULL,NULL,NULL,1),(14,99,NULL,'charge','-8771079640543120715','2006-10-19 00:00:00',1310,1,0,'Auto-Refno-charge',NULL,NULL,NULL,NULL,1),(15,99,'F','discharge','-8771079640543120715','2006-10-19 00:00:00',100,NULL,0,'Auto-Refno-discharge',NULL,NULL,NULL,NULL,1),(16,103,NULL,'charge','-1815940974768681924','2006-10-19 00:00:00',18700,1,0,'Auto-Refno-charge',NULL,NULL,NULL,NULL,1),(17,103,'C','discharge','-1815940974768681924','2006-10-19 00:00:00',100,NULL,0,'Auto-Refno-discharge',NULL,NULL,NULL,NULL,1),(18,98,'I','discharge','677685091133639642','2006-10-19 00:00:00',100,NULL,0,'Auto-Refno-discharge',NULL,NULL,NULL,NULL,1),(19,98,'I','discharge','8626874521922561779','2006-10-19 00:00:00',30,NULL,0,'Auto-Refno-discharge',NULL,NULL,NULL,NULL,1),(21,414,NULL,'charge','-7660511420907688190','2006-10-26 00:00:00',200,1,0,'Auto-Refno-charge',NULL,NULL,NULL,NULL,1),(22,103,NULL,'charge','-1554622624438837880','2006-10-30 00:00:00',18600,1,0,'Auto-Refno-charge',NULL,NULL,NULL,NULL,1),(23,101,NULL,'charge','-8122995274739094851','2006-10-30 00:00:00',8981,1,0,'Auto-Refno-charge',NULL,NULL,NULL,NULL,1),(24,41,NULL,'charge','2422709406193164023','2006-10-30 00:00:00',190,1,0,'Auto-Refno-charge',NULL,NULL,NULL,NULL,1),(25,104,NULL,'charge','-1769145966120870973','2006-10-30 00:00:00',5600,1,0,'Auto-Refno-charge',NULL,NULL,NULL,NULL,1),(26,105,NULL,'charge','-6730757007553028234','2006-10-30 00:00:00',57080,1,0,'Auto-Refno-charge',NULL,NULL,NULL,NULL,1),(27,105,'F','discharge','-6730757007553028234','2006-10-30 00:00:00',1000,NULL,0,'Auto-Refno-discharge',NULL,NULL,NULL,NULL,1),(28,226,NULL,'charge','-6109574716038492275','2006-11-03 00:00:00',180,1,0,'Auto-Refno-charge',NULL,NULL,NULL,NULL,1),(29,43,NULL,'charge','-5845759742362476819','2006-11-03 00:00:00',650,1,0,'Auto-Refno-charge',NULL,NULL,NULL,NULL,1),(30,208,NULL,'charge','-7516567952419863028','2006-11-03 00:00:00',100,1,0,'Auto-Refno-charge',NULL,NULL,NULL,NULL,1),(31,108,'I','discharge','7846903226866365678','2006-11-03 00:00:00',1600,NULL,0,'Auto-Refno-discharge',NULL,NULL,NULL,NULL,1),(32,109,NULL,'charge','5453401403025577763','2006-11-03 00:00:00',5500,1,0,'Auto-Refno-charge',NULL,NULL,NULL,NULL,1),(33,44,NULL,'charge','-6960883012965428324','2006-11-03 00:00:00',673,1,0,'Auto-Refno-charge',NULL,NULL,NULL,NULL,1),(34,416,NULL,'charge','9112042438595920595','2006-11-03 00:00:00',252,1,0,'Auto-Refno-charge',NULL,NULL,NULL,NULL,1),(35,417,NULL,'charge','6814074013396911291','2006-11-03 00:00:00',379,1,0,'Auto-Refno-charge',NULL,NULL,NULL,NULL,1),(36,418,NULL,'charge','5830690725884682660','2006-11-03 00:00:00',493,1,0,'Auto-Refno-charge',NULL,NULL,NULL,NULL,1);
/*!40000 ALTER TABLE `medicaldsrstockmov` ENABLE KEYS */;
UNLOCK TABLES;

--
-- Table structure for table `medicaldsrstockmovtype`
--

DROP TABLE IF EXISTS `medicaldsrstockmovtype`;
/*!40101 SET @saved_cs_client     = @@character_set_client */;
/*!40101 SET character_set_client = utf8 */;
CREATE TABLE `medicaldsrstockmovtype` (
  `MMVT_ID_A` varchar(10) NOT NULL,
  `MMVT_DESC` varchar(50) NOT NULL,
  `MMVT_TYPE` char(2) NOT NULL,
  `MMVT_CREATED_BY` varchar(50) DEFAULT NULL,
  `MMVT_CREATED_DATE` datetime DEFAULT NULL,
  `MMVT_LAST_MODIFIED_BY` varchar(50) DEFAULT NULL,
  `MMVT_LAST_MODIFIED_DATE` datetime DEFAULT NULL,
  `MMVT_ACTIVE` tinyint(1) NOT NULL DEFAULT '1',
  PRIMARY KEY (`MMVT_ID_A`)
) ENGINE=InnoDB DEFAULT CHARSET=utf8;
/*!40101 SET character_set_client = @saved_cs_client */;

--
-- Dumping data for table `medicaldsrstockmovtype`
--

LOCK TABLES `medicaldsrstockmovtype` WRITE;
/*!40000 ALTER TABLE `medicaldsrstockmovtype` DISABLE KEYS */;
INSERT INTO `medicaldsrstockmovtype` VALUES ('charge','Charge','+',NULL,NULL,NULL,NULL,1),('discharge','Discharge','-',NULL,NULL,NULL,NULL,1);
/*!40000 ALTER TABLE `medicaldsrstockmovtype` ENABLE KEYS */;
UNLOCK TABLES;

--
-- Table structure for table `medicaldsrstockmovward`
--

DROP TABLE IF EXISTS `medicaldsrstockmovward`;
/*!40101 SET @saved_cs_client     = @@character_set_client */;
/*!40101 SET character_set_client = utf8 */;
CREATE TABLE `medicaldsrstockmovward` (
  `MMVN_ID` int(10) NOT NULL AUTO_INCREMENT,
  `MMVN_WRD_ID_A` char(1) NOT NULL,
  `MMVN_DATE` datetime NOT NULL,
  `MMVN_IS_PATIENT` tinyint(1) NOT NULL,
  `MMVN_PAT_ID` int(11) DEFAULT NULL,
  `MMVN_PAT_AGE` smallint(6) DEFAULT NULL,
  `MMVN_PAT_WEIGHT` float DEFAULT NULL,
  `MMVN_DESC` varchar(100) NOT NULL,
  `MMVN_MDSR_ID` varchar(100) NOT NULL,
  `MMVN_MDSR_QTY` float NOT NULL,
  `MMVN_MDSR_UNITS` varchar(10) NOT NULL,
  `MMVN_CREATED_BY` varchar(50) DEFAULT NULL,
  `MMVN_WRD_ID_A_FROM` varchar(1) DEFAULT NULL,
  `MMVN_WRD_ID_A_TO` varchar(1) DEFAULT NULL,
  `MMVN_LT_ID` varchar(50) DEFAULT NULL,
  `MMVN_CREATED_DATE` datetime DEFAULT NULL,
  `MMVN_LAST_MODIFIED_BY` varchar(50) DEFAULT NULL,
  `MMVN_LAST_MODIFIED_DATE` datetime DEFAULT NULL,
  `MMVN_ACTIVE` tinyint(1) NOT NULL DEFAULT '1',
  PRIMARY KEY (`MMVN_ID`) USING BTREE,
  KEY `FK_MEDICALDSRSTOCKMOVWARD_WARD_idx` (`MMVN_WRD_ID_A`),
  KEY `FK_MEDICALDSRSTOCKMOVWARD_PATIENT_idx` (`MMVN_PAT_ID`),
  KEY `FK_MEDICALDSRSTOCKMOVWARD_LOT_idx` (`MMVN_LT_ID`),
  CONSTRAINT `FK_MEDICALDSRSTOCKMOVWARD_LOT` FOREIGN KEY (`MMVN_LT_ID`) REFERENCES `medicaldsrlot` (`LT_ID_A`) ON DELETE NO ACTION ON UPDATE NO ACTION,
  CONSTRAINT `FK_MEDICALDSRSTOCKMOVWARD_PATIENT` FOREIGN KEY (`MMVN_PAT_ID`) REFERENCES `patient` (`PAT_ID`) ON DELETE CASCADE ON UPDATE CASCADE,
  CONSTRAINT `FK_MEDICALDSRSTOCKMOVWARD_WARD` FOREIGN KEY (`MMVN_WRD_ID_A`) REFERENCES `ward` (`WRD_ID_A`) ON DELETE NO ACTION ON UPDATE NO ACTION
) ENGINE=InnoDB DEFAULT CHARSET=utf8;
/*!40101 SET character_set_client = @saved_cs_client */;

--
-- Dumping data for table `medicaldsrstockmovward`
--

LOCK TABLES `medicaldsrstockmovward` WRITE;
/*!40000 ALTER TABLE `medicaldsrstockmovward` DISABLE KEYS */;
/*!40000 ALTER TABLE `medicaldsrstockmovward` ENABLE KEYS */;
UNLOCK TABLES;

--
-- Table structure for table `medicaldsrtype`
--

DROP TABLE IF EXISTS `medicaldsrtype`;
/*!40101 SET @saved_cs_client     = @@character_set_client */;
/*!40101 SET character_set_client = utf8 */;
CREATE TABLE `medicaldsrtype` (
  `MDSRT_ID_A` char(1) NOT NULL,
  `MDSRT_DESC` varchar(30) DEFAULT NULL,
  `MDSRT_CREATED_BY` varchar(50) DEFAULT NULL,
  `MDSRT_CREATED_DATE` datetime DEFAULT NULL,
  `MDSRT_LAST_MODIFIED_BY` varchar(50) DEFAULT NULL,
  `MDSRT_LAST_MODIFIED_DATE` datetime DEFAULT NULL,
  `MDSRT_ACTIVE` tinyint(1) NOT NULL DEFAULT '1',
  PRIMARY KEY (`MDSRT_ID_A`)
) ENGINE=InnoDB DEFAULT CHARSET=utf8;
/*!40101 SET character_set_client = @saved_cs_client */;

--
-- Dumping data for table `medicaldsrtype`
--

LOCK TABLES `medicaldsrtype` WRITE;
/*!40000 ALTER TABLE `medicaldsrtype` DISABLE KEYS */;
INSERT INTO `medicaldsrtype` VALUES ('D','Drugs',NULL,NULL,NULL,NULL,1),('K','Chemical',NULL,NULL,NULL,NULL,1),('L','Laboratory',NULL,NULL,NULL,NULL,1),('S','Surgery',NULL,NULL,NULL,NULL,1);
/*!40000 ALTER TABLE `medicaldsrtype` ENABLE KEYS */;
UNLOCK TABLES;

--
-- Table structure for table `medicaldsrward`
--

DROP TABLE IF EXISTS `medicaldsrward`;
/*!40101 SET @saved_cs_client     = @@character_set_client */;
/*!40101 SET character_set_client = utf8 */;
CREATE TABLE `medicaldsrward` (
  `MDSRWRD_WRD_ID_A` char(1) NOT NULL,
  `MDSRWRD_MDSR_ID` int(11) NOT NULL,
  `MDSRWRD_IN_QTI` float DEFAULT '0',
  `MDSRWRD_OUT_QTI` float DEFAULT '0',
  `MDSRWRD_LT_ID_A` varchar(50) NOT NULL,
  `MDSRWRD_CREATED_BY` varchar(50) DEFAULT NULL,
  `MDSRWRD_CREATED_DATE` datetime DEFAULT NULL,
  `MDSRWRD_LAST_MODIFIED_BY` varchar(50) DEFAULT NULL,
  `MDSRWRD_LAST_MODIFIED_DATE` datetime DEFAULT NULL,
  `MDSRWRD_ACTIVE` tinyint(1) NOT NULL DEFAULT '1',
  PRIMARY KEY (`MDSRWRD_WRD_ID_A`,`MDSRWRD_MDSR_ID`,`MDSRWRD_LT_ID_A`),
  KEY `FK_MEDICALDSRWARD_WARD_idx` (`MDSRWRD_WRD_ID_A`),
  KEY `FK_MEDICALDSRWARD_MEDICALDSR_idx` (`MDSRWRD_MDSR_ID`),
  KEY `FK_MEDICALDSRWARD_MEDICALDSRLOT_idx` (`MDSRWRD_LT_ID_A`),
  CONSTRAINT `FK_MEDICALDSRWARD_MEDICALDSR` FOREIGN KEY (`MDSRWRD_MDSR_ID`) REFERENCES `medicaldsr` (`MDSR_ID`) ON DELETE NO ACTION ON UPDATE NO ACTION,
  CONSTRAINT `FK_MEDICALDSRWARD_MEDICALDSRLOT` FOREIGN KEY (`MDSRWRD_LT_ID_A`) REFERENCES `medicaldsrlot` (`LT_ID_A`) ON DELETE NO ACTION ON UPDATE NO ACTION,
  CONSTRAINT `FK_MEDICALDSRWARD_WARD` FOREIGN KEY (`MDSRWRD_WRD_ID_A`) REFERENCES `ward` (`WRD_ID_A`) ON DELETE NO ACTION ON UPDATE NO ACTION
) ENGINE=InnoDB DEFAULT CHARSET=utf8;
/*!40101 SET character_set_client = @saved_cs_client */;

--
-- Dumping data for table `medicaldsrward`
--

LOCK TABLES `medicaldsrward` WRITE;
/*!40000 ALTER TABLE `medicaldsrward` DISABLE KEYS */;
INSERT INTO `medicaldsrward` VALUES ('C',103,100,0,'AUTO_C_103',NULL,NULL,NULL,NULL,1),('F',99,100,0,'AUTO_F_99',NULL,NULL,NULL,NULL,1),('F',105,1000,0,'AUTO_F_105',NULL,NULL,NULL,NULL,1),('F',404,10,0,'AUTO_F_404',NULL,NULL,NULL,NULL,1),('F',415,200,0,'AUTO_F_415',NULL,NULL,NULL,NULL,1),('I',40,100,0,'AUTO_I_40',NULL,NULL,NULL,NULL,1),('I',98,130,0,'AUTO_I_98',NULL,NULL,NULL,NULL,1),('I',108,1600,0,'AUTO_I_108',NULL,NULL,NULL,NULL,1),('I',415,1000,0,'AUTO_I_415',NULL,NULL,NULL,NULL,1),('M',98,70,0,'AUTO_M_98',NULL,NULL,NULL,NULL,1);
/*!40000 ALTER TABLE `medicaldsrward` ENABLE KEYS */;
UNLOCK TABLES;

--
-- Table structure for table `menuitem`
--

DROP TABLE IF EXISTS `menuitem`;
/*!40101 SET @saved_cs_client     = @@character_set_client */;
/*!40101 SET character_set_client = utf8 */;
CREATE TABLE `menuitem` (
  `MNI_ID_A` varchar(50) NOT NULL DEFAULT '',
  `MNI_BTN_LABEL` varchar(50) NOT NULL DEFAULT '',
  `MNI_LABEL` varchar(50) NOT NULL DEFAULT '',
  `MNI_TOOLTIP` varchar(100) DEFAULT NULL,
  `MNI_SHORTCUT` char(1) DEFAULT NULL,
  `MNI_SUBMENU` varchar(50) NOT NULL DEFAULT '',
  `MNI_CLASS` varchar(100) NOT NULL DEFAULT '',
  `MNI_IS_SUBMENU` char(1) NOT NULL DEFAULT 'N',
  `MNI_POSITION` int(10) unsigned NOT NULL DEFAULT '0',
  PRIMARY KEY (`MNI_ID_A`)
) ENGINE=MyISAM DEFAULT CHARSET=utf8;
/*!40101 SET character_set_client = @saved_cs_client */;

--
-- Dumping data for table `menuitem`
--

LOCK TABLES `menuitem` WRITE;
/*!40000 ALTER TABLE `menuitem` DISABLE KEYS */;
INSERT INTO `menuitem` VALUES ('admission','angal.menu.btn.admission','angal.menu.admission','x','A','main','org.isf.admission.gui.AdmittedPatientBrowser','N',5),('admtype','angal.menu.btn.admtype','angal.menu.admtype','x','A','types','org.isf.admtype.gui.AdmissionTypeBrowser','N',0),('deliverytype','angal.menu.btn.deliverytype','angal.menu.deliverytype','x','L','types','org.isf.dlvrtype.gui.DeliveryTypeBrowser','N',3),('delresulttype','angal.menu.btn.delresulttype','angal.menu.delresulttype','x','R','types','org.isf.dlvrrestype.gui.DeliveryResultTypeBrowser','N',2),('disctype','angal.menu.btn.disctype','angal.menu.disctype','x','D','types','org.isf.disctype.gui.DischargeTypeBrowser','N',1),('disease','angal.menu.btn.disease','angal.menu.disease','x','D','generaldata','org.isf.disease.gui.DiseaseBrowser','N',3),('diseaselist','angal.menu.btn.diseaselist','angal.menu.diseaselist','x','D','printing','org.isf.stat.gui.DiseasesListLauncher','N',2),('diseasetype','angal.menu.btn.diseasetype','angal.menu.diseasetype','x','D','types','org.isf.distype.gui.DiseaseTypeBrowser','N',4),('examlist1','angal.menu.btn.examlist1','angal.menu.examlist1','x','E','printing','org.isf.stat.gui.ExamsList1Launcher','N',1),('exams','angal.menu.btn.exams','angal.menu.exams','x','E','generaldata','org.isf.exa.gui.ExamBrowser','N',4),('examtype','angal.menu.btn.examtype','angal.menu.examtype','x','E','types','org.isf.exatype.gui.ExamTypeBrowser','N',5),('exit','angal.menu.btn.exit','angal.menu.exit','x','E','file','none','N',0),('file','angal.menu.btn.file','angal.menu.file','x','F','main','none','Y',0),('generaldata','angal.menu.btn.generaldata','angal.menu.generaldata','x','G','main','none','Y',1),('groups','angal.menu.btn.groups','angal.menu.groups','x','G','users','org.isf.menu.gui.UserGroupBrowsing','N',1),('help','angal.menu.btn.help','angal.menu.help','x','H','main','org.isf.help.HelpViewer','N',11),('hospital','angal.menu.btn.hospital','angal.menu.hospital','x','H','generaldata','org.isf.hospital.gui.HospitalBrowser','N',1),('laboratory','angal.menu.btn.laboratory','angal.menu.laboratory','x','L','main','org.isf.lab.gui.LabBrowser','N',4),('medicals','angal.menu.btn.medicals','angal.menu.medicals','x','P','pharmacy','org.isf.medicals.gui.MedicalBrowser','N',0),('medicalstock','angal.menu.btn.medicalstock','angal.menu.medicalstock','x','S','pharmacy','org.isf.medicalstock.gui.MovStockBrowser','N',1),('medicalstype','angal.menu.btn.medicalstype','angal.menu.medicalstype','x','M','types','org.isf.medtype.gui.MedicalTypeBrowser','N',7),('medstockmovtype','angal.menu.btn.medstockmovtype','angal.menu.medstockmovtype','x','S','types','org.isf.medstockmovtype.gui.MedicaldsrstockmovTypeBrowser','N',6),('opd','angal.menu.btn.opd','angal.menu.opd','x','O','main','org.isf.opd.gui.OpdBrowser','N',2),('operation','angal.menu.btn.operation','angal.menu.operation','x','O','generaldata','org.isf.operation.gui.OperationBrowser','N',5),('operationtype','angal.menu.btn.operationtype','angal.menu.operationtype','x','O','types','org.isf.opetype.gui.OperationTypeBrowser','N',8),('pharmacy','angal.menu.btn.pharmacy','angal.menu.pharmacy','x','P','main','none','Y',3),('pretreatmenttype','angal.menu.btn.pretreatmenttype','angal.menu.pretreatmenttype','x','P','types','org.isf.pregtreattype.gui.PregnantTreatmentTypeBrowser','N',9),('printing','angal.menu.btn.printing','angal.menu.printing','x','R','main','none','Y',9),('statistics','angal.menu.btn.statistics','angal.menu.statistics','x','T','main','org.isf.stat.reportlauncher.gui.ReportLauncher','N',6),('types','angal.menu.btn.types','angal.menu.types','x','T','generaldata','none','Y',0),('users','angal.menu.btn.users','angal.menu.users','x','U','file','none','Y',1),('usersusers','angal.menu.btn.usersusers','angal.menu.usersusers','x','U','users','org.isf.menu.gui.UserBrowsing','N',0),('vaccine','angal.menu.btn.vaccine','angal.menu.vaccine','x','V','generaldata','org.isf.vaccine.gui.VaccineBrowser','N',6),('ward','angal.menu.btn.ward','angal.menu.ward','x','W','generaldata','org.isf.ward.gui.WardBrowser','N',2),('medicalsward','angal.menu.btn.medicalsward','angal.menu.medicalsward','x','W','pharmacy','org.isf.medicalstockward.gui.WardPharmacy','N',2),('agetype','angal.menu.btn.agetype','angal.menu.agetype','x','G','types','org.isf.agetype.gui.AgeTypeBrowser','N',11),('priceslists','angal.menu.btn.priceslists','angal.menu.priceslists','x','P','generaldata','org.isf.priceslist.gui.PricesBrowser','N',7),('otherprices','angal.menu.btn.otherprices','angal.menu.otherprices','x','H','types','org.isf.pricesothers.gui.PricesOthersBrowser','N',10),('accounting','angal.menu.btn.accounting','angal.menu.accounting','x','C','main','none','Y',6),('newbill','angal.menu.btn.newbill','angal.menu.newbill','x','N','accounting','org.isf.accounting.gui.PatientBillEdit','N',0),('billsmanager','angal.menu.btn.billsmanager','angal.menu.billsmanager','x','M','accounting','org.isf.accounting.gui.BillBrowser','N',1),('data','angal.admission.data','angal.admission.data','x','D','admission','none','N',3),('btnadmnew','angal.admission.newpatient','angal.admission.newpatient','x','N','admission','none','N',0),('btnadmedit','angal.admission.editpatient','angal.admission.editpatient','x','E','admission','none','N',1),('btnadmopd','angal.admission.opd','angal.admission.admission','x','O','admission','none','N',5),('btnadmadm','angal.admission.admission','angal.admission.admission','x','A','admission','none','N',4),('btnadmdel','angal.admission.deletepatient','angal.admission.deletepatient','x','L','admission','none','N',2),('btnadmmer','angal.admission.merge','angal.admission.merge','x','L','admission','none','N',2),('btndataeditpat','angal.admission.editpatient','angal.admission.editpatient','x','P','data','none','N',0),('btndatamalnut','angal.admission.malnutritioncontrol','angal.admission.malnutritioncontrol','x','M','data','none','N',3),('btndatadel','angal.common.deletem','angal.common.deletem','x','D','data','none','N',2),('btndataedit','angal.common.editm','angal.common.editm','x','E','data','none','N',1),('btnopddel','angal.common.delete','angal.common.delete','x','D','opd','none','N',2),('btnopdedit','angal.common.edit','angal.common.edit','x','E','opd','none','N',1),('btnopdnew','angal.common.new','angal.common.new','x','N','opd','none','N',0),('btnpharmaceuticaldel','angal.common.delete','angal.common.delete','x','D','medicals','none','N',2),('btnpharmaceuticaledit','angal.common.edit','angal.common.edit','x','E','medicals','none','N',1),('btnpharmaceuticalnew','angal.common.new','angal.common.new','x','N','medicals','none','N',0),('btnlaboratorydel','angal.common.delete','angal.common.delete','x','D','laboratory','none','N',2),('btnlaboratoryedit','angal.common.edit','angal.common.edit','x','E','laboratory','none','N',1),('btnlaboratorynew','angal.common.new','angal.common.new','x','N','laboratory','none','N',0),('btnadmtherapy','angal.admission.therapy','angal.admission.therapy','x','T','admission','none','N',6),('btnbillnew','angal.billbrowser.newbill','angal.billbrowser.newbill','x','N','billsmanager','none','N',0),('btnbilledit','angal.billbrowser.editbill','angal.billbrowser.editbill','x','N','billsmanager','none','N',1),('btnbilldelete','angal.billbrowser.deletebill','angal.billbrowser.deletebill','x','N','billsmanager','none','N',2),('btnbillreport','angal.billbrowser.report','angal.billbrowser.report','x','N','billsmanager','none','N',3),('vaccinetype','angal.menu.btn.vaccinetype','angal.menu.vaccinetype','x','V','types','org.isf.vactype.gui.VaccineTypeBrowser','N',12),('patientvaccine','angal.menu.btn.patientvaccine','angal.menu.patientvaccine','x','V','main','org.isf.patvac.gui.PatVacBrowser','N',7),('btnpatientvaccinenew','angal.common.new','angal.common.new','x','N','patientvaccine','none','N',0),('btnpatientvaccineedit','angal.common.edit','angal.common.edit','x','E','patientvaccine','none','N',1),('btnpatientvaccinedel','angal.common.delete','angal.common.delete','x','D','patientvaccine','none','N',2),('communication','angal.menu.btn.chat','angal.menu.chat','x','M','main','org.isf.xmpp.gui.CommunicationFrame','N',10),('btnadmbill','angal.menu.btn.btnadmbill','angal.menu.btnadmbill','x','R','admission','none','N',4),('btnbillreceipt','angal.menu.btn.btnbillreceipt','angal.menu.btnbillreceipt','x','R','billsmanager','none','N',4),('btnadmpatientfolder','angal.admission.patientfolder','angal.admission.patientfolder','x','P','admission','none','Y',6),('btnopdnewexamination','angal.opd.examination','angal.opd.examination','x','A','btnopdnew','none','N',1),('btnopdeditexamination','angal.opd.examination','angal.opd.examination','x','A','btnopdedit','none','N',1),('btnadmadmexamination','angal.admission.examination','angal.admission.examination','x','A','btnadmadm','none','N',1),('btnadmexamination','angal.admission.examination','angal.admission.examination','x','A','admission','none','N',1),('supplier','angal.menu.btn.supplier','angal.menu.supplier','x','S','generaldata','org.isf.supplier.gui.SupplierBrowser','N',8),('btnpatfoldopdrpt','angal.menu.btn.opdchart','angal.menu.opdchart','x','O','btnadmpatientfolder','none','N',1),('btnpatfoldadmrpt','angal.menu.btn.admchart','angal.menu.admchart','x','A','btnadmpatientfolder','none','N',2),('btnpatfoldpatrpt','angal.menu.btn.patreport','angal.menu.patreport','x','R','btnadmpatientfolder','none','N',3),('btnpatfolddicom','angal.menu.btn.dicom','angal.menu.dicom','x','D','btnadmpatientfolder','none','N',4),('smsmanager','angal.menu.btn.smsmanager','angal.menu.smsmanager','x','M','generaldata','org.isf.sms.gui.SmsBrowser','N',9),('btnpharmstockcharge','angal.menu.btn.btnpharmstockcharge','angal.menu.btnpharmstockcharge','x','C','medicalstock','none','N',1),('btnpharmstockdischarge','angal.menu.btn.btnpharmstockdischarge','angal.menu.btnpharmstockdischarge','x','D','medicalstock','none','N',2),('btnmedicalswardreport','angal.menu.btn.btnmedicalswardreport','angal.menu.btnmedicalswardreport','x','P','medicalsward','none','N',2),('btnmedicalswardexcel','angal.menu.btn.btnmedicalswardexcel','angal.menu.btnmedicalswardexcel','x','E','medicalsward','none','N',3),('btnmedicalswardrectify','angal.menu.btn.btnmedicalswardrectify','angal.menu.btnmedicalswardrectify','x','R','medicalsward','none','N',1),('dicomtype','angal.menu.btn.dicomtype','angal.menu.dicomtype','x','X','types','org.isf.dicomtype.gui.DicomTypeBrowser','N',13),('btnopdnewoperation','angal.opd.operation','angal.opd.operation','x','A','btnopdnew','none','N',2),('btnopdeditoperation','angal.opd.operation','angal.opd.operation','x','A','btnopdedit','none','N',2),('worksheet','angal.menu.btn.worksheet','angal.menu.worksheet','x','W','main','org.isf.visits.gui.VisitView','N',8);
/*!40000 ALTER TABLE `menuitem` ENABLE KEYS */;
UNLOCK TABLES;

--
-- Table structure for table `opd`
--

DROP TABLE IF EXISTS `opd`;
/*!40101 SET @saved_cs_client     = @@character_set_client */;
/*!40101 SET character_set_client = utf8 */;
CREATE TABLE `opd` (
  `OPD_ID` int(11) NOT NULL AUTO_INCREMENT,
  `OPD_DATE` datetime NOT NULL,
  `OPD_NEW_PAT` char(1) NOT NULL DEFAULT 'N',
  `OPD_DATE_VIS` date NOT NULL,
  `OPD_PROG_YEAR` int(11) NOT NULL,
  `OPD_SEX` char(1) NOT NULL,
  `OPD_AGE` int(11) NOT NULL DEFAULT '0',
  `OPD_DIS_ID_A` varchar(10) DEFAULT NULL,
  `OPD_DIS_ID_A_2` varchar(10) DEFAULT NULL,
  `OPD_DIS_ID_A_3` varchar(10) DEFAULT NULL,
  `OPD_REFERRAL_FROM` varchar(1) DEFAULT NULL,
  `OPD_REFERRAL_TO` varchar(1) DEFAULT NULL,
  `OPD_NOTE` text NOT NULL,
  `OPD_PAT_ID` int(11) DEFAULT NULL,
  `OPD_USR_ID_A` varchar(50) NOT NULL DEFAULT 'admin',
  `OPD_LOCK` int(11) NOT NULL DEFAULT '0',
  `OPD_CREATED_BY` varchar(50) DEFAULT NULL,
  `OPD_DATE_NEXT_VIS` datetime DEFAULT NULL,
  `OPD_CREATED_DATE` datetime DEFAULT NULL,
  `OPD_LAST_MODIFIED_BY` varchar(50) DEFAULT NULL,
  `OPD_LAST_MODIFIED_DATE` datetime DEFAULT NULL,
  `OPD_ACTIVE` tinyint(1) NOT NULL DEFAULT '1',
  PRIMARY KEY (`OPD_ID`),
  KEY `FK_OPD_DISEASE` (`OPD_DIS_ID_A`),
  KEY `FK_OPD_DISEASE_2` (`OPD_DIS_ID_A_2`),
  KEY `FK_OPD_DISEASE_3` (`OPD_DIS_ID_A_3`),
  KEY `FK_OPD_PATIENT` (`OPD_PAT_ID`),
  CONSTRAINT `FK_OPD_DISEASE` FOREIGN KEY (`OPD_DIS_ID_A`) REFERENCES `disease` (`DIS_ID_A`) ON DELETE NO ACTION ON UPDATE NO ACTION,
  CONSTRAINT `FK_OPD_DISEASE_2` FOREIGN KEY (`OPD_DIS_ID_A_2`) REFERENCES `disease` (`DIS_ID_A`) ON DELETE NO ACTION ON UPDATE NO ACTION,
  CONSTRAINT `FK_OPD_DISEASE_3` FOREIGN KEY (`OPD_DIS_ID_A_3`) REFERENCES `disease` (`DIS_ID_A`) ON DELETE NO ACTION ON UPDATE NO ACTION,
  CONSTRAINT `FK_OPD_PATIENT` FOREIGN KEY (`OPD_PAT_ID`) REFERENCES `patient` (`PAT_ID`) ON DELETE CASCADE ON UPDATE CASCADE
) ENGINE=InnoDB AUTO_INCREMENT=361 DEFAULT CHARSET=utf8;
/*!40101 SET character_set_client = @saved_cs_client */;

--
-- Dumping data for table `opd`
--

LOCK TABLES `opd` WRITE;
/*!40000 ALTER TABLE `opd` DISABLE KEYS */;
INSERT INTO `opd` VALUES (2,'2006-11-06 16:47:33','N','2006-11-02',1,'M',1,'39',NULL,NULL,NULL,NULL,'',NULL,'admin',0,NULL,NULL,NULL,NULL,NULL,1),(3,'2006-11-06 16:57:09','R','2006-11-02',2,'M',62,'68',NULL,NULL,NULL,NULL,'',NULL,'admin',0,NULL,NULL,NULL,NULL,NULL,1),(4,'2006-11-06 16:58:48','R','2006-11-02',3,'M',29,'30',NULL,NULL,NULL,'R','',NULL,'admin',0,NULL,NULL,NULL,NULL,NULL,1),(5,'2006-11-06 17:00:07','N','2006-11-02',4,'F',1,'12',NULL,NULL,'R',NULL,'',NULL,'admin',0,NULL,NULL,NULL,NULL,NULL,1),(6,'2006-11-06 17:08:25','R','2006-11-02',5,'M',40,'28',NULL,NULL,NULL,NULL,'',NULL,'admin',0,NULL,NULL,NULL,NULL,NULL,1),(7,'2006-11-06 17:10:09','R','2006-11-02',6,'F',26,'110',NULL,NULL,NULL,NULL,'',NULL,'admin',0,NULL,NULL,NULL,NULL,NULL,1),(8,'2006-11-06 17:11:28','N','2006-11-02',7,'F',57,'16',NULL,NULL,NULL,'R','',NULL,'admin',0,NULL,NULL,NULL,NULL,NULL,1),(9,'2006-11-06 17:17:02','N','2006-11-02',8,'M',64,'40',NULL,NULL,NULL,NULL,'',NULL,'admin',0,NULL,NULL,NULL,NULL,NULL,1),(10,'2006-11-06 17:18:56','R','2006-11-02',9,'M',13,'24',NULL,NULL,'R',NULL,'',NULL,'admin',0,NULL,NULL,NULL,NULL,NULL,1),(11,'2006-11-06 17:20:47','N','2006-11-02',10,'M',65,'16',NULL,NULL,NULL,NULL,'',NULL,'admin',0,NULL,NULL,NULL,NULL,NULL,1),(12,'2006-11-06 17:22:10','R','2006-11-02',11,'M',1,'42',NULL,NULL,NULL,'R','',NULL,'admin',0,NULL,NULL,NULL,NULL,NULL,1),(13,'2006-11-06 17:25:46','N','2006-11-02',12,'M',51,'49',NULL,NULL,NULL,NULL,'',NULL,'admin',0,NULL,NULL,NULL,NULL,NULL,1),(15,'2006-11-07 18:59:47','N','2006-11-02',13,'F',26,'39',NULL,NULL,'R',NULL,'',NULL,'admin',0,NULL,NULL,NULL,NULL,NULL,1),(16,'2006-11-07 19:02:59','R','2006-11-02',14,'M',14,'89',NULL,NULL,NULL,'R','',NULL,'admin',0,NULL,NULL,NULL,NULL,NULL,1),(17,'2006-11-07 19:04:36','N','2006-11-02',15,'M',1,'42',NULL,NULL,NULL,NULL,'',NULL,'admin',0,NULL,NULL,NULL,NULL,NULL,1),(18,'2006-11-07 19:06:19','N','2006-11-02',16,'F',56,'44',NULL,NULL,NULL,NULL,'',NULL,'admin',0,NULL,NULL,NULL,NULL,NULL,1),(19,'2006-11-07 19:10:42','N','2006-11-02',17,'F',14,'49',NULL,NULL,NULL,NULL,'',NULL,'admin',0,NULL,NULL,NULL,NULL,NULL,1),(20,'2006-11-07 19:12:19','R','2006-11-02',18,'F',72,'16',NULL,NULL,'R','R','',NULL,'admin',0,NULL,NULL,NULL,NULL,NULL,1),(21,'2006-11-07 19:13:27','N','2006-11-02',19,'M',34,'43',NULL,NULL,NULL,NULL,'',NULL,'admin',0,NULL,NULL,NULL,NULL,NULL,1),(22,'2006-11-07 19:14:41','R','2006-11-02',20,'F',31,'68',NULL,NULL,NULL,NULL,'',NULL,'admin',0,NULL,NULL,NULL,NULL,NULL,1),(23,'2006-11-07 19:15:42','N','2006-11-02',21,'M',19,'39',NULL,NULL,NULL,NULL,'',NULL,'admin',0,NULL,NULL,NULL,NULL,NULL,1),(24,'2006-11-07 19:16:34','R','2006-11-02',22,'F',32,'44',NULL,NULL,NULL,'R','',NULL,'admin',0,NULL,NULL,NULL,NULL,NULL,1),(25,'2006-11-07 19:19:33','N','2006-11-02',23,'M',54,'17',NULL,NULL,'R',NULL,'',NULL,'admin',0,NULL,NULL,NULL,NULL,NULL,1),(26,'2006-11-07 19:20:39','N','2006-11-02',24,'F',23,'15',NULL,NULL,NULL,NULL,'',NULL,'admin',0,NULL,NULL,NULL,NULL,NULL,1),(27,'2006-11-07 19:21:19','N','2006-11-02',25,'M',72,'15',NULL,NULL,NULL,NULL,'',NULL,'admin',0,NULL,NULL,NULL,NULL,NULL,1),(28,'2006-11-07 19:23:06','R','2006-11-02',26,'M',15,'37',NULL,NULL,NULL,'R','',NULL,'admin',0,NULL,NULL,NULL,NULL,NULL,1),(29,'2006-11-07 19:25:55','R','2006-11-02',27,'M',72,'48',NULL,NULL,NULL,NULL,'',NULL,'admin',0,NULL,NULL,NULL,NULL,NULL,1),(30,'2006-11-07 19:27:31','N','2006-11-02',28,'F',50,'15',NULL,NULL,'R',NULL,'',NULL,'admin',0,NULL,NULL,NULL,NULL,NULL,1),(31,'2006-11-07 19:31:13','N','2006-11-02',29,'F',41,'17',NULL,NULL,NULL,NULL,'',NULL,'admin',0,NULL,NULL,NULL,NULL,NULL,1),(32,'2006-11-07 19:32:47','N','2006-11-02',30,'F',62,'110',NULL,NULL,NULL,'R','',NULL,'admin',0,NULL,NULL,NULL,NULL,NULL,1),(34,'2006-11-07 19:38:33','N','2006-11-02',31,'F',25,'89',NULL,NULL,NULL,NULL,'',NULL,'admin',0,NULL,NULL,NULL,NULL,NULL,1),(35,'2006-11-07 19:39:25','N','2006-11-02',32,'F',1,'43',NULL,NULL,'R',NULL,'',NULL,'admin',0,NULL,NULL,NULL,NULL,NULL,1),(36,'2006-11-07 19:40:28','R','2006-11-02',33,'M',33,'15',NULL,NULL,NULL,'R','',NULL,'admin',0,NULL,NULL,NULL,NULL,NULL,1),(37,'2006-11-07 19:41:13','R','2006-11-02',34,'F',51,'44',NULL,NULL,NULL,NULL,'',NULL,'admin',0,NULL,NULL,NULL,NULL,NULL,1),(38,'2006-11-07 19:42:06','N','2006-11-02',35,'F',30,'39',NULL,NULL,NULL,NULL,'',NULL,'admin',0,NULL,NULL,NULL,NULL,NULL,1),(39,'2006-11-07 19:43:37','N','2006-11-02',36,'M',45,'15',NULL,NULL,NULL,NULL,'',NULL,'admin',0,NULL,NULL,NULL,NULL,NULL,1),(40,'2006-11-07 19:44:34','R','2006-11-02',37,'F',67,'16',NULL,NULL,'R','R','',NULL,'admin',0,NULL,NULL,NULL,NULL,NULL,1),(41,'2006-11-07 19:45:42','R','2006-11-02',38,'F',30,'68',NULL,NULL,NULL,NULL,'',NULL,'admin',0,NULL,NULL,NULL,NULL,NULL,1),(42,'2006-11-07 19:46:39','R','2006-11-02',39,'F',37,'44',NULL,NULL,NULL,NULL,'',NULL,'admin',0,NULL,NULL,NULL,NULL,NULL,1),(43,'2006-11-07 19:49:31','N','2006-11-02',40,'F',26,'40',NULL,NULL,NULL,NULL,'',NULL,'admin',0,NULL,NULL,NULL,NULL,NULL,1),(45,'2006-11-07 19:52:11','R','2006-11-02',41,'F',20,'29',NULL,NULL,'R',NULL,'',NULL,'admin',0,NULL,NULL,NULL,NULL,NULL,1),(46,'2006-11-07 19:52:55','N','2006-11-02',42,'F',6,'43',NULL,NULL,NULL,NULL,'',NULL,'admin',0,NULL,NULL,NULL,NULL,NULL,1),(47,'2006-11-07 19:53:35','R','2006-11-02',43,'F',6,'39',NULL,NULL,NULL,NULL,'',NULL,'admin',0,NULL,NULL,NULL,NULL,NULL,1),(48,'2006-11-07 19:57:39','N','2006-11-02',44,'F',51,'15',NULL,NULL,NULL,'R','',NULL,'admin',0,NULL,NULL,NULL,NULL,NULL,1),(49,'2006-11-07 19:58:24','N','2006-11-02',45,'F',3,'43',NULL,NULL,NULL,NULL,'',NULL,'admin',0,NULL,NULL,NULL,NULL,NULL,1),(50,'2006-11-07 19:58:57','N','2006-11-02',46,'M',1,'39',NULL,NULL,'R',NULL,'',NULL,'admin',0,NULL,NULL,NULL,NULL,NULL,1),(51,'2006-11-07 19:59:49','N','2006-11-02',47,'M',2,'39',NULL,NULL,NULL,NULL,'',NULL,'admin',0,NULL,NULL,NULL,NULL,NULL,1),(52,'2006-11-07 20:01:30','N','2006-11-02',48,'F',1,'25',NULL,NULL,NULL,'R','',NULL,'admin',0,NULL,NULL,NULL,NULL,NULL,1),(53,'2006-11-07 20:04:12','N','2006-11-02',49,'M',1,'40',NULL,NULL,NULL,NULL,'',NULL,'admin',0,NULL,NULL,NULL,NULL,NULL,1),(54,'2006-11-07 20:04:45','N','2006-11-02',50,'M',60,'39',NULL,NULL,NULL,NULL,'',NULL,'admin',0,NULL,NULL,NULL,NULL,NULL,1),(55,'2006-11-07 20:06:02','N','2006-11-02',51,'F',54,'89',NULL,NULL,'R',NULL,'',NULL,'admin',0,NULL,NULL,NULL,NULL,NULL,1),(56,'2006-11-07 20:07:26','N','2006-11-02',52,'M',39,'15',NULL,NULL,NULL,'R','',NULL,'admin',0,NULL,NULL,NULL,NULL,NULL,1),(58,'2006-11-07 20:10:01','R','2006-11-02',53,'F',60,'49',NULL,NULL,NULL,NULL,'',NULL,'admin',0,NULL,NULL,NULL,NULL,NULL,1),(59,'2006-11-07 20:10:45','N','2006-11-02',54,'M',61,'15',NULL,NULL,NULL,NULL,'',NULL,'admin',0,NULL,NULL,NULL,NULL,NULL,1),(60,'2006-11-07 20:12:02','N','2006-11-02',55,'M',1,'40',NULL,NULL,'R','R','',NULL,'admin',0,NULL,NULL,NULL,NULL,NULL,1),(61,'2006-11-07 20:13:11','N','2006-11-02',56,'M',1,'39',NULL,NULL,NULL,NULL,'',NULL,'admin',0,NULL,NULL,NULL,NULL,NULL,1),(62,'2006-11-07 20:13:33','N','2006-11-02',57,'M',1,'39',NULL,NULL,NULL,NULL,'',NULL,'admin',0,NULL,NULL,NULL,NULL,NULL,1),(63,'2006-11-07 20:14:15','N','2006-11-02',58,'M',5,'39',NULL,NULL,NULL,NULL,'',NULL,'admin',0,NULL,NULL,NULL,NULL,NULL,1),(64,'2006-11-07 20:15:01','N','2006-11-02',59,'M',25,'43',NULL,NULL,NULL,'R','',NULL,'admin',0,NULL,NULL,NULL,NULL,NULL,1),(65,'2006-11-07 20:16:49','N','2006-11-02',60,'M',25,'49',NULL,NULL,'R',NULL,'',NULL,'admin',0,NULL,NULL,NULL,NULL,NULL,1),(66,'2006-11-07 20:17:21','N','2006-11-02',61,'M',19,'49',NULL,NULL,NULL,NULL,'',NULL,'admin',0,NULL,NULL,NULL,NULL,NULL,1),(67,'2006-11-07 20:18:44','N','2006-11-02',62,'F',30,'47',NULL,NULL,NULL,NULL,'',NULL,'admin',0,NULL,NULL,NULL,NULL,NULL,1),(68,'2006-11-07 20:20:29','N','2006-11-02',63,'F',58,'43',NULL,NULL,NULL,'R','',NULL,'admin',0,NULL,NULL,NULL,NULL,NULL,1),(69,'2006-11-07 20:21:43','N','2006-11-02',64,'M',20,'37',NULL,NULL,NULL,NULL,'',NULL,'admin',0,NULL,NULL,NULL,NULL,NULL,1),(70,'2006-11-07 20:22:32','N','2006-11-02',65,'M',2,'15',NULL,NULL,'R',NULL,'',NULL,'admin',0,NULL,NULL,NULL,NULL,NULL,1),(71,'2006-11-07 20:22:59','N','2006-11-02',66,'F',1,'39',NULL,NULL,NULL,NULL,'',NULL,'admin',0,NULL,NULL,NULL,NULL,NULL,1),(72,'2006-11-07 20:23:24','N','2006-11-02',67,'F',2,'39',NULL,NULL,NULL,'R','',NULL,'admin',0,NULL,NULL,NULL,NULL,NULL,1),(73,'2006-11-07 20:23:55','N','2006-11-02',68,'M',1,'39',NULL,NULL,NULL,NULL,'',NULL,'admin',0,NULL,NULL,NULL,NULL,NULL,1),(74,'2006-11-07 20:24:41','R','2006-11-02',69,'M',0,'47',NULL,NULL,NULL,NULL,'',NULL,'admin',0,NULL,NULL,NULL,NULL,NULL,1),(75,'2006-11-07 20:25:32','R','2006-11-02',70,'M',1,'40',NULL,NULL,'R',NULL,'',NULL,'admin',0,NULL,NULL,NULL,NULL,NULL,1),(76,'2006-11-07 20:25:58','N','2006-11-02',71,'M',6,'39',NULL,NULL,NULL,'R','',NULL,'admin',0,NULL,NULL,NULL,NULL,NULL,1),(77,'2006-11-07 20:26:31','N','2006-11-02',72,'M',0,'39',NULL,NULL,NULL,NULL,'',NULL,'admin',0,NULL,NULL,NULL,NULL,NULL,1),(78,'2006-11-07 20:30:47','N','2006-11-02',73,'F',18,'20',NULL,NULL,NULL,NULL,'',NULL,'admin',0,NULL,NULL,NULL,NULL,NULL,1),(79,'2006-11-07 20:31:21','N','2006-11-02',74,'F',7,'39',NULL,NULL,NULL,NULL,'',NULL,'admin',0,NULL,NULL,NULL,NULL,NULL,1),(80,'2006-11-07 20:32:10','N','2006-11-02',75,'F',0,'15',NULL,NULL,'R','R','',NULL,'admin',0,NULL,NULL,NULL,NULL,NULL,1),(81,'2006-11-07 20:32:47','N','2006-11-02',76,'M',0,'40',NULL,NULL,NULL,NULL,'',NULL,'admin',0,NULL,NULL,NULL,NULL,NULL,1),(83,'2006-11-07 20:40:58','N','2006-11-02',77,'F',3,'39',NULL,NULL,NULL,NULL,'',NULL,'admin',0,NULL,NULL,NULL,NULL,NULL,1),(84,'2006-11-07 20:41:27','N','2006-11-02',78,'M',1,'39',NULL,NULL,NULL,'R','',NULL,'admin',0,NULL,NULL,NULL,NULL,NULL,1),(85,'2006-11-07 20:41:56','N','2006-11-02',79,'M',0,'39',NULL,NULL,'R',NULL,'',NULL,'admin',0,NULL,NULL,NULL,NULL,NULL,1),(86,'2006-11-07 20:42:31','N','2006-11-02',80,'M',3,'39',NULL,NULL,NULL,NULL,'',NULL,'admin',0,NULL,NULL,NULL,NULL,NULL,1),(87,'2006-11-07 20:43:32','N','2006-11-02',81,'F',0,'39',NULL,NULL,NULL,NULL,'',NULL,'admin',0,NULL,NULL,NULL,NULL,NULL,1),(88,'2006-11-07 20:44:02','N','2006-11-02',82,'M',0,'40',NULL,NULL,NULL,'R','',NULL,'admin',0,NULL,NULL,NULL,NULL,NULL,1),(89,'2006-11-07 20:44:31','N','2006-11-02',83,'M',0,'39',NULL,NULL,NULL,NULL,'',NULL,'admin',0,NULL,NULL,NULL,NULL,NULL,1),(90,'2006-11-07 20:45:09','N','2006-11-02',84,'F',33,'40',NULL,NULL,'R',NULL,'',NULL,'admin',0,NULL,NULL,NULL,NULL,NULL,1),(91,'2006-11-07 20:45:43','R','2006-11-02',85,'F',31,'29',NULL,NULL,NULL,NULL,'',NULL,'admin',0,NULL,NULL,NULL,NULL,NULL,1),(92,'2006-11-07 20:46:27','N','2006-11-02',86,'M',1,'39',NULL,NULL,NULL,'R','',NULL,'admin',0,NULL,NULL,NULL,NULL,NULL,1),(93,'2006-11-07 20:47:16','N','2006-11-02',87,'M',4,'37',NULL,NULL,NULL,NULL,'',NULL,'admin',0,NULL,NULL,NULL,NULL,NULL,1),(94,'2006-11-07 20:47:46','N','2006-11-02',88,'F',57,'39',NULL,NULL,NULL,NULL,'',NULL,'admin',0,NULL,NULL,NULL,NULL,NULL,1),(95,'2006-11-07 20:48:57','N','2006-11-02',89,'F',1,'40',NULL,NULL,'R',NULL,'',NULL,'admin',0,NULL,NULL,NULL,NULL,NULL,1),(96,'2006-11-07 20:49:22','N','2006-11-02',90,'F',3,'39',NULL,NULL,NULL,'R','',NULL,'admin',0,NULL,NULL,NULL,NULL,NULL,1),(97,'2006-11-07 20:50:57','R','2006-11-02',91,'M',75,'14',NULL,NULL,NULL,NULL,'',NULL,'admin',0,NULL,NULL,NULL,NULL,NULL,1),(98,'2006-11-07 20:51:40','R','2006-11-02',92,'F',59,'40',NULL,NULL,NULL,NULL,'',NULL,'admin',0,NULL,NULL,NULL,NULL,NULL,1),(99,'2006-11-07 20:52:54','R','2006-11-02',93,'F',29,'47',NULL,NULL,NULL,NULL,'',NULL,'admin',0,NULL,NULL,NULL,NULL,NULL,1),(100,'2006-11-07 20:54:27','R','2006-11-02',94,'F',35,'60',NULL,NULL,'R','R','',NULL,'admin',0,NULL,NULL,NULL,NULL,NULL,1),(101,'2006-11-07 20:55:32','N','2006-11-02',95,'F',48,'49',NULL,NULL,NULL,NULL,'',NULL,'admin',0,NULL,NULL,NULL,NULL,NULL,1),(102,'2006-11-07 20:56:23','R','2006-11-02',96,'M',0,'49',NULL,NULL,NULL,NULL,'',NULL,'admin',0,NULL,NULL,NULL,NULL,NULL,1),(103,'2006-11-07 20:57:23','N','2006-11-02',97,'F',60,'30',NULL,NULL,NULL,NULL,'',NULL,'admin',0,NULL,NULL,NULL,NULL,NULL,1),(104,'2006-11-07 20:58:35','N','2006-11-02',98,'M',33,'44',NULL,NULL,NULL,'R','',NULL,'admin',0,NULL,NULL,NULL,NULL,NULL,1),(105,'2006-11-07 21:00:44','N','2006-11-02',99,'F',22,'15',NULL,NULL,'R',NULL,'',NULL,'admin',0,NULL,NULL,NULL,NULL,NULL,1),(106,'2006-11-07 21:02:22','N','2006-11-02',100,'F',44,'39',NULL,NULL,NULL,NULL,'',NULL,'admin',0,NULL,NULL,NULL,NULL,NULL,1),(107,'2006-11-07 21:03:56','N','2006-11-02',101,'M',2,'23',NULL,NULL,NULL,NULL,'',NULL,'admin',0,NULL,NULL,NULL,NULL,NULL,1),(108,'2006-11-07 21:04:56','N','2006-11-02',102,'F',23,'26',NULL,NULL,NULL,'R','',NULL,'admin',0,NULL,NULL,NULL,NULL,NULL,1),(109,'2006-11-07 21:05:54','R','2006-11-02',103,'F',35,'15',NULL,NULL,NULL,NULL,'',NULL,'admin',0,NULL,NULL,NULL,NULL,NULL,1),(110,'2006-11-07 21:06:55','R','2006-11-02',104,'F',0,'39',NULL,NULL,'R',NULL,'',NULL,'admin',0,NULL,NULL,NULL,NULL,NULL,1),(111,'2006-11-07 21:07:20','R','2006-11-02',105,'F',45,'44',NULL,NULL,NULL,NULL,'',NULL,'admin',0,NULL,NULL,NULL,NULL,NULL,1),(112,'2006-11-07 21:08:05','R','2006-11-02',106,'F',83,'16',NULL,NULL,NULL,'R','',NULL,'admin',0,NULL,NULL,NULL,NULL,NULL,1),(113,'2006-11-07 21:08:44','N','2006-11-02',107,'M',71,'16',NULL,NULL,NULL,NULL,'',NULL,'admin',0,NULL,NULL,NULL,NULL,NULL,1),(115,'2006-11-07 21:11:10','N','2006-11-02',108,'F',38,'29',NULL,NULL,'R',NULL,'',NULL,'admin',0,NULL,NULL,NULL,NULL,NULL,1),(116,'2006-11-07 21:11:32','N','2006-11-02',109,'M',1,'39',NULL,NULL,NULL,'R','',NULL,'admin',0,NULL,NULL,NULL,NULL,NULL,1),(117,'2006-11-07 21:12:21','N','2006-11-02',110,'M',1,'42',NULL,NULL,NULL,NULL,'',NULL,'admin',0,NULL,NULL,NULL,NULL,NULL,1),(118,'2006-11-07 21:13:08','N','2006-11-02',111,'M',12,'39',NULL,NULL,NULL,NULL,'',NULL,'admin',0,NULL,NULL,NULL,NULL,NULL,1),(119,'2006-11-07 21:13:40','N','2006-11-02',112,'M',11,'30',NULL,NULL,NULL,NULL,'',NULL,'admin',0,NULL,NULL,NULL,NULL,NULL,1),(120,'2006-11-07 21:14:22','R','2006-11-02',113,'F',32,'110',NULL,NULL,'R','R','',NULL,'admin',0,NULL,NULL,NULL,NULL,NULL,1),(121,'2006-11-07 21:15:24','N','2006-11-02',114,'F',56,'15',NULL,NULL,NULL,NULL,'',NULL,'admin',0,NULL,NULL,NULL,NULL,NULL,1),(122,'2006-11-07 21:16:34','N','2006-11-02',115,'F',38,'15',NULL,NULL,NULL,NULL,'',NULL,'admin',0,NULL,NULL,NULL,NULL,NULL,1),(123,'2006-11-07 21:18:11','N','2006-11-02',116,'F',45,'110',NULL,NULL,NULL,NULL,'',NULL,'admin',0,NULL,NULL,NULL,NULL,NULL,1),(124,'2006-11-07 21:18:48','N','2006-11-02',117,'F',18,'26',NULL,NULL,NULL,'R','',NULL,'admin',0,NULL,NULL,NULL,NULL,NULL,1),(125,'2006-11-07 21:20:32','N','2006-11-02',118,'M',9,'15',NULL,NULL,'R',NULL,'',NULL,'admin',0,NULL,NULL,NULL,NULL,NULL,1),(126,'2006-11-07 21:21:09','N','2006-11-02',119,'F',0,'39',NULL,NULL,NULL,NULL,'',NULL,'admin',0,NULL,NULL,NULL,NULL,NULL,1),(127,'2006-11-07 21:22:16','N','2006-11-02',120,'M',6,'13',NULL,NULL,NULL,NULL,'',NULL,'admin',0,NULL,NULL,NULL,NULL,NULL,1),(128,'2006-11-07 21:23:48','N','2006-11-02',121,'F',19,'26',NULL,NULL,NULL,'R','',NULL,'admin',0,NULL,NULL,NULL,NULL,NULL,1),(129,'2006-11-07 21:24:29','R','2006-11-02',122,'M',0,'40',NULL,NULL,NULL,NULL,'',NULL,'admin',0,NULL,NULL,NULL,NULL,NULL,1),(130,'2006-11-07 21:25:11','N','2006-11-02',123,'F',8,'40',NULL,NULL,'R',NULL,'',NULL,'admin',0,NULL,NULL,NULL,NULL,NULL,1),(131,'2006-11-07 21:25:52','R','2006-11-02',124,'F',31,'39',NULL,NULL,NULL,NULL,'',NULL,'admin',0,NULL,NULL,NULL,NULL,NULL,1),(132,'2006-11-07 21:27:17','N','2006-11-02',125,'M',5,'89',NULL,NULL,NULL,'R','',NULL,'admin',0,NULL,NULL,NULL,NULL,NULL,1),(133,'2006-11-07 21:28:34','N','2006-11-02',126,'F',20,'22',NULL,NULL,NULL,NULL,'',NULL,'admin',0,NULL,NULL,NULL,NULL,NULL,1),(134,'2006-11-07 21:29:53','N','2006-11-02',127,'F',24,'15',NULL,NULL,NULL,NULL,'',NULL,'admin',0,NULL,NULL,NULL,NULL,NULL,1),(135,'2006-11-08 08:47:18','N','2006-11-02',128,'F',4,'39',NULL,NULL,'R',NULL,'',NULL,'admin',0,NULL,NULL,NULL,NULL,NULL,1),(136,'2006-11-08 08:48:15','R','2006-11-02',129,'M',37,'47',NULL,NULL,NULL,'R','',NULL,'admin',0,NULL,NULL,NULL,NULL,NULL,1),(137,'2006-11-08 08:49:47','N','2006-11-02',130,'F',46,'37',NULL,NULL,NULL,NULL,'',NULL,'admin',0,NULL,NULL,NULL,NULL,NULL,1),(138,'2006-11-08 08:51:35','N','2006-11-02',131,'M',1,'43',NULL,NULL,NULL,NULL,'',NULL,'admin',0,NULL,NULL,NULL,NULL,NULL,1),(139,'2006-11-08 08:52:38','N','2006-11-02',132,'F',0,'40',NULL,NULL,NULL,NULL,'',NULL,'admin',0,NULL,NULL,NULL,NULL,NULL,1),(140,'2006-11-08 08:53:52','N','2006-11-02',133,'F',40,'39',NULL,NULL,'R','R','',NULL,'admin',0,NULL,NULL,NULL,NULL,NULL,1),(141,'2006-11-08 08:55:28','N','2006-11-02',134,'F',1,'39',NULL,NULL,NULL,NULL,'',NULL,'admin',0,NULL,NULL,NULL,NULL,NULL,1),(142,'2006-11-08 08:57:31','R','2006-11-02',135,'F',24,'103',NULL,NULL,NULL,NULL,'',NULL,'admin',0,NULL,NULL,NULL,NULL,NULL,1),(143,'2006-11-08 08:58:21','N','2006-11-02',136,'F',0,'30',NULL,NULL,NULL,NULL,'',NULL,'admin',0,NULL,NULL,NULL,NULL,NULL,1),(144,'2006-11-08 09:00:37','N','2006-11-02',137,'F',23,'15',NULL,NULL,NULL,'R','',NULL,'admin',0,NULL,NULL,NULL,NULL,NULL,1),(145,'2006-11-08 09:01:29','N','2006-11-02',138,'F',62,'84',NULL,NULL,'R',NULL,'',NULL,'admin',0,NULL,NULL,NULL,NULL,NULL,1),(146,'2006-11-08 09:02:03','N','2006-11-02',139,'F',1,'39',NULL,NULL,NULL,NULL,'',NULL,'admin',0,NULL,NULL,NULL,NULL,NULL,1),(147,'2006-11-08 09:02:31','N','2006-11-02',140,'F',1,'39',NULL,NULL,NULL,NULL,'',NULL,'admin',0,NULL,NULL,NULL,NULL,NULL,1),(148,'2006-11-08 09:03:28','N','2006-11-02',141,'M',34,'24',NULL,NULL,NULL,'R','',NULL,'admin',0,NULL,NULL,NULL,NULL,NULL,1),(149,'2006-11-08 09:04:14','R','2006-11-02',142,'M',5,'89',NULL,NULL,NULL,NULL,'',NULL,'admin',0,NULL,NULL,NULL,NULL,NULL,1),(150,'2006-11-08 09:04:54','N','2006-11-02',143,'F',6,'40',NULL,NULL,'R',NULL,'',NULL,'admin',0,NULL,NULL,NULL,NULL,NULL,1),(151,'2006-11-08 09:06:29','N','2006-11-02',144,'M',0,'30',NULL,NULL,NULL,NULL,'',NULL,'admin',0,NULL,NULL,NULL,NULL,NULL,1),(152,'2006-11-08 09:07:07','R','2006-11-02',145,'M',1,'39',NULL,NULL,NULL,'R','',NULL,'admin',0,NULL,NULL,NULL,NULL,NULL,1),(153,'2006-11-08 09:07:56','N','2006-11-02',146,'F',35,'37',NULL,NULL,NULL,NULL,'',NULL,'admin',0,NULL,NULL,NULL,NULL,NULL,1),(154,'2006-11-08 09:08:45','N','2006-11-02',147,'F',30,'110',NULL,NULL,NULL,NULL,'',NULL,'admin',0,NULL,NULL,NULL,NULL,NULL,1),(155,'2006-11-08 09:11:38','R','2006-11-02',148,'M',29,'39',NULL,NULL,'R',NULL,'',NULL,'admin',0,NULL,NULL,NULL,NULL,NULL,1),(156,'2006-11-08 09:12:16','N','2006-11-02',149,'M',1,'43',NULL,NULL,NULL,'R','',NULL,'admin',0,NULL,NULL,NULL,NULL,NULL,1),(157,'2006-11-08 09:13:25','N','2006-11-02',150,'F',17,'18',NULL,NULL,NULL,NULL,'',NULL,'admin',0,NULL,NULL,NULL,NULL,NULL,1),(158,'2006-11-08 09:14:21','R','2006-11-02',151,'F',54,'68',NULL,NULL,NULL,NULL,'',NULL,'admin',0,NULL,NULL,NULL,NULL,NULL,1),(159,'2006-11-08 09:15:21','N','2006-11-02',152,'M',42,'14',NULL,NULL,NULL,NULL,'',NULL,'admin',0,NULL,NULL,NULL,NULL,NULL,1),(160,'2006-11-08 09:15:47','N','2006-11-03',153,'M',3,'39',NULL,NULL,'R','R','',NULL,'admin',0,NULL,NULL,NULL,NULL,NULL,1),(161,'2006-11-08 09:16:26','N','2006-11-03',154,'M',0,'40',NULL,NULL,NULL,NULL,'',NULL,'admin',0,NULL,NULL,NULL,NULL,NULL,1),(162,'2006-11-08 09:17:47','N','2006-11-03',155,'M',65,'47',NULL,NULL,NULL,NULL,'',NULL,'admin',0,NULL,NULL,NULL,NULL,NULL,1),(163,'2006-11-08 09:18:42','N','2006-11-03',156,'M',61,'15',NULL,NULL,NULL,NULL,'',NULL,'admin',0,NULL,NULL,NULL,NULL,NULL,1),(164,'2006-11-08 09:19:34','R','2006-11-03',157,'F',57,'16',NULL,NULL,NULL,'R','',NULL,'admin',0,NULL,NULL,NULL,NULL,NULL,1),(165,'2006-11-08 09:20:23','N','2006-11-03',158,'F',32,'89',NULL,NULL,'R',NULL,'',NULL,'admin',0,NULL,NULL,NULL,NULL,NULL,1),(166,'2006-11-08 09:21:43','N','2006-11-03',159,'F',30,'40',NULL,NULL,NULL,NULL,'',NULL,'admin',0,NULL,NULL,NULL,NULL,NULL,1),(167,'2006-11-08 09:22:25','R','2006-11-03',160,'F',63,'14',NULL,NULL,NULL,NULL,'',NULL,'admin',0,NULL,NULL,NULL,NULL,NULL,1),(168,'2006-11-08 09:24:40','N','2006-11-03',161,'M',25,'32',NULL,NULL,NULL,'R','',NULL,'admin',0,NULL,NULL,NULL,NULL,NULL,1),(169,'2006-11-08 09:26:00','R','2006-11-03',162,'F',44,'15',NULL,NULL,NULL,NULL,'',NULL,'admin',0,NULL,NULL,NULL,NULL,NULL,1),(170,'2006-11-08 09:26:30','N','2006-11-03',163,'F',1,'39',NULL,NULL,'R',NULL,'',NULL,'admin',0,NULL,NULL,NULL,NULL,NULL,1),(171,'2006-11-08 09:27:05','N','2006-11-03',164,'M',0,'39',NULL,NULL,NULL,NULL,'',NULL,'admin',0,NULL,NULL,NULL,NULL,NULL,1),(172,'2006-11-08 09:28:02','N','2006-11-03',165,'F',10,'43',NULL,NULL,NULL,'R','',NULL,'admin',0,NULL,NULL,NULL,NULL,NULL,1),(173,'2006-11-08 09:28:57','N','2006-11-03',166,'M',5,'40',NULL,NULL,NULL,NULL,'',NULL,'admin',0,NULL,NULL,NULL,NULL,NULL,1),(174,'2006-11-08 09:29:46','N','2006-11-03',167,'F',6,'89',NULL,NULL,NULL,NULL,'',NULL,'admin',0,NULL,NULL,NULL,NULL,NULL,1),(175,'2006-11-08 09:30:19','N','2006-11-03',168,'F',71,'89',NULL,NULL,'R',NULL,'',NULL,'admin',0,NULL,NULL,NULL,NULL,NULL,1),(176,'2006-11-08 09:31:29','N','2006-11-03',169,'F',59,'39',NULL,NULL,NULL,'R','',NULL,'admin',0,NULL,NULL,NULL,NULL,NULL,1),(177,'2006-11-08 09:31:52','N','2006-11-03',170,'F',2,'39',NULL,NULL,NULL,NULL,'',NULL,'admin',0,NULL,NULL,NULL,NULL,NULL,1),(178,'2006-11-08 09:34:38','N','2006-11-03',171,'F',40,'19',NULL,NULL,NULL,NULL,'',NULL,'admin',0,NULL,NULL,NULL,NULL,NULL,1),(179,'2006-11-08 09:35:31','R','2006-11-03',172,'F',28,'84',NULL,NULL,NULL,NULL,'',NULL,'admin',0,NULL,NULL,NULL,NULL,NULL,1),(180,'2006-11-08 09:36:46','R','2006-11-03',173,'M',41,'14',NULL,NULL,'R','R','',NULL,'admin',0,NULL,NULL,NULL,NULL,NULL,1),(181,'2006-11-08 09:37:25','R','2006-11-03',174,'M',35,'14',NULL,NULL,NULL,NULL,'',NULL,'admin',0,NULL,NULL,NULL,NULL,NULL,1),(182,'2006-11-08 09:38:18','N','2006-11-03',175,'F',4,'39',NULL,NULL,NULL,NULL,'',NULL,'admin',0,NULL,NULL,NULL,NULL,NULL,1),(183,'2006-11-08 15:46:30','N','2006-11-03',176,'F',47,'15',NULL,NULL,NULL,NULL,'',NULL,'admin',0,NULL,NULL,NULL,NULL,NULL,1),(184,'2006-11-08 15:47:09','N','2006-11-03',177,'F',1,'39',NULL,NULL,NULL,'R','',NULL,'admin',0,NULL,NULL,NULL,NULL,NULL,1),(185,'2006-11-08 15:48:56','N','2006-11-03',178,'F',25,'49',NULL,NULL,'R',NULL,'',NULL,'admin',0,NULL,NULL,NULL,NULL,NULL,1),(186,'2006-11-08 15:49:32','N','2006-11-03',179,'F',1,'39',NULL,NULL,NULL,NULL,'',NULL,'admin',0,NULL,NULL,NULL,NULL,NULL,1),(187,'2006-11-08 15:50:03','N','2006-11-03',180,'M',1,'39',NULL,NULL,NULL,NULL,'',NULL,'admin',0,NULL,NULL,NULL,NULL,NULL,1),(188,'2006-11-08 15:50:54','N','2006-11-03',181,'F',18,'39',NULL,NULL,NULL,'R','',NULL,'admin',0,NULL,NULL,NULL,NULL,NULL,1),(189,'2006-11-08 15:51:28','N','2006-11-03',182,'M',0,'39',NULL,NULL,NULL,NULL,'',NULL,'admin',0,NULL,NULL,NULL,NULL,NULL,1),(190,'2006-11-08 15:53:14','R','2006-11-03',183,'F',27,'17',NULL,NULL,'R',NULL,'',NULL,'admin',0,NULL,NULL,NULL,NULL,NULL,1),(191,'2006-11-08 15:56:14','N','2006-11-03',184,'F',14,'48',NULL,NULL,NULL,NULL,'',NULL,'admin',0,NULL,NULL,NULL,NULL,NULL,1),(192,'2006-11-08 15:57:12','N','2006-11-03',185,'F',41,'22',NULL,NULL,NULL,'R','',NULL,'admin',0,NULL,NULL,NULL,NULL,NULL,1),(193,'2006-11-08 15:57:57','N','2006-11-03',186,'M',2,'39',NULL,NULL,NULL,NULL,'',NULL,'admin',0,NULL,NULL,NULL,NULL,NULL,1),(194,'2006-11-08 15:59:01','N','2006-11-03',187,'F',1,'39',NULL,NULL,NULL,NULL,'',NULL,'admin',0,NULL,NULL,NULL,NULL,NULL,1),(195,'2006-11-08 15:59:37','N','2006-11-03',188,'F',1,'39',NULL,NULL,'R',NULL,'',NULL,'admin',0,NULL,NULL,NULL,NULL,NULL,1),(196,'2006-11-08 16:00:14','N','2006-11-03',189,'F',2,'39',NULL,NULL,NULL,'R','',NULL,'admin',0,NULL,NULL,NULL,NULL,NULL,1),(197,'2006-11-08 16:00:45','N','2006-11-03',190,'M',16,'39',NULL,NULL,NULL,NULL,'',NULL,'admin',0,NULL,NULL,NULL,NULL,NULL,1),(198,'2006-11-08 16:01:18','N','2006-11-03',191,'F',0,'39',NULL,NULL,NULL,NULL,'',NULL,'admin',0,NULL,NULL,NULL,NULL,NULL,1),(199,'2006-11-08 16:02:17','R','2006-11-03',192,'M',52,'84',NULL,NULL,NULL,NULL,'',NULL,'admin',0,NULL,NULL,NULL,NULL,NULL,1),(200,'2006-11-08 16:03:35','N','2006-11-03',193,'M',1,'39',NULL,NULL,'R','R','',NULL,'admin',0,NULL,NULL,NULL,NULL,NULL,1),(201,'2006-11-08 16:04:26','R','2006-11-03',194,'M',48,'14',NULL,NULL,NULL,NULL,'',NULL,'admin',0,NULL,NULL,NULL,NULL,NULL,1),(202,'2006-11-08 16:04:58','N','2006-11-03',195,'M',3,'39',NULL,NULL,NULL,NULL,'',NULL,'admin',0,NULL,NULL,NULL,NULL,NULL,1),(203,'2006-11-08 16:06:10','R','2006-11-03',196,'F',24,'26',NULL,NULL,NULL,NULL,'',NULL,'admin',0,NULL,NULL,NULL,NULL,NULL,1),(204,'2006-11-08 16:07:06','N','2006-11-03',197,'M',0,'39',NULL,NULL,NULL,'R','',NULL,'admin',0,NULL,NULL,NULL,NULL,NULL,1),(206,'2006-11-08 16:08:32','N','2006-11-03',199,'M',2,'39',NULL,NULL,NULL,NULL,'',NULL,'admin',0,NULL,NULL,NULL,NULL,NULL,1),(207,'2006-11-08 16:09:54','N','2006-11-03',200,'F',32,'26',NULL,NULL,NULL,NULL,'',NULL,'admin',0,NULL,NULL,NULL,NULL,NULL,1),(208,'2006-11-08 16:11:13','N','2006-11-03',201,'F',1,'39',NULL,NULL,NULL,'R','',NULL,'admin',0,NULL,NULL,NULL,NULL,NULL,1),(209,'2006-11-08 16:12:22','R','2006-11-03',202,'F',7,'39',NULL,NULL,NULL,NULL,'',NULL,'admin',0,NULL,NULL,NULL,NULL,NULL,1),(210,'2006-11-08 16:13:18','R','2006-11-03',203,'F',56,'44',NULL,NULL,'R',NULL,'',NULL,'admin',0,NULL,NULL,NULL,NULL,NULL,1),(211,'2006-11-08 16:13:51','N','2006-11-03',204,'M',0,'39',NULL,NULL,NULL,NULL,'',NULL,'admin',0,NULL,NULL,NULL,NULL,NULL,1),(212,'2006-11-08 16:15:18','N','2006-11-03',205,'F',27,'15',NULL,NULL,NULL,'R','',NULL,'admin',0,NULL,NULL,NULL,NULL,NULL,1),(213,'2006-11-08 16:16:03','N','2006-11-03',206,'M',2,'39',NULL,NULL,NULL,NULL,'',NULL,'admin',0,NULL,NULL,NULL,NULL,NULL,1),(214,'2006-11-08 16:16:51','N','2006-11-03',207,'F',0,'39',NULL,NULL,NULL,NULL,'',NULL,'admin',0,NULL,NULL,NULL,NULL,NULL,1),(215,'2006-11-08 16:18:28','N','2006-11-03',208,'F',35,'12',NULL,NULL,'R',NULL,'',NULL,'admin',0,NULL,NULL,NULL,NULL,NULL,1),(216,'2006-11-08 16:19:19','N','2006-11-03',209,'F',1,'39',NULL,NULL,NULL,'R','',NULL,'admin',0,NULL,NULL,NULL,NULL,NULL,1),(217,'2006-11-08 16:20:37','N','2006-11-03',210,'F',60,'89',NULL,NULL,NULL,NULL,'',NULL,'admin',0,NULL,NULL,NULL,NULL,NULL,1),(218,'2006-11-08 16:21:17','N','2006-11-03',211,'F',0,'39',NULL,NULL,NULL,NULL,'',NULL,'admin',0,NULL,NULL,NULL,NULL,NULL,1),(219,'2006-11-08 16:21:48','N','2006-11-03',212,'M',1,'39',NULL,NULL,NULL,NULL,'',NULL,'admin',0,NULL,NULL,NULL,NULL,NULL,1),(220,'2006-11-08 16:23:42','N','2006-11-03',213,'F',34,'47',NULL,NULL,'R','R','',NULL,'admin',0,NULL,NULL,NULL,NULL,NULL,1),(221,'2006-11-08 16:24:23','R','2006-11-03',214,'M',39,'14',NULL,NULL,NULL,NULL,'',NULL,'admin',0,NULL,NULL,NULL,NULL,NULL,1),(222,'2006-11-08 16:27:17','N','2006-11-03',215,'M',22,'89',NULL,NULL,NULL,NULL,'',NULL,'admin',0,NULL,NULL,NULL,NULL,NULL,1),(223,'2006-11-08 16:28:37','N','2006-11-03',216,'M',30,'33',NULL,NULL,NULL,NULL,'',NULL,'admin',0,NULL,NULL,NULL,NULL,NULL,1),(224,'2006-11-08 16:29:29','R','2006-11-03',217,'F',45,'47',NULL,NULL,NULL,'R','',NULL,'admin',0,NULL,NULL,NULL,NULL,NULL,1),(225,'2006-11-08 16:29:53','R','2006-11-03',218,'F',1,'39',NULL,NULL,'R',NULL,'',NULL,'admin',0,NULL,NULL,NULL,NULL,NULL,1),(226,'2006-11-08 16:31:01','R','2006-11-03',219,'F',76,'16',NULL,NULL,NULL,NULL,'',NULL,'admin',0,NULL,NULL,NULL,NULL,NULL,1),(227,'2006-11-08 16:31:31','R','2006-11-03',220,'F',40,'110',NULL,NULL,NULL,NULL,'',NULL,'admin',0,NULL,NULL,NULL,NULL,NULL,1),(228,'2006-11-08 16:33:09','N','2006-11-03',221,'F',50,'37',NULL,NULL,NULL,'R','',NULL,'admin',0,NULL,NULL,NULL,NULL,NULL,1),(229,'2006-11-08 16:33:30','N','2006-11-03',222,'F',0,'39',NULL,NULL,NULL,NULL,'',NULL,'admin',0,NULL,NULL,NULL,NULL,NULL,1),(230,'2006-11-08 16:33:48','R','2006-11-03',223,'M',1,'39',NULL,NULL,'R',NULL,'',NULL,'admin',0,NULL,NULL,NULL,NULL,NULL,1),(231,'2006-11-08 16:34:18','N','2006-11-03',224,'F',0,'39',NULL,NULL,NULL,NULL,'',NULL,'admin',0,NULL,NULL,NULL,NULL,NULL,1),(232,'2006-11-08 16:34:57','N','2006-11-03',225,'F',47,'89',NULL,NULL,NULL,'R','',NULL,'admin',0,NULL,NULL,NULL,NULL,NULL,1),(233,'2006-11-08 16:35:33','N','2006-11-03',226,'M',10,'32',NULL,NULL,NULL,NULL,'',NULL,'admin',0,NULL,NULL,NULL,NULL,NULL,1),(234,'2006-11-08 16:36:01','N','2006-11-03',227,'F',1,'39',NULL,NULL,NULL,NULL,'',NULL,'admin',0,NULL,NULL,NULL,NULL,NULL,1),(235,'2006-11-08 16:36:48','N','2006-11-03',228,'M',12,'37',NULL,NULL,'R',NULL,'',NULL,'admin',0,NULL,NULL,NULL,NULL,NULL,1),(236,'2006-11-08 16:37:18','R','2006-11-03',229,'M',60,'14',NULL,NULL,NULL,'R','',NULL,'admin',0,NULL,NULL,NULL,NULL,NULL,1),(237,'2006-11-08 16:37:51','N','2006-11-03',230,'M',34,'44',NULL,NULL,NULL,NULL,'',NULL,'admin',0,NULL,NULL,NULL,NULL,NULL,1),(238,'2006-11-08 16:38:38','R','2006-11-03',231,'F',50,'16',NULL,NULL,NULL,NULL,'',NULL,'admin',0,NULL,NULL,NULL,NULL,NULL,1),(239,'2006-11-08 16:39:06','N','2006-11-03',232,'F',1,'39',NULL,NULL,NULL,NULL,'',NULL,'admin',0,NULL,NULL,NULL,NULL,NULL,1),(240,'2006-11-08 16:39:37','R','2006-11-03',233,'M',52,'84',NULL,NULL,'R','R','',NULL,'admin',0,NULL,NULL,NULL,NULL,NULL,1),(241,'2006-11-08 16:40:20','R','2006-11-03',234,'F',28,'44',NULL,NULL,NULL,NULL,'',NULL,'admin',0,NULL,NULL,NULL,NULL,NULL,1),(242,'2006-11-08 16:41:42','N','2006-11-03',235,'F',47,'69',NULL,NULL,NULL,NULL,'',NULL,'admin',0,NULL,NULL,NULL,NULL,NULL,1),(243,'2006-11-08 16:41:59','N','2006-11-03',236,'M',1,'39',NULL,NULL,NULL,NULL,'',NULL,'admin',0,NULL,NULL,NULL,NULL,NULL,1),(244,'2006-11-08 16:43:14','R','2006-11-03',237,'F',62,'39',NULL,NULL,NULL,'R','',NULL,'admin',0,NULL,NULL,NULL,NULL,NULL,1),(245,'2006-11-08 16:44:15','N','2006-11-03',238,'M',40,'15',NULL,NULL,'R',NULL,'',NULL,'admin',0,NULL,NULL,NULL,NULL,NULL,1),(246,'2006-11-08 16:44:35','N','2006-11-03',239,'M',5,'39',NULL,NULL,NULL,NULL,'',NULL,'admin',0,NULL,NULL,NULL,NULL,NULL,1),(247,'2006-11-08 16:45:17','N','2006-11-03',240,'F',23,'26',NULL,NULL,NULL,NULL,'',NULL,'admin',0,NULL,NULL,NULL,NULL,NULL,1),(248,'2006-11-08 16:45:36','N','2006-11-03',241,'M',0,'39',NULL,NULL,NULL,'R','',NULL,'admin',0,NULL,NULL,NULL,NULL,NULL,1),(249,'2006-11-08 16:46:08','N','2006-11-03',242,'M',1,'39',NULL,NULL,NULL,NULL,'',NULL,'admin',0,NULL,NULL,NULL,NULL,NULL,1),(250,'2006-11-08 16:46:41','N','2006-11-03',243,'F',1,'40',NULL,NULL,'R',NULL,'',NULL,'admin',0,NULL,NULL,NULL,NULL,NULL,1),(251,'2006-11-08 16:47:01','N','2006-11-03',244,'F',0,'39',NULL,NULL,NULL,NULL,'',NULL,'admin',0,NULL,NULL,NULL,NULL,NULL,1),(252,'2006-11-08 16:47:35','R','2006-11-03',245,'F',1,'15',NULL,NULL,NULL,'R','',NULL,'admin',0,NULL,NULL,NULL,NULL,NULL,1),(253,'2006-11-08 16:48:22','N','2006-11-03',246,'F',1,'39',NULL,NULL,NULL,NULL,'',NULL,'admin',0,NULL,NULL,NULL,NULL,NULL,1),(254,'2006-11-08 16:49:15','R','2006-11-03',247,'F',56,'44',NULL,NULL,NULL,NULL,'',NULL,'admin',0,NULL,NULL,NULL,NULL,NULL,1),(255,'2006-11-08 16:49:47','N','2006-11-03',248,'M',35,'15',NULL,NULL,'R',NULL,'',NULL,'admin',0,NULL,NULL,NULL,NULL,NULL,1),(256,'2006-11-08 16:50:20','R','2006-11-03',249,'M',32,'39',NULL,NULL,NULL,'R','',NULL,'admin',0,NULL,NULL,NULL,NULL,NULL,1),(257,'2006-11-08 16:51:14','N','2006-11-03',250,'M',4,'68',NULL,NULL,NULL,NULL,'',NULL,'admin',0,NULL,NULL,NULL,NULL,NULL,1),(258,'2006-11-08 16:52:26','N','2006-11-03',251,'F',24,'37',NULL,NULL,NULL,NULL,'',NULL,'admin',0,NULL,NULL,NULL,NULL,NULL,1),(259,'2006-11-08 16:54:05','R','2006-11-03',252,'M',68,'47',NULL,NULL,NULL,NULL,'',NULL,'admin',0,NULL,NULL,NULL,NULL,NULL,1),(260,'2006-11-08 16:54:28','N','2006-11-03',253,'M',1,'39',NULL,NULL,'R','R','',NULL,'admin',0,NULL,NULL,NULL,NULL,NULL,1),(261,'2006-11-08 16:54:56','N','2006-11-03',254,'M',34,'47',NULL,NULL,NULL,NULL,'',NULL,'admin',0,NULL,NULL,NULL,NULL,NULL,1),(262,'2006-11-08 16:55:33','N','2006-11-03',255,'M',66,'15',NULL,NULL,NULL,NULL,'',NULL,'admin',0,NULL,NULL,NULL,NULL,NULL,1),(263,'2006-11-08 16:56:26','R','2006-11-03',256,'F',30,'69',NULL,NULL,NULL,NULL,'',NULL,'admin',0,NULL,NULL,NULL,NULL,NULL,1),(264,'2006-11-08 16:57:21','N','2006-11-03',257,'F',67,'89',NULL,NULL,NULL,'R','',NULL,'admin',0,NULL,NULL,NULL,NULL,NULL,1),(265,'2006-11-08 16:57:42','N','2006-11-03',258,'M',0,'39',NULL,NULL,'R',NULL,'',NULL,'admin',0,NULL,NULL,NULL,NULL,NULL,1),(266,'2006-11-08 16:58:14','N','2006-11-03',259,'F',2,'40',NULL,NULL,NULL,NULL,'',NULL,'admin',0,NULL,NULL,NULL,NULL,NULL,1),(267,'2006-11-08 16:58:33','N','2006-11-03',260,'M',0,'39',NULL,NULL,NULL,NULL,'',NULL,'admin',0,NULL,NULL,NULL,NULL,NULL,1),(268,'2006-11-08 16:59:11','N','2006-11-03',261,'M',56,'15',NULL,NULL,NULL,'R','',NULL,'admin',0,NULL,NULL,NULL,NULL,NULL,1),(269,'2006-11-08 16:59:43','R','2006-11-03',262,'M',67,'14',NULL,NULL,NULL,NULL,'',NULL,'admin',0,NULL,NULL,NULL,NULL,NULL,1),(270,'2006-11-08 17:00:24','N','2006-11-03',263,'F',1,'39',NULL,NULL,'R',NULL,'',NULL,'admin',0,NULL,NULL,NULL,NULL,NULL,1),(271,'2006-11-08 17:00:47','N','2006-11-03',264,'M',1,'39',NULL,NULL,NULL,NULL,'',NULL,'admin',0,NULL,NULL,NULL,NULL,NULL,1),(272,'2006-11-08 17:01:20','N','2006-11-03',265,'F',3,'15',NULL,NULL,NULL,'R','',NULL,'admin',0,NULL,NULL,NULL,NULL,NULL,1),(273,'2006-11-08 17:02:04','N','2006-11-03',266,'F',0,'39',NULL,NULL,NULL,NULL,'',NULL,'admin',0,NULL,NULL,NULL,NULL,NULL,1),(274,'2006-11-08 17:02:39','R','2006-11-03',267,'F',32,'39',NULL,NULL,NULL,NULL,'',NULL,'admin',0,NULL,NULL,NULL,NULL,NULL,1),(275,'2006-11-08 17:03:42','R','2006-11-03',268,'F',40,'87',NULL,NULL,'R',NULL,'',NULL,'admin',0,NULL,NULL,NULL,NULL,NULL,1),(276,'2006-11-08 17:04:42','R','2006-11-03',269,'F',35,'44',NULL,NULL,NULL,'R','',NULL,'admin',0,NULL,NULL,NULL,NULL,NULL,1),(277,'2006-11-08 17:05:08','N','2006-11-03',270,'F',23,'110',NULL,NULL,NULL,NULL,'',NULL,'admin',0,NULL,NULL,NULL,NULL,NULL,1),(278,'2006-11-08 17:06:02','N','2006-11-03',271,'M',26,'59',NULL,NULL,NULL,NULL,'',NULL,'admin',0,NULL,NULL,NULL,NULL,NULL,1),(279,'2006-11-08 17:06:53','R','2006-11-03',272,'M',70,'57',NULL,NULL,NULL,NULL,'',NULL,'admin',0,NULL,NULL,NULL,NULL,NULL,1),(280,'2006-11-08 17:07:20','N','2006-11-03',273,'M',28,'39',NULL,NULL,'R','R','',NULL,'admin',0,NULL,NULL,NULL,NULL,NULL,1),(281,'2006-11-08 17:07:43','N','2006-11-03',274,'F',19,'39',NULL,NULL,NULL,NULL,'',NULL,'admin',0,NULL,NULL,NULL,NULL,NULL,1),(282,'2006-11-08 17:08:19','R','2006-11-03',275,'F',67,'87',NULL,NULL,NULL,NULL,'',NULL,'admin',0,NULL,NULL,NULL,NULL,NULL,1),(283,'2006-11-08 17:09:00','R','2006-11-03',276,'M',80,'47',NULL,NULL,NULL,NULL,'',NULL,'admin',0,NULL,NULL,NULL,NULL,NULL,1),(284,'2006-11-08 17:09:22','R','2006-11-03',277,'F',14,'39',NULL,NULL,NULL,'R','',NULL,'admin',0,NULL,NULL,NULL,NULL,NULL,1),(285,'2006-11-08 17:10:03','N','2006-11-03',278,'F',31,'43',NULL,NULL,'R',NULL,'',NULL,'admin',0,NULL,NULL,NULL,NULL,NULL,1),(286,'2006-11-08 17:10:30','R','2006-11-03',279,'F',69,'16',NULL,NULL,NULL,NULL,'',NULL,'admin',0,NULL,NULL,NULL,NULL,NULL,1),(287,'2006-11-08 17:10:45','N','2006-11-03',280,'F',0,'39',NULL,NULL,NULL,NULL,'',NULL,'admin',0,NULL,NULL,NULL,NULL,NULL,1),(288,'2006-11-08 17:11:26','R','2006-11-03',281,'F',10,'46',NULL,NULL,NULL,'R','',NULL,'admin',0,NULL,NULL,NULL,NULL,NULL,1),(289,'2006-11-08 17:12:00','R','2006-11-03',282,'F',40,'16',NULL,NULL,NULL,NULL,'',NULL,'admin',0,NULL,NULL,NULL,NULL,NULL,1),(290,'2006-11-08 17:12:34','N','2006-11-03',283,'M',30,'12',NULL,NULL,'R',NULL,'',NULL,'admin',0,NULL,NULL,NULL,NULL,NULL,1),(291,'2006-11-08 17:13:13','N','2006-11-03',284,'F',25,'15',NULL,NULL,NULL,NULL,'',NULL,'admin',0,NULL,NULL,NULL,NULL,NULL,1),(292,'2006-11-08 17:13:42','N','2006-11-03',285,'F',4,'43',NULL,NULL,NULL,'R','',NULL,'admin',0,NULL,NULL,NULL,NULL,NULL,1),(293,'2006-11-08 17:14:05','R','2006-11-03',286,'F',2,'39',NULL,NULL,NULL,NULL,'',NULL,'admin',0,NULL,NULL,NULL,NULL,NULL,1),(294,'2006-11-08 17:14:37','R','2006-11-03',287,'F',3,'39',NULL,NULL,NULL,NULL,'',NULL,'admin',0,NULL,NULL,NULL,NULL,NULL,1),(295,'2006-11-08 17:15:10','N','2006-11-03',288,'M',0,'39',NULL,NULL,'R',NULL,'',NULL,'admin',0,NULL,NULL,NULL,NULL,NULL,1),(296,'2006-11-08 17:16:14','N','2006-11-03',289,'F',2,'40',NULL,NULL,NULL,'R','',NULL,'admin',0,NULL,NULL,NULL,NULL,NULL,1),(297,'2006-11-08 17:16:58','N','2006-11-03',290,'M',0,'30',NULL,NULL,NULL,NULL,'',NULL,'admin',0,NULL,NULL,NULL,NULL,NULL,1),(298,'2006-11-08 17:17:34','N','2006-11-03',291,'M',3,'37',NULL,NULL,NULL,NULL,'',NULL,'admin',0,NULL,NULL,NULL,NULL,NULL,1),(299,'2006-11-08 17:18:06','N','2006-11-03',292,'F',0,'40',NULL,NULL,NULL,NULL,'',NULL,'admin',0,NULL,NULL,NULL,NULL,NULL,1),(300,'2006-11-08 17:18:43','R','2006-11-03',293,'F',7,'69',NULL,NULL,'R','R','',NULL,'admin',0,NULL,NULL,NULL,NULL,NULL,1),(301,'2006-11-08 17:19:22','N','2006-11-03',294,'F',15,'15',NULL,NULL,NULL,NULL,'',NULL,'admin',0,NULL,NULL,NULL,NULL,NULL,1),(302,'2006-11-08 17:20:24','R','2006-11-03',295,'M',20,'44',NULL,NULL,NULL,NULL,'',NULL,'admin',0,NULL,NULL,NULL,NULL,NULL,1),(303,'2006-11-08 17:23:24','N','2006-11-03',296,'M',0,'39',NULL,NULL,NULL,NULL,'',NULL,'admin',0,NULL,NULL,NULL,NULL,NULL,1),(304,'2006-11-08 17:24:12','R','2006-11-03',297,'M',22,'29',NULL,NULL,NULL,'R','',NULL,'admin',0,NULL,NULL,NULL,NULL,NULL,1),(305,'2006-11-08 17:25:02','N','2006-11-03',298,'F',0,'39',NULL,NULL,'R',NULL,'',NULL,'admin',0,NULL,NULL,NULL,NULL,NULL,1),(306,'2006-11-08 17:25:45','R','2006-11-03',299,'M',0,'30',NULL,NULL,NULL,NULL,'',NULL,'admin',0,NULL,NULL,NULL,NULL,NULL,1),(307,'2006-11-08 17:28:42','N','2006-11-03',300,'F',60,'58',NULL,NULL,NULL,NULL,'',NULL,'admin',0,NULL,NULL,NULL,NULL,NULL,1),(308,'2006-11-08 17:30:50','R','2006-11-03',301,'M',36,'49',NULL,NULL,NULL,'R','',NULL,'admin',0,NULL,NULL,NULL,NULL,NULL,1),(309,'2006-11-08 17:32:16','R','2006-11-03',302,'M',29,'44',NULL,NULL,NULL,NULL,'',NULL,'admin',0,NULL,NULL,NULL,NULL,NULL,1),(310,'2006-11-08 17:33:41','N','2006-11-03',303,'M',29,'15',NULL,NULL,'R',NULL,'',NULL,'admin',0,NULL,NULL,NULL,NULL,NULL,1),(311,'2006-11-08 17:35:30','N','2006-11-03',304,'M',35,'43',NULL,NULL,NULL,NULL,'',NULL,'admin',0,NULL,NULL,NULL,NULL,NULL,1),(312,'2006-11-08 17:36:53','N','2006-11-03',305,'F',36,'26',NULL,NULL,NULL,'R','',NULL,'admin',0,NULL,NULL,NULL,NULL,NULL,1),(313,'2006-11-08 17:38:38','R','2006-11-03',306,'F',42,'44',NULL,NULL,NULL,NULL,'',NULL,'admin',0,NULL,NULL,NULL,NULL,NULL,1),(314,'2006-11-08 17:40:02','N','2006-11-03',307,'F',76,'40',NULL,NULL,NULL,NULL,'',NULL,'admin',0,NULL,NULL,NULL,NULL,NULL,1),(315,'2006-11-08 17:41:34','N','2006-11-03',308,'M',2,'39',NULL,NULL,'R',NULL,'',NULL,'admin',0,NULL,NULL,NULL,NULL,NULL,1),(316,'2006-11-08 17:42:25','N','2006-11-03',309,'M',13,'40',NULL,NULL,NULL,'R','',NULL,'admin',0,NULL,NULL,NULL,NULL,NULL,1),(317,'2006-11-08 17:43:00','N','2006-11-03',310,'M',63,'39',NULL,NULL,NULL,NULL,'',NULL,'admin',0,NULL,NULL,NULL,NULL,NULL,1),(318,'2006-11-08 17:43:50','N','2006-11-03',311,'F',46,'16',NULL,NULL,NULL,NULL,'',NULL,'admin',0,NULL,NULL,NULL,NULL,NULL,1),(319,'2006-11-08 17:44:27','N','2006-11-03',312,'F',24,'40',NULL,NULL,NULL,NULL,'',NULL,'admin',0,NULL,NULL,NULL,NULL,NULL,1),(320,'2006-11-08 17:45:06','N','2006-11-03',313,'M',1,'40',NULL,NULL,'R','R','',NULL,'admin',0,NULL,NULL,NULL,NULL,NULL,1),(321,'2006-11-08 17:45:49','N','2006-11-03',314,'F',0,'39',NULL,NULL,NULL,NULL,'',NULL,'admin',0,NULL,NULL,NULL,NULL,NULL,1),(322,'2006-11-08 17:46:43','R','2006-11-03',315,'M',54,'44',NULL,NULL,NULL,NULL,'',NULL,'admin',0,NULL,NULL,NULL,NULL,NULL,1),(323,'2006-11-08 17:47:53','R','2006-11-03',316,'M',70,'17',NULL,NULL,NULL,NULL,'',NULL,'admin',0,NULL,NULL,NULL,NULL,NULL,1),(324,'2006-11-08 17:48:59','N','2006-11-03',317,'F',1,'39',NULL,NULL,NULL,'R','',NULL,'admin',0,NULL,NULL,NULL,NULL,NULL,1),(325,'2006-11-08 17:49:44','N','2006-11-03',318,'F',1,'39',NULL,NULL,'R',NULL,'',NULL,'admin',0,NULL,NULL,NULL,NULL,NULL,1),(326,'2006-11-08 17:50:13','N','2006-11-03',319,'M',2,'39',NULL,NULL,NULL,NULL,'',NULL,'admin',0,NULL,NULL,NULL,NULL,NULL,1),(327,'2006-11-08 17:53:19','N','2006-11-03',320,'F',1,'39',NULL,NULL,NULL,NULL,'',NULL,'admin',0,NULL,NULL,NULL,NULL,NULL,1),(328,'2006-11-08 17:53:56','N','2006-11-03',321,'F',26,'15',NULL,NULL,NULL,'R','',NULL,'admin',0,NULL,NULL,NULL,NULL,NULL,1),(329,'2006-11-08 17:54:41','N','2006-11-03',322,'F',0,'39',NULL,NULL,NULL,NULL,'',NULL,'admin',0,NULL,NULL,NULL,NULL,NULL,1),(330,'2006-11-08 17:55:22','N','2006-11-03',323,'F',6,'39',NULL,NULL,'R',NULL,'',NULL,'admin',0,NULL,NULL,NULL,NULL,NULL,1),(331,'2006-11-08 17:56:30','N','2006-11-03',324,'F',1,'39',NULL,NULL,NULL,NULL,'',NULL,'admin',0,NULL,NULL,NULL,NULL,NULL,1),(332,'2006-11-08 17:57:06','R','2006-11-03',325,'F',50,'16',NULL,NULL,NULL,'R','',NULL,'admin',0,NULL,NULL,NULL,NULL,NULL,1),(333,'2006-11-08 17:57:28','N','2006-11-03',326,'M',2,'39',NULL,NULL,NULL,NULL,'',NULL,'admin',0,NULL,NULL,NULL,NULL,NULL,1),(334,'2006-11-08 17:57:53','N','2006-11-03',327,'F',45,'16',NULL,NULL,NULL,NULL,'',NULL,'admin',0,NULL,NULL,NULL,NULL,NULL,1),(336,'2006-11-08 17:59:30','N','2006-11-03',328,'F',25,'23',NULL,NULL,NULL,'R','',NULL,'admin',0,NULL,NULL,NULL,NULL,NULL,1),(337,'2006-11-08 17:59:51','N','2006-11-03',329,'M',1,'39',NULL,NULL,NULL,NULL,'',NULL,'admin',0,NULL,NULL,NULL,NULL,NULL,1),(338,'2006-11-08 18:03:19','R','2006-11-03',330,'F',48,'37',NULL,NULL,NULL,NULL,'',NULL,'admin',0,NULL,NULL,NULL,NULL,NULL,1),(339,'2006-11-08 18:04:39','R','2006-11-03',331,'F',38,'44',NULL,NULL,NULL,NULL,'',NULL,'admin',0,NULL,NULL,NULL,NULL,NULL,1),(340,'2006-11-08 18:06:00','N','2006-11-03',332,'F',47,'15',NULL,NULL,'R','R','',NULL,'admin',0,NULL,NULL,NULL,NULL,NULL,1),(341,'2006-11-08 18:06:50','N','2006-11-03',333,'F',43,'29',NULL,NULL,NULL,NULL,'',NULL,'admin',0,NULL,NULL,NULL,NULL,NULL,1),(342,'2006-11-08 18:07:26','N','2006-11-03',334,'M',9,'40',NULL,NULL,NULL,NULL,'',NULL,'admin',0,NULL,NULL,NULL,NULL,NULL,1),(343,'2006-11-08 18:08:46','N','2006-11-03',335,'M',21,'103',NULL,NULL,NULL,NULL,'',NULL,'admin',1,NULL,NULL,NULL,NULL,NULL,1),(344,'2006-11-08 18:10:34','N','2006-11-03',336,'F',45,'89',NULL,NULL,NULL,'R','',NULL,'admin',0,NULL,NULL,NULL,NULL,NULL,1),(345,'2006-11-08 18:11:35','N','2006-11-03',337,'F',22,'26',NULL,NULL,'R',NULL,'',NULL,'admin',0,NULL,NULL,NULL,NULL,NULL,1),(346,'2006-11-08 18:12:22','N','2006-11-03',338,'M',16,'39',NULL,NULL,NULL,NULL,'',NULL,'admin',0,NULL,NULL,NULL,NULL,NULL,1),(347,'2006-11-08 18:13:15','N','2006-11-03',339,'M',16,'89',NULL,NULL,NULL,NULL,'',NULL,'admin',0,NULL,NULL,NULL,NULL,NULL,1),(348,'2006-11-08 18:15:23','N','2006-11-03',340,'F',31,'32',NULL,NULL,NULL,'R','',NULL,'admin',0,NULL,NULL,NULL,NULL,NULL,1),(349,'2006-11-08 18:16:00','N','2006-11-03',341,'M',29,'39',NULL,NULL,NULL,NULL,'',NULL,'admin',0,NULL,NULL,NULL,NULL,NULL,1),(350,'2006-11-08 18:16:34','R','2006-11-03',342,'M',40,'29',NULL,NULL,'R',NULL,'',NULL,'admin',0,NULL,NULL,NULL,NULL,NULL,1),(351,'2006-11-08 18:17:21','N','2006-11-03',343,'F',36,'89',NULL,NULL,NULL,NULL,'',NULL,'admin',0,NULL,NULL,NULL,NULL,NULL,1),(352,'2006-11-08 18:18:39','R','2006-11-03',344,'M',28,'25',NULL,NULL,NULL,'R','',NULL,'admin',0,NULL,NULL,NULL,NULL,NULL,1),(353,'2006-11-08 18:19:45','N','2006-11-03',345,'F',60,'87',NULL,NULL,NULL,NULL,'',NULL,'admin',0,NULL,NULL,NULL,NULL,NULL,1),(354,'2006-11-08 18:20:34','R','2006-11-03',346,'M',24,'14',NULL,NULL,NULL,NULL,'',NULL,'admin',1,NULL,NULL,NULL,NULL,NULL,1),(355,'2006-11-08 18:21:14','R','2006-11-03',347,'M',66,'84',NULL,NULL,'R',NULL,'',NULL,'admin',0,NULL,NULL,NULL,NULL,NULL,1),(356,'2006-11-08 18:23:42','N','2006-11-03',348,'F',29,'26',NULL,NULL,NULL,'R','',NULL,'admin',0,NULL,NULL,NULL,NULL,NULL,1),(357,'2006-11-08 18:24:31','N','2006-11-03',349,'M',34,'89',NULL,NULL,NULL,NULL,'',NULL,'admin',0,NULL,NULL,NULL,NULL,NULL,1),(358,'2006-11-08 18:25:43','N','2006-11-03',350,'M',17,'89',NULL,NULL,NULL,NULL,'',NULL,'admin',0,NULL,NULL,NULL,NULL,NULL,1),(359,'2006-11-09 08:17:14','N','2006-11-03',351,'M',17,'89',NULL,NULL,NULL,NULL,'',NULL,'admin',2,NULL,NULL,NULL,NULL,NULL,1),(360,'2006-11-09 08:17:56','N','2006-11-03',352,'M',0,'39',NULL,NULL,'R','R','',NULL,'admin',3,NULL,NULL,NULL,NULL,NULL,1);
/*!40000 ALTER TABLE `opd` ENABLE KEYS */;
UNLOCK TABLES;

--
-- Table structure for table `operation`
--

DROP TABLE IF EXISTS `operation`;
/*!40101 SET @saved_cs_client     = @@character_set_client */;
/*!40101 SET character_set_client = utf8 */;
CREATE TABLE `operation` (
  `OPE_ID_A` varchar(10) NOT NULL,
  `OPE_OCL_ID_A` char(2) NOT NULL,
  `OPE_DESC` varchar(50) NOT NULL,
  `OPE_STAT` int(11) NOT NULL DEFAULT '0',
  `OPE_FOR` char(1) DEFAULT '1' COMMENT '''1'' = OPD/IPD, ''2'' = IPD only, ''3'' = OPD only',
  `OPE_LOCK` int(11) NOT NULL DEFAULT '0',
  `OPE_CREATED_BY` varchar(50) DEFAULT NULL,
  `OPE_CREATED_DATE` datetime DEFAULT NULL,
  `OPE_LAST_MODIFIED_BY` varchar(50) DEFAULT NULL,
  `OPE_LAST_MODIFIED_DATE` datetime DEFAULT NULL,
  `OPE_ACTIVE` tinyint(1) NOT NULL DEFAULT '1',
  PRIMARY KEY (`OPE_ID_A`),
  KEY `FK_OPERATION_OPERATIONTYPE` (`OPE_OCL_ID_A`),
  CONSTRAINT `FK_OPERATION_OPERATIONTYPE` FOREIGN KEY (`OPE_OCL_ID_A`) REFERENCES `operationtype` (`OCL_ID_A`) ON DELETE NO ACTION ON UPDATE CASCADE
) ENGINE=InnoDB DEFAULT CHARSET=utf8;
/*!40101 SET character_set_client = @saved_cs_client */;

--
-- Dumping data for table `operation`
--

LOCK TABLES `operation` WRITE;
/*!40000 ALTER TABLE `operation` DISABLE KEYS */;
INSERT INTO `operation` VALUES ('1','OB','Caesarian section',1,'1',0,NULL,NULL,NULL,NULL,1),('10','OB','Septic abortion',1,'1',0,NULL,NULL,NULL,NULL,1),('11','OB','Dilatation and curettage',1,'1',0,NULL,NULL,NULL,NULL,1),('12','OB','Repair of vesico-vaginal fistula (vvf)',1,'1',0,NULL,NULL,NULL,NULL,1),('13','GY','Acute abdomen',1,'1',0,NULL,NULL,NULL,NULL,1),('14','GY','Ectopic pregnancy',1,'1',0,NULL,NULL,NULL,NULL,1),('15','GY','Peritonitis',1,'1',0,NULL,NULL,NULL,NULL,1),('16','GY','Pelvic abscess',1,'1',0,NULL,NULL,NULL,NULL,1),('17','GY','Uterine fibroids',1,'1',0,NULL,NULL,NULL,NULL,1),('18','GY','Ovarian tumours',1,'1',0,NULL,NULL,NULL,NULL,1),('19','GY','Uterine prolapse',1,'1',0,NULL,NULL,NULL,NULL,1),('2','OB','emergency',1,'1',0,NULL,NULL,NULL,NULL,1),('20','GY','Cystorele',1,'1',0,NULL,NULL,NULL,NULL,1),('21','MG','circumcision',1,'1',0,NULL,NULL,NULL,NULL,1),('22','MG','phimosis',1,'1',0,NULL,NULL,NULL,NULL,1),('23','MG','paraphimosis',1,'1',0,NULL,NULL,NULL,NULL,1),('24','MG','dorsal slit-paraphimosis',1,'1',0,NULL,NULL,NULL,NULL,1),('25','MG','uretheral stricture-bougienage',1,'1',0,NULL,NULL,NULL,NULL,1),('26','MG','Hydroceletomy',1,'1',0,NULL,NULL,NULL,NULL,1),('27','MG','Testicular tumours',1,'1',0,NULL,NULL,NULL,NULL,1),('28','MG','Prostatectomy',1,'1',0,NULL,NULL,NULL,NULL,1),('29','MG','Prostate biopsy',1,'1',0,NULL,NULL,NULL,NULL,1),('3','OB','elective',1,'1',0,NULL,NULL,NULL,NULL,1),('30','MG','Bladder biopsy',1,'1',0,NULL,NULL,NULL,NULL,1),('31','AG','Hernia (inguinal & femoral)',1,'1',0,NULL,NULL,NULL,NULL,1),('32','AG','Strangulated',1,'1',0,NULL,NULL,NULL,NULL,1),('33','AG','Non strangulated',1,'1',0,NULL,NULL,NULL,NULL,1),('34','AG','Epigastrical Hernia',1,'1',0,NULL,NULL,NULL,NULL,1),('37','AG','Intestinal obstruction',1,'1',0,NULL,NULL,NULL,NULL,1),('38','AG','Mechanical',1,'1',0,NULL,NULL,NULL,NULL,1),('39','AG','Volvulus',1,'1',0,NULL,NULL,NULL,NULL,1),('4','OB','Hysterectomy',1,'1',0,NULL,NULL,NULL,NULL,1),('40','AG','Laparatomy',1,'1',0,NULL,NULL,NULL,NULL,1),('41','AG','Penetrating abdominal injuries',1,'1',0,NULL,NULL,NULL,NULL,1),('42','AG','Peritonitis',1,'1',0,NULL,NULL,NULL,NULL,1),('43','AG','Appendicitis',1,'1',0,NULL,NULL,NULL,NULL,1),('44','AG','Cholecystitis',1,'1',0,NULL,NULL,NULL,NULL,1),('45','AG','Abdominal Tumours',1,'1',0,NULL,NULL,NULL,NULL,1),('46','OR','Reduction of fractures',1,'1',0,NULL,NULL,NULL,NULL,1),('47','OR','Upper limb',1,'1',0,NULL,NULL,NULL,NULL,1),('48','OR','Lower limb',1,'1',0,NULL,NULL,NULL,NULL,1),('49','OR','Osteomyelitis - sequestrectomy',1,'1',0,NULL,NULL,NULL,NULL,1),('5','OB','Ruptured uterus',1,'1',0,NULL,NULL,NULL,NULL,1),('50','OS','Incission & drainage',1,'1',0,NULL,NULL,NULL,NULL,1),('51','OS','Debridement',1,'1',0,NULL,NULL,NULL,NULL,1),('52','OS','Mise -a- plat',1,'1',0,NULL,NULL,NULL,NULL,1),('53','OS','Surgical toilet  & suture',1,'1',0,NULL,NULL,NULL,NULL,1),('6','OB','Injured uterus',1,'1',0,NULL,NULL,NULL,NULL,1),('7','OB','Hysterectomy',1,'1',0,NULL,NULL,NULL,NULL,1),('8','OB','Evacuations',1,'1',0,NULL,NULL,NULL,NULL,1),('9','OB','Incomplete abortion',1,'1',0,NULL,NULL,NULL,NULL,1);
/*!40000 ALTER TABLE `operation` ENABLE KEYS */;
UNLOCK TABLES;

--
-- Table structure for table `operationrow`
--

DROP TABLE IF EXISTS `operationrow`;
/*!40101 SET @saved_cs_client     = @@character_set_client */;
/*!40101 SET character_set_client = utf8 */;
CREATE TABLE `operationrow` (
  `OPER_ID_A` int(11) NOT NULL AUTO_INCREMENT,
  `OPER_ID` varchar(11) NOT NULL,
  `OPER_PRESCRIBER` varchar(150) NOT NULL,
  `OPER_RESULT` varchar(250) NOT NULL,
  `OPER_OPDATE` datetime NOT NULL,
  `OPER_REMARKS` varchar(250) NOT NULL,
  `OPER_ADMISSION_ID` int(11) DEFAULT '0',
  `OPER_OPD_ID` int(11) DEFAULT '0',
  `OPER_BILL_ID` int(11) DEFAULT '0',
  `OPER_TRANS_UNIT` float DEFAULT '0',
  `OPER_CREATED_BY` varchar(50) DEFAULT NULL,
  `OPER_CREATED_DATE` datetime DEFAULT NULL,
  `OPER_LAST_MODIFIED_BY` varchar(50) DEFAULT NULL,
  `OPER_LAST_MODIFIED_DATE` datetime DEFAULT NULL,
  `OPER_ACTIVE` tinyint(1) NOT NULL DEFAULT '1',
  PRIMARY KEY (`OPER_ID_A`)
) ENGINE=InnoDB DEFAULT CHARSET=utf8;
/*!40101 SET character_set_client = @saved_cs_client */;

--
-- Dumping data for table `operationrow`
--

LOCK TABLES `operationrow` WRITE;
/*!40000 ALTER TABLE `operationrow` DISABLE KEYS */;
/*!40000 ALTER TABLE `operationrow` ENABLE KEYS */;
UNLOCK TABLES;

--
-- Table structure for table `operationtype`
--

DROP TABLE IF EXISTS `operationtype`;
/*!40101 SET @saved_cs_client     = @@character_set_client */;
/*!40101 SET character_set_client = utf8 */;
CREATE TABLE `operationtype` (
  `OCL_ID_A` char(2) NOT NULL,
  `OCL_DESC` varchar(50) NOT NULL,
  `OCL_TYPE` varchar(20) NOT NULL DEFAULT 'MAJOR',
  `OCL_CREATED_BY` varchar(50) DEFAULT NULL,
  `OCL_CREATED_DATE` datetime DEFAULT NULL,
  `OCL_LAST_MODIFIED_BY` varchar(50) DEFAULT NULL,
  `OCL_LAST_MODIFIED_DATE` datetime DEFAULT NULL,
  `OCL_ACTIVE` tinyint(1) NOT NULL DEFAULT '1',
  PRIMARY KEY (`OCL_ID_A`)
) ENGINE=InnoDB DEFAULT CHARSET=utf8;
/*!40101 SET character_set_client = @saved_cs_client */;

--
-- Dumping data for table `operationtype`
--

LOCK TABLES `operationtype` WRITE;
/*!40000 ALTER TABLE `operationtype` DISABLE KEYS */;
INSERT INTO `operationtype` VALUES ('AG','ABDOMINAL GENERAL SURGERY','MAJOR',NULL,NULL,NULL,NULL,1),('GY','GYNECOLOGICAL','MAJOR',NULL,NULL,NULL,NULL,1),('MG','MALE GENITOR-URINARY SYSTEM','MAJOR',NULL,NULL,NULL,NULL,1),('OB','OBSTETRICAL','MAJOR',NULL,NULL,NULL,NULL,1),('OR','ORTHOPEDICAL','MAJOR',NULL,NULL,NULL,NULL,1),('OS','OTHERS: SKIN AND SUBCUTANEOUS','MAJOR',NULL,NULL,NULL,NULL,1);
/*!40000 ALTER TABLE `operationtype` ENABLE KEYS */;
UNLOCK TABLES;

--
-- Table structure for table `patient`
--

DROP TABLE IF EXISTS `patient`;
/*!40101 SET @saved_cs_client     = @@character_set_client */;
/*!40101 SET character_set_client = utf8 */;
CREATE TABLE `patient` (
  `PAT_ID` int(11) NOT NULL AUTO_INCREMENT,
  `PAT_FNAME` varchar(50) NOT NULL,
  `PAT_SNAME` varchar(50) NOT NULL,
  `PAT_NAME` varchar(100) DEFAULT NULL,
  `PAT_BDATE` date DEFAULT NULL,
  `PAT_AGE` int(11) NOT NULL DEFAULT '0',
  `PAT_AGETYPE` varchar(50) NOT NULL DEFAULT '',
  `PAT_SEX` char(1) NOT NULL,
  `PAT_ADDR` varchar(50) DEFAULT NULL,
  `PAT_CITY` varchar(50) NOT NULL,
  `PAT_NEXT_KIN` varchar(50) DEFAULT NULL,
  `PAT_TELE` varchar(50) DEFAULT NULL,
  `PAT_MOTH_NAME` varchar(50) NOT NULL DEFAULT '',
  `PAT_MOTH` char(1) DEFAULT NULL,
  `PAT_FATH_NAME` varchar(50) NOT NULL DEFAULT '',
  `PAT_FATH` char(1) DEFAULT NULL,
  `PAT_LEDU` char(1) DEFAULT NULL,
  `PAT_ESTA` char(1) DEFAULT NULL,
  `PAT_PTOGE` char(1) DEFAULT NULL,
  `PAT_NOTE` text,
  `PAT_DELETED` char(1) NOT NULL DEFAULT 'N',
  `PAT_LOCK` int(11) NOT NULL DEFAULT '0',
  `PAT_BTYPE` varchar(15) NOT NULL DEFAULT 'Unknown',
  `PAT_TAXCODE` varchar(30) DEFAULT '',
  `PAT_TIMESTAMP` timestamp NOT NULL DEFAULT CURRENT_TIMESTAMP,
  `PAT_CREATED_BY` varchar(50) DEFAULT NULL,
  `PAT_CREATED_DATE` datetime DEFAULT NULL,
  `PAT_LAST_MODIFIED_BY` varchar(50) DEFAULT NULL,
  `PAT_LAST_MODIFIED_DATE` datetime DEFAULT NULL,
  `PAT_ACTIVE` tinyint(1) NOT NULL DEFAULT '1',
  `PAT_PROFESSION` varchar(50) NOT NULL DEFAULT 'unknown',
  `PAT_MAR_STAT` varchar(50) NOT NULL DEFAULT 'unknown',
  `PROFILE_PHOTO_ID` int(11) DEFAULT NULL,
  PRIMARY KEY (`PAT_ID`)
) ENGINE=InnoDB AUTO_INCREMENT=510 DEFAULT CHARSET=utf8;
/*!40101 SET character_set_client = @saved_cs_client */;

--
-- Dumping data for table `patient`
--

LOCK TABLES `patient` WRITE;
/*!40000 ALTER TABLE `patient` DISABLE KEYS */;
INSERT INTO `patient` VALUES (0,'Patient','Null','Null Patient',NULL,0,'-','U','-','-','-','-','-','U','-','U',NULL,'U','U','-','Y',0,'-','-','2020-11-12 16:40:55',NULL,NULL,NULL,NULL,1,'unknown','unknown',NULL),(4,'Luca','Salomoni','Salomoni Luca','1984-11-12',36,'','M','viaqd ad ','italy','','dddd','','\0','','\0','\0','\0','\0','sad sa dasf edsf asrvgdffbdfa bafsdbdfbsd sfd a','Y',1,'Unknown','','2020-11-12 16:40:55',NULL,NULL,NULL,NULL,1,'unknown','unknown',NULL),(5,'James','Acer','Acer James','1986-11-12',34,'','M','','Angal','Christine','','','\0','','\0','\0','\0','\0','','N',1,'Unknown','','2020-11-12 16:40:55',NULL,NULL,NULL,NULL,1,'unknown','unknown',NULL),(43,'Albert','Wathum','Wathum Albert','1985-11-12',35,'','M','Aluka','nyaravur','','','','\0','','\0','\0','\0','\0','','N',0,'Unknown','','2020-11-12 16:40:55',NULL,NULL,NULL,NULL,1,'unknown','unknown',NULL),(44,'Kalimente','Ojwiga','Ojwiga Kalimente','1962-11-12',58,'','M','Lango','DRC','','','','\0','','\0','\0','\0','\0','','N',2,'Unknown','','2020-11-12 16:40:55',NULL,NULL,NULL,NULL,1,'unknown','unknown',NULL),(45,'Salvathore','Ngeze','NGEZE SALVATHORE','1970-11-12',50,'','M','Lango','Drc','','','','\0','','\0','\0','\0','\0','','N',1,'Unknown','','2020-11-12 16:40:55',NULL,NULL,NULL,NULL,1,'unknown','unknown',NULL),(46,'Kumakech','Walter','Walter Kumakech','1970-11-12',50,'','M','Amor','Pakwach','','','','\0','','\0','\0','\0','\0','','N',0,'Unknown','','2020-11-12 16:40:55',NULL,NULL,NULL,NULL,1,'unknown','unknown',NULL),(47,'Vinansio','Muswa','Muswa Vinansio','1948-11-12',72,'','M','Penji Oryang','Parombo','','','','\0','','\0','\0','\0','\0','','N',0,'Unknown','','2020-11-12 16:40:55',NULL,NULL,NULL,NULL,1,'unknown','unknown',NULL),(48,'Obeyo','Franco','Franco Obeyo','1985-11-12',35,'','M','Palyech','Erussi','','','','\0','','\0','\0','\0','\0','												','N',0,'Unknown','','2020-11-12 16:40:55',NULL,NULL,NULL,NULL,1,'unknown','unknown',NULL),(49,'Ojok','Bertin','Bertin Ojok','1988-11-12',32,'','M','Rest Camp','Nyaravur','','','','\0','','\0','\0','\0','\0','','N',0,'Unknown','','2020-11-12 16:40:55',NULL,NULL,NULL,NULL,1,'unknown','unknown',NULL),(50,'Oyenya','Yezenia','Yezenia Oyenya','1940-11-12',80,'','M','Agule','Erussi','','','','\0','','\0','\0','\0','\0','','N',2,'Unknown','','2020-11-12 16:40:55',NULL,NULL,NULL,NULL,1,'unknown','unknown',NULL),(51,'Obima','Leone','Leone Obima','1950-11-12',70,'','M','Nyapii','Nyaravur','','','','\0','','\0','\0','\0','\0','','N',0,'Unknown','','2020-11-12 16:40:55',NULL,NULL,NULL,NULL,1,'unknown','unknown',NULL),(52,'James','Ocaki','Ocaki James','1996-11-12',24,'','M','Anyang','Parombo','','','','\0','','\0','\0','\0','\0','','N',0,'Unknown','','2020-11-12 16:40:55',NULL,NULL,NULL,NULL,1,'unknown','unknown',NULL),(53,'Ronald','Kumakech','Kumakech Ronald','1970-11-12',50,'','M','Jupukidi','Parombo','','','','\0','','\0','\0','\0','\0','','N',0,'Unknown','','2020-11-12 16:40:55',NULL,NULL,NULL,NULL,1,'unknown','unknown',NULL),(54,'David','Piwun','Piwun David','2009-11-12',11,'','M','Akanyo','Kucwiny','','','','\0','','\0','\0','\0','\0','','N',0,'Unknown','','2020-11-12 16:40:55',NULL,NULL,NULL,NULL,1,'unknown','unknown',NULL),(55,'Albert','Opini','Opini Albert','1991-11-12',29,'','M','Comboni','Angal','','','','\0','','\0','\0','\0','\0','','N',0,'Unknown','','2020-11-12 16:40:55',NULL,NULL,NULL,NULL,1,'unknown','unknown',NULL),(56,'Felice','Okumu','Okumu Felice','1990-11-12',30,'','M','Nyarundier','Akworo','','','','\0','','\0','\0','\0','\0','','N',0,'Unknown','','2020-11-12 16:40:55',NULL,NULL,NULL,NULL,1,'unknown','unknown',NULL),(57,'Francis','Ocanda','Ocanda Francis','1964-11-12',56,'','M','Lee','Kucwiny','','','','\0','','\0','\0','\0','\0','','N',0,'Unknown','','2020-11-12 16:40:55',NULL,NULL,NULL,NULL,1,'unknown','unknown',NULL),(58,'Awinga','German','German Awinga','1982-11-12',38,'','M','Atego Upper','Parombo','','','','\0','','\0','\0','\0','\0','','N',0,'Unknown','','2020-11-12 16:40:55',NULL,NULL,NULL,NULL,1,'unknown','unknown',NULL),(59,'Makecharach','Jackson','Jackson Makecharach','2005-11-12',15,'','M','Jupugeta upper','Nebbi','','','','\0','','\0','\0','\0','\0','','N',0,'Unknown','','2020-11-12 16:40:55',NULL,NULL,NULL,NULL,1,'unknown','unknown',NULL),(60,'Stephano','Mugisha','Mugisha Stephano','1980-11-12',40,'','M','Wanseko','Bulisia','','','','\0','','\0','\0','\0','\0','','N',0,'Unknown','','2020-11-12 16:40:55',NULL,NULL,NULL,NULL,1,'unknown','unknown',NULL),(61,'Ocama','Tesco','Tesco Ocama','1975-11-12',45,'','M','Pastoral Centre','Angal','','','','\0','','\0','\0','\0','\0','','N',0,'Unknown','','2020-11-12 16:40:55',NULL,NULL,NULL,NULL,1,'unknown','unknown',NULL),(62,'Moses','Njadis','Njadis Moses','2010-11-12',10,'','M','Jupayanga','Nebbi/DRC','','','','\0','','\0','\0','\0','\0','','N',0,'Unknown','','2020-11-12 16:40:55',NULL,NULL,NULL,NULL,1,'unknown','unknown',NULL),(63,'Wanadi','Julius','Julius Wanadi','1974-11-12',46,'','M','Zeu','Okoro','','','','\0','','\0','\0','\0','\0','','N',0,'Unknown','','2020-11-12 16:40:55',NULL,NULL,NULL,NULL,1,'unknown','unknown',NULL),(64,'Oting-cwinywu','Roy','Roy Oting-cwinywu','2008-11-12',12,'','M','Obayo','Kucwiny','','','','\0','','\0','\0','\0','\0','','N',0,'Unknown','','2020-11-12 16:40:55',NULL,NULL,NULL,NULL,1,'unknown','unknown',NULL),(65,'Ngageno','Alfred','Alfred Ngageno','2008-11-12',12,'','M','Atar East','Angal','','','','\0','','\0','\0','\0','\0','','N',0,'Unknown','','2020-11-12 16:40:55',NULL,NULL,NULL,NULL,1,'unknown','unknown',NULL),(66,'Opilo','Brunu','Brunu Opilo','1975-11-12',45,'','M','Pakech East','Pakwach','','','','\0','','\0','\0','\0','\0','','N',0,'Unknown','','2020-11-12 16:40:55',NULL,NULL,NULL,NULL,1,'unknown','unknown',NULL),(67,'Ajarova','Roggers','Roggers Ajarova','1992-11-12',28,'','M','Boro','Panyimur','','','','\0','','\0','\0','\0','\0','','N',0,'Unknown','','2020-11-12 16:40:55',NULL,NULL,NULL,NULL,1,'unknown','unknown',NULL),(68,'Ogentho','Kennedy','Kennedy Ogentho','1988-11-12',32,'','M','Alwii','Panyango','','','','\0','','\0','\0','\0','\0','','N',0,'Unknown','','2020-11-12 16:40:55',NULL,NULL,NULL,NULL,1,'unknown','unknown',NULL),(69,'GEOFREY ','JULIUS','JULIUS GEOFREY ','1985-11-12',35,'','M','AFERE','','','','','\0','','\0','\0','\0','\0','','N',0,'Unknown','','2020-11-12 16:40:55',NULL,NULL,NULL,NULL,1,'unknown','unknown',NULL),(70,'MASENDI','ALBERT','ALBERT MASENDI','1995-11-12',25,'','M','ALIGORO','','','','','\0','','\0','\0','\0','\0','','N',0,'Unknown','','2020-11-12 16:40:55',NULL,NULL,NULL,NULL,1,'unknown','unknown',NULL),(71,'QUINTINO','OWACHGIU','OWACHGIU QUINTINO','1969-11-12',51,'','M','PAJAU -LOWER','','','','','\0','','\0','\0','\0','\0','','N',0,'Unknown','','2020-11-12 16:40:55',NULL,NULL,NULL,NULL,1,'unknown','unknown',NULL),(72,'OLEGA','RICHARD','RICHARD OLEGA','1994-11-12',26,'','M','PAGWAYA','','','','','\0','','\0','\0','\0','\0','','N',0,'Unknown','','2020-11-12 16:40:55',NULL,NULL,NULL,NULL,1,'unknown','unknown',NULL),(73,'ONGIERA','ALBERT','ALBERT ONGIERA','1992-11-12',28,'','M','PANYANGO','','','','','\0','','\0','\0','\0','\0','','N',0,'Unknown','','2020-11-12 16:40:55',NULL,NULL,NULL,NULL,1,'unknown','unknown',NULL),(74,'Chance','Ngasani','Ngasani Chance','1994-11-12',26,'','F','Wanseko','Bulisia','','','','\0','','\0','\0','\0','\0','','N',0,'Unknown','','2020-11-12 16:40:55',NULL,NULL,NULL,NULL,1,'unknown','unknown',NULL),(75,'Celestina','Acaye','Acaye Celestina','1973-11-12',47,'','F','Ukuru Bridge','Angal','','','','\0','','\0','\0','\0','\0','','N',0,'Unknown','','2020-11-12 16:40:55',NULL,NULL,NULL,NULL,1,'unknown','unknown',NULL),(76,'Christine','Anyutho','Anyutho Christine','1990-11-12',30,'','F','Luwala','','','','','\0','','\0','\0','\0','\0','','N',0,'Unknown','','2020-11-12 16:40:55',NULL,NULL,NULL,NULL,1,'unknown','unknown',NULL),(77,'Celly','Ongu-ngyero','Ongu-ngyero Celly','1960-11-12',60,'','F','Nyamukula','','','','','\0','','\0','\0','\0','\0','','N',0,'Unknown','','2020-11-12 16:40:55',NULL,NULL,NULL,NULL,1,'unknown','unknown',NULL),(78,'Night','Adubango','Adubango Night','1988-11-12',32,'','F','Pangera','DRC','','','','\0','','\0','\0','\0','\0','','N',0,'Unknown','','2020-11-12 16:40:55',NULL,NULL,NULL,NULL,1,'unknown','unknown',NULL),(79,'Polina','Bahoire','Bahoire Polina','1942-11-12',78,'','F','Wanseko','Bulisia','','','','\0','','\0','\0','\0','\0','','N',0,'Unknown','','2020-11-12 16:40:55',NULL,NULL,NULL,NULL,1,'unknown','unknown',NULL),(80,'Ventorina','Olyera','Olyera Ventorina','1964-11-12',56,'','F','Mutusa','DRC','','','','\0','','\0','\0','\0','\0','','N',0,'Unknown','','2020-11-12 16:40:55',NULL,NULL,NULL,NULL,1,'unknown','unknown',NULL),(81,'Jerovia','Ocama','Ocama Jerovia','1962-11-12',58,'','F','Erussi','Nebbi','','','','\0','','\0','\0','\0','\0','','N',0,'Unknown','','2020-11-12 16:40:55',NULL,NULL,NULL,NULL,1,'unknown','unknown',NULL),(82,'Gaburyela','Omwchi','Omwchi Gaburyela','1959-11-12',61,'','F','Jupukidi','Nyaravur','','','','\0','','\0','\0','\0','\0','','N',0,'Unknown','','2020-11-12 16:40:55',NULL,NULL,NULL,NULL,1,'unknown','unknown',NULL),(83,'Akile','Betty','Betty Akile','1960-11-12',60,'','F','Centre West','Angal','','','','\0','','\0','\0','\0','\0','','N',0,'Unknown','','2020-11-12 16:40:55',NULL,NULL,NULL,NULL,1,'unknown','unknown',NULL),(84,'Florence','Ryekorach','Ryekorach Florence','2006-11-12',14,'','F','Rwango','Nebbi','','','','\0','','\0','\0','\0','\0','','N',0,'Unknown','','2020-11-12 16:40:55',NULL,NULL,NULL,NULL,1,'unknown','unknown',NULL),(85,'Madhalena','Ocidhi','Ocidhi Madhalena','1960-11-12',60,'','F','Meksq','','','','','\0','','\0','\0','\0','\0','','N',0,'Unknown','','2020-11-12 16:40:55',NULL,NULL,NULL,NULL,1,'unknown','unknown',NULL),(86,'Santa','Anewa','Anewa Santa','1960-11-12',60,'','F','Peyi Orwol','','','','','\0','','\0','\0','\0','\0','','N',0,'Unknown','','2020-11-12 16:40:55',NULL,NULL,NULL,NULL,1,'unknown','unknown',NULL),(87,'Celsa','Ojwiga','Ojwiga Celsa','1980-11-12',40,'','F','Onyongo','Nebbi','','','','\0','','\0','\0','\0','\0','','N',0,'Unknown','','2020-11-12 16:40:55',NULL,NULL,NULL,NULL,1,'unknown','unknown',NULL),(88,'Rose','Acen','Acen Rose','1973-11-12',47,'','F','Patiko/Povivo','Bulisia','','','','\0','','\0','\0','\0','\0','','N',0,'Unknown','','2020-11-12 16:40:55',NULL,NULL,NULL,NULL,1,'unknown','unknown',NULL),(89,'Mary','Thorach','Thorach Mary','1972-11-12',48,'','F','Lango','DRC','','','','\0','','\0','\0','\0','\0','','N',0,'Unknown','','2020-11-12 16:40:55',NULL,NULL,NULL,NULL,1,'unknown','unknown',NULL),(90,'Roseline','Funyu','Funyu Roseline','1960-11-12',60,'','F','Vuk Lower','Parombo','','','','\0','','\0','\0','\0','\0','','N',0,'Unknown','','2020-11-12 16:40:55',NULL,NULL,NULL,NULL,1,'unknown','unknown',NULL),(91,'Grace','Aliparwoth','Aliparwoth Grace','1987-11-12',33,'','F','Akesi','Nebbi Town','','','','\0','','\0','\0','\0','\0','','N',0,'Unknown','','2020-11-12 16:40:55',NULL,NULL,NULL,NULL,1,'unknown','unknown',NULL),(92,'Okumu','Agnes','Agnes Okumu','2004-11-12',16,'','F','Pajaw','Akworo','','','','\0','','\0','\0','\0','\0','','N',0,'Unknown','','2020-11-12 16:40:55',NULL,NULL,NULL,NULL,1,'unknown','unknown',NULL),(93,'Dorren','Ocwii','Ocwii Dorren','2002-11-12',18,'','F','Padwot','Kucwiny','','','','\0','','\0','\0','\0','\0','','N',0,'Unknown','','2020-11-12 16:40:55',NULL,NULL,NULL,NULL,1,'unknown','unknown',NULL),(94,'Jeres','Anewa','Anewa Jeres','1998-11-12',22,'','F','Mbaro','Nyaravur','','','','\0','','\0','\0','\0','\0','','N',0,'Unknown','','2020-11-12 16:40:55',NULL,NULL,NULL,NULL,1,'unknown','unknown',NULL),(95,'Fibronia','Akwanji','Akwanji Fibronia','1992-11-12',28,'','F','Akwanji','Angal','','','','\0','','\0','\0','\0','\0','','N',0,'Unknown','','2020-11-12 16:40:55',NULL,NULL,NULL,NULL,1,'unknown','unknown',NULL),(96,'Christine','Kaligonzi','Kaligonzi Christine','2002-11-12',18,'','F','Kaligonji','','','','','\0','','\0','\0','\0','\0','','N',0,'Unknown','','2020-11-12 16:40:55',NULL,NULL,NULL,NULL,1,'unknown','unknown',NULL),(97,'Onyai','Vethorina','Vethorina Onyai','1958-11-12',62,'','F','Pabidi','DRC','','','','\0','','\0','\0','\0','\0','','N',0,'Unknown','','2020-11-12 16:40:55',NULL,NULL,NULL,NULL,1,'unknown','unknown',NULL),(98,'Dorine','Oweki','Oweki Dorine','1986-11-12',34,'','F','Kituna','Akworo','','','','\0','','\0','\0','\0','\0','','N',0,'Unknown','','2020-11-12 16:40:55',NULL,NULL,NULL,NULL,1,'unknown','unknown',NULL),(99,'Ociba','Victoria','Victoria Ociba','1976-11-12',44,'','F','Agudi','Nebbi','','','','\0','','\0','\0','\0','\0','','N',2,'Unknown','','2020-11-12 16:40:55',NULL,NULL,NULL,NULL,1,'unknown','unknown',NULL),(100,'Frasika','Nyakwiyo','Nyakwiyo Frasika','1960-11-12',60,'','F','Nyarodyer','Nebbi','','','','\0','','\0','\0','\0','\0','','N',0,'Unknown','','2020-11-12 16:40:55',NULL,NULL,NULL,NULL,1,'unknown','unknown',NULL),(101,'Angei','Agnes','Agnes Angei','1970-11-12',50,'','F','Jagi East','DRC','','','','\0','','\0','\0','\0','\0','','N',0,'Unknown','','2020-11-12 16:40:55',NULL,NULL,NULL,NULL,1,'unknown','unknown',NULL),(102,'Emma','Ocida','Ocida Emma','2000-11-12',20,'','F','Pavunde','Angal','','','','\0','','\0','\0','\0','\0','','N',0,'Unknown','','2020-11-12 16:40:55',NULL,NULL,NULL,NULL,1,'unknown','unknown',NULL),(103,'Aliethi','Nyirach','Nyirach Aliethi','1974-11-12',46,'','F','Lango','','','','','\0','','\0','\0','\0','\0','','N',0,'Unknown','','2020-11-12 16:40:55',NULL,NULL,NULL,NULL,1,'unknown','unknown',NULL),(104,'Jane','Chikawun','Chikawun Jane','1986-11-12',34,'','F','Ocibo','DRC','','','','\0','','\0','\0','\0','\0','','N',0,'Unknown','','2020-11-12 16:40:55',NULL,NULL,NULL,NULL,1,'unknown','unknown',NULL),(105,'Margerate','Awok','Awok Margerate','1964-11-12',56,'','F','Pajao Lower','Akworo','','','','\0','','\0','\0','\0','\0','','N',0,'Unknown','','2020-11-12 16:40:55',NULL,NULL,NULL,NULL,1,'unknown','unknown',NULL),(106,'Bibiana','Anobe','Anobe Bibiana','1970-11-12',50,'','F','Acibu','Nebbi','','','','\0','','\0','\0','\0','\0','','N',0,'Unknown','','2020-11-12 16:40:55',NULL,NULL,NULL,NULL,1,'unknown','unknown',NULL),(107,'Jerida','Nedifa','Nedifa Jerida','1960-11-12',60,'','F','Pajobi','Pakwach','','','','\0','','\0','\0','\0','\0','','N',0,'Unknown','','2020-11-12 16:40:55',NULL,NULL,NULL,NULL,1,'unknown','unknown',NULL),(108,'mary','Ofungi','Ofungi mary','1980-11-12',40,'','F','Acibu','','','','','\0','','\0','\0','\0','\0','','N',0,'Unknown','','2020-11-12 16:40:55',NULL,NULL,NULL,NULL,1,'unknown','unknown',NULL),(109,'Dolika','Ngegibyeke','Ngegibyeke Dolika','1990-11-12',30,'','F','Bulisia','Bulisia','','','','\0','','\0','\0','\0','\0','','N',0,'Unknown','','2020-11-12 16:40:55',NULL,NULL,NULL,NULL,1,'unknown','unknown',NULL),(110,'Acen','Kelemeni','Kelemeni Acen','1960-11-12',60,'','F','Aluka','Angal','','','','\0','','\0','\0','\0','\0','','N',0,'Unknown','','2020-11-12 16:40:55',NULL,NULL,NULL,NULL,1,'unknown','unknown',NULL),(111,'Adubango','Jese','Jese Adubango','1980-11-12',40,'','F','Jupajobi','Nebbi','','','','\0','','\0','\0','\0','\0','','N',0,'Unknown','','2020-11-12 16:40:55',NULL,NULL,NULL,NULL,1,'unknown','unknown',NULL),(112,'Mario','Awene','Awene Mario','1960-11-12',60,'','F','Juparonga','Nebbi','','','','\0','','\0','\0','\0','\0','','N',0,'Unknown','','2020-11-12 16:40:55',NULL,NULL,NULL,NULL,1,'unknown','unknown',NULL),(113,'Ayomirwoth','Mary','Mary Ayomirwoth','1960-11-12',60,'','F','Nyaravur trading Centre','','','','','\0','','\0','\0','\0','\0','','N',0,'Unknown','','2020-11-12 16:40:55',NULL,NULL,NULL,NULL,1,'unknown','unknown',NULL),(114,'Pacunega','rese','rese Pacunega','1984-11-12',36,'','F','Anyili','DRC','','','','\0','','\0','\0','\0','\0','','N',0,'Unknown','','2020-11-12 16:40:55',NULL,NULL,NULL,NULL,1,'unknown','unknown',NULL),(115,'Lucy','Odwoka','Odwoka Lucy','1960-11-12',60,'','F','Parwo Central','Parombo','','','','\0','','\0','\0','\0','\0','','N',0,'Unknown','','2020-11-12 16:40:55',NULL,NULL,NULL,NULL,1,'unknown','unknown',NULL),(116,'Furasil','Inen','Inen Furasil','1944-11-12',76,'','F','Oleny','Erussi trading Centre','','','','\0','','\0','\0','\0','\0','','N',0,'Unknown','','2020-11-12 16:40:55',NULL,NULL,NULL,NULL,1,'unknown','unknown',NULL),(117,'Joyce','Atimango','Atimango Joyce','1996-11-12',24,'','F','Kothongola','Erussi','','','','\0','','\0','\0','\0','\0','','N',0,'Unknown','','2020-11-12 16:40:55',NULL,NULL,NULL,NULL,1,'unknown','unknown',NULL),(118,'Joyce','Obedi','Obedi Joyce','1985-11-12',35,'','F','Alwii','Panyango','','','','\0','','\0','\0','\0','\0','','N',0,'Unknown','','2020-11-12 16:40:55',NULL,NULL,NULL,NULL,1,'unknown','unknown',NULL),(119,'Olama','Margrete','Margrete Olama','1971-11-12',49,'','F','Jupugwana','Nebbi','','','','\0','','\0','\0','\0','\0','','N',0,'Unknown','','2020-11-12 16:40:55',NULL,NULL,NULL,NULL,1,'unknown','unknown',NULL),(120,'brenda','Kwiyocwiny','Kwiyocwiny brenda','2007-11-12',13,'','F','Paidha Town','','','','','\0','','\0','\0','\0','\0','','N',0,'Unknown','','2020-11-12 16:40:55',NULL,NULL,NULL,NULL,1,'unknown','unknown',NULL),(121,'Ayoma','Ebbeka','Ebbeka Ayoma','1960-11-12',60,'','F','Kimar','','','','','\0','','\0','\0','\0','\0','','N',0,'Unknown','','2020-11-12 16:40:55',NULL,NULL,NULL,NULL,1,'unknown','unknown',NULL),(122,'Jeska','Akumu','Akumu Jeska','1984-11-12',36,'','F','Mbaro','Nyaravur','','','','\0','','\0','\0','\0','\0','','N',0,'Unknown','','2020-11-12 16:40:55',NULL,NULL,NULL,NULL,1,'unknown','unknown',NULL),(123,'Juliango','Obotha','Obotha Juliango','1963-11-12',57,'','F','Payera','Erussi','','','','\0','','\0','\0','\0','\0','','N',0,'Unknown','','2020-11-12 16:40:55',NULL,NULL,NULL,NULL,1,'unknown','unknown',NULL),(124,'Anirwoth','Lucia','Lucia Anirwoth','1975-11-12',45,'','F','Gwii','','','','','\0','','\0','\0','\0','\0','','N',0,'Unknown','','2020-11-12 16:40:55',NULL,NULL,NULL,NULL,1,'unknown','unknown',NULL),(125,'Acen','Grace','Grace Acen','1986-11-12',34,'','F','Munduryema','Nyaravur','','','','\0','','\0','\0','\0','\0','','N',0,'Unknown','','2020-11-12 16:40:55',NULL,NULL,NULL,NULL,1,'unknown','unknown',NULL),(126,'Biywaga','Olyera','Olyera Biywaga','1987-11-12',33,'','F','Pajula','Akworo','','','','\0','','\0','\0','\0','\0','','N',0,'Unknown','','2020-11-12 16:40:55',NULL,NULL,NULL,NULL,1,'unknown','unknown',NULL),(127,'Christine','Ajarova','Ajarova Christine','1988-11-12',32,'','F','Kiyoyo','Bulisia','','','','\0','','\0','\0','\0','\0','','N',0,'Unknown','','2020-11-12 16:40:55',NULL,NULL,NULL,NULL,1,'unknown','unknown',NULL),(128,'Jenina','Acibu','Acibu Jenina','1958-11-12',62,'','F','Ogal','','','','','\0','','\0','\0','\0','\0','','N',0,'Unknown','','2020-11-12 16:40:55',NULL,NULL,NULL,NULL,1,'unknown','unknown',NULL),(129,'Klelia','Oyenya','Oyenya Klelia','1952-11-12',68,'','F','Angal Lei','Nyaravur','','','','\0','','\0','\0','\0','\0','','N',0,'Unknown','','2020-11-12 16:40:55',NULL,NULL,NULL,NULL,1,'unknown','unknown',NULL),(130,'Stella','Orwinya','Orwinya Stella','1995-11-12',25,'','F','Atar East','Angal','','','','\0','','\0','\0','\0','\0','','N',0,'Unknown','','2020-11-12 16:40:55',NULL,NULL,NULL,NULL,1,'unknown','unknown',NULL),(131,'Akwia','Tereza','Tereza Akwia','1970-11-12',50,'','F','Mbaro','Nyaravur','','','','\0','','\0','\0','\0','\0','','N',0,'Unknown','','2020-11-12 16:40:55',NULL,NULL,NULL,NULL,1,'unknown','unknown',NULL),(132,'Okumu','Alex','Alex Okumu','1980-11-12',40,'','M','Alwala','Nyaravur','','','','\0','','\0','\0','\0','\0','','N',3,'Unknown','','2020-11-12 16:40:55',NULL,NULL,NULL,NULL,1,'unknown','unknown',NULL),(133,'Emmanuel','Okecha','Okecha Emmanuel','1994-11-12',26,'','M','Akesi','Nebbi Town','','','','\0','','\0','\0','\0','\0','','N',0,'Unknown','','2020-11-12 16:40:55',NULL,NULL,NULL,NULL,1,'unknown','unknown',NULL),(134,'Ocowun','Navitali','Navitali Ocowun','1952-11-12',68,'','M','Jupadeba','','','','','\0','','\0','\0','\0','\0','','N',0,'Unknown','','2020-11-12 16:40:55',NULL,NULL,NULL,NULL,1,'unknown','unknown',NULL),(135,'Okecha','Joel','Joel Okecha','1971-11-12',49,'','M','Rwanza','Bulisia','','','','\0','','\0','\0','\0','\0','																									loel','N',0,'Unknown','','2020-11-12 16:40:55',NULL,NULL,NULL,NULL,1,'unknown','unknown',NULL),(136,'Michael','Okech-Mungu','Okech-Mungu Michael','1995-11-12',25,'','M','Alala','Parombo','','','','\0','','\0','\0','\0','\0','','N',0,'Unknown','','2020-11-12 16:40:55',NULL,NULL,NULL,NULL,1,'unknown','unknown',NULL),(137,'MSGN Santus Linus ','Wanok','Wanok MSGN Santus Linus ','1971-11-12',49,'','M','Paidha Mission','Paidha Town','Bishop Martine','','','\0','','\0','\0','\0','\0','','N',0,'Unknown','','2020-11-12 16:40:55',NULL,NULL,NULL,NULL,1,'unknown','unknown',NULL),(138,'Nadaf','Uwoth-irwoth','Uwoth-irwoth Nadaf','1975-11-12',45,'','M','Kimor','Bulisia','','','','\0','','\0','\0','\0','\0','','N',0,'Unknown','','2020-11-12 16:40:55',NULL,NULL,NULL,NULL,1,'unknown','unknown',NULL),(139,'Digol','Dokcen','Dokcen Digol','1953-11-12',67,'','M','Jupugwang','Nebbi','','','','\0','','\0','\0','\0','\0','','N',0,'Unknown','','2020-11-12 16:40:55',NULL,NULL,NULL,NULL,1,'unknown','unknown',NULL),(140,'Tomas','Kali','Kali Tomas','1947-11-12',73,'','M','Centre West','Angal','','','','\0','','\0','\0','\0','\0','','N',0,'Unknown','','2020-11-12 16:40:55',NULL,NULL,NULL,NULL,1,'unknown','unknown',NULL),(141,'Kapare','James','James Kakura','1944-11-12',76,'','M','Jupugwang','Nebbi','','','','\0','','\0','\0','\0','\0','','N',2,'Unknown','','2020-11-12 16:40:55',NULL,NULL,NULL,NULL,1,'unknown','unknown',NULL),(142,'Oloya','saidi','saidi Oloya','1976-11-12',44,'','M','Parwo Centre','Parombo','','','','\0','','\0','\0','\0','\0','','N',0,'Unknown','','2020-11-12 16:40:55',NULL,NULL,NULL,NULL,1,'unknown','unknown',NULL),(143,'Okello','Felix','Felix Okello','1973-11-12',47,'','M','Penji/Alenga upper','Erussi','','','','\0','','\0','\0','\0','\0','','N',0,'Unknown','','2020-11-12 16:40:55',NULL,NULL,NULL,NULL,1,'unknown','unknown',NULL),(144,'Okoya','Tatizo','Tatizo Okoya','1968-11-12',52,'','M','Apolla','Parombo','','','','\0','','\0','\0','\0','\0','','N',0,'Unknown','','2020-11-12 16:40:55',NULL,NULL,NULL,NULL,1,'unknown','unknown',NULL),(145,'Ongalo','Mithusilo','Mithusilo Ongalo','1975-11-12',45,'','M','Kasato','Akworo','','','','\0','','\0','\0','\0','\0','','N',0,'Unknown','','2020-11-12 16:40:55',NULL,NULL,NULL,NULL,1,'unknown','unknown',NULL),(146,'Owonda','Michael','Michael Owonda','1983-11-12',37,'','M','Parwo','Parombo','','','','\0','','\0','\0','\0','\0','','N',0,'Unknown','','2020-11-12 16:40:55',NULL,NULL,NULL,NULL,1,'unknown','unknown',NULL),(147,'Onencan','Ismail','Ismail Onencan','1981-11-12',39,'','M','Nebbi','Nebbi','','','','\0','','\0','\0','\0','\0','','N',0,'Unknown','','2020-11-12 16:40:55',NULL,NULL,NULL,NULL,1,'unknown','unknown',NULL),(148,'Ajelo','Pithuwa','Pithuwa Ajelo','1964-11-12',56,'','M','Alala','Parombo','','','','\0','','\0','\0','\0','\0','','N',0,'Unknown','','2020-11-12 16:40:55',NULL,NULL,NULL,NULL,1,'unknown','unknown',NULL),(149,'Alex ','Olul','Olul Alex ','1970-11-12',50,'','M','Jupaka','Nebbi','','','','\0','','\0','\0','\0','\0','','N',0,'Unknown','','2020-11-12 16:40:55',NULL,NULL,NULL,NULL,1,'unknown','unknown',NULL),(150,'Githu','George','George Githu','1952-11-12',68,'','M','Lengi','Erussi','','','','\0','','\0','\0','\0','\0','','N',0,'Unknown','','2020-11-12 16:40:55',NULL,NULL,NULL,NULL,1,'unknown','unknown',NULL),(151,'Ronald','Nyitha','Nyitha Ronald','1984-11-12',36,'','M','Centre west','Angal','','','','\0','','\0','\0','\0','\0','','N',0,'Unknown','','2020-11-12 16:40:55',NULL,NULL,NULL,NULL,1,'unknown','unknown',NULL),(152,'Keronga','Stephene','Stephene Keronga','1984-11-12',36,'','M','Puyoo','Pakwach','','','','\0','','\0','\0','\0','\0','','N',0,'Unknown','','2020-11-12 16:40:55',NULL,NULL,NULL,NULL,1,'unknown','unknown',NULL),(153,'Gaudeinsio','Opiem','Opiem Gaudeinsio','1980-11-12',40,'','M','Nyamutongola','Bulisia','','','','\0','','\0','\0','\0','\0','','N',0,'Unknown','','2020-11-12 16:40:55',NULL,NULL,NULL,NULL,1,'unknown','unknown',NULL),(154,'Ojok','Emmanuel Fred','Emmanuel Fred Ojok','1963-11-12',57,'','M','Kuongi','Bulisia','','','','\0','','\0','\0','\0','\0','','N',0,'Unknown','','2020-11-12 16:40:55',NULL,NULL,NULL,NULL,1,'unknown','unknown',NULL),(155,'Derick','Ogentho','Ogentho Derick','2007-11-12',13,'','M','13','Nebbi','','','','\0','','\0','\0','\0','\0','','N',0,'Unknown','','2020-11-12 16:40:55',NULL,NULL,NULL,NULL,1,'unknown','unknown',NULL),(156,'Cwinya-ai','Derick','Derick Cwinya-ai','1984-11-12',36,'','M','Pakwach  Town','Pakwach Town','','','','\0','','\0','\0','\0','\0','									\n																								\n\n\n\n\n\n\n','N',0,'Unknown','','2020-11-12 16:40:55',NULL,NULL,NULL,NULL,1,'unknown','unknown',NULL),(157,'Adubango','Pondy','Pondy Adubango','1995-11-12',25,'','M','Mahagi','Mahagi','','','','\0','','\0','\0','\0','\0','','N',0,'Unknown','','2020-11-12 16:40:55',NULL,NULL,NULL,NULL,1,'unknown','unknown',NULL),(158,'Owachi','Gasper','Gasper Owachi','1938-11-12',82,'','M','Ambaki','','','','','\0','','\0','\0','\0','\0','','N',0,'Unknown','','2020-11-12 16:40:55',NULL,NULL,NULL,NULL,1,'unknown','unknown',NULL),(159,'Onoba','Luciano','Luciano Onoba','1966-11-12',54,'','M','Pakwiyo','','','','','\0','','\0','\0','\0','\0','','N',0,'Unknown','','2020-11-12 16:40:55',NULL,NULL,NULL,NULL,1,'unknown','unknown',NULL),(160,'Okumu','Celsio','Celsio Okumu','1974-11-12',46,'','M','Gupala','','','','','\0','','\0','\0','\0','\0','','N',0,'Unknown','','2020-11-12 16:40:55',NULL,NULL,NULL,NULL,1,'unknown','unknown',NULL),(161,'Mugumb','Inyasio','Inyasio Mugumb','1970-11-12',50,'','M','Terombe','','','','','\0','','\0','\0','\0','\0','','N',0,'Unknown','','2020-11-12 16:40:55',NULL,NULL,NULL,NULL,1,'unknown','unknown',NULL),(162,'Migan','Christine','Christine Migan','2012-11-12',8,'','F','Panyimur','Nebbi','','','','\0','','\0','\0','\0','\0','','N',0,'Unknown','','2020-11-12 16:40:55',NULL,NULL,NULL,NULL,1,'unknown','unknown',NULL),(163,'Jane','Cwinya ai','Cwinya ai Jane','1981-11-12',39,'','F','Oleny','Erussi','','','','\0','','\0','\0','\0','\0','','N',0,'Unknown','','2020-11-12 16:40:55',NULL,NULL,NULL,NULL,1,'unknown','unknown',NULL),(164,'Apio','Jackline','Jackline Apio','1996-11-12',24,'','F','Wadlay','Wadlay','','','','\0','','\0','\0','\0','\0','','N',0,'Unknown','','2020-11-12 16:40:55',NULL,NULL,NULL,NULL,1,'unknown','unknown',NULL),(165,'Athua','Osengu','Osengu Athua','1993-11-12',27,'','F','Panyimur','Panyimur','','','','\0','','\0','\0','\0','\0','','N',0,'Unknown','','2020-11-12 16:40:55',NULL,NULL,NULL,NULL,1,'unknown','unknown',NULL),(166,'Oroma','Jeres','Jeres Oroma','2000-11-12',20,'','F','Boro','Panyimur','','','','\0','','\0','\0','\0','\0','','N',0,'Unknown','','2020-11-12 16:40:55',NULL,NULL,NULL,NULL,1,'unknown','unknown',NULL),(167,'Ayomirwoth','Florence','Florence Ayomirwoth','2003-11-12',17,'','F','Atar','Angal','','','','\0','','\0','\0','\0','\0','','N',0,'Unknown','','2020-11-12 16:40:55',NULL,NULL,NULL,NULL,1,'unknown','unknown',NULL),(168,'Charity','Pimer','Pimer Charity','2001-11-12',19,'','F','Parombo','Parombo','','','','\0','','\0','\0','\0','\0','','N',0,'Unknown','','2020-11-12 16:40:55',NULL,NULL,NULL,NULL,1,'unknown','unknown',NULL),(169,'Atimango','Immaculate','Immaculate Atimango','2000-11-12',20,'','F','Panyimur','Panyimur','','','','\0','','\0','\0','\0','\0','','N',0,'Unknown','','2020-11-12 16:40:55',NULL,NULL,NULL,NULL,1,'unknown','unknown',NULL),(170,'Acaye','Agnes','Agnes Acaye','2002-11-12',18,'','F','Penji upper','Erussi','','','','\0','','\0','\0','\0','\0','','N',0,'Unknown','','2020-11-12 16:40:55',NULL,NULL,NULL,NULL,1,'unknown','unknown',NULL),(171,'Nyamungu','Agnes','Agnes Nyamungu','1994-11-12',26,'','F','Panyimur','Panyimur','','','','\0','','\0','\0','\0','\0','','N',0,'Unknown','','2020-11-12 16:40:55',NULL,NULL,NULL,NULL,1,'unknown','unknown',NULL),(172,'Raima','Mavenjina','Mavenjina Raima','1998-11-12',22,'','F','Padolo','Erussi','','','','\0','','\0','\0','\0','\0','','N',0,'Unknown','','2020-11-12 16:40:55',NULL,NULL,NULL,NULL,1,'unknown','unknown',NULL),(173,'Salama','Ayiorwoth','Ayiorwoth Salama','2002-11-12',18,'','F','Parombo','Parombo','','','','\0','','\0','\0','\0','\0','','N',0,'Unknown','','2020-11-12 16:40:55',NULL,NULL,NULL,NULL,1,'unknown','unknown',NULL),(174,'Liberty','Nyamutoro','Nyamutoro Liberty','2004-11-12',16,'','F','Pangere','Erussi','','','','\0','','\0','\0','\0','\0','','N',0,'Unknown','','2020-11-12 16:40:55',NULL,NULL,NULL,NULL,1,'unknown','unknown',NULL),(175,'Gladis','Anican','Anican Gladis','1993-11-12',27,'','F','Padel Ossi','Parombo','','','','\0','','\0','\0','\0','\0','','N',0,'Unknown','','2020-11-12 16:40:55',NULL,NULL,NULL,NULL,1,'unknown','unknown',NULL),(176,'Pifua','Jackline','Jackline Pifua','1996-11-12',24,'','F','Olyeko','Angal','','','','\0','','\0','\0','\0','\0','','N',0,'Unknown','','2020-11-12 16:40:55',NULL,NULL,NULL,NULL,1,'unknown','unknown',NULL),(177,'Bakoko','Grace','Grace Bakoko','2000-11-12',20,'','F','Padwot','Kucwiny','','','','\0','','\0','\0','\0','\0','','N',0,'Unknown','','2020-11-12 16:40:55',NULL,NULL,NULL,NULL,1,'unknown','unknown',NULL),(178,'Biywaga','Roseline','Roseline Biywaga','2017-11-12',3,'','F','Dei Panyimur','Panyimur','','','','\0','','\0','\0','\0','\0','','N',0,'Unknown','','2020-11-12 16:40:55',NULL,NULL,NULL,NULL,1,'unknown','unknown',NULL),(179,'Agnen','Onen','Onen Agnen','1985-11-12',35,'','F','Parombo','Parombo','','','','\0','','\0','\0','\0','\0','','N',0,'Unknown','','2020-11-12 16:40:55',NULL,NULL,NULL,NULL,1,'unknown','unknown',NULL),(180,'Oyela','Beatrice','Beatrice Oyela','1985-11-12',35,'','F','Penji Messi','Erussi','','','','\0','','\0','\0','\0','\0','','N',0,'Unknown','','2020-11-12 16:40:55',NULL,NULL,NULL,NULL,1,'unknown','unknown',NULL),(181,'Omaka ','Tadeo','Tadeo Omaka ','1944-11-12',76,'','M','koch','Nebbi','','','','\0','','\0','\0','\0','\0','','N',1,'Unknown','','2020-11-12 16:40:55',NULL,NULL,NULL,NULL,1,'unknown','unknown',NULL),(182,'Owachgiu','Wilfred','Wilfred Owachgiu','2007-11-12',13,'','M','Loc Judongo','Kucwiny','','','','\0','','\0','\0','\0','\0','','N',0,'Unknown','','2020-11-12 16:40:55',NULL,NULL,NULL,NULL,1,'unknown','unknown',NULL),(183,'Ringotho','Peter','Peter Ringotho','1953-11-12',67,'','M','Apolla','Nyaravur','','','','\0','','\0','\0','\0','\0','','N',0,'Unknown','','2020-11-12 16:40:55',NULL,NULL,NULL,NULL,1,'unknown','unknown',NULL),(187,'Ayomirwoth','OLama','OLama Ayomirwoth','2010-11-12',10,'','F','Sito','DRC','mary','','','\0','','\0','\0','\0','\0','','N',0,'Unknown','','2020-11-12 16:40:55',NULL,NULL,NULL,NULL,1,'unknown','unknown',NULL),(188,'Johnson','Cwinya ai','Cwinya ai Johnson','1963-11-12',57,'','M','Nyarogalo','Parombo','','','','\0','','\0','\0','\0','\0','','N',0,'Unknown','','2020-11-12 16:40:55',NULL,NULL,NULL,NULL,1,'unknown','unknown',NULL),(189,'Emilio','Olar','Olar Emilio','1967-11-12',53,'','M','Laju','Nebbi','','','','\0','','\0','\0','\0','\0','','N',0,'Unknown','','2020-11-12 16:40:55',NULL,NULL,NULL,NULL,1,'unknown','unknown',NULL),(190,'Manuel','Bedijo','Bedijo Manuel','1986-11-12',34,'','M','Munduryema','Akworo','','','','\0','','\0','\0','\0','\0','','N',0,'Unknown','','2020-11-12 16:40:55',NULL,NULL,NULL,NULL,1,'unknown','unknown',NULL),(191,'Philipo','Kali','Kali Philipo','1964-11-12',56,'','M','Pabego','Nebbi','','','','\0','','\0','\0','\0','\0','','N',0,'Unknown','','2020-11-12 16:40:55',NULL,NULL,NULL,NULL,1,'unknown','unknown',NULL),(192,'Solomon','Openji','Openji Solomon','1964-11-12',56,'','M','Pangere','Parombo','','','','\0','','\0','\0','\0','\0','','N',0,'Unknown','','2020-11-12 16:40:55',NULL,NULL,NULL,NULL,1,'unknown','unknown',NULL),(193,'Gilbert','Opar','Opar Gilbert','1966-11-12',54,'','M','Ogal','Panyimur','','','','\0','','\0','\0','\0','\0','','N',0,'Unknown','','2020-11-12 16:40:55',NULL,NULL,NULL,NULL,1,'unknown','unknown',NULL),(194,'Samuel','Opor','Opor Samuel','2006-11-12',14,'','M','Ojwang','Nyaravur','','','','\0','','\0','\0','\0','\0','','N',0,'Unknown','','2020-11-12 16:40:55',NULL,NULL,NULL,NULL,1,'unknown','unknown',NULL),(195,'Bedijo','Orwodhi','Orwodhi Bedijo','1997-11-12',23,'','M','Paicing','Congo','','','','\0','','\0','\0','\0','\0','','N',0,'Unknown','','2020-11-12 16:40:55',NULL,NULL,NULL,NULL,1,'unknown','unknown',NULL),(196,'Edison','Musabe','Musabe Edison','1995-11-12',25,'','M','Purongo','Anaka','','','','\0','','\0','\0','\0','\0','','N',0,'Unknown','','2020-11-12 16:40:55',NULL,NULL,NULL,NULL,1,'unknown','unknown',NULL),(197,'Manuel','Ongiera','Ongiera Manuel','1955-11-12',65,'','M','Pangere','Parombo','','','','\0','','\0','\0','\0','\0','','N',0,'Unknown','','2020-11-12 16:40:55',NULL,NULL,NULL,NULL,1,'unknown','unknown',NULL),(198,'Francis','Parwoth','Parwoth Francis','1999-11-12',21,'','M','Awinyngiri','Arua','','','','\0','','\0','\0','\0','\0','','N',0,'Unknown','','2020-11-12 16:40:55',NULL,NULL,NULL,NULL,1,'unknown','unknown',NULL),(199,'Charles','Angeo','Angeo Charles','1982-11-12',38,'','M','Kakawoy','Pakwach','','','','\0','','\0','\0','\0','\0','','N',0,'Unknown','','2020-11-12 16:40:55',NULL,NULL,NULL,NULL,1,'unknown','unknown',NULL),(200,'Zakaria','Abernitho','Abernitho Zakaria','1942-11-12',78,'','M','Anosi','Erussi','','','','\0','','\0','\0','\0','\0','','N',0,'Unknown','','2020-11-12 16:40:55',NULL,NULL,NULL,NULL,1,'unknown','unknown',NULL),(202,'Mariana','Anek','Anek Mariana','1967-11-12',53,'','F','Mubongo','','','','','\0','','\0','\0','\0','\0','','N',0,'Unknown','','2020-11-12 16:40:55',NULL,NULL,NULL,NULL,1,'unknown','unknown',NULL),(203,'Anewa','Paska','Paska Anewa','1952-11-12',68,'','F','Jalakech','','','','','\0','','\0','\0','\0','\0','','N',0,'Unknown','','2020-11-12 16:40:55',NULL,NULL,NULL,NULL,1,'unknown','unknown',NULL),(204,'Oyeki','kulasika','kulasika Oyeki','1938-11-12',82,'','F','Parwo Central','','','','','\0','','\0','\0','\0','\0','','N',0,'Unknown','','2020-11-12 16:40:55',NULL,NULL,NULL,NULL,1,'unknown','unknown',NULL),(205,'Onyai','Janety','Janety Onyai','1990-11-12',30,'','F','Abok','','','','','\0','','\0','\0','\0','\0','','N',0,'Unknown','','2020-11-12 16:40:55',NULL,NULL,NULL,NULL,1,'unknown','unknown',NULL),(206,'Akumu','Paskolina','Paskolina Akumu','1981-11-12',39,'','F','Tingkori','','','','','\0','','\0','\0','\0','\0','','N',0,'Unknown','','2020-11-12 16:40:55',NULL,NULL,NULL,NULL,1,'unknown','unknown',NULL),(208,'Ngamita','Ariyety','Ariyety Ngamita','1981-11-12',39,'','F','Omulu','DRC','','','','\0','','\0','\0','\0','\0','','N',0,'Unknown','','2020-11-12 16:40:55',NULL,NULL,NULL,NULL,1,'unknown','unknown',NULL),(213,'rossi','paolo','paolo rossi','1987-11-12',33,'','M','','','','','','\0','','\0','\0','\0','\0','','Y',0,'Unknown','','2020-11-12 16:40:55',NULL,NULL,NULL,NULL,1,'unknown','unknown',NULL),(214,'Ocaki','Luwlngl','Luwlngl Ocaki','1968-11-12',52,'','M','Keramla','','','','','\0','','\0','\0','\0','\0','','N',0,'Unknown','','2020-11-12 16:40:55',NULL,NULL,NULL,NULL,1,'unknown','unknown',NULL),(215,'Opoya','John','John Opoya','1981-11-12',39,'','M','Walukuba','Bulisia','','','','\0','','\0','\0','\0','\0','','N',0,'Unknown','','2020-11-12 16:40:55',NULL,NULL,NULL,NULL,1,'unknown','unknown',NULL),(216,'Tuambe','Alfred','Alfred Tuambe','1985-11-12',35,'','M','Sewule','','','','','\0','','\0','\0','\0','\0','','N',0,'Unknown','','2020-11-12 16:40:55',NULL,NULL,NULL,NULL,1,'unknown','unknown',NULL),(217,'Kumakech','Edlmon','Edlmon Kumakech','2008-11-12',12,'','M','Mubogo','','','','','\0','','\0','\0','\0','\0','','N',0,'Unknown','','2020-11-12 16:40:55',NULL,NULL,NULL,NULL,1,'unknown','unknown',NULL),(218,'Ocamgiu','Geofred','Geofred Ocamgiu','1976-11-12',44,'','M','Fualwonga','','','','','\0','','\0','\0','\0','\0','','N',0,'Unknown','','2020-11-12 16:40:55',NULL,NULL,NULL,NULL,1,'unknown','unknown',NULL),(219,'Ocaya','Luka','Luka Ocaya','1944-11-12',76,'','M','Panylmur','','','','','\0','','\0','\0','\0','\0','','N',0,'Unknown','','2020-11-12 16:40:55',NULL,NULL,NULL,NULL,1,'unknown','unknown',NULL),(220,'Cwinya ai','Mutualip','Mutualip Cwinya ai','2001-11-12',19,'','M','Pamora','Nyaravur','','','','\0','','\0','\0','\0','\0','','N',0,'Unknown','','2020-11-12 16:40:55',NULL,NULL,NULL,NULL,1,'unknown','unknown',NULL),(221,'Orochi','Denis','Denis Orochi','1987-11-12',33,'','M','Aluka','Angal','','','','\0','','\0','\0','\0','\0','','N',0,'Unknown','','2020-11-12 16:40:55',NULL,NULL,NULL,NULL,1,'unknown','unknown',NULL),(222,'Walter','Oriema','Oriema Walter','1987-11-12',33,'','M','Aluka','Angal','','','','\0','','\0','\0','\0','\0','','N',0,'Unknown','','2020-11-12 16:40:55',NULL,NULL,NULL,NULL,1,'unknown','unknown',NULL),(223,'Okumu','Morls','Morls Okumu','2011-11-12',9,'','M','Bugoigoi','','','','','\0','','\0','\0','\0','\0','','N',0,'Unknown','','2020-11-12 16:40:55',NULL,NULL,NULL,NULL,1,'unknown','unknown',NULL),(224,'Alfred','Alfred','Alfred Alfred','1986-11-12',34,'','M','Pagere','','','','','\0','','\0','\0','\0','\0','','N',0,'Unknown','','2020-11-12 16:40:55',NULL,NULL,NULL,NULL,1,'unknown','unknown',NULL),(225,'Marparwoth','Sunday','Sunday Marparwoth','2019-11-12',1,'','F','Palei','Nyaravur','','','','\0','','\0','\0','\0','\0','','N',0,'Unknown','','2020-11-12 16:40:55',NULL,NULL,NULL,NULL,1,'unknown','unknown',NULL),(226,'Jerry ','Opakrwoth','Opakrwoth Jerry ','2018-11-12',2,'','M','Padolo','Erussi','','','','\0','','\0','\0','\0','\0','Five months with malaria										','N',0,'Unknown','','2020-11-12 16:40:55',NULL,NULL,NULL,NULL,1,'unknown','unknown',NULL),(227,'Ofoyrwoth','Francis','Francis Ofoyrwoth','2019-11-12',1,'','M','Padel Thilas','Parombo','','','','\0','','\0','\0','\0','\0','7 months with malaria/Bronchitis','N',1,'Unknown','','2020-11-12 16:40:55',NULL,NULL,NULL,NULL,1,'unknown','unknown',NULL),(228,'Prisca','Kwiocwiny','Kwiocwiny Prisca','2019-11-12',1,'','F','Pamora Ambere','Nyaravur','','','','\0','','\0','\0','\0','\0','6 months with malaria','N',0,'Unknown','','2020-11-12 16:40:55',NULL,NULL,NULL,NULL,1,'unknown','unknown',NULL),(229,'Moris','Apenjonga','Apenjonga Moris','2013-11-12',7,'','M','Pamora Jupukumu','Parombo','','','','\0','','\0','\0','\0','\0','','N',0,'Unknown','','2020-11-12 16:40:55',NULL,NULL,NULL,NULL,1,'unknown','unknown',NULL),(230,'Muzamil','Oyirwoth','Oyirwoth Muzamil','2017-11-12',3,'','M','Nyarogalo Upper','parombo','','','','\0','','\0','\0','\0','\0','10months with Gastro Enteritis','N',0,'Unknown','','2020-11-12 16:40:55',NULL,NULL,NULL,NULL,1,'unknown','unknown',NULL),(231,'kayeny','Parwoth','Parwoth kayeny','2019-11-12',1,'','F','Awera Forest','Nyaravur','','','','\0','','\0','\0','\0','\0','1month ','N',0,'Unknown','','2020-11-12 16:40:55',NULL,NULL,NULL,NULL,1,'unknown','unknown',NULL),(232,'Kizito','Omirambe','Omirambe Kizito','2010-11-12',10,'','M','Padel','Parombo','','','','\0','','\0','\0','\0','\0','10 months old','N',0,'Unknown','','2020-11-12 16:40:55',NULL,NULL,NULL,NULL,1,'unknown','unknown',NULL),(233,'Josephine','Giramia','Giramia Josephine','2019-11-12',1,'','F','Olyeko','Nyaravur','','','','\0','','\0','\0','\0','\0','1 month with malaria','N',0,'Unknown','','2020-11-12 16:40:55',NULL,NULL,NULL,NULL,1,'unknown','unknown',NULL),(234,'Yonirwoth','Patricia','Patricia Yonirwoth','2019-11-12',1,'','F','Kyera','Nyaravur','','','','\0','','\0','\0','\0','\0','11 months with malaria','N',0,'Unknown','','2020-11-12 16:40:55',NULL,NULL,NULL,NULL,1,'unknown','unknown',NULL),(235,'Aromborach','Ayiorwoth','Ayiorwoth Aromborach','2020-11-12',0,'','F','Kasato','Akworo','','','','\0','','\0','\0','\0','\0','6 months old','N',0,'Unknown','','2020-11-12 16:40:55',NULL,NULL,NULL,NULL,1,'unknown','unknown',NULL),(236,'Mungutimo','Derrick','Derrick Mungutimo','2019-11-12',1,'','M','Penji','Parombo','','','','\0','','\0','\0','\0','\0','2 months with Severe Aneamia/Malaria','N',0,'Unknown','','2020-11-12 16:40:55',NULL,NULL,NULL,NULL,1,'unknown','unknown',NULL),(237,'Bright','Okwirwoth','Okwirwoth Bright','2019-11-12',1,'','M','Ramogi','Kucwiny','','','','\0','','\0','\0','\0','\0','3 months with malaria\n\n\n\n\n\n\n\n\n\n\n\n\n							','N',0,'Unknown','','2020-11-12 16:40:55',NULL,NULL,NULL,NULL,1,'unknown','unknown',NULL),(238,'Fortunate','Afoyorwoth','Afoyorwoth Fortunate','2012-11-12',8,'','F','Cubu','DRC','','','','\0','','\0','\0','\0','\0','8 months old','N',0,'Unknown','','2020-11-12 16:40:55',NULL,NULL,NULL,NULL,1,'unknown','unknown',NULL),(239,'Okello','Innocent','Innocent Okello','2011-11-12',9,'','M','Ayago Boro','Panyimur','','','','\0','','\0','\0','\0','\0','9 months old','N',0,'Unknown','','2020-11-12 16:40:55',NULL,NULL,NULL,NULL,1,'unknown','unknown',NULL),(240,'Edmond','Oyunyrwoth','Oyunyrwoth Edmond','2017-11-12',3,'','M','Pagwata','Parombo','','','','\0','','\0','\0','\0','\0','6 months with Acute G.E/Malaria','N',0,'Unknown','','2020-11-12 16:40:55',NULL,NULL,NULL,NULL,1,'unknown','unknown',NULL),(241,'Mungudit','Mungudit','Mungudit Mungudit','2020-11-12',0,'','M','Payera','Erussi','','','','\0','','\0','\0','\0','\0','1 month and14 days','N',0,'Unknown','','2020-11-12 16:40:55',NULL,NULL,NULL,NULL,1,'unknown','unknown',NULL),(242,'Waparwoth','Trinity','Trinity Waparwoth','2014-11-12',6,'','M','Paminya','Nyaravur','','','','\0','','\0','\0','\0','\0','6 month old','N',0,'Unknown','','2020-11-12 16:40:55',NULL,NULL,NULL,NULL,1,'unknown','unknown',NULL),(243,'Otimkisa','Deo','Deo Otimkisa','2011-11-12',9,'','M','Koch Abira','Nebbi','','','','\0','','\0','\0','\0','\0','9 months old','N',0,'Unknown','','2020-11-12 16:40:55',NULL,NULL,NULL,NULL,1,'unknown','unknown',NULL),(244,'Allan','Pimic','Pimic Allan','2020-11-12',0,'','M','Thelai','','','','','\0','','\0','\0','\0','\0','','N',0,'Unknown','','2020-11-12 16:40:55',NULL,NULL,NULL,NULL,1,'unknown','unknown',NULL),(245,'Opakrwoth','Emmy','Emmy Opakrwoth','2019-11-12',1,'','M','Kwio Owaro','Nyaravur','','','','\0','','\0','\0','\0','\0','1 month old','N',0,'Unknown','','2020-11-12 16:40:55',NULL,NULL,NULL,NULL,1,'unknown','unknown',NULL),(246,'Pimer','Sunday','Sunday Pimer','2009-11-12',11,'','M','Mbaro Akanga','Nyaravur','','','','\0','','\0','\0','\0','\0','11 months old','N',0,'Unknown','','2020-11-12 16:40:55',NULL,NULL,NULL,NULL,1,'unknown','unknown',NULL),(247,'Fuarwinyo','Beatrice','Beatrice Fuarwinyo','2019-11-12',1,'','F','Jupagillo','Parombo','','','','\0','','\0','\0','\0','\0','1 year old','N',0,'Unknown','','2020-11-12 16:40:55',NULL,NULL,NULL,NULL,1,'unknown','unknown',NULL),(248,'Afoyrwoth','Fortunate','Fortunate Afoyrwoth','2012-11-12',8,'','F','Cubu','DRC','','','','\0','','\0','\0','\0','\0','8 months old','N',0,'Unknown','','2020-11-12 16:40:55',NULL,NULL,NULL,NULL,1,'unknown','unknown',NULL),(249,'Mungudit ','Justine','Justine Mungudit ','2020-11-12',0,'','M','Jagi Ossi','Parombo','','','','\0','','\0','\0','\0','\0','6 Months old.','N',0,'Unknown','','2020-11-12 16:40:55',NULL,NULL,NULL,NULL,1,'unknown','unknown',NULL),(250,'Rwothomio ','Victor','Victor Rwothomio ','2020-11-12',0,'','M','Padel','Parombo','','','','\0','','\0','\0','\0','\0','8 Months old. With Malaria/URTI','N',2,'Unknown','','2020-11-12 16:40:55',NULL,NULL,NULL,NULL,1,'unknown','unknown',NULL),(251,'Rwothomio','Patrict','Patrict Rwothomio','2020-11-12',0,'','M','Jupukumu','Parombo','','','','\0','','\0','\0','\0','\0','11 Months old. wIith Malaria/UTI','N',1,'Unknown','','2020-11-12 16:40:55',NULL,NULL,NULL,NULL,1,'unknown','unknown',NULL),(252,'Rwothomio ','Santo','Santo Rwothomio ','2019-11-12',1,'','M','Gute','Nyaravur','','','','\0','','\0','\0','\0','\0','1Year and 2 Months','N',0,'Unknown','','2020-11-12 16:40:55',NULL,NULL,NULL,NULL,1,'unknown','unknown',NULL),(253,'Scovia','Scovia','Scovia Scovia','2020-11-12',0,'','F','Jakok','Panyimur','','','','\0','','\0','\0','\0','\0','3 Months old','N',0,'Unknown','','2020-11-12 16:40:55',NULL,NULL,NULL,NULL,1,'unknown','unknown',NULL),(254,'Mungungeo','Mungungeo','Mungungeo Mungungeo','2020-11-12',0,'','M','Pakulo','DRC','','','','\0','','\0','\0','\0','\0','7 Months old. Severe Malaria/G.E.','N',1,'Unknown','','2020-11-12 16:40:55',NULL,NULL,NULL,NULL,1,'unknown','unknown',NULL),(255,'Irine ','Agwokotho','Agwokotho Irine ','1994-11-12',26,'','F','Parombo','Parombo','','','','\0','','\0','\0','\0','\0','','N',0,'Unknown','','2020-11-12 16:40:55',NULL,NULL,NULL,NULL,1,'unknown','unknown',NULL),(256,'kaguta','Museveni','Museveni kaguta','2014-11-12',6,'','M','Padel','Parombo','','','','\0','','\0','\0','\0','\0','With Dental carries/LRT/Submandibular Cellulitis','N',0,'Unknown','','2020-11-12 16:40:55',NULL,NULL,NULL,NULL,1,'unknown','unknown',NULL),(257,'Kayenypamungu','Kayenypamungu','Kayenypamungu Kayenypamungu','2020-11-12',0,'','F','Panyimur','Pnyimur','','','','\0','','\0','\0','\0','\0','10 Months old, with Malaria/Aneamia','N',0,'Unknown','','2020-11-12 16:40:55',NULL,NULL,NULL,NULL,1,'unknown','unknown',NULL),(258,'Denis','Ocungi','Ocungi Denis','2015-11-12',5,'','M','Alwii Payila','Panyango','','','','\0','','\0','\0','\0','\0','with Malaria','N',0,'Unknown','','2020-11-12 16:40:55',NULL,NULL,NULL,NULL,1,'unknown','unknown',NULL),(259,'Irine','Biywaga','Biywaga Irine','2019-11-12',1,'','F','Oriu','Erusi','','','','\0','','\0','\0','\0','\0','','N',0,'Unknown','','2020-11-12 16:40:55',NULL,NULL,NULL,NULL,1,'unknown','unknown',NULL),(260,'Opira ','Agnes','Agnes Opira ','1996-11-12',24,'','F','Padel ossi','Parombo','','','','\0','','\0','\0','\0','\0','','N',0,'Unknown','','2020-11-12 16:40:55',NULL,NULL,NULL,NULL,1,'unknown','unknown',NULL),(261,'Pirwoth','Mungungeo','Mungungeo Pirwoth','2020-11-12',0,'','M','Pamora','Nyaravur','','','','\0','','\0','\0','\0','\0','4 Months old,with G.E.','N',0,'Unknown','','2020-11-12 16:40:55',NULL,NULL,NULL,NULL,1,'unknown','unknown',NULL),(262,'Pimer','Pius','Pius Pimer','2017-11-12',3,'','M','Penji','Parombo','','','','\0','','\0','\0','\0','\0','','N',1,'Unknown','','2020-11-12 16:40:55',NULL,NULL,NULL,NULL,1,'unknown','unknown',NULL),(263,'Ochay','Mannuel','Mannuel Ochay','2012-11-12',8,'','M','Parombo','Parombo','','','','\0','','\0','\0','\0','\0','Malaria','N',0,'Unknown','','2020-11-12 16:40:55',NULL,NULL,NULL,NULL,1,'unknown','unknown',NULL),(264,'Atimango','Agnes','Agnes Atimango','1990-11-12',30,'','F','Parombo','Parombo','','','','\0','','\0','\0','\0','\0','','N',0,'Unknown','','2020-11-12 16:40:55',NULL,NULL,NULL,NULL,1,'unknown','unknown',NULL),(265,'Lilian ','Iutung','Iutung Lilian ','2018-11-12',2,'','F','Padel','Parombo','','','','\0','','\0','\0','\0','\0','2 Years and 4 Months','N',1,'Unknown','','2020-11-12 16:40:55',NULL,NULL,NULL,NULL,1,'unknown','unknown',NULL),(266,'Oyirwoth','Richard','Richard Oyirwoth','2020-11-12',0,'','M','Kucwiny','Kucwiny','','','','\0','','\0','\0','\0','\0','2years and 1month with Severe Aneamia/Malaria				','N',0,'Unknown','','2020-11-12 16:40:55',NULL,NULL,NULL,NULL,1,'unknown','unknown',NULL),(267,'Denis','Okwirwoth','Okwirwoth Denis','2020-11-12',0,'','M','Olago','Kucwiny','','','','\0','','\0','\0','\0','\0','1year and 8months','N',0,'Unknown','','2020-11-12 16:40:55',NULL,NULL,NULL,NULL,1,'unknown','unknown',NULL),(268,'Irene','Biywaga','Biywaga Irene','2020-11-12',0,'','F','Pamora','Nyaravur','','','','\0','','\0','\0','\0','\0','1year and 10months','N',1,'Unknown','','2020-11-12 16:40:55',NULL,NULL,NULL,NULL,1,'unknown','unknown',NULL),(269,'Akumu ','Betty','Betty Akumu ','1970-11-12',50,'','F','Kolokoth','DRC','','','','\0','','\0','\0','\0','\0','','N',0,'Unknown','','2020-11-12 16:40:55',NULL,NULL,NULL,NULL,1,'unknown','unknown',NULL),(270,'Ofoymungu','Richard','Richard Ofoymungu','2020-11-12',0,'','M','Payera','Erussi','','','','\0','','\0','\0','\0','\0','11months old','N',0,'Unknown','','2020-11-12 16:40:55',NULL,NULL,NULL,NULL,1,'unknown','unknown',NULL),(271,'Furasuazi','Owachi','Owachi Furasuazi','1980-11-12',40,'','F','Nyokabeu','DRC','','','','\0','','\0','\0','\0','\0','','N',0,'Unknown','','2020-11-12 16:40:55',NULL,NULL,NULL,NULL,1,'unknown','unknown',NULL),(272,'Trinity','Ayiorwoth','Ayiorwoth Trinity','2016-11-12',4,'','F','Parombo','Parombo','','','','\0','','\0','\0','\0','\0','','N',0,'Unknown','','2020-11-12 16:40:55',NULL,NULL,NULL,NULL,1,'unknown','unknown',NULL),(273,'Ajelina ','Fualing','Fualing Ajelina ','1953-11-12',67,'','F','Atar west','Angal','','','','\0','','\0','\0','\0','\0','','N',0,'Unknown','','2020-11-12 16:40:55',NULL,NULL,NULL,NULL,1,'unknown','unknown',NULL),(274,'Wanirwoth','Blandhina','Blandhina Wanirwoth','1961-11-12',59,'','F','Padel Jagi','Parombo','','','','\0','','\0','\0','\0','\0','	','N',0,'Unknown','','2020-11-12 16:40:55',NULL,NULL,NULL,NULL,1,'unknown','unknown',NULL),(275,'Mapenzi','Mapenzi','Mapenzi Mapenzi','2020-11-12',0,'','M','Kasato','Akworo','','','','\0','','\0','\0','\0','\0','2months old with LRTI r/o Mongolism','N',1,'Unknown','','2020-11-12 16:40:55',NULL,NULL,NULL,NULL,1,'unknown','unknown',NULL),(276,'Oyungrwoth','Juliet','Juliet Oyungrwoth','2018-11-12',2,'','F','Akanyo','Kucwiny','','','','\0','','\0','\0','\0','\0','','N',0,'Unknown','','2020-11-12 16:40:55',NULL,NULL,NULL,NULL,1,'unknown','unknown',NULL),(277,'Paramungu','Gloria','Gloria Paramungu','2019-11-12',1,'','F','Olyeko','Nyaravur','','','','\0','','\0','\0','\0','\0','','N',0,'Unknown','','2020-11-12 16:40:55',NULL,NULL,NULL,NULL,1,'unknown','unknown',NULL),(278,'Mugisha','Whitney','Whitney Mugisha','2020-11-12',0,'','M','Parombo','Parombo','','','','\0','','\0','\0','\0','\0','1year and 5months','N',0,'Unknown','','2020-11-12 16:40:55',NULL,NULL,NULL,NULL,1,'unknown','unknown',NULL),(279,'Amia','Annet','Annet Amia','2020-11-12',0,'','F','Rero','Akworo','','','','\0','','\0','\0','\0','\0','6years and 8months','N',0,'Unknown','','2020-11-12 16:40:55',NULL,NULL,NULL,NULL,1,'unknown','unknown',NULL),(280,'Ozelle','Merombe','Merombe Ozelle','2020-11-12',0,'','M','Cubu','DRC','','','','\0','','\0','\0','\0','\0','2years and 1month','N',0,'Unknown','','2020-11-12 16:40:55',NULL,NULL,NULL,NULL,1,'unknown','unknown',NULL),(281,'Afoyorwoth','Maurine','Maurine Afoyorwoth','2020-11-12',0,'','F','Angal','Nyaravur','','','','\0','','\0','\0','\0','\0','1year and 2months','N',0,'Unknown','','2020-11-12 16:40:55',NULL,NULL,NULL,NULL,1,'unknown','unknown',NULL),(282,'Oyirwoth','Francis','Francis Oyirwoth','2020-11-12',0,'','M','Vurr Ogweri','Kucwiny','','','','\0','','\0','\0','\0','\0','1year and 10months','N',1,'Unknown','','2020-11-12 16:40:55',NULL,NULL,NULL,NULL,1,'unknown','unknown',NULL),(283,'Fancy','Atyeronimungu','Atyeronimungu Fancy','2020-11-12',0,'','F','Abira','DRC','','','','\0','','\0','\0','\0','\0','6months old','N',0,'Unknown','','2020-11-12 16:40:55',NULL,NULL,NULL,NULL,1,'unknown','unknown',NULL),(284,'Pimer','Charles','Charles Pimer','2020-11-12',0,'','M','Kituna','Akworo','','','','\0','','\0','\0','\0','\0','9months old','N',0,'Unknown','','2020-11-12 16:40:55',NULL,NULL,NULL,NULL,1,'unknown','unknown',NULL),(285,'Onagla','Mithusila','Mithusila Onagla','1975-11-12',45,'','M','Kasato','Akworo','','','','\0','','\0','\0','\0','\0','','N',0,'Unknown','','2020-11-12 16:40:55',NULL,NULL,NULL,NULL,1,'unknown','unknown',NULL),(286,'Zawadi','Kayeny','Kayeny Zawadi','2020-11-12',0,'','F','Payera','Erussi','','','','\0','','\0','\0','\0','\0','7months old','N',0,'Unknown','','2020-11-12 16:40:55',NULL,NULL,NULL,NULL,1,'unknown','unknown',NULL),(287,'Cipriano','Okethi','Okethi Cipriano','1960-11-12',60,'','M','Rajombu','Pachaka','','','','\0','','\0','\0','\0','\0','','N',0,'Unknown','','2020-11-12 16:40:55',NULL,NULL,NULL,NULL,1,'unknown','unknown',NULL),(288,'Ojiki','Anderiano','Anderiano Ojiki','1947-11-12',73,'','M','Babu west','Angal','','','','\0','','\0','\0','\0','\0','','N',0,'Unknown','','2020-11-12 16:40:55',NULL,NULL,NULL,NULL,1,'unknown','unknown',NULL),(289,'Marko','Ongiela','Ongiela Marko','1950-11-12',70,'','M','Rest camp','Nyaravur','','','','\0','','\0','\0','\0','\0','','N',0,'Unknown','','2020-11-12 16:40:55',NULL,NULL,NULL,NULL,1,'unknown','unknown',NULL),(290,'Okello','suverino','suverino Okello','1959-11-12',61,'','M','Panguell','Alwii','','','','\0','','\0','\0','\0','\0','','N',0,'Unknown','','2020-11-12 16:40:55',NULL,NULL,NULL,NULL,1,'unknown','unknown',NULL),(291,'cHONGA ','fRANCO','fRANCO cHONGA ','1987-11-12',33,'','M','Nyapupii','Angal','','','','\0','','\0','\0','\0','\0','														','N',0,'Unknown','','2020-11-12 16:40:55',NULL,NULL,NULL,NULL,1,'unknown','unknown',NULL),(292,'Jai','Noah','Noah Jai','1950-11-12',70,'','M','Pakwinyo','Wadlai','','','','\0','','\0','\0','\0','\0','','N',0,'Unknown','','2020-11-12 16:40:55',NULL,NULL,NULL,NULL,1,'unknown','unknown',NULL),(293,'Victor','Olama','Olama Victor','1960-11-12',60,'','M','Nyakagei','Panyimur','','','','\0','','\0','\0','\0','\0','','N',0,'Unknown','','2020-11-12 16:40:55',NULL,NULL,NULL,NULL,1,'unknown','unknown',NULL),(294,'Moris','Ngageno','Ngageno Moris','1990-11-12',30,'','M','Padel','Parombo','','','','\0','','\0','\0','\0','\0','','N',0,'Unknown','','2020-11-12 16:40:55',NULL,NULL,NULL,NULL,1,'unknown','unknown',NULL),(295,'Orom','charles','charles Orom','1973-11-12',47,'','M','Oswedu','Bulisia','ASimwe','','','\0','','\0','\0','\0','\0','','N',1,'Unknown','','2020-11-12 16:40:55',NULL,NULL,NULL,NULL,1,'unknown','unknown',NULL),(296,'Brain','Obedgiu','Obedgiu Brain','2011-11-12',9,'','M','Gotlandi','Mbaro','','','','\0','','\0','\0','\0','\0','','N',0,'Unknown','','2020-11-12 16:40:55',NULL,NULL,NULL,NULL,1,'unknown','unknown',NULL),(297,'Kerwegi','Lordsir','Lordsir Kerwegi','2001-11-12',19,'','M','Singla','Nyakagei','','','','\0','','\0','\0','\0','\0','','N',0,'Unknown','','2020-11-12 16:40:55',NULL,NULL,NULL,NULL,1,'unknown','unknown',NULL),(298,'Olarker','Luka','Luka Olarker','1961-11-12',59,'','M','Pamitu','Parombo','','','','\0','','\0','\0','\0','\0','','N',0,'Unknown','','2020-11-12 16:40:55',NULL,NULL,NULL,NULL,1,'unknown','unknown',NULL),(299,'David','Obonyo','Obonyo David','1985-11-12',35,'','M','Pajok','Payera','Richard','','','\0','','\0','\0','\0','\0','','N',0,'Unknown','','2020-11-12 16:40:55',NULL,NULL,NULL,NULL,1,'unknown','unknown',NULL),(300,'Manuel','Para-Mungu','Para-Mungu Manuel','2005-11-12',15,'','M','Abongo','Erussi','Simon','','','\0','','\0','\0','\0','\0','','N',0,'Unknown','','2020-11-12 16:40:55',NULL,NULL,NULL,NULL,1,'unknown','unknown',NULL),(301,'Yergiu','Julius','Julius Yergiu','1981-11-12',39,'','M','Murusi','Akworo','','','','\0','','\0','\0','\0','\0','','N',0,'Unknown','','2020-11-12 16:40:55',NULL,NULL,NULL,NULL,1,'unknown','unknown',NULL),(302,'Kermundu','Paskal','Paskal Kermundu','1988-11-12',32,'','M','Pangere','Erussi','','','','\0','','\0','\0','\0','\0','','N',0,'Unknown','','2020-11-12 16:40:55',NULL,NULL,NULL,NULL,1,'unknown','unknown',NULL),(303,'Opar','Walter','Walter Opar','1981-11-12',39,'','M','Pamitu central','Pangoro','','','','\0','','\0','\0','\0','\0','','N',0,'Unknown','','2020-11-12 16:40:55',NULL,NULL,NULL,NULL,1,'unknown','unknown',NULL),(304,'Manano','Yezero','Yezero Manano','1949-11-12',71,'','M','Mbaro','Nyaravur','Samson','','','\0','','\0','\0','\0','\0','','N',0,'Unknown','','2020-11-12 16:40:55',NULL,NULL,NULL,NULL,1,'unknown','unknown',NULL),(305,'Ocaki','Jampyer','Jampyer Ocaki','1963-11-12',57,'','M','Olago','Kucwiny','','','','\0','','\0','\0','\0','\0','','N',0,'Unknown','','2020-11-12 16:40:55',NULL,NULL,NULL,NULL,1,'unknown','unknown',NULL),(306,'Owachgiu','Albert','Albert Owachgiu','1992-11-12',28,'','M','Mbaro','Nyaravur','','','','\0','','\0','\0','\0','\0','','N',0,'Unknown','','2020-11-12 16:40:55',NULL,NULL,NULL,NULL,1,'unknown','unknown',NULL),(307,'Munguromo','Obedgiu','Obedgiu Munguromo','2009-11-12',11,'','M','Kigwar','Bulisia','','','','\0','','\0','\0','\0','\0','','N',0,'Unknown','','2020-11-12 16:40:55',NULL,NULL,NULL,NULL,1,'unknown','unknown',NULL),(308,'Omia','Narsis','Narsis Omia','1995-11-12',25,'','M','Pangere','Erussi','','','','\0','','\0','\0','\0','\0','','N',0,'Unknown','','2020-11-12 16:40:55',NULL,NULL,NULL,NULL,1,'unknown','unknown',NULL),(309,'Ovona','Evaristo','Evaristo Ovona','1973-11-12',47,'','M','Olako','Kucwiny','Omito jimmy','','','\0','','\0','\0','\0','\0','','N',0,'Unknown','','2020-11-12 16:40:55',NULL,NULL,NULL,NULL,1,'unknown','unknown',NULL),(310,'Oketho','Charles','Charles Oketho','1984-11-12',36,'','M','Pachaka','Erussi','','','','\0','','\0','\0','\0','\0','','N',0,'Unknown','','2020-11-12 16:40:55',NULL,NULL,NULL,NULL,1,'unknown','unknown',NULL),(311,'Oyara','Gaspar','Gaspar Oyara','1938-11-12',82,'','M','Paminya','nyaravur','','','','\0','','\0','\0','\0','\0','','N',0,'Unknown','','2020-11-12 16:40:55',NULL,NULL,NULL,NULL,1,'unknown','unknown',NULL),(312,'Bicandowun','Grace','Grace Bicandowun','1978-11-12',42,'','M','Nebbi boma','NTC','Baifa','','','\0','','\0','\0','\0','\0','','N',0,'Unknown','','2020-11-12 16:40:55',NULL,NULL,NULL,NULL,1,'unknown','unknown',NULL),(313,'Oroma','Paulo','Paulo Oroma','1969-11-12',51,'','M','Alwii Pateng','Panyango','','','','\0','','\0','\0','\0','\0','','N',0,'Unknown','','2020-11-12 16:40:55',NULL,NULL,NULL,NULL,1,'unknown','unknown',NULL),(314,'Nyolunga','Alfred','Alfred Nyolunga','1979-11-12',41,'','M','Owaro','Nyaravur','Jilbert','','','\0','','\0','\0','\0','\0','','N',0,'Unknown','','2020-11-12 16:40:55',NULL,NULL,NULL,NULL,1,'unknown','unknown',NULL),(315,'Swabi','Onencan','Onencan Swabi','1972-11-12',48,'','M','Parwo','Parombo','Omar Bashir','','','\0','','\0','\0','\0','\0','','N',0,'Unknown','','2020-11-12 16:40:55',NULL,NULL,NULL,NULL,1,'unknown','unknown',NULL),(316,'Anyolitho','Agabitho','Agabitho Anyolitho','1945-11-12',75,'','M','Oriu','Erussi','','','','\0','','\0','\0','\0','\0','','N',0,'Unknown','','2020-11-12 16:40:55',NULL,NULL,NULL,NULL,1,'unknown','unknown',NULL),(317,'Okecha','Saulo','Saulo Okecha','1948-11-12',72,'','M','Ragem','Wadlai','','','','\0','','\0','\0','\0','\0','','N',0,'Unknown','','2020-11-12 16:40:55',NULL,NULL,NULL,NULL,1,'unknown','unknown',NULL),(318,'Okumu','Ojonga','Ojonga Okumu','1978-11-12',42,'','M','Nyakagei','Panyimur','','','','\0','','\0','\0','\0','\0','','N',0,'Unknown','','2020-11-12 16:40:55',NULL,NULL,NULL,NULL,1,'unknown','unknown',NULL),(319,'Okumu','Francis','Francis Okumu','2003-11-12',17,'','M','Jupangira','Goli','Ofoyuru','','','\0','','\0','\0','\0','\0','','N',0,'Unknown','','2020-11-12 16:40:55',NULL,NULL,NULL,NULL,1,'unknown','unknown',NULL),(320,'Odar','Remijo','Remijo Odar','1972-11-12',48,'','M','Nyakagei','Panyimur','','','','\0','','\0','\0','\0','\0','','N',0,'Unknown','','2020-11-12 16:40:55',NULL,NULL,NULL,NULL,1,'unknown','unknown',NULL),(321,'Alinga','Joram','Joram Alinga','1954-11-12',66,'','M','Mbaro','Nyaravur','','','','\0','','\0','\0','\0','\0','','N',0,'Unknown','','2020-11-12 16:40:55',NULL,NULL,NULL,NULL,1,'unknown','unknown',NULL),(322,'Cwinya ai','Kennedy','Kennedy Cwinya ai','1981-11-12',39,'','M','Padolo','Erussi','','','','\0','','\0','\0','\0','\0','','N',0,'Unknown','','2020-11-12 16:40:55',NULL,NULL,NULL,NULL,1,'unknown','unknown',NULL),(323,'Odongo','Obayu','Obayu Odongo','1971-11-12',49,'','M','Ganda','Panyimur','','','','\0','','\0','\0','\0','\0','','N',0,'Unknown','','2020-11-12 16:40:55',NULL,NULL,NULL,NULL,1,'unknown','unknown',NULL),(324,'Paulino','Maka','Maka Paulino','1952-11-12',68,'','M','owaro','Nyaravur','','','','\0','','\0','\0','\0','\0','','N',0,'Unknown','','2020-11-12 16:40:55',NULL,NULL,NULL,NULL,1,'unknown','unknown',NULL),(325,'Ovoya','Christopher','Christopher Ovoya','1974-11-12',46,'','M','Parwo','Parombo','Obed-wor','','','\0','','\0','\0','\0','\0','','N',0,'Unknown','','2020-11-12 16:40:55',NULL,NULL,NULL,NULL,1,'unknown','unknown',NULL),(326,'Kumakech','Charles','Charles Kumakech','1984-11-12',36,'','M','Owaro','Nyaravur','','','','\0','','\0','\0','\0','\0','','N',0,'Unknown','','2020-11-12 16:40:55',NULL,NULL,NULL,NULL,1,'unknown','unknown',NULL),(327,'Kenuel','Ulwortho','Ulwortho Kenuel','1983-11-12',37,'','M','Nyacara','NTC','','','','\0','','\0','\0','\0','\0','','N',0,'Unknown','','2020-11-12 16:40:55',NULL,NULL,NULL,NULL,1,'unknown','unknown',NULL),(328,'David','Kidaga','Kidaga David','1992-11-12',28,'','M','Akella','Atyak','Jenaro','','','\0','','\0','\0','\0','\0','','N',0,'Unknown','','2020-11-12 16:40:55',NULL,NULL,NULL,NULL,1,'unknown','unknown',NULL),(329,'Orom','Natizo','Natizo Orom','1975-11-12',45,'','M','Kituna','Parombo','','','','\0','','\0','\0','\0','\0','','N',0,'Unknown','','2020-11-12 16:40:55',NULL,NULL,NULL,NULL,1,'unknown','unknown',NULL),(330,'Oucha','Baptist','Baptist Oucha','1992-11-12',28,'','M','Ambaki','DRC','','','','\0','','\0','\0','\0','\0','','N',0,'Unknown','','2020-11-12 16:40:55',NULL,NULL,NULL,NULL,1,'unknown','unknown',NULL),(331,'Obedyoo','Jenaro','Jenaro Obedyoo','1993-11-12',27,'','M','Pachaka','Erussi','Leotisa','','','\0','','\0','\0','\0','\0','','N',0,'Unknown','','2020-11-12 16:40:55',NULL,NULL,NULL,NULL,1,'unknown','unknown',NULL),(332,'Richard','Ovayi','Ovayi Richard','1989-11-12',31,'','M','Pajok','Payera','','','','\0','','\0','\0','\0','\0','','N',3,'Unknown','','2020-11-12 16:40:55',NULL,NULL,NULL,NULL,1,'unknown','unknown',NULL),(333,'Okumu','Silo','Silo Okumu','1998-11-12',22,'','M','Payera','Erussi','','','','\0','','\0','\0','\0','\0','','N',0,'Unknown','','2020-11-12 16:40:55',NULL,NULL,NULL,NULL,1,'unknown','unknown',NULL),(334,'Anthony','Ogwetha','Ogwetha Anthony','2006-11-12',14,'','M','Pamora','Nyaravur','Justino','','','\0','','\0','\0','\0','\0','','N',0,'Unknown','','2020-11-12 16:40:55',NULL,NULL,NULL,NULL,1,'unknown','unknown',NULL),(335,'Ongala','Anjelo','Anjelo Ongala','1945-11-12',75,'','M','Boro','Panyimur','','','','\0','','\0','\0','\0','\0','														ongal','N',0,'Unknown','','2020-11-12 16:40:55',NULL,NULL,NULL,NULL,1,'unknown','unknown',NULL),(336,'Owonda','Edison','Edison Owonda','1984-11-12',36,'','M','Nyakagei','Panyimur','Ngamita','','','\0','','\0','\0','\0','\0','','N',0,'Unknown','','2020-11-12 16:40:55',NULL,NULL,NULL,NULL,1,'unknown','unknown',NULL),(337,'Onen','Omula','Omula Onen','1981-11-12',39,'','M','Nyakagei','Panyimur','','','','\0','','\0','\0','\0','\0','','N',0,'Unknown','','2020-11-12 16:40:55',NULL,NULL,NULL,NULL,1,'unknown','unknown',NULL),(338,'Alfred','Jakwago','Jakwago Alfred','1987-11-12',33,'','M','Padel','Parombo','','','','\0','','\0','\0','\0','\0','','N',0,'Unknown','','2020-11-12 16:40:55',NULL,NULL,NULL,NULL,1,'unknown','unknown',NULL),(339,'Orochi','Wichodemu','Wichodemu Orochi','1978-11-12',42,'','M','Abongo','Erussi','Julietha','','','\0','','\0','\0','\0','\0','','N',0,'Unknown','','2020-11-12 16:40:55',NULL,NULL,NULL,NULL,1,'unknown','unknown',NULL),(341,'Kacwinyrwoth','Frasin','Frasin Kacwinyrwoth','2020-11-12',0,'','M','Pangere','Erussi','','','','\0','','\0','\0','\0','\0','4months old','N',1,'Unknown','','2020-11-12 16:40:55',NULL,NULL,NULL,NULL,1,'unknown','unknown',NULL),(342,'Openjmungu','Roggers','Roggers Openjmungu','2019-11-12',1,'','M','Boro','Panyimur','','','','\0','','\0','\0','\0','\0','1year and 7months','N',0,'Unknown','','2020-11-12 16:40:55',NULL,NULL,NULL,NULL,1,'unknown','unknown',NULL),(343,'Awekonimumgu','Awekonimungu','Awekonimungu Awekonimumgu','2020-11-12',0,'','F','Pakolo','Parombo','','','','\0','','\0','\0','\0','\0','6months old','N',0,'Unknown','','2020-11-12 16:40:55',NULL,NULL,NULL,NULL,1,'unknown','unknown',NULL),(344,'Ovon','Ojedhone','Ojedhone Ovon','1977-11-12',43,'','M','Mutembe','Kabata','','','','\0','','\0','\0','\0','\0','','N',0,'Unknown','','2020-11-12 16:40:55',NULL,NULL,NULL,NULL,1,'unknown','unknown',NULL),(345,'Ozinga','Annet','Annet Ozinga','2001-11-12',19,'','F','Mbaro','Nyaravur','','','','\0','','\0','\0','\0','\0','																										nyaravur','N',0,'Unknown','','2020-11-12 16:40:55',NULL,NULL,NULL,NULL,1,'unknown','unknown',NULL),(346,'Adokowun','Paska','Paska Adokowun','1983-11-12',37,'','F','Ajok','Abanyo','','','','\0','','\0','\0','\0','\0','','N',0,'Unknown','','2020-11-12 16:40:55',NULL,NULL,NULL,NULL,1,'unknown','unknown',NULL),(347,'Salotha','Adokowun','Adokowun Salotha','1980-11-12',40,'','F','Anosi','NTC','','','','\0','','\0','\0','\0','\0','','N',0,'Unknown','','2020-11-12 16:40:55',NULL,NULL,NULL,NULL,1,'unknown','unknown',NULL),(348,'Awachango','Jeska','Jeska Awachango','1980-11-12',40,'','F','Acer','Erussi','','','','\0','','\0','\0','\0','\0','','N',0,'Unknown','','2020-11-12 16:40:55',NULL,NULL,NULL,NULL,1,'unknown','unknown',NULL),(349,'Owechi','Florence','Florence Owechi','1980-11-12',40,'','F','Pagot','Angal','','','','\0','','\0','\0','\0','\0','','N',0,'Unknown','','2020-11-12 16:40:55',NULL,NULL,NULL,NULL,1,'unknown','unknown',NULL),(350,'Oroma','Jenifer','Jenifer Oroma','2002-11-12',18,'','F','Akuru/Owaro','Angal','','','','\0','','\0','\0','\0','\0','','N',0,'Unknown','','2020-11-12 16:40:55',NULL,NULL,NULL,NULL,1,'unknown','unknown',NULL),(351,'Alice','Afoyorwoth','Afoyprwoth Alice','1992-11-12',28,'','F','Adra','','','','','\0','','\0','\0','\0','\0','','N',1,'Unknown','','2020-11-12 16:40:55',NULL,NULL,NULL,NULL,1,'unknown','unknown',NULL),(352,'Mandhawun','Alice','Alice Mandhawun','1981-11-12',39,'','F','Acwala','Nebbi','','','','\0','','\0','\0','\0','\0','','N',0,'Unknown','','2020-11-12 16:40:55',NULL,NULL,NULL,NULL,1,'unknown','unknown',NULL),(353,'Tulwora','Norine','Norine Tulwora','1992-11-12',28,'','F','Kigwela','Nebbi','','','','\0','','\0','\0','\0','\0','','N',0,'Unknown','','2020-11-12 16:40:55',NULL,NULL,NULL,NULL,1,'unknown','unknown',NULL),(354,'Afoyocan','Margrete','Margrete Afoyocan','1982-11-12',38,'','F','Kucwiny','Kucwiny','','','','\0','','\0','\0','\0','\0','','N',0,'Unknown','','2020-11-12 16:40:55',NULL,NULL,NULL,NULL,1,'unknown','unknown',NULL),(355,'Akumu ','Joyce','Joyce Akumu ','1994-11-12',26,'','F','Kageri','Kageri','','','','\0','','\0','\0','\0','\0','','N',0,'Unknown','','2020-11-12 16:40:55',NULL,NULL,NULL,NULL,1,'unknown','unknown',NULL),(356,'Atimango','Grace','Grace Atimango','1996-11-12',24,'','F','Parombo','Parombo','','','','\0','','\0','\0','\0','\0','','N',0,'Unknown','','2020-11-12 16:40:55',NULL,NULL,NULL,NULL,1,'unknown','unknown',NULL),(357,'Ngamita','Espra','Espra Ngamita','1997-11-12',23,'','F','Pangere','Erussi','','','','\0','','\0','\0','\0','\0','','N',0,'Unknown','','2020-11-12 16:40:55',NULL,NULL,NULL,NULL,1,'unknown','unknown',NULL),(358,'Afoyorwoth','Scovia','Scovia Afoyorwoth','2004-11-12',16,'','F','Agwok','Nyaravur','','','','\0','','\0','\0','\0','\0','','N',0,'Unknown','','2020-11-12 16:40:55',NULL,NULL,NULL,NULL,1,'unknown','unknown',NULL),(359,'Onega','Gloria','Gloria Onega','1993-11-12',27,'','F','Erussi','Erussi','','','','\0','','\0','\0','\0','\0','','N',0,'Unknown','','2020-11-12 16:40:55',NULL,NULL,NULL,NULL,1,'unknown','unknown',NULL),(360,'Aliathi','Pifua','Pifua Aliathi','1990-11-12',30,'','F','Rero','Akworo','','','','\0','','\0','\0','\0','\0','','N',0,'Unknown','','2020-11-12 16:40:55',NULL,NULL,NULL,NULL,1,'unknown','unknown',NULL),(361,'Annet','Adubango','Adubango Annet','1987-11-12',33,'','F','Singla','Panyimur','','','','\0','','\0','\0','\0','\0','','N',0,'Unknown','','2020-11-12 16:40:55',NULL,NULL,NULL,NULL,1,'unknown','unknown',NULL),(362,'Afoyocan','Denis','Denis Afoyocan','1996-11-12',24,'','F','mbaro','Nyaravur','','','','\0','','\0','\0','\0','\0','','N',0,'Unknown','','2020-11-12 16:40:55',NULL,NULL,NULL,NULL,1,'unknown','unknown',NULL),(363,'Warom','Gladis','Gladis Warom','1988-11-12',32,'','F','Opano','NTC','','','','\0','','\0','\0','\0','\0','','N',0,'Unknown','','2020-11-12 16:40:55',NULL,NULL,NULL,NULL,1,'unknown','unknown',NULL),(364,'Rach - iu','Jenefer','Jenefer Rach - iu','2002-11-12',18,'','F','Pamaka','Erussi','','','','\0','','\0','\0','\0','\0','','N',0,'Unknown','','2020-11-12 16:40:55',NULL,NULL,NULL,NULL,1,'unknown','unknown',NULL),(365,'Evaline','Rach iu','Rach iu Evaline','1997-11-12',23,'','F','Puvungu','PTC','','','','\0','','\0','\0','\0','\0','','N',0,'Unknown','','2020-11-12 16:40:55',NULL,NULL,NULL,NULL,1,'unknown','unknown',NULL),(366,'Angei','Lillian','Lillian Angei','2001-11-12',19,'','F','','','','','','\0','','\0','\0','\0','\0','','N',4,'Unknown','','2020-11-12 16:40:55',NULL,NULL,NULL,NULL,1,'unknown','unknown',NULL),(367,'Oweka','Anuaria','Anuaria Oweka','2003-11-12',17,'','F','Erussi','Erussi','','','','\0','','\0','\0','\0','\0','','N',0,'Unknown','','2020-11-12 16:40:55',NULL,NULL,NULL,NULL,1,'unknown','unknown',NULL),(368,'Omiaboth','Oliver','Oliver Omiaboth','1985-11-12',35,'','F','Payera','Erussi','','','','\0','','\0','\0','\0','\0','','N',0,'Unknown','','2020-11-12 16:40:55',NULL,NULL,NULL,NULL,1,'unknown','unknown',NULL),(369,'Ewachango','Jane','Jane Ewachango','1984-11-12',36,'','F','Acer','Erussi','','','','\0','','\0','\0','\0','\0','','N',0,'Unknown','','2020-11-12 16:40:55',NULL,NULL,NULL,NULL,1,'unknown','unknown',NULL),(370,'Kayeny','Irine','Irine Kayeny','1996-11-12',24,'','F','Kucwiny','Kucwiny','','','','\0','','\0','\0','\0','\0','','N',0,'Unknown','','2020-11-12 16:40:55',NULL,NULL,NULL,NULL,1,'unknown','unknown',NULL),(371,'Akumu','Gorety','Gorety Akumu','1990-11-12',30,'','F','Kolokotho','Kolokotho','','','','\0','','\0','\0','\0','\0','','N',0,'Unknown','','2020-11-12 16:40:55',NULL,NULL,NULL,NULL,1,'unknown','unknown',NULL),(372,'Ocaki','Luwingi','Luwingi Ocaki','1968-11-12',52,'','M','Keramia','Nebbi','','','','\0','','\0','\0','\0','\0','','N',0,'Unknown','','2020-11-12 16:40:55',NULL,NULL,NULL,NULL,1,'unknown','unknown',NULL),(373,'Owachi','Furaswazi','Furaswazi Owachi','1980-11-12',40,'','F','Nyokobeu','Nyokobeu','','','','\0','','\0','\0','\0','\0','','N',0,'Unknown','','2020-11-12 16:40:55',NULL,NULL,NULL,NULL,1,'unknown','unknown',NULL),(374,'Anjelina','Fualing','Fualing Anjelina','1950-11-12',70,'','F','Atar West','Atar West','','','','\0','','\0','\0','\0','\0','','N',0,'Unknown','','2020-11-12 16:40:55',NULL,NULL,NULL,NULL,1,'unknown','unknown',NULL),(375,'Luka','Ocaya','Ocaya Luka','1944-11-12',76,'','M','Panyimur','Panyimur','','','','\0','','\0','\0','\0','\0','','N',0,'Unknown','','2020-11-12 16:40:55',NULL,NULL,NULL,NULL,1,'unknown','unknown',NULL),(376,'Karoline','Mandhawun','Mandhawun Karoline','1973-11-12',47,'','F','Abok','Panyimur','','','','\0','','\0','\0','\0','\0','','N',0,'Unknown','','2020-11-12 16:40:55',NULL,NULL,NULL,NULL,1,'unknown','unknown',NULL),(377,'Pauline','Ringotho','Ringotho Pauline','1973-11-12',47,'','F','Nebbi Town','Nebbi','','','','\0','','\0','\0','\0','\0','','N',0,'Unknown','','2020-11-12 16:40:55',NULL,NULL,NULL,NULL,1,'unknown','unknown',NULL),(378,'Kertho','Tonny','Tonny Kertho','1991-11-12',29,'','M','Puvungu','PTC','','','','\0','','\0','\0','\0','\0','','N',0,'Unknown','','2020-11-12 16:40:55',NULL,NULL,NULL,NULL,1,'unknown','unknown',NULL),(379,'Akumu','Agnes','Agnes Akumu','1989-11-12',31,'','F','Ambere','Nyaravur','','','','\0','','\0','\0','\0','\0','','N',0,'Unknown','','2020-11-12 16:40:55',NULL,NULL,NULL,NULL,1,'unknown','unknown',NULL),(380,'Harriet','Chanthal','Chanthal Harriet','2019-11-12',1,'','F','Ambere','Nyaravur','','','','\0','','\0','\0','\0','\0','1year and7 months','N',0,'Unknown','','2020-11-12 16:40:55',NULL,NULL,NULL,NULL,1,'unknown','unknown',NULL),(381,'Oyergiu','John Baptist','John Baptist Oyergiu','1998-11-12',22,'','M','Obia','Erussi','','','','\0','','\0','\0','\0','\0','','N',0,'Unknown','','2020-11-12 16:40:55',NULL,NULL,NULL,NULL,1,'unknown','unknown',NULL),(382,'Brain','Rwothomio','Rwothomio Brain','2019-11-12',1,'','M','Mbaro','Nyaravur','','','','\0','','\0','\0','\0','\0','1year with URTI/Malaria','N',2,'Unknown','','2020-11-12 16:40:55',NULL,NULL,NULL,NULL,1,'unknown','unknown',NULL),(383,'Otuga','Aloysious','Aloysious Otuga','1960-11-12',60,'','M','Singla','Panyimur','','','','\0','','\0','\0','\0','\0','','N',0,'Unknown','','2020-11-12 16:40:55',NULL,NULL,NULL,NULL,1,'unknown','unknown',NULL),(384,'Fortunate','Bidong','Bidong Fortunate','2001-11-12',19,'','F','Andikandi','Nyaravur','','','','\0','','\0','\0','\0','\0','','N',0,'Unknown','','2020-11-12 16:40:55',NULL,NULL,NULL,NULL,1,'unknown','unknown',NULL),(385,'Munguriek','Innocent','Innocent Munguriek','2010-11-12',10,'','M','Payila West','Panyangu','','','','\0','','\0','\0','\0','\0','','N',0,'Unknown','','2020-11-12 16:40:55',NULL,NULL,NULL,NULL,1,'unknown','unknown',NULL),(386,'Awekonimungu','Scovia','Scovia Awekonimungu','2017-11-12',3,'','F','Aduku','Apac','','','','\0','','\0','\0','\0','\0','','N',0,'Unknown','','2020-11-12 16:40:55',NULL,NULL,NULL,NULL,1,'unknown','unknown',NULL),(387,'Obay','Lucia','Lucia Obay','1959-11-12',61,'','F','Jakok','Panyimur','','','','\0','','\0','\0','\0','\0','','N',2,'Unknown','','2020-11-12 16:40:55',NULL,NULL,NULL,NULL,1,'unknown','unknown',NULL),(388,'Trinity','Kwiocwiny','Kwiocwiny Trinity','2020-11-12',0,'','F','Panyimur','Panyimur','','','','\0','','\0','\0','\0','\0','5months old','N',0,'Unknown','','2020-11-12 16:40:55',NULL,NULL,NULL,NULL,1,'unknown','unknown',NULL),(389,'Olama','Justo','Justo Olama','1980-11-12',40,'','M','Pavunde','Nyaravur','','','','\0','','\0','\0','\0','\0','','N',0,'Unknown','','2020-11-12 16:40:55',NULL,NULL,NULL,NULL,1,'unknown','unknown',NULL),(390,'Pokolembe','Christine','Christine Pokolembe','2020-11-12',0,'','F','Palang','Palang','','','','\0','','\0','\0','\0','\0','10months old','N',0,'Unknown','','2020-11-12 16:40:55',NULL,NULL,NULL,NULL,1,'unknown','unknown',NULL),(391,'Ayomirwoth','Jojina','Jojina Ayomirwoth','1995-11-12',25,'','F','Kijumbia','','','','','\0','','\0','\0','\0','\0','','N',0,'Unknown','','2020-11-12 16:40:55',NULL,NULL,NULL,NULL,1,'unknown','unknown',NULL),(392,'Ofoyrwoth','Edmon','Edmon Ofoyrwoth','2018-11-12',2,'','M','Padel Pataka','Parombo','','','','\0','','\0','\0','\0','\0','','N',0,'Unknown','','2020-11-12 16:40:55',NULL,NULL,NULL,NULL,1,'unknown','unknown',NULL),(393,'Warom','Night','Night Warom','1979-11-12',41,'','F','Nyacara','Nebbi','','','','\0','','\0','\0','\0','\0','','N',0,'Unknown','','2020-11-12 16:40:55',NULL,NULL,NULL,NULL,1,'unknown','unknown',NULL),(394,'Oyungrwoth','Ivan','Ivan Oyungrwoth','2004-11-12',16,'','M','Jakok','Panyimur','','','','\0','','\0','\0','\0','\0','','N',0,'Unknown','','2020-11-12 16:40:55',NULL,NULL,NULL,NULL,1,'unknown','unknown',NULL),(395,'Awekonimungu','Tracy','Tracy Awekonimungu','2020-11-12',0,'','F','Ocego','Nebbi','','','','\0','','\0','\0','\0','\0','5months old','N',0,'Unknown','','2020-11-12 16:40:55',NULL,NULL,NULL,NULL,1,'unknown','unknown',NULL),(396,'Ajolorwoth','Vivian','Vivian Ajolorwoth','2020-11-12',0,'','F','Pamora','Nyaravur','','','','\0','','\0','\0','\0','\0','6months old','N',0,'Unknown','','2020-11-12 16:40:55',NULL,NULL,NULL,NULL,1,'unknown','unknown',NULL),(397,'Veronika','Wayuu','Wayuu Veronika','1944-11-12',76,'','F','Alala','Parombo','','','','\0','','\0','\0','\0','\0','','N',0,'Unknown','','2020-11-12 16:40:55',NULL,NULL,NULL,NULL,1,'unknown','unknown',NULL),(398,'Samsom','Ofoirwoth','Ofoirwoth Samsom','2008-11-12',12,'','M','Jupukei','Kucwing','','','','\0','','\0','\0','\0','\0','','N',0,'Unknown','','2020-11-12 16:40:55',NULL,NULL,NULL,NULL,1,'unknown','unknown',NULL),(399,'Rufina','Nyatho','Nyatho Rufina','1953-11-12',67,'','F','Nyaravur','Nyaravur','','','','\0','','\0','\0','\0','\0','','N',0,'Unknown','','2020-11-12 16:40:55',NULL,NULL,NULL,NULL,1,'unknown','unknown',NULL),(400,'Acen','Sunday','Sunday Acen','2019-11-12',1,'','F','Oworo','Nyaravur','','','','\0','','\0','\0','\0','\0','1year and3months','N',0,'Unknown','','2020-11-12 16:40:55',NULL,NULL,NULL,NULL,1,'unknown','unknown',NULL),(401,'Ngdaro','Roselline','Roselline Ngdaro','1980-11-12',40,'','F','Oribu','','','','','\0','','\0','\0','\0','\0','','N',0,'Unknown','','2020-11-12 16:40:55',NULL,NULL,NULL,NULL,1,'unknown','unknown',NULL),(402,'Munguyiku','Munguyiku','Munguyiku Munguyiku','2019-11-12',1,'','M','Djego','DRC','','','','\0','','\0','\0','\0','\0','1year and7months','N',0,'Unknown','','2020-11-12 16:40:55',NULL,NULL,NULL,NULL,1,'unknown','unknown',NULL),(403,'Jeremena','Okwia','Okwia Jeremena','1960-11-12',60,'','F','Jupanyango','','','','','\0','','\0','\0','\0','\0','','N',0,'Unknown','','2020-11-12 16:40:55',NULL,NULL,NULL,NULL,1,'unknown','unknown',NULL),(404,'Afoyorwoth','Espera','Espera Afoyorwoth','2020-11-12',0,'','F','Alego','Parombo','','','','\0','','\0','\0','\0','\0','6months 0ld','N',0,'Unknown','','2020-11-12 16:40:55',NULL,NULL,NULL,NULL,1,'unknown','unknown',NULL),(405,'Okello','Morini','Morini Okello','2006-11-12',14,'','M','Djegu','DRC','','','','\0','','\0','\0','\0','\0','															','N',0,'Unknown','','2020-11-12 16:40:55',NULL,NULL,NULL,NULL,1,'unknown','unknown',NULL),(406,'Pimer','Jollin','Jollin Pimer','2005-11-12',15,'','F','Pateng','Panyango','','','','\0','','\0','\0','\0','\0','','N',0,'Unknown','','2020-11-12 16:40:55',NULL,NULL,NULL,NULL,1,'unknown','unknown',NULL),(407,'Oyikcwinyu','Oyikcwinyu','Oyikcwinyu Oyikcwinyu','2020-11-12',0,'','M','Jasi','','','','','\0','','\0','\0','\0','\0','4months old','N',0,'Unknown','','2020-11-12 16:40:55',NULL,NULL,NULL,NULL,1,'unknown','unknown',NULL),(408,'Biwaga','Mafalda','Mafalda Biwaga','1973-11-12',47,'','F','Akwanji','Nyaravur','','','','\0','','\0','\0','\0','\0','','N',0,'Unknown','','2020-11-12 16:40:55',NULL,NULL,NULL,NULL,1,'unknown','unknown',NULL),(409,'Okot','John','John Okot','1952-11-12',68,'','M','Pawong','Nebbi','','','','\0','','\0','\0','\0','\0','','N',0,'Unknown','','2020-11-12 16:40:55',NULL,NULL,NULL,NULL,1,'unknown','unknown',NULL),(410,'Afoyorwoth','Charity','Charity Afoyorwoth','2019-11-12',1,'','M','Mbaro Akanga','Nyaravur','','','','\0','','\0','\0','\0','\0','1year and6months','N',0,'Unknown','','2020-11-12 16:40:55',NULL,NULL,NULL,NULL,1,'unknown','unknown',NULL),(411,'Madhawun','Vero','Vero Madhawun','1960-11-12',60,'','F','Ossi','Parombo','','','','\0','','\0','\0','\0','\0','','N',0,'Unknown','','2020-11-12 16:40:55',NULL,NULL,NULL,NULL,1,'unknown','unknown',NULL),(412,'Docus','Atyeronimungu','Atyeronimungu Docus','2020-11-12',0,'','F','Penji Oryang','Parombo','','','','\0','','\0','\0','\0','\0','6months old','N',0,'Unknown','','2020-11-12 16:40:55',NULL,NULL,NULL,NULL,1,'unknown','unknown',NULL),(413,'Micheal','Okumu','Okumu Micheal','1988-11-12',32,'','M','Ojwer','Ojwer','','','','\0','','\0','\0','\0','\0','','N',0,'Unknown','','2020-11-12 16:40:55',NULL,NULL,NULL,NULL,1,'unknown','unknown',NULL),(414,'Jerum','Opio','Opio Jerum','1946-11-12',74,'','M','Paicing','DRC','','','','\0','','\0','\0','\0','\0','','N',0,'Unknown','','2020-11-12 16:40:55',NULL,NULL,NULL,NULL,1,'unknown','unknown',NULL),(415,'Afoyorwoth','Jackline','Jackline Afoyorwoth','2014-11-12',6,'','F','Akanyu','Kucwiny','','','','\0','','\0','\0','\0','\0','','N',0,'Unknown','','2020-11-12 16:40:55',NULL,NULL,NULL,NULL,1,'unknown','unknown',NULL),(416,'Wanok','Wilbert','Wilbert Wanok','1988-11-12',32,'','M','Akaba','Kucwiny','','','','\0','','\0','\0','\0','\0','','N',0,'Unknown','','2020-11-12 16:40:55',NULL,NULL,NULL,NULL,1,'unknown','unknown',NULL),(417,'Docus','Atyeronimungu','Atyeronimungu Docus','2020-11-12',0,'','F','Payera','Erussi','','','','\0','','\0','\0','\0','\0','2months and3weeks','N',0,'Unknown','','2020-11-12 16:40:55',NULL,NULL,NULL,NULL,1,'unknown','unknown',NULL),(418,'Awiacwiny','Ratio','Ratio Awiacwiny','2019-11-12',1,'','F','Rero','Akworo','','','','\0','','\0','\0','\0','\0','1year and10months','N',0,'Unknown','','2020-11-12 16:40:55',NULL,NULL,NULL,NULL,1,'unknown','unknown',NULL),(419,'Ocama','Valente','Valente Ocama','1956-11-12',64,'','M','Pukanga','Nyaravur','','','','\0','','\0','\0','\0','\0','','N',0,'Unknown','','2020-11-12 16:40:55',NULL,NULL,NULL,NULL,1,'unknown','unknown',NULL),(420,'Daniel','Comboni','Comboni Daniel','2014-11-12',6,'','M','Pamora','Nyaravur','','','','\0','','\0','\0','\0','\0','','N',0,'Unknown','','2020-11-12 16:40:55',NULL,NULL,NULL,NULL,1,'unknown','unknown',NULL),(421,'Denis','Rwothomio','Rwothomio Denis','2019-11-12',1,'','M','Ayugi','Parombo','','','','\0','','\0','\0','\0','\0','','N',0,'Unknown','','2020-11-12 16:40:55',NULL,NULL,NULL,NULL,1,'unknown','unknown',NULL),(422,'Manano','Charles','Charles Manano','2000-11-12',20,'','M','Pakalo','Parombo','','','','\0','','\0','\0','\0','\0','','N',0,'Unknown','','2020-11-12 16:40:55',NULL,NULL,NULL,NULL,1,'unknown','unknown',NULL),(423,'Owonda','Okumu','Okumu Owonda','1992-11-12',28,'','M','Pamaya','Pamaya','','','','\0','','\0','\0','\0','\0','','N',0,'Unknown','','2020-11-12 16:40:55',NULL,NULL,NULL,NULL,1,'unknown','unknown',NULL),(424,'Ocir','Mohammed','Mohammed Ocir','1998-11-12',22,'','M','Kasato','Akworo','','','','\0','','\0','\0','\0','\0','','N',0,'Unknown','','2020-11-12 16:40:55',NULL,NULL,NULL,NULL,1,'unknown','unknown',NULL),(426,'Ofoi - Mungu','Norman','Norman Ofoi - Mungu','2018-11-12',2,'','M','Parombo','Parombo','','','','\0','','\0','\0','\0','\0','','N',0,'Unknown','','2020-11-12 16:40:55',NULL,NULL,NULL,NULL,1,'unknown','unknown',NULL),(427,'Nimungu','Elly','Elly Nimungu','2018-11-12',2,'','M','Angal centre','Nyaravur','','','','\0','','\0','\0','\0','\0','Two months with complicated malaria','N',1,'Unknown','','2020-11-12 16:40:55',NULL,NULL,NULL,NULL,1,'unknown','unknown',NULL),(428,'Aweko ni ungu','Sharon','Sharon Aweko ni ungu','2015-11-12',5,'','F','Parombo','Parombo','','','','\0','','\0','\0','\0','\0','','N',0,'Unknown','','2020-11-12 16:40:55',NULL,NULL,NULL,NULL,1,'unknown','unknown',NULL),(429,'Cantho','Jeska','Jeska Cantho','2020-11-12',0,'','F','Angaba','Akworo','','','','\0','','\0','\0','\0','\0','eight months','N',0,'Unknown','','2020-11-12 16:40:55',NULL,NULL,NULL,NULL,1,'unknown','unknown',NULL),(430,'Foska','Kwio cwiny','Kwio cwiny Foska','2019-11-12',1,'','F','Puduk','Parombo','','','','\0','','\0','\0','\0','\0','one month				','N',0,'Unknown','','2020-11-12 16:40:55',NULL,NULL,NULL,NULL,1,'unknown','unknown',NULL),(431,'Osenduru','Brian','Brian Osenduru','2020-11-12',0,'','M','Mbaro','Nyaravur','','','','\0','','\0','\0','\0','\0','with ten months','N',0,'Unknown','','2020-11-12 16:40:55',NULL,NULL,NULL,NULL,1,'unknown','unknown',NULL),(432,'Giramia','Scovia','Scovia Giramia','2019-11-12',1,'','F','Nyaravur','Nyaravur','','','','\0','','\0','\0','\0','\0','','N',0,'Unknown','','2020-11-12 16:40:55',NULL,NULL,NULL,NULL,1,'unknown','unknown',NULL),(433,'Afoyorwoth','Brenda','Brenda Afoyorwoth','2020-11-12',0,'','F','Akanga','Nyaravur','','','','\0','','\0','\0','\0','\0','and seven months','N',0,'Unknown','','2020-11-12 16:40:55',NULL,NULL,NULL,NULL,1,'unknown','unknown',NULL),(434,'Kacwinyrwoth','Lydia','Lydia Kacwinyrwoth','2019-11-12',1,'','F','Patek','Nebbi town','','','','\0','','\0','\0','\0','\0','ywo months','N',1,'Unknown','','2020-11-12 16:40:55',NULL,NULL,NULL,NULL,1,'unknown','unknown',NULL),(435,'Ofoi Mungu','Joshua','Joshua Ofoi Mungu','2018-11-12',2,'','M','Akaba','Kucwiny','','','','\0','','\0','\0','\0','\0','two months','N',0,'Unknown','','2020-11-12 16:40:55',NULL,NULL,NULL,NULL,1,'unknown','unknown',NULL),(436,'alfred','Okwai','Okwai alfred','2019-11-12',1,'','M','Pamora','Nyaravur','','','','\0','','\0','\0','\0','\0','Eight months','N',0,'Unknown','','2020-11-12 16:40:55',NULL,NULL,NULL,NULL,1,'unknown','unknown',NULL),(437,'Acirocan','Jane','Jane Acirocan','2013-11-12',7,'','F','Nyapupii','Anyaravur','','','','\0','','\0','\0','\0','\0','','N',0,'Unknown','','2020-11-12 16:40:55',NULL,NULL,NULL,NULL,1,'unknown','unknown',NULL),(438,'Ruth','Attyeronimungu','Attyeronimungu Ruth','2020-11-12',0,'','F','Nyaravur','Nyaravur','','','','\0','','\0','\0','\0','\0','nine months','N',1,'Unknown','','2020-11-12 16:40:55',NULL,NULL,NULL,NULL,1,'unknown','unknown',NULL),(439,'Yikpa Mungu','Edison','Edison Yikpa Mungu','2019-11-12',1,'','M','Parombo','Parombo','','','','\0','','\0','\0','\0','\0','','N',0,'Unknown','','2020-11-12 16:40:55',NULL,NULL,NULL,NULL,1,'unknown','unknown',NULL),(440,'Kwiocwiny','faith','faith Kwiocwiny','2016-11-12',4,'','F','Centre west','Angal','','','','\0','','\0','\0','\0','\0','','N',0,'Unknown','','2020-11-12 16:40:55',NULL,NULL,NULL,NULL,1,'unknown','unknown',NULL),(441,'Gracious','Yik Pamungu','Yik Pamungu Gracious','2020-11-12',0,'','M','Erussi','Erussi','','','','\0','','\0','\0','\0','\0','','N',0,'Unknown','','2020-11-12 16:40:55',NULL,NULL,NULL,NULL,1,'unknown','unknown',NULL),(442,'Gloria','Ayomirwoth','Ayomirwoth Gloria','2016-11-12',4,'','F','Panyigoro','Pakwach','','','','\0','','\0','\0','\0','\0','','N',0,'Unknown','','2020-11-12 16:40:55',NULL,NULL,NULL,NULL,1,'unknown','unknown',NULL),(443,'Ivan','Maditrwoth','Maditrwoth Ivan','2020-11-12',0,'','M','Mbaro','Nyaravur','','','','\0','','\0','\0','\0','\0','six months','N',0,'Unknown','','2020-11-12 16:40:55',NULL,NULL,NULL,NULL,1,'unknown','unknown',NULL),(444,'David ','Opakrwoth','Opakrwoth David ','2020-11-12',0,'','M','Pajur','Erussi','','','','\0','','\0','\0','\0','\0','eight months','N',0,'Unknown','','2020-11-12 16:40:55',NULL,NULL,NULL,NULL,1,'unknown','unknown',NULL),(445,'Edmond','Rworh omi','Rworh omi Edmond','2017-11-12',3,'','M','Mbaro','Nyaravur','','','','\0','','\0','\0','\0','\0','Eleven months','N',0,'Unknown','','2020-11-12 16:40:55',NULL,NULL,NULL,NULL,1,'unknown','unknown',NULL),(446,'Jovia ','Atim nimungu','Tim nimungu Jovia ','2020-11-12',0,'','F','Murusi','Akworo','','','','\0','','\0','\0','\0','\0','three months','N',1,'Unknown','','2020-11-12 16:40:55',NULL,NULL,NULL,NULL,1,'unknown','unknown',NULL),(447,'Madit Rwoht ','Saviour','Saviour Madit Rwoht ','2020-11-12',0,'','M','Gand','Panyimur','','','','\0','','\0','\0','\0','\0','Seven months','N',0,'Unknown','','2020-11-12 16:40:55',NULL,NULL,NULL,NULL,1,'unknown','unknown',NULL),(448,'Rwoth omio','Francis','Francis Rwoth omio','2018-11-12',2,'','M','Payera','Erussi','','','','\0','','\0','\0','\0','\0','Nine months','N',0,'Unknown','','2020-11-12 16:40:55',NULL,NULL,NULL,NULL,1,'unknown','unknown',NULL),(449,'Giramia','Monica','Monica Giramia','2018-11-12',2,'','F','Padwot','Kucwiny','','','','\0','','\0','\0','\0','\0','Six months','N',0,'Unknown','','2020-11-12 16:40:55',NULL,NULL,NULL,NULL,1,'unknown','unknown',NULL),(450,'Ayom i Rwoth ','David','David Ayom i Rwoth ','2018-11-12',2,'','M','Ossi','Parombo','','','','\0','','\0','\0','\0','\0','two months','N',0,'Unknown','','2020-11-12 16:40:55',NULL,NULL,NULL,NULL,1,'unknown','unknown',NULL),(451,'Omeruru','Nickson','Nickson Omeruru','2018-11-12',2,'','M','Ossi','Parombo','','','','\0','','\0','\0','\0','\0','','N',0,'Unknown','','2020-11-12 16:40:55',NULL,NULL,NULL,NULL,1,'unknown','unknown',NULL),(452,'Bed ayika','Jawanita','Jawanita Bed ayika','2020-11-12',0,'','M','Ossi','Parombo','','','','\0','','\0','\0','\0','\0','Seven months','N',1,'Unknown','','2020-11-12 16:40:55',NULL,NULL,NULL,NULL,1,'unknown','unknown',NULL),(453,'Mic pa mungu','Tracy','Tracy Mic pa mungu','2020-11-12',0,'','F','Pagwata','Parombo','','','','\0','','\0','\0','\0','\0','Five months','N',1,'Unknown','','2020-11-12 16:40:55',NULL,NULL,NULL,NULL,1,'unknown','unknown',NULL),(454,'Otimnimungu','Junior','Junior Otimnimungu','2020-11-12',0,'','M','Erussi','Erussi','','','','\0','','\0','\0','\0','\0','Four months','N',0,'Unknown','','2020-11-12 16:40:55',NULL,NULL,NULL,NULL,1,'unknown','unknown',NULL),(455,'owinjpira ','Ivan','Ivan owinjpira ','2020-11-12',0,'','M','Panyigoro','Pakwach','','','','\0','','\0','\0','\0','\0','eight months	','N',0,'Unknown','','2020-11-12 16:40:55',NULL,NULL,NULL,NULL,1,'unknown','unknown',NULL),(456,'Ofoy mungu','Dominic','Dominic Ofoy mungu','2020-11-12',0,'','M','Pamora','Nyaravur','','','','\0','','\0','\0','\0','\0','Ten months','N',0,'Unknown','','2020-11-12 16:40:55',NULL,NULL,NULL,NULL,1,'unknown','unknown',NULL),(457,'Ajolo rwoth','Mercy','Mercy Ajolo rwoth','2019-11-12',1,'','F','Rero','Akworo','','','','\0','','\0','\0','\0','\0','Five months','N',0,'Unknown','','2020-11-12 16:40:55',NULL,NULL,NULL,NULL,1,'unknown','unknown',NULL),(458,'Afoyorwoth','Diana','Diana Afoyorwoth','2020-11-12',0,'','F','Panyimur','Panyimur','','','','\0','','\0','\0','\0','\0','Seven months','N',0,'Unknown','','2020-11-12 16:40:55',NULL,NULL,NULL,NULL,1,'unknown','unknown',NULL),(459,'Mar pa Rwoth','Sunday','Sunday Mar pa Rwoth','2016-11-12',4,'','M','Vuk','Nyaravur','','','','\0','','\0','\0','\0','\0','','N',0,'Unknown','','2020-11-12 16:40:55',NULL,NULL,NULL,NULL,1,'unknown','unknown',NULL),(460,'Odaga','Philip','Philip Odaga','2013-11-12',7,'','M','Madi yalo','Erussi','','','','\0','','\0','\0','\0','\0','','N',0,'Unknown','','2020-11-12 16:40:55',NULL,NULL,NULL,NULL,1,'unknown','unknown',NULL),(461,'Pimer','Allan','Allan Pimer','2020-11-12',0,'','M','Thelal','Thelal','','','','\0','','\0','\0','\0','\0','one month','N',0,'Unknown','','2020-11-12 16:40:55',NULL,NULL,NULL,NULL,1,'unknown','unknown',NULL),(462,'Onima','Salome','Salome Onima','1990-11-12',30,'','F','Padanyu','','','','','\0','','\0','\0','\0','\0','','N',0,'Unknown','','2020-11-12 16:40:55',NULL,NULL,NULL,NULL,1,'unknown','unknown',NULL),(463,'Akumu','Josephine','Josephine Akumu','1973-11-12',47,'','F','Obia','Erussi','','','','\0','','\0','\0','\0','\0','','N',0,'Unknown','','2020-11-12 16:40:55',NULL,NULL,NULL,NULL,1,'unknown','unknown',NULL),(464,'Karoline','Akumu','Akumu Karoline','1960-11-12',60,'','F','Kothongola','','','','','\0','','\0','\0','\0','\0','','N',0,'Unknown','','2020-11-12 16:40:55',NULL,NULL,NULL,NULL,1,'unknown','unknown',NULL),(465,'Pithua','Anthony','Anthony Pithua','2009-11-12',11,'','M','Juputhwol','Neebi','','','','\0','','\0','\0','\0','\0','','N',0,'Unknown','','2020-11-12 16:40:55',NULL,NULL,NULL,NULL,1,'unknown','unknown',NULL),(466,'Oyeny-both','Irene','Irene Oyeny-both','2019-11-12',1,'','F','Kasatu','Akworo','','','','\0','','\0','\0','\0','\0','3moths with Malaria.','N',0,'Unknown','','2020-11-12 16:40:55',NULL,NULL,NULL,NULL,1,'unknown','unknown',NULL),(467,'Warom','Condrad','Condrad Warom','2010-11-12',10,'','M','Puyang','panyango','','','','\0','','\0','\0','\0','\0','','N',0,'Unknown','','2020-11-12 16:40:55',NULL,NULL,NULL,NULL,1,'unknown','unknown',NULL),(468,'Berocan','Manuella','Manuella Berocan','2013-11-12',7,'','M','','','','','','\0','','\0','\0','\0','\0','','N',0,'Unknown','','2020-11-12 16:40:55',NULL,NULL,NULL,NULL,1,'unknown','unknown',NULL),(469,'Metha','Anecho','Anecho Metha','1974-11-12',46,'','M','Akwanji','Angal','Alba Rose','','','\0','','\0','\0','\0','\0','','N',0,'Unknown','','2020-11-12 16:40:55',NULL,NULL,NULL,NULL,1,'unknown','unknown',NULL),(470,'Ijino','Wanok','Wanok Ijino','1976-11-12',44,'','M','Alala','Parombo','','','','\0','','\0','\0','\0','\0','','N',0,'Unknown','','2020-11-12 16:40:55',NULL,NULL,NULL,NULL,1,'unknown','unknown',NULL),(471,'Berocan','Manuella','Manuella Berocan','2020-11-12',0,'','F','Pacaka','','','','','\0','','\0','\0','\0','\0','11months with Maiaria.','N',0,'Unknown','','2020-11-12 16:40:55',NULL,NULL,NULL,NULL,1,'unknown','unknown',NULL),(472,'Wango -ic','Prisca','Prisca Wango -ic','2019-11-12',1,'','F','Akwanji','Nyaravur','','','','\0','','\0','\0','\0','\0','1month with Malaria.','N',0,'Unknown','','2020-11-12 16:40:55',NULL,NULL,NULL,NULL,1,'unknown','unknown',NULL),(473,'Rwothomio','Ivan','Ivan Rwothomio','2018-11-12',2,'','M','Pamora','Nyaravur','','','','\0','','\0','\0','\0','\0','7months with Maiaria.','N',0,'Unknown','','2020-11-12 16:40:55',NULL,NULL,NULL,NULL,1,'unknown','unknown',NULL),(474,'Ajolorwoth','Mercy','Mercy Ajolorwoth','2020-11-12',0,'','F','Pukanga','','','','','\0','','\0','\0','\0','\0','7months with Malaria.','N',0,'Unknown','','2020-11-12 16:40:55',NULL,NULL,NULL,NULL,1,'unknown','unknown',NULL),(475,'Gearge','Bush','Bush Gearge','2015-11-12',5,'','M','Parombo','Parombo','','','','\0','','\0','\0','\0','\0','','N',0,'Unknown','','2020-11-12 16:40:55',NULL,NULL,NULL,NULL,1,'unknown','unknown',NULL),(476,'Anirwoth','Fortunate','Fortunate Anirwoth','2020-11-12',0,'','F','Pakolo','Parombo','','','','\0','','\0','\0','\0','\0','4months and2weeks','N',0,'Unknown','','2020-11-12 16:40:55',NULL,NULL,NULL,NULL,1,'unknown','unknown',NULL),(477,'Afoyorwoth','Beatrice','Beatrice Afoyorwoth','2019-11-12',1,'','F','Atido','Erussi','','','','\0','','\0','\0','\0','\0','1year and 1month','N',1,'Unknown','','2020-11-12 16:40:55',NULL,NULL,NULL,NULL,1,'unknown','unknown',NULL),(479,'Othum','Pius','Pius Othum','2020-11-12',0,'','M','Alego','Parombo','','','','\0','','\0','\0','\0','\0','9monhs old','N',0,'Unknown','','2020-11-12 16:40:55',NULL,NULL,NULL,NULL,1,'unknown','unknown',NULL),(480,'Oyirwoth','Festo','Festo Oyirwoth','2014-11-12',6,'','M','Erussi','Erussi','','','','\0','','\0','\0','\0','\0','','N',0,'Unknown','','2020-11-12 16:40:55',NULL,NULL,NULL,NULL,1,'unknown','unknown',NULL),(482,'Atyeronimungu','Joan','Joan Atyeronimungu','2020-11-12',0,'','F','Panyimur','Panyimur','','','','\0','','\0','\0','\0','\0','7months old','N',0,'Unknown','','2020-11-12 16:40:55',NULL,NULL,NULL,NULL,1,'unknown','unknown',NULL),(483,'Parmu','Elias','Elias Parmu','2020-11-12',0,'','M','Payera','Errussi','','','','\0','','\0','\0','\0','\0','7months old','N',0,'Unknown','','2020-11-12 16:40:55',NULL,NULL,NULL,NULL,1,'unknown','unknown',NULL),(484,'Wedunga','Ronald','Ronald Wedunga','2012-11-12',8,'','M','Erussi','','','','','\0','','\0','\0','\0','\0','','N',0,'Unknown','','2020-11-12 16:40:55',NULL,NULL,NULL,NULL,1,'unknown','unknown',NULL),(485,'Wiajik','Celsa','Celsa Wiajik','2019-11-12',1,'','M','Padolo','Erussi','','','','\0','','\0','\0','\0','\0','6 months','N',0,'Unknown','','2020-11-12 16:40:55',NULL,NULL,NULL,NULL,1,'unknown','unknown',NULL),(486,'Dorcus','Kwiocwiny','Kwiocwiny Dorcus','2020-11-12',0,'','F','Padolo','Erussi','','','','\0','','\0','\0','\0','\0','10 months','N',0,'Unknown','','2020-11-12 16:40:55',NULL,NULL,NULL,NULL,1,'unknown','unknown',NULL),(487,'Ofoyorwoth','Claire','Claire Ofoyorwoth','2019-11-12',1,'','F','Mahagi Port','DRC','','','','\0','','\0','\0','\0','\0','','N',0,'Unknown','','2020-11-12 16:40:55',NULL,NULL,NULL,NULL,1,'unknown','unknown',NULL),(488,'Parakoch','Annet','Annet Parakoch','2014-11-12',6,'','F','Owaro','Nyaravur','','','','\0','','\0','\0','\0','\0','','N',0,'Unknown','','2020-11-12 16:40:55',NULL,NULL,NULL,NULL,1,'unknown','unknown',NULL),(489,'Saviour','Oyi rwoth','Oyi rwoth Saviour','2018-11-12',2,'','M','Parombo','Parombo','','','','\0','','\0','\0','\0','\0','eleven months','N',0,'Unknown','','2020-11-12 16:40:55',NULL,NULL,NULL,NULL,1,'unknown','unknown',NULL),(490,'Kayeny','Judith','Judith Kayeny','2018-11-12',2,'','F','Abongo','Erussi','','','','\0','','\0','\0','\0','\0','','N',0,'Unknown','','2020-11-12 16:40:55',NULL,NULL,NULL,NULL,1,'unknown','unknown',NULL),(491,'Madithrwoth','Sunday','Sunday Madithrwoth','2017-11-12',3,'','M','Panyimur','Panyimur','','','','\0','','\0','\0','\0','\0','','N',0,'Unknown','','2020-11-12 16:40:55',NULL,NULL,NULL,NULL,1,'unknown','unknown',NULL),(492,'Prisca','Wango ic','Wango ic Prisca','2020-11-12',0,'','F','Mbaro','Nyaravur','','','','\0','','\0','\0','\0','\0','Four months','N',0,'Unknown','','2020-11-12 16:40:55',NULL,NULL,NULL,NULL,1,'unknown','unknown',NULL),(493,'Fuacan','Dorine','Dorine Fuacan','2020-11-12',0,'','F','Owaro','Nyaravur','','','','\0','','\0','\0','\0','\0','Five months','N',0,'Unknown','','2020-11-12 16:40:55',NULL,NULL,NULL,NULL,1,'unknown','unknown',NULL),(494,'Munguromo','Munguromo','Munguromo Munguromo','2020-11-12',0,'','M','Ganda','Panyimur','','','','\0','','\0','\0','\0','\0','','N',0,'Unknown','','2020-11-12 16:40:55',NULL,NULL,NULL,NULL,1,'unknown','unknown',NULL),(495,'Prisca','Pikisa','Pikisa Prisca','2020-11-12',0,'','F','Ossi','Parombo','','','','\0','','\0','\0','\0','\0','Nine months','N',0,'Unknown','','2020-11-12 16:40:55',NULL,NULL,NULL,NULL,1,'unknown','unknown',NULL),(496,'Afred','Ocungi Rwoth','Ocungi Rwoth Afred','2018-11-12',2,'','M','Penji','Erussi','','','','\0','','\0','\0','\0','\0','Four months		','N',0,'Unknown','','2020-11-12 16:40:55',NULL,NULL,NULL,NULL,1,'unknown','unknown',NULL),(497,'Dauglas','Munguryek','Munguryek Dauglas','2018-11-12',2,'','M','Mbaro','Nyaravur','','','','\0','','\0','\0','\0','\0','two months','N',0,'Unknown','','2020-11-12 16:40:55',NULL,NULL,NULL,NULL,1,'unknown','unknown',NULL),(498,'Munguromo','Munguromo','Munguromo Munguromo','2020-11-12',0,'','M','Wilanyo','','','','','\0','','\0','\0','\0','\0','Ten months','N',0,'Unknown','','2020-11-12 16:40:55',NULL,NULL,NULL,NULL,1,'unknown','unknown',NULL),(499,'Denis ','Mungutimu','Mungutimu Denis ','2020-11-12',0,'','M','Gira','Pamora','','','','\0','','\0','\0','\0','\0','Nine months		','N',0,'Unknown','','2020-11-12 16:40:55',NULL,NULL,NULL,NULL,1,'unknown','unknown',NULL),(500,'Godwin','Madit Rwoth','Madit Rwoth Godwin','2018-11-12',2,'','M','Owaro','Nyaravur','','','','\0','','\0','\0','\0','\0','','N',0,'Unknown','','2020-11-12 16:40:55',NULL,NULL,NULL,NULL,1,'unknown','unknown',NULL),(501,'Ayio Rwoth','Adokorach','Adokorach Ayio Rwoth','2020-11-12',0,'','F','Kasato','Akworo','','','','\0','','\0','\0','\0','\0','Six months','N',0,'Unknown','','2020-11-12 16:40:55',NULL,NULL,NULL,NULL,1,'unknown','unknown',NULL),(502,'Mungungeyo','Mungungeyo','Mungungeyo Mungungeyo','2020-11-12',0,'','M','Pakulu','DRC','','','','\0','','\0','\0','\0','\0','Seven months','N',0,'Unknown','','2020-11-12 16:40:55',NULL,NULL,NULL,NULL,1,'unknown','unknown',NULL),(503,'Rwoth Omio','Rwoth Omio','Rwoth Omio Rwoth Omio','2020-11-12',0,'','M','pulum','Parombo','','','','\0','','\0','\0','\0','\0','Six months','N',0,'Unknown','','2020-11-12 16:40:55',NULL,NULL,NULL,NULL,1,'unknown','unknown',NULL),(504,'Atimango','Bridget','Bridget Atimango','2019-11-12',1,'','M','Akuru bridge','Angal','','','','\0','','\0','\0','\0','\0','Nine months','N',0,'Unknown','','2020-11-12 16:40:55',NULL,NULL,NULL,NULL,1,'unknown','unknown',NULL),(505,'Tamim','Jakisa','Jakisa Tamim','2019-11-12',1,'','M','Owaru','Nyaravur','','','','\0','','\0','\0','\0','\0','Six months	','N',0,'Unknown','','2020-11-12 16:40:55',NULL,NULL,NULL,NULL,1,'unknown','unknown',NULL),(506,'Baraka','Mungisha','Mungisha Baraka','2018-11-12',2,'','M','Cubu','DRC','','','','\0','','\0','\0','\0','\0','Three months','N',0,'Unknown','','2020-11-12 16:40:55',NULL,NULL,NULL,NULL,1,'unknown','unknown',NULL),(507,'Onyal','Jenety','Jenety Onyal','1990-11-12',30,'','F','Ganda','Panyimur','Oucha','','','\0','','\0','\0','\0','\0','','N',0,'Unknown','','2020-11-12 16:40:55',NULL,NULL,NULL,NULL,1,'unknown','unknown',NULL),(508,'Emilly','Rach iwu','Rach iwu Emilly','2002-11-12',18,'','F','Parwo','Parombo','Lucy','','','\0','','\0','\0','\0','\0','','N',0,'Unknown','','2020-11-12 16:40:55',NULL,NULL,NULL,NULL,1,'unknown','unknown',NULL),(509,'paolo','rossetto','rossetto paolo','1942-11-12',78,'','M','','','','','','\0','','\0','\0','\0','\0','','Y',1,'Unknown','','2020-11-12 16:40:55',NULL,NULL,NULL,NULL,1,'unknown','unknown',NULL);
/*!40000 ALTER TABLE `patient` ENABLE KEYS */;
UNLOCK TABLES;

--
-- Table structure for table `patient_profile_photo`
--

DROP TABLE IF EXISTS `patient_profile_photo`;
/*!40101 SET @saved_cs_client     = @@character_set_client */;
/*!40101 SET character_set_client = utf8 */;
CREATE TABLE `patient_profile_photo` (
  `PAT_PROFILE_PHOTO_ID` int(11) NOT NULL AUTO_INCREMENT,
  `PAT_PHOTO` blob,
  PRIMARY KEY (`PAT_PROFILE_PHOTO_ID`)
) ENGINE=MyISAM DEFAULT CHARSET=utf8;
/*!40101 SET character_set_client = @saved_cs_client */;

--
-- Dumping data for table `patient_profile_photo`
--

LOCK TABLES `patient_profile_photo` WRITE;
/*!40000 ALTER TABLE `patient_profile_photo` DISABLE KEYS */;
/*!40000 ALTER TABLE `patient_profile_photo` ENABLE KEYS */;
UNLOCK TABLES;

--
-- Table structure for table `patientexamination`
--

DROP TABLE IF EXISTS `patientexamination`;
/*!40101 SET @saved_cs_client     = @@character_set_client */;
/*!40101 SET character_set_client = utf8 */;
CREATE TABLE `patientexamination` (
  `PEX_ID` int(11) NOT NULL AUTO_INCREMENT,
  `PEX_DATE` datetime NOT NULL,
  `PEX_PAT_ID` int(11) NOT NULL,
  `PEX_HEIGHT` int(11) DEFAULT NULL COMMENT 'Height in cm',
  `PEX_WEIGHT` double DEFAULT NULL COMMENT 'Weight in Kg',
  `PEX_AP_MIN` int(11) DEFAULT NULL COMMENT 'Blood Pressure MIN in mmHg',
  `PEX_AP_MAX` int(11) DEFAULT NULL COMMENT 'Blood Pressure MAX in mmHg',
  `PEX_HR` int(11) DEFAULT NULL COMMENT 'Heart Rate in APm',
  `PEX_TEMP` double DEFAULT NULL COMMENT 'Temperature in C',
  `PEX_SAT` double DEFAULT NULL COMMENT 'Saturation in %',
  `PEX_HGT` int(3) DEFAULT NULL COMMENT 'Hemo Glucose Test',
  `PEX_DIURESIS` int(11) DEFAULT NULL COMMENT 'Daily Urine Volume in ml',
  `PEX_DIURESIS_DESC` varchar(45) DEFAULT NULL COMMENT 'Diuresis: physiological, oliguria, anuria, fequent, nocturia, stranguria, hematuria, pyuria',
  `PEX_BOWEL_DESC` varchar(45) DEFAULT NULL COMMENT 'Bowel Function: regular, irregular, constipation, diarrheal',
  `PEX_RR` int(11) DEFAULT NULL COMMENT 'Respiratory rate in bpm',
  `PEX_AUSC` varchar(50) DEFAULT NULL COMMENT 'Auscultation: normal, wheezes, rhonchi, crackles, stridor, bronchial',
  `PEX_NOTE` varchar(300) DEFAULT NULL,
  `PEX_CREATED_BY` varchar(50) DEFAULT NULL,
  `PEX_CREATED_DATE` datetime DEFAULT NULL,
  `PEX_LAST_MODIFIED_BY` varchar(50) DEFAULT NULL,
  `PEX_LAST_MODIFIED_DATE` datetime DEFAULT NULL,
  `PEX_ACTIVE` tinyint(1) NOT NULL DEFAULT '1',
  PRIMARY KEY (`PEX_ID`),
  KEY `PEX_PAT_ID` (`PEX_PAT_ID`),
  CONSTRAINT `FK_PATIENTEXAMINATION_PATIENT` FOREIGN KEY (`PEX_PAT_ID`) REFERENCES `patient` (`PAT_ID`) ON DELETE CASCADE ON UPDATE CASCADE
) ENGINE=InnoDB DEFAULT CHARSET=utf8;
/*!40101 SET character_set_client = @saved_cs_client */;

--
-- Dumping data for table `patientexamination`
--

LOCK TABLES `patientexamination` WRITE;
/*!40000 ALTER TABLE `patientexamination` DISABLE KEYS */;
/*!40000 ALTER TABLE `patientexamination` ENABLE KEYS */;
UNLOCK TABLES;

--
-- Table structure for table `patientvaccine`
--

DROP TABLE IF EXISTS `patientvaccine`;
/*!40101 SET @saved_cs_client     = @@character_set_client */;
/*!40101 SET character_set_client = utf8 */;
CREATE TABLE `patientvaccine` (
  `PAV_ID` int(11) NOT NULL AUTO_INCREMENT,
  `PAV_YPROG` int(11) NOT NULL,
  `PAV_DATE` datetime NOT NULL,
  `PAV_PAT_ID` int(11) NOT NULL,
  `PAV_VAC_ID_A` varchar(10) NOT NULL,
  `PAV_LOCK` int(11) NOT NULL DEFAULT '0',
  `PAV_CREATED_BY` varchar(50) DEFAULT NULL,
  `PAV_CREATED_DATE` datetime DEFAULT NULL,
  `PAV_LAST_MODIFIED_BY` varchar(50) DEFAULT NULL,
  `PAV_LAST_MODIFIED_DATE` datetime DEFAULT NULL,
  `PAV_ACTIVE` tinyint(1) NOT NULL DEFAULT '1',
  PRIMARY KEY (`PAV_ID`),
  KEY `FK_PATIENTVACCINE_PATIENT` (`PAV_PAT_ID`),
  KEY `FK_PATIENTVACCINE_VACCINE` (`PAV_VAC_ID_A`),
  CONSTRAINT `FK_PATIENTVACCINE_PATIENT` FOREIGN KEY (`PAV_PAT_ID`) REFERENCES `patient` (`PAT_ID`) ON DELETE CASCADE ON UPDATE CASCADE,
  CONSTRAINT `FK_PATIENTVACCINE_VACCINE` FOREIGN KEY (`PAV_VAC_ID_A`) REFERENCES `vaccine` (`VAC_ID_A`) ON DELETE NO ACTION ON UPDATE NO ACTION
) ENGINE=InnoDB DEFAULT CHARSET=utf8;
/*!40101 SET character_set_client = @saved_cs_client */;

--
-- Dumping data for table `patientvaccine`
--

LOCK TABLES `patientvaccine` WRITE;
/*!40000 ALTER TABLE `patientvaccine` DISABLE KEYS */;
/*!40000 ALTER TABLE `patientvaccine` ENABLE KEYS */;
UNLOCK TABLES;

--
-- Table structure for table `pregnanttreatmenttype`
--

DROP TABLE IF EXISTS `pregnanttreatmenttype`;
/*!40101 SET @saved_cs_client     = @@character_set_client */;
/*!40101 SET character_set_client = utf8 */;
CREATE TABLE `pregnanttreatmenttype` (
  `PTT_ID_A` varchar(10) NOT NULL,
  `PTT_DESC` varchar(50) NOT NULL,
  `PTT_CREATED_BY` varchar(50) DEFAULT NULL,
  `PTT_CREATED_DATE` datetime DEFAULT NULL,
  `PTT_LAST_MODIFIED_BY` varchar(50) DEFAULT NULL,
  `PTT_LAST_MODIFIED_DATE` datetime DEFAULT NULL,
  `PTT_ACTIVE` tinyint(1) NOT NULL DEFAULT '1',
  PRIMARY KEY (`PTT_ID_A`)
) ENGINE=InnoDB DEFAULT CHARSET=utf8;
/*!40101 SET character_set_client = @saved_cs_client */;

--
-- Dumping data for table `pregnanttreatmenttype`
--

LOCK TABLES `pregnanttreatmenttype` WRITE;
/*!40000 ALTER TABLE `pregnanttreatmenttype` DISABLE KEYS */;
INSERT INTO `pregnanttreatmenttype` VALUES ('A','ANC RE-ATTENDANCE',NULL,NULL,NULL,NULL,1),('I1','IMMUNISATION 1',NULL,NULL,NULL,NULL,1),('I2','IMMUNISATION 2',NULL,NULL,NULL,NULL,1),('I3','IMMUNISATION 3',NULL,NULL,NULL,NULL,1),('N','NEW ANC ATTENDANCE',NULL,NULL,NULL,NULL,1),('S1','FIRST DOSE WITH SP',NULL,NULL,NULL,NULL,1),('S2','SECOND DOSE WITH SP',NULL,NULL,NULL,NULL,1);
/*!40000 ALTER TABLE `pregnanttreatmenttype` ENABLE KEYS */;
UNLOCK TABLES;

--
-- Table structure for table `pricelists`
--

DROP TABLE IF EXISTS `pricelists`;
/*!40101 SET @saved_cs_client     = @@character_set_client */;
/*!40101 SET character_set_client = utf8 */;
CREATE TABLE `pricelists` (
  `LST_ID` int(11) NOT NULL AUTO_INCREMENT,
  `LST_CODE` varchar(7) NOT NULL,
  `LST_NAME` varchar(50) NOT NULL,
  `LST_DESC` varchar(100) NOT NULL,
  `LST_CURRENCY` varchar(10) NOT NULL,
  `LST_CREATED_BY` varchar(50) DEFAULT NULL,
  `LST_CREATED_DATE` datetime DEFAULT NULL,
  `LST_LAST_MODIFIED_BY` varchar(50) DEFAULT NULL,
  `LST_LAST_MODIFIED_DATE` datetime DEFAULT NULL,
  `LST_ACTIVE` tinyint(1) NOT NULL DEFAULT '1',
  PRIMARY KEY (`LST_ID`)
) ENGINE=InnoDB AUTO_INCREMENT=2 DEFAULT CHARSET=utf8;
/*!40101 SET character_set_client = @saved_cs_client */;

--
-- Dumping data for table `pricelists`
--

LOCK TABLES `pricelists` WRITE;
/*!40000 ALTER TABLE `pricelists` DISABLE KEYS */;
INSERT INTO `pricelists` VALUES (1,'LIST001','Basic','Basic price list','',NULL,NULL,NULL,NULL,1);
/*!40000 ALTER TABLE `pricelists` ENABLE KEYS */;
UNLOCK TABLES;

--
-- Table structure for table `prices`
--

DROP TABLE IF EXISTS `prices`;
/*!40101 SET @saved_cs_client     = @@character_set_client */;
/*!40101 SET character_set_client = utf8 */;
CREATE TABLE `prices` (
  `PRC_ID` int(11) NOT NULL AUTO_INCREMENT,
  `PRC_LST_ID` int(11) NOT NULL,
  `PRC_GRP` char(3) NOT NULL,
  `PRC_ITEM` varchar(10) NOT NULL,
  `PRC_DESC` varchar(100) NOT NULL,
  `PRC_PRICE` double NOT NULL,
  `PRC_CREATED_BY` varchar(50) DEFAULT NULL,
  `PRC_CREATED_DATE` datetime DEFAULT NULL,
  `PRC_LAST_MODIFIED_BY` varchar(50) DEFAULT NULL,
  `PRC_LAST_MODIFIED_DATE` datetime DEFAULT NULL,
  `PRC_ACTIVE` tinyint(1) NOT NULL DEFAULT '1',
  PRIMARY KEY (`PRC_ID`),
  KEY `FK_PRICES_PRICELISTS` (`PRC_LST_ID`),
  CONSTRAINT `FK_PRICES_PRICELISTS` FOREIGN KEY (`PRC_LST_ID`) REFERENCES `pricelists` (`LST_ID`) ON DELETE CASCADE ON UPDATE CASCADE
) ENGINE=InnoDB AUTO_INCREMENT=517 DEFAULT CHARSET=utf8;
/*!40101 SET character_set_client = @saved_cs_client */;

--
-- Dumping data for table `prices`
--

LOCK TABLES `prices` WRITE;
/*!40000 ALTER TABLE `prices` DISABLE KEYS */;
INSERT INTO `prices` VALUES (1,1,'EXA','01.01','1.1 HB',0,NULL,NULL,NULL,NULL,1),(2,1,'EXA','01.02','1.2 WBC Count',0,NULL,NULL,NULL,NULL,1),(3,1,'EXA','01.03','1.3 Differential ',0,NULL,NULL,NULL,NULL,1),(4,1,'EXA','01.04','1.4 Film Comment',0,NULL,NULL,NULL,NULL,1),(5,1,'EXA','01.05','1.5 ESR',0,NULL,NULL,NULL,NULL,1),(6,1,'EXA','01.06','1.6 Sickling Test',0,NULL,NULL,NULL,NULL,1),(7,1,'EXA','02.01','2.1 Grouping',0,NULL,NULL,NULL,NULL,1),(8,1,'EXA','02.02','2.2 Comb\'s Test',0,NULL,NULL,NULL,NULL,1),(9,1,'EXA','03.01','3.1 Blood Slide (Malaria)',0,NULL,NULL,NULL,NULL,1),(10,1,'EXA','03.02','3.2 Blood Slide (OTHERS, E.G. TRIUPHANOSOMIAS, MICRIFILARIA, LEISHMANIA, BORRELIA)',0,NULL,NULL,NULL,NULL,1),(11,1,'EXA','03.021','3.21 Trypanosomiasis',0,NULL,NULL,NULL,NULL,1),(12,1,'EXA','03.022','3.22 MICROFILARIA',0,NULL,NULL,NULL,NULL,1),(13,1,'EXA','03.023','3.23 LEISHMANIA',0,NULL,NULL,NULL,NULL,1),(14,1,'EXA','03.024','3.24 BORRELIA',0,NULL,NULL,NULL,NULL,1),(15,1,'EXA','03.03','3.3 STOOL MICROSCOPY',0,NULL,NULL,NULL,NULL,1),(16,1,'EXA','03.04','3.4 URINE MICROSCOPY',0,NULL,NULL,NULL,NULL,1),(17,1,'EXA','03.05','3.5 TISSUE MICROSCOPY',0,NULL,NULL,NULL,NULL,1),(18,1,'EXA','03.06','3.6 CSF WET PREP',0,NULL,NULL,NULL,NULL,1),(19,1,'EXA','04.01','4.1 CULTURE AND SENSITIVITY (C&S) FOR HAEMOPHILUS INFUENZA TYPE B',0,NULL,NULL,NULL,NULL,1),(20,1,'EXA','04.02','4.2 C&S FOR SALMONELA TYPHI',0,NULL,NULL,NULL,NULL,1),(21,1,'EXA','04.03','4.3 C&S FOR VIBRO CHOLERA',0,NULL,NULL,NULL,NULL,1),(22,1,'EXA','04.04','4.4 C&S FOR SHIGELLA DYSENTERIAE',0,NULL,NULL,NULL,NULL,1),(23,1,'EXA','04.05','4.5 C&S FOR NEISSERIA MENINGITIDES',0,NULL,NULL,NULL,NULL,1),(24,1,'EXA','04.06','4.6 OTHER C&S ',0,NULL,NULL,NULL,NULL,1),(25,1,'EXA','05.01','5.1 WET PREP',0,NULL,NULL,NULL,NULL,1),(26,1,'EXA','05.02','5.2 GRAM STAIN',0,NULL,NULL,NULL,NULL,1),(27,1,'EXA','05.03','5.3 INDIA INK',0,NULL,NULL,NULL,NULL,1),(28,1,'EXA','05.04','5.4 LEISMANIA',0,NULL,NULL,NULL,NULL,1),(29,1,'EXA','05.05','5.5 ZN',0,NULL,NULL,NULL,NULL,1),(30,1,'EXA','05.06','5.6 WAYSON',0,NULL,NULL,NULL,NULL,1),(31,1,'EXA','05.07','5.7 PAP SMEAR',0,NULL,NULL,NULL,NULL,1),(32,1,'EXA','06.01','6.1 VDRL/RPR',0,NULL,NULL,NULL,NULL,1),(33,1,'EXA','06.02','6.2 TPHA',0,NULL,NULL,NULL,NULL,1),(34,1,'EXA','06.03','6.3 HIV',0,NULL,NULL,NULL,NULL,1),(35,1,'EXA','06.04','6.4 HEPATITIS',0,NULL,NULL,NULL,NULL,1),(36,1,'EXA','06.05','6.5 OTHERS E.G BRUCELLA, RHEUMATOID FACTOR, WEIL FELIX',0,NULL,NULL,NULL,NULL,1),(37,1,'EXA','06.06','6.6 PREGANCY TEST',0,NULL,NULL,NULL,NULL,1),(38,1,'EXA','07.01','7.1 PROTEIN',0,NULL,NULL,NULL,NULL,1),(39,1,'EXA','07.02','7.2 SUGAR',0,NULL,NULL,NULL,NULL,1),(40,1,'EXA','07.03','7.3 LFTS',0,NULL,NULL,NULL,NULL,1),(41,1,'EXA','07.03.1','7.3.1 BILIRUBIN TOTAL',0,NULL,NULL,NULL,NULL,1),(42,1,'EXA','07.03.2','7.3.2 BILIRUBIN DIRECT',0,NULL,NULL,NULL,NULL,1),(43,1,'EXA','07.03.3','7.3.3 GOT',0,NULL,NULL,NULL,NULL,1),(44,1,'EXA','07.03.4','7.3.4 ALT/GPT',0,NULL,NULL,NULL,NULL,1),(45,1,'EXA','07.04','7.4 RFTS',0,NULL,NULL,NULL,NULL,1),(46,1,'EXA','07.04.1','7.4.1 CREATININA',0,NULL,NULL,NULL,NULL,1),(47,1,'EXA','07.04.2','7.4.2 UREA',0,NULL,NULL,NULL,NULL,1),(48,1,'EXA','08.01','8.1 OCCULT BLOOD',0,NULL,NULL,NULL,NULL,1),(49,1,'EXA','URI','URINALYSIS',0,NULL,NULL,NULL,NULL,1),(50,1,'OPE','45','Abdominal Tumours',0,NULL,NULL,NULL,NULL,1),(51,1,'OPE','13','Acute abdomen',0,NULL,NULL,NULL,NULL,1),(52,1,'OPE','43','Appendicitis',0,NULL,NULL,NULL,NULL,1),(53,1,'OPE','30','Bladder biopsy',0,NULL,NULL,NULL,NULL,1),(54,1,'OPE','1','Caesarian section',0,NULL,NULL,NULL,NULL,1),(55,1,'OPE','44','Cholecystitis',0,NULL,NULL,NULL,NULL,1),(56,1,'OPE','21','circumcision',0,NULL,NULL,NULL,NULL,1),(57,1,'OPE','20','Cystorele',0,NULL,NULL,NULL,NULL,1),(58,1,'OPE','51','Debridement',0,NULL,NULL,NULL,NULL,1),(59,1,'OPE','11','Dilatation and curettage',0,NULL,NULL,NULL,NULL,1),(60,1,'OPE','24','dorsal slit-paraphimosis',0,NULL,NULL,NULL,NULL,1),(61,1,'OPE','14','Ectopic pregnancy',0,NULL,NULL,NULL,NULL,1),(62,1,'OPE','3','elective',0,NULL,NULL,NULL,NULL,1),(63,1,'OPE','2','emergency',0,NULL,NULL,NULL,NULL,1),(64,1,'OPE','34','Epigastrical Hernia',0,NULL,NULL,NULL,NULL,1),(65,1,'OPE','8','Evacuations',0,NULL,NULL,NULL,NULL,1),(66,1,'OPE','31','Hernia (inguinal & femoral)',0,NULL,NULL,NULL,NULL,1),(67,1,'OPE','26','Hydroceletomy',0,NULL,NULL,NULL,NULL,1),(68,1,'OPE','7','Hysterectomy',0,NULL,NULL,NULL,NULL,1),(69,1,'OPE','4','Hysterectomy',0,NULL,NULL,NULL,NULL,1),(70,1,'OPE','50','Incission & drainage',0,NULL,NULL,NULL,NULL,1),(71,1,'OPE','9','Incomplete abortion',0,NULL,NULL,NULL,NULL,1),(72,1,'OPE','6','Injured uterus',0,NULL,NULL,NULL,NULL,1),(73,1,'OPE','37','Intestinal obstruction',0,NULL,NULL,NULL,NULL,1),(74,1,'OPE','40','Laparatomy',0,NULL,NULL,NULL,NULL,1),(75,1,'OPE','48','Lower limb',0,NULL,NULL,NULL,NULL,1),(76,1,'OPE','38','Mechanical',0,NULL,NULL,NULL,NULL,1),(77,1,'OPE','52','Mise -a- plat',0,NULL,NULL,NULL,NULL,1),(78,1,'OPE','33','Non strangulated',0,NULL,NULL,NULL,NULL,1),(79,1,'OPE','49','Osteomyelitis - sequestrectomy',0,NULL,NULL,NULL,NULL,1),(80,1,'OPE','18','Ovarian tumours',0,NULL,NULL,NULL,NULL,1),(81,1,'OPE','23','paraphimosis',0,NULL,NULL,NULL,NULL,1),(82,1,'OPE','16','Pelvic abscess',0,NULL,NULL,NULL,NULL,1),(83,1,'OPE','41','Penetrating abdominal injuries',0,NULL,NULL,NULL,NULL,1),(84,1,'OPE','42','Peritonitis',0,NULL,NULL,NULL,NULL,1),(85,1,'OPE','15','Peritonitis',0,NULL,NULL,NULL,NULL,1),(86,1,'OPE','22','phimosis',0,NULL,NULL,NULL,NULL,1),(87,1,'OPE','29','Prostate biopsy',0,NULL,NULL,NULL,NULL,1),(88,1,'OPE','28','Prostatectomy',0,NULL,NULL,NULL,NULL,1),(89,1,'OPE','46','Reduction of fractures',0,NULL,NULL,NULL,NULL,1),(90,1,'OPE','12','Repair of vesico-vaginal fistula (vvf)',0,NULL,NULL,NULL,NULL,1),(91,1,'OPE','5','Ruptured uterus',0,NULL,NULL,NULL,NULL,1),(92,1,'OPE','10','Septic abortion',0,NULL,NULL,NULL,NULL,1),(93,1,'OPE','32','Strangulated',0,NULL,NULL,NULL,NULL,1),(94,1,'OPE','53','Surgical toilet  & suture',0,NULL,NULL,NULL,NULL,1),(95,1,'OPE','27','Testicular tumours',0,NULL,NULL,NULL,NULL,1),(96,1,'OPE','47','Upper limb',0,NULL,NULL,NULL,NULL,1),(97,1,'OPE','25','uretheral stricture-bougienage',0,NULL,NULL,NULL,NULL,1),(98,1,'OPE','17','Uterine fibroids',0,NULL,NULL,NULL,NULL,1),(99,1,'OPE','19','Uterine prolapse',0,NULL,NULL,NULL,NULL,1),(100,1,'OPE','39','Volvulus',0,NULL,NULL,NULL,NULL,1),(101,1,'MED','24','4 Dimethyl Aminobenzaldelyde',0,NULL,NULL,NULL,NULL,1),(102,1,'MED','98','Acetazolamide 250mg Tab',0,NULL,NULL,NULL,NULL,1),(103,1,'MED','2','Acetic Acid Glacial 1 ltr',0,NULL,NULL,NULL,NULL,1),(104,1,'MED','3','Aceton 99% 1ltr',0,NULL,NULL,NULL,NULL,1),(105,1,'MED','414','Aciclovir cream',0,NULL,NULL,NULL,NULL,1),(106,1,'MED','99','Acyclovir 200mg Tab',0,NULL,NULL,NULL,NULL,1),(107,1,'MED','273','Adhesive Tape 2.5cm x 5m',0,NULL,NULL,NULL,NULL,1),(108,1,'MED','274','Adhesive Tape 7.5cm x 5m',0,NULL,NULL,NULL,NULL,1),(109,1,'MED','40','Adrenaline 1mg/ml 1ml Amp',0,NULL,NULL,NULL,NULL,1),(110,1,'MED','326','Air ring set 43x15cm, rubber with pump',0,NULL,NULL,NULL,NULL,1),(111,1,'MED','268','Airway Guedel Size 0',0,NULL,NULL,NULL,NULL,1),(112,1,'MED','267','Airway Guedel Size 00',0,NULL,NULL,NULL,NULL,1),(113,1,'MED','269','Airway Guedel Size 1',0,NULL,NULL,NULL,NULL,1),(114,1,'MED','270','Airway Guedel Size 2',0,NULL,NULL,NULL,NULL,1),(115,1,'MED','271','Airway Guedel Size 3',0,NULL,NULL,NULL,NULL,1),(116,1,'MED','103','Albendazole 200mg Tab',0,NULL,NULL,NULL,NULL,1),(117,1,'MED','102','Albendazole 400mg Tab',0,NULL,NULL,NULL,NULL,1),(118,1,'MED','41','Aminophyline 25mg/ml,10ml Amp',0,NULL,NULL,NULL,NULL,1),(119,1,'MED','101','Aminophylline 100mg Tab',0,NULL,NULL,NULL,NULL,1),(120,1,'MED','104','Amitriptyline 25mg Tab',0,NULL,NULL,NULL,NULL,1),(121,1,'MED','23','Amonium Oxalate',0,NULL,NULL,NULL,NULL,1),(122,1,'MED','106','Amoxycillin /Clavulanate 375mg Tab',0,NULL,NULL,NULL,NULL,1),(123,1,'MED','226','Amoxycillin 125mg/5ml Powd. Susp 100ml',0,NULL,NULL,NULL,NULL,1),(124,1,'MED','105','Amoxycillin 250mg Caps',0,NULL,NULL,NULL,NULL,1),(125,1,'MED','42','Amphotericin B 50mg Vial',0,NULL,NULL,NULL,NULL,1),(126,1,'MED','43','Ampicillin 500mg Vial',0,NULL,NULL,NULL,NULL,1),(127,1,'MED','238','Anti Serum A 10ml',0,NULL,NULL,NULL,NULL,1),(128,1,'MED','408','Anti Serum AB 10ml',0,NULL,NULL,NULL,NULL,1),(129,1,'MED','407','Anti Serum B 10ml',0,NULL,NULL,NULL,NULL,1),(130,1,'MED','409','Anti Serum D 10ml',0,NULL,NULL,NULL,NULL,1),(131,1,'MED','208','Antihaemorrhoid suppositories',0,NULL,NULL,NULL,NULL,1),(132,1,'MED','348','Apron Plastic Re-usable',0,NULL,NULL,NULL,NULL,1),(133,1,'MED','349','Apron Plastic Re-usable local',0,NULL,NULL,NULL,NULL,1),(134,1,'MED','350','Apron Polythene Disp Non Sterile',0,NULL,NULL,NULL,NULL,1),(135,1,'MED','416','Artemether+Lumefantrine 25-35kg',0,NULL,NULL,NULL,NULL,1),(136,1,'MED','107','Ascorbic Acid 100mg tab',0,NULL,NULL,NULL,NULL,1),(137,1,'MED','108','Aspirin 300mg Tab',0,NULL,NULL,NULL,NULL,1),(138,1,'MED','110','Atenolol 100mg Tab',0,NULL,NULL,NULL,NULL,1),(139,1,'MED','109','Atenolol 50mg Tab',0,NULL,NULL,NULL,NULL,1),(140,1,'MED','44','Atropine 1mg/ml 1ml Amp',0,NULL,NULL,NULL,NULL,1),(141,1,'MED','405','Barium Sulphate for X-Ray 1kg',0,NULL,NULL,NULL,NULL,1),(142,1,'MED','201','Beclamethasone 50mcg Innhaler',0,NULL,NULL,NULL,NULL,1),(143,1,'MED','320','Bedpan Plastic Autoclavable',0,NULL,NULL,NULL,NULL,1),(144,1,'MED','321','Bedpan Stainless Steel',0,NULL,NULL,NULL,NULL,1),(145,1,'MED','111','Bendrofluazide 5mg Tab',0,NULL,NULL,NULL,NULL,1),(146,1,'MED','45','Benzathine Penicillin 2.4 MIU Vial',0,NULL,NULL,NULL,NULL,1),(147,1,'MED','112','Benzhexol 2mg Tab',0,NULL,NULL,NULL,NULL,1),(148,1,'MED','113','Benzhexol 5mg Tab',0,NULL,NULL,NULL,NULL,1),(149,1,'MED','211','Benzyl Benzoate 25% 100ml',0,NULL,NULL,NULL,NULL,1),(150,1,'MED','46','Benzyl Penicillin 1 MIU Vial',0,NULL,NULL,NULL,NULL,1),(151,1,'MED','47','Benzyl Penicillin 5 MIU Vial',0,NULL,NULL,NULL,NULL,1),(152,1,'MED','194','Betamethasone 0.1% eye/ear/nose drops',0,NULL,NULL,NULL,NULL,1),(153,1,'MED','195','Betamethasone 0.1% Neomycin 0.35 %eye drops 7.5ml',0,NULL,NULL,NULL,NULL,1),(154,1,'MED','114','Bisacodyl 5mg Tab',0,NULL,NULL,NULL,NULL,1),(155,1,'MED','239','Blood giving set Disposable',0,NULL,NULL,NULL,NULL,1),(156,1,'MED','240','Blood Transfer Bag 300ml',0,NULL,NULL,NULL,NULL,1),(157,1,'MED','322','Body Bag 70 x 215cm  (Adult)',0,NULL,NULL,NULL,NULL,1),(158,1,'MED','325','Bowl Without Lid 10 x 24cm stainless steel',0,NULL,NULL,NULL,NULL,1),(159,1,'MED','323','Bowl Without Lid 7 x 12cm stainless steel',0,NULL,NULL,NULL,NULL,1),(160,1,'MED','324','Bowl Without Lid 8 x 16cm stainless steel',0,NULL,NULL,NULL,NULL,1),(161,1,'MED','22','Brillians crystal blue',0,NULL,NULL,NULL,NULL,1),(162,1,'MED','213','Calamine Lotion 100ml',0,NULL,NULL,NULL,NULL,1),(163,1,'MED','212','Calamine Lotion 3Ltr',0,NULL,NULL,NULL,NULL,1),(164,1,'MED','115','Calcium Lactate 300mg Tab',0,NULL,NULL,NULL,NULL,1),(165,1,'MED','116','Carbamazepine 200mg Tab',0,NULL,NULL,NULL,NULL,1),(166,1,'MED','117','Carbimazole 5mg Tab',0,NULL,NULL,NULL,NULL,1),(167,1,'MED','288','Cathether Foley CH10 3 Way Ballon',0,NULL,NULL,NULL,NULL,1),(168,1,'MED','289','Cathether Foley CH12 3 Way Ballon',0,NULL,NULL,NULL,NULL,1),(169,1,'MED','290','Cathether Foley CH14 3 Way Ballon',0,NULL,NULL,NULL,NULL,1),(170,1,'MED','291','Cathether Foley CH16 3 Way Ballon',0,NULL,NULL,NULL,NULL,1),(171,1,'MED','292','Cathether Foley CH18 3 Way Ballon',0,NULL,NULL,NULL,NULL,1),(172,1,'MED','286','Cathether Foley CH20 3 Way Ballon',0,NULL,NULL,NULL,NULL,1),(173,1,'MED','287','Cathether Foley CH8 3 Way Ballon',0,NULL,NULL,NULL,NULL,1),(174,1,'MED','293','Cathether Stopper for All sizes',0,NULL,NULL,NULL,NULL,1),(175,1,'MED','118','Charcoal 250mg Tab',0,NULL,NULL,NULL,NULL,1),(176,1,'MED','196','Chloramphenicol 0.5% Eye Drops 10ml',0,NULL,NULL,NULL,NULL,1),(177,1,'MED','228','Chloramphenicol 125mg/5ml Susp 100ml',0,NULL,NULL,NULL,NULL,1),(178,1,'MED','227','Chloramphenicol 125mg/5ml Susp 3Ltr',0,NULL,NULL,NULL,NULL,1),(179,1,'MED','48','Chloramphenicol 1g Vial',0,NULL,NULL,NULL,NULL,1),(180,1,'MED','119','Chloramphenicol 250mg Caps',0,NULL,NULL,NULL,NULL,1),(181,1,'MED','183','Chlorhexidine/Centrimide 1.5/15% 1Ltr',0,NULL,NULL,NULL,NULL,1),(182,1,'MED','184','Chlorhexidine/Centrimide 1.5/15% 5Ltr',0,NULL,NULL,NULL,NULL,1),(183,1,'MED','49','Chloroquine 40mg Base/ml 5ml Amp',0,NULL,NULL,NULL,NULL,1),(184,1,'MED','121','Chloroquine Coated 150mg Tab',0,NULL,NULL,NULL,NULL,1),(185,1,'MED','120','Chloroquine Uncoated 150mg Tab',0,NULL,NULL,NULL,NULL,1),(186,1,'MED','123','Chlorphenimine 4mg Tab',0,NULL,NULL,NULL,NULL,1),(187,1,'MED','124','Chlorpromazine 100mg Tab',0,NULL,NULL,NULL,NULL,1),(188,1,'MED','125','Chlorpromazine 25mg Tab',0,NULL,NULL,NULL,NULL,1),(189,1,'MED','50','Chlorpromazine 25mg/ml/2ml Amp',0,NULL,NULL,NULL,NULL,1),(190,1,'MED','126','Cimetidine 200mg Tab',0,NULL,NULL,NULL,NULL,1),(191,1,'MED','127','Cimetidine 400mg Tab',0,NULL,NULL,NULL,NULL,1),(192,1,'MED','129','Ciprofloxacine 250mg Tab',0,NULL,NULL,NULL,NULL,1),(193,1,'MED','128','Ciprofloxacine 500mg Tab',0,NULL,NULL,NULL,NULL,1),(194,1,'MED','197','Cloramphenicol 1% Eye Ointment 3.5g',0,NULL,NULL,NULL,NULL,1),(195,1,'MED','215','Clotrimazole !% cream 15/20g',0,NULL,NULL,NULL,NULL,1),(196,1,'MED','214','Clotrimazole !% cream 200mg',0,NULL,NULL,NULL,NULL,1),(197,1,'MED','206','Clotrimazole 100mg Pessaries',0,NULL,NULL,NULL,NULL,1),(198,1,'MED','205','Clotrimazole 500mg Pessaries',0,NULL,NULL,NULL,NULL,1),(199,1,'MED','130','Cloxacillin 250mg Tab',0,NULL,NULL,NULL,NULL,1),(200,1,'MED','51','Cloxacillin 500mg Vial',0,NULL,NULL,NULL,NULL,1),(201,1,'MED','417','Coartem 15-25kg',0,NULL,NULL,NULL,NULL,1),(202,1,'MED','418','Coartem 5-15kg',0,NULL,NULL,NULL,NULL,1),(203,1,'MED','131','Codein Phosphate 30mg Tab',0,NULL,NULL,NULL,NULL,1),(204,1,'MED','327','Colostomy Bag closed 30mm size 2',0,NULL,NULL,NULL,NULL,1),(205,1,'MED','328','Colostomy Bag closed 30mm size 3',0,NULL,NULL,NULL,NULL,1),(206,1,'MED','329','Colostomy Bag open re-usable 35mm',0,NULL,NULL,NULL,NULL,1),(207,1,'MED','4','Copper 11 Sulphate 500g',0,NULL,NULL,NULL,NULL,1),(208,1,'MED','132','Cotrimoxazole 100/20mg Paed Tab',0,NULL,NULL,NULL,NULL,1),(209,1,'MED','230','Cotrimoxazole 200+40mg/5ml Susp 100ml',0,NULL,NULL,NULL,NULL,1),(210,1,'MED','229','Cotrimoxazole 200+40mg/5ml Susp 3Ltr',0,NULL,NULL,NULL,NULL,1),(211,1,'MED','133','Cotrimoxazole 400/80mg Tab',0,NULL,NULL,NULL,NULL,1),(212,1,'MED','276','Cotton Wool 200G',0,NULL,NULL,NULL,NULL,1),(213,1,'MED','275','cotton Wool 500G',0,NULL,NULL,NULL,NULL,1),(214,1,'MED','410','Creatinine 200ml (Calorimetric)',0,NULL,NULL,NULL,NULL,1),(215,1,'MED','29','Crystal Violet',0,NULL,NULL,NULL,NULL,1),(216,1,'MED','52','Cyclophosphamide 200mg Vial',0,NULL,NULL,NULL,NULL,1),(217,1,'MED','53','Cyclophosphamide 500mg Vial',0,NULL,NULL,NULL,NULL,1),(218,1,'MED','134','Darrows Half Strength 500ml',0,NULL,NULL,NULL,NULL,1),(219,1,'MED','140','DEXAMethasone 0.5mg Tab',0,NULL,NULL,NULL,NULL,1),(220,1,'MED','136','DEXAMethasone 4mg/ml 1ml Amp',0,NULL,NULL,NULL,NULL,1),(221,1,'MED','135','DEXAMethasone 4mg/ml 2ml Amp',0,NULL,NULL,NULL,NULL,1),(222,1,'MED','138','Dextrose 30% IV 100ml',0,NULL,NULL,NULL,NULL,1),(223,1,'MED','137','Dextrose 5% IV 500ml',0,NULL,NULL,NULL,NULL,1),(224,1,'MED','139','Dextrose 50% IV 100ml',0,NULL,NULL,NULL,NULL,1),(225,1,'MED','210','Dextrose Monohydrate Apyrogen 25Kg',0,NULL,NULL,NULL,NULL,1),(226,1,'MED','406','Diatrizoate Meglumin Sod 76% 20ml Amp',0,NULL,NULL,NULL,NULL,1),(227,1,'MED','207','Diazepam 2mg/ml 2.5ml Rectal Tube',0,NULL,NULL,NULL,NULL,1),(228,1,'MED','54','Diazepam 5mg / ml 2ml Amp',0,NULL,NULL,NULL,NULL,1),(229,1,'MED','141','Diazepam 5mg Tab',0,NULL,NULL,NULL,NULL,1),(230,1,'MED','55','Diclofenac 25mg/ml 3ml Amp',0,NULL,NULL,NULL,NULL,1),(231,1,'MED','142','Diclofenac 50mg Tab',0,NULL,NULL,NULL,NULL,1),(232,1,'MED','143','Diethylcarbamazine 50mg Tab',0,NULL,NULL,NULL,NULL,1),(233,1,'MED','144','Digoxin 0.25 mg Tab',0,NULL,NULL,NULL,NULL,1),(234,1,'MED','56','Digoxin 0.25 mg/ml 2ml Amp',0,NULL,NULL,NULL,NULL,1),(235,1,'MED','145','Doxycycline 100mg Tab',0,NULL,NULL,NULL,NULL,1),(236,1,'MED','330','Ear syringe rubber 60ml',0,NULL,NULL,NULL,NULL,1),(237,1,'MED','5','EDTA Di- sodium salt 100g',0,NULL,NULL,NULL,NULL,1),(238,1,'MED','277','Elastic Bandage 10cm x 4.5m',0,NULL,NULL,NULL,NULL,1),(239,1,'MED','278','Elastic Bandage 7.5cm x 4.5m',0,NULL,NULL,NULL,NULL,1),(240,1,'MED','236','Eosin Yelowish',0,NULL,NULL,NULL,NULL,1),(241,1,'MED','146','Ephedrine 30mg Tab',0,NULL,NULL,NULL,NULL,1),(242,1,'MED','147','Erythromycin 250mg Tab',0,NULL,NULL,NULL,NULL,1),(243,1,'MED','6','Ethanol Absolute 1ltr',0,NULL,NULL,NULL,NULL,1),(244,1,'MED','272','Eye Pad Sterile',0,NULL,NULL,NULL,NULL,1),(245,1,'MED','149','Fansider 500/25mg Tab',0,NULL,NULL,NULL,NULL,1),(246,1,'MED','148','Fansider 500/25mg Tab (50dosesx3)',0,NULL,NULL,NULL,NULL,1),(247,1,'MED','150','Ferrous Sulphate 200mg Tab',0,NULL,NULL,NULL,NULL,1),(248,1,'MED','233','Field stain A and B',0,NULL,NULL,NULL,NULL,1),(249,1,'MED','331','First Aid kit',0,NULL,NULL,NULL,NULL,1),(250,1,'MED','152','Fluconazole 100mg 24 Caps',0,NULL,NULL,NULL,NULL,1),(251,1,'MED','151','Fluconazole 100mg Tab',0,NULL,NULL,NULL,NULL,1),(252,1,'MED','156','Folic Acid 15mg Tab',0,NULL,NULL,NULL,NULL,1),(253,1,'MED','153','Folic Acid 1mg Tab',0,NULL,NULL,NULL,NULL,1),(254,1,'MED','154','Folic Acid 5mg Tab',0,NULL,NULL,NULL,NULL,1),(255,1,'MED','155','Folic Acid/Ferrous Sulp 0.5/200mg Tab',0,NULL,NULL,NULL,NULL,1),(256,1,'MED','7','Formaldelyde solution 35-38% 1ltr',0,NULL,NULL,NULL,NULL,1),(257,1,'MED','57','Frusemide 10mg/ml 2ml Amp',0,NULL,NULL,NULL,NULL,1),(258,1,'MED','157','Frusemide 40mg Tab',0,NULL,NULL,NULL,NULL,1),(259,1,'MED','333','Gallipot stainless steel 200ml/10cm',0,NULL,NULL,NULL,NULL,1),(260,1,'MED','332','Gallipot stainless steel 300ml/15cm',0,NULL,NULL,NULL,NULL,1),(261,1,'MED','280','Gauze Bandage 10cm x 4m',0,NULL,NULL,NULL,NULL,1),(262,1,'MED','279','Gauze Bandage 7.5cm x 3.65-4m',0,NULL,NULL,NULL,NULL,1),(263,1,'MED','283','Gauze Hydrophylic 90cm x 91cm',0,NULL,NULL,NULL,NULL,1),(264,1,'MED','282','Gauze Pads  Sterile 10cm x 10cm',0,NULL,NULL,NULL,NULL,1),(265,1,'MED','281','Gauze Pads Non Sterile 10cm x 10cm',0,NULL,NULL,NULL,NULL,1),(266,1,'MED','234','Genitian Violet',0,NULL,NULL,NULL,NULL,1),(267,1,'MED','198','Gentamicin 0.3% eye/ear drops 10ml',0,NULL,NULL,NULL,NULL,1),(268,1,'MED','58','Gentamicin 40mg/ml 2ml',0,NULL,NULL,NULL,NULL,1),(269,1,'MED','185','Getian Violet 25g Tin',0,NULL,NULL,NULL,NULL,1),(270,1,'MED','237','Giemsa Stain',0,NULL,NULL,NULL,NULL,1),(271,1,'MED','158','Glibeclamide 5mg Tab',0,NULL,NULL,NULL,NULL,1),(272,1,'MED','308','Gloves Domestic',0,NULL,NULL,NULL,NULL,1),(273,1,'MED','310','Gloves Gynaecological 7.5-8',0,NULL,NULL,NULL,NULL,1),(274,1,'MED','309','Gloves High risk non sterile Medium',0,NULL,NULL,NULL,NULL,1),(275,1,'MED','312','Gloves Non Sterile Large Disposable',0,NULL,NULL,NULL,NULL,1),(276,1,'MED','311','Gloves Non Sterile Medium Disposable',0,NULL,NULL,NULL,NULL,1),(277,1,'MED','313','Gloves Surgical Sterile 6',0,NULL,NULL,NULL,NULL,1),(278,1,'MED','314','Gloves Surgical Sterile 6.5',0,NULL,NULL,NULL,NULL,1),(279,1,'MED','315','Gloves Surgical Sterile 7',0,NULL,NULL,NULL,NULL,1),(280,1,'MED','316','Gloves Surgical Sterile 7.5',0,NULL,NULL,NULL,NULL,1),(281,1,'MED','317','Gloves Surgical Sterile 8',0,NULL,NULL,NULL,NULL,1),(282,1,'MED','318','Gloves Surgical Sterile 8.5',0,NULL,NULL,NULL,NULL,1),(283,1,'MED','411','Glucose GOD PAD  6 x 100ml (Colorimetric)',0,NULL,NULL,NULL,NULL,1),(284,1,'MED','1','Glucose Test Strip ( Sure Step)',0,NULL,NULL,NULL,NULL,1),(285,1,'MED','412','Glucose Test Strips (Hyloguard)',0,NULL,NULL,NULL,NULL,1),(286,1,'MED','32','GOT ( AST) 200ml (Calorimetric) AS 147',0,NULL,NULL,NULL,NULL,1),(287,1,'MED','31','GOT ( AST) 200ml has no NAOH) AS 101',0,NULL,NULL,NULL,NULL,1),(288,1,'MED','30','GPT (ALT) 200ml ( Does not have NAOH)',0,NULL,NULL,NULL,NULL,1),(289,1,'MED','159','Griseofulvin 500mg Tab',0,NULL,NULL,NULL,NULL,1),(290,1,'MED','161','Haloperdol 5mg',0,NULL,NULL,NULL,NULL,1),(291,1,'MED','160','Haloperidol 5mg Tab',0,NULL,NULL,NULL,NULL,1),(292,1,'MED','59','Haloperidol 5mg/ml 1ml Amp',0,NULL,NULL,NULL,NULL,1),(293,1,'MED','60','Haloperidol Decanoate 50mg/ml 1ml Amp',0,NULL,NULL,NULL,NULL,1),(294,1,'MED','374','Handle for surgical blade No 3',0,NULL,NULL,NULL,NULL,1),(295,1,'MED','375','Handle for surgical blade No 4',0,NULL,NULL,NULL,NULL,1),(296,1,'MED','33','HIV 1/2 Capillus Kit 100Tests',0,NULL,NULL,NULL,NULL,1),(297,1,'MED','34','HIV Buffer for determine Kit',0,NULL,NULL,NULL,NULL,1),(298,1,'MED','35','HIV Determine 1/11 (Abbott) 100Tests',0,NULL,NULL,NULL,NULL,1),(299,1,'MED','36','HIV UNIGOLD 1/11 Test Kits 20 Tests',0,NULL,NULL,NULL,NULL,1),(300,1,'MED','334','Hot water Bottle 2Ltr',0,NULL,NULL,NULL,NULL,1),(301,1,'MED','61','Hydralazine 20mg Vial',0,NULL,NULL,NULL,NULL,1),(302,1,'MED','162','Hydralazine 25mg Tab',0,NULL,NULL,NULL,NULL,1),(303,1,'MED','8','Hydrochloric Acid 30-33% 1ltr',0,NULL,NULL,NULL,NULL,1),(304,1,'MED','217','Hydrocortisone 1% Cream 15g',0,NULL,NULL,NULL,NULL,1),(305,1,'MED','216','Hydrocortisone 1% Cream 200g',0,NULL,NULL,NULL,NULL,1),(306,1,'MED','199','Hydrocortisone 1% eye drops 5ml',0,NULL,NULL,NULL,NULL,1),(307,1,'MED','219','Hydrocortisone 1% Ointment 15g',0,NULL,NULL,NULL,NULL,1),(308,1,'MED','218','Hydrocortisone 1% Ointment 200g',0,NULL,NULL,NULL,NULL,1),(309,1,'MED','62','Hydrocortisone 100mg Vial',0,NULL,NULL,NULL,NULL,1),(310,1,'MED','186','Hydrogen Peroxide 6% 250ml',0,NULL,NULL,NULL,NULL,1),(311,1,'MED','163','Hyoscine 10mg Tab',0,NULL,NULL,NULL,NULL,1),(312,1,'MED','63','Hyoscine Butyl Bromide 20mg/ml/ Amp',0,NULL,NULL,NULL,NULL,1),(313,1,'MED','164','Ibuprofen 200mg Tab',0,NULL,NULL,NULL,NULL,1),(314,1,'MED','165','Impramine 25mg Tab',0,NULL,NULL,NULL,NULL,1),(315,1,'MED','166','Indomethacin 25mg Tab',0,NULL,NULL,NULL,NULL,1),(316,1,'MED','366','Insectcide Spray 400g',0,NULL,NULL,NULL,NULL,1),(317,1,'MED','335','Instrument Box With Lid 20x10x5cm',0,NULL,NULL,NULL,NULL,1),(318,1,'MED','336','Instrument Tray 30 x 20 x 2cm',0,NULL,NULL,NULL,NULL,1),(319,1,'MED','65','Insulin Isophane 100IU/ml 10ml Vial',0,NULL,NULL,NULL,NULL,1),(320,1,'MED','68','Insulin Isophane 40IU/ml 10ml',0,NULL,NULL,NULL,NULL,1),(321,1,'MED','66','Insulin Mixtard 30/70 100IU/ml 10ml Vial',0,NULL,NULL,NULL,NULL,1),(322,1,'MED','67','Insulin Mixtard 30/70 100IU/ml 5x3ml catridges',0,NULL,NULL,NULL,NULL,1),(323,1,'MED','64','Insulin Soluble 100IU/ml 10ml Vial',0,NULL,NULL,NULL,NULL,1),(324,1,'MED','241','Insulin Syringe 100IU with Needle G26/29',0,NULL,NULL,NULL,NULL,1),(325,1,'MED','9','Iodin Crystal 100g',0,NULL,NULL,NULL,NULL,1),(326,1,'MED','187','Iodine Solution 2% 500ml',0,NULL,NULL,NULL,NULL,1),(327,1,'MED','69','Iron Dextran 10mg/ml 2ml Vial',0,NULL,NULL,NULL,NULL,1),(328,1,'MED','337','Irrigation can with acsessories',0,NULL,NULL,NULL,NULL,1),(329,1,'MED','167','Isoniazid 300mg Tab',0,NULL,NULL,NULL,NULL,1),(330,1,'MED','242','IV Canula G16 with Port',0,NULL,NULL,NULL,NULL,1),(331,1,'MED','243','IV Canula G18 with Port',0,NULL,NULL,NULL,NULL,1),(332,1,'MED','244','IV Canula G20 with Port',0,NULL,NULL,NULL,NULL,1),(333,1,'MED','245','IV Canula G22 with Port',0,NULL,NULL,NULL,NULL,1),(334,1,'MED','247','IV Canula G24 with Port',0,NULL,NULL,NULL,NULL,1),(335,1,'MED','246','IV Canula G24 without Port',0,NULL,NULL,NULL,NULL,1),(336,1,'MED','248','IV Giving set Disposable',0,NULL,NULL,NULL,NULL,1),(337,1,'MED','71','Ketamine 10mg/ml 10ml Vial',0,NULL,NULL,NULL,NULL,1),(338,1,'MED','70','Ketamine 10mg/ml 20ml Vial',0,NULL,NULL,NULL,NULL,1),(339,1,'MED','168','Ketocanazole 200mg Tab',0,NULL,NULL,NULL,NULL,1),(340,1,'MED','340','Kidney Dish Polypropylene 24cm',0,NULL,NULL,NULL,NULL,1),(341,1,'MED','339','Kidney Dish stainless Steel 20cm',0,NULL,NULL,NULL,NULL,1),(342,1,'MED','338','Kidney Dish stainless Steel 24cm',0,NULL,NULL,NULL,NULL,1),(343,1,'MED','391','Lead Apron 100cmx60cm',0,NULL,NULL,NULL,NULL,1),(344,1,'MED','72','Lignocaine 2% 20ml Vial',0,NULL,NULL,NULL,NULL,1),(345,1,'MED','73','Lignocaine 2% Adrenaline Dent.cartridges',0,NULL,NULL,NULL,NULL,1),(346,1,'MED','74','Lignocaine spinal 50mg/ml 2ml Amp',0,NULL,NULL,NULL,NULL,1),(347,1,'MED','191','Liquid detergent 20Ltr',0,NULL,NULL,NULL,NULL,1),(348,1,'MED','189','liquid detergent 5Ltr Perfumed',0,NULL,NULL,NULL,NULL,1),(349,1,'MED','220','lubricating Jelly 42g',0,NULL,NULL,NULL,NULL,1),(350,1,'MED','341','Mackintosh Plastic (Apron) per 1m',0,NULL,NULL,NULL,NULL,1),(351,1,'MED','342','Mackintosh Rubber Brown (sheeting) per 1m',0,NULL,NULL,NULL,NULL,1),(352,1,'MED','343','Measuring Cup Graduated 25ml',0,NULL,NULL,NULL,NULL,1),(353,1,'MED','10','Methanol 99% 1ltr',0,NULL,NULL,NULL,NULL,1),(354,1,'MED','75','Methylergomatrine 0.2mg/ml 1ml Amp',0,NULL,NULL,NULL,NULL,1),(355,1,'MED','76','Methylergomatrine 0.5mg/ml 1ml Amp',0,NULL,NULL,NULL,NULL,1),(356,1,'MED','77','Metoclopramide 5mg/ml 100ml Amp',0,NULL,NULL,NULL,NULL,1),(357,1,'MED','78','Metronidazole 5mg/ml 2ml IV',0,NULL,NULL,NULL,NULL,1),(358,1,'MED','79','Morphine 15mg/ml 1ml Amp',0,NULL,NULL,NULL,NULL,1),(359,1,'MED','368','Mosquito Net Impregnated Large',0,NULL,NULL,NULL,NULL,1),(360,1,'MED','367','Mosquito Net Impregnated Medium',0,NULL,NULL,NULL,NULL,1),(361,1,'MED','372','Mosquito Net Impregnation Liquid 500ml',0,NULL,NULL,NULL,NULL,1),(362,1,'MED','371','Mosquito Net Impregnation Tablet',0,NULL,NULL,NULL,NULL,1),(363,1,'MED','370','Mosquito Net Non Impregnated Large',0,NULL,NULL,NULL,NULL,1),(364,1,'MED','369','Mosquito Net Non Impregnated Medium',0,NULL,NULL,NULL,NULL,1),(365,1,'MED','373','Mosquito Wal spray Powder 80g',0,NULL,NULL,NULL,NULL,1),(366,1,'MED','297','Nasogastric Tube G10 (Children)',0,NULL,NULL,NULL,NULL,1),(367,1,'MED','298','Nasogastric Tube G14 (Children)',0,NULL,NULL,NULL,NULL,1),(368,1,'MED','299','Nasogastric Tube G16 (Children)',0,NULL,NULL,NULL,NULL,1),(369,1,'MED','294','Nasogastric Tube G5 (Children)',0,NULL,NULL,NULL,NULL,1),(370,1,'MED','296','Nasogastric Tube G6 (Children)',0,NULL,NULL,NULL,NULL,1),(371,1,'MED','295','Nasogastric Tube G8 (Children)',0,NULL,NULL,NULL,NULL,1),(372,1,'MED','346','Neck Support Large',0,NULL,NULL,NULL,NULL,1),(373,1,'MED','345','Neck Support Medium',0,NULL,NULL,NULL,NULL,1),(374,1,'MED','249','Needle container disposable of contaminated',0,NULL,NULL,NULL,NULL,1),(375,1,'MED','381','Needle suture No 5 cutting',0,NULL,NULL,NULL,NULL,1),(376,1,'MED','380','Needle suture No 5 round',0,NULL,NULL,NULL,NULL,1),(377,1,'MED','382','Needle suture No 6 Round',0,NULL,NULL,NULL,NULL,1),(378,1,'MED','250','Needles Luer G20 Disposable',0,NULL,NULL,NULL,NULL,1),(379,1,'MED','251','Needles Luer G21 Disposable',0,NULL,NULL,NULL,NULL,1),(380,1,'MED','252','Needles Luer G22 Disposable',0,NULL,NULL,NULL,NULL,1),(381,1,'MED','253','Needles Luer G23 Disposable',0,NULL,NULL,NULL,NULL,1),(382,1,'MED','254','Needles Spinal G20x75-120mm',0,NULL,NULL,NULL,NULL,1),(383,1,'MED','257','Needles Spinal G22x40mm',0,NULL,NULL,NULL,NULL,1),(384,1,'MED','255','Needles Spinal G22x75-120mm',0,NULL,NULL,NULL,NULL,1),(385,1,'MED','256','Needles Spinal G25x75-120mm',0,NULL,NULL,NULL,NULL,1),(386,1,'MED','344','Nesk Support Small',0,NULL,NULL,NULL,NULL,1),(387,1,'MED','235','Neutral Red',0,NULL,NULL,NULL,NULL,1),(388,1,'MED','26','Non 111 Chloride (Ferric chloride)',0,NULL,NULL,NULL,NULL,1),(389,1,'MED','221','Nystatin 100,000 IU/g Ointment 30g',0,NULL,NULL,NULL,NULL,1),(390,1,'MED','209','Nystatin 100.000 IU Pessaries',0,NULL,NULL,NULL,NULL,1),(391,1,'MED','231','Nystatin 500.000IU/ Susp/ Drops',0,NULL,NULL,NULL,NULL,1),(392,1,'MED','178','Oral Rehydration Salt (ORS)',0,NULL,NULL,NULL,NULL,1),(393,1,'MED','80','Oxytocin 10 IU/ml 1ml Amp',0,NULL,NULL,NULL,NULL,1),(394,1,'MED','180','Paracetamol 120mg/5ml 100ml',0,NULL,NULL,NULL,NULL,1),(395,1,'MED','179','Paracetamol 120mg/5ml Syrup',0,NULL,NULL,NULL,NULL,1),(396,1,'MED','415','Paracetamol 500 MG',0,NULL,NULL,NULL,NULL,1),(397,1,'MED','81','Pethidine 100mg/ml 2ml Amp',0,NULL,NULL,NULL,NULL,1),(398,1,'MED','82','Pethidine 50mg/ml 1ml Amp',0,NULL,NULL,NULL,NULL,1),(399,1,'MED','83','Phenobarbital 100mg/ml 2ml Amp',0,NULL,NULL,NULL,NULL,1),(400,1,'MED','11','Phenol crystals 1kg',0,NULL,NULL,NULL,NULL,1),(401,1,'MED','84','Phytomenadione 10mg/ml 1ml Amp',0,NULL,NULL,NULL,NULL,1),(402,1,'MED','85','Phytomenadione 1mg/ml 1ml Amp',0,NULL,NULL,NULL,NULL,1),(403,1,'MED','284','Plaster of Paris 10cm',0,NULL,NULL,NULL,NULL,1),(404,1,'MED','285','Plaster of Paris 15cm',0,NULL,NULL,NULL,NULL,1),(405,1,'MED','12','Potassium iodide 100g',0,NULL,NULL,NULL,NULL,1),(406,1,'MED','21','Potassium Oxalate',0,NULL,NULL,NULL,NULL,1),(407,1,'MED','37','Pregnacy ( HGG Latex) 50 tests',0,NULL,NULL,NULL,NULL,1),(408,1,'MED','86','Procaine Penicillin Fortified 4 MIU Vial',0,NULL,NULL,NULL,NULL,1),(409,1,'MED','87','Promethazine 25mg/ml 2ml Amp',0,NULL,NULL,NULL,NULL,1),(410,1,'MED','169','Pyridoxine 50mg Tab',0,NULL,NULL,NULL,NULL,1),(411,1,'MED','181','Quinine 100mg/5ml Syrup 100ml',0,NULL,NULL,NULL,NULL,1),(412,1,'MED','170','Quinine 300mg Tab',0,NULL,NULL,NULL,NULL,1),(413,1,'MED','88','Quinine Di-HCI 300mg/ml 2ml Amp',0,NULL,NULL,NULL,NULL,1),(414,1,'MED','171','Ranitidine 150mg Tab',0,NULL,NULL,NULL,NULL,1),(415,1,'MED','89','Ranitidine 25mg/ml 2ml Amp',0,NULL,NULL,NULL,NULL,1),(416,1,'MED','351','Razor Blades Disposable 5pc',0,NULL,NULL,NULL,NULL,1),(417,1,'MED','300','Rectal Tube CH24',0,NULL,NULL,NULL,NULL,1),(418,1,'MED','301','Rectal Tube CH26',0,NULL,NULL,NULL,NULL,1),(419,1,'MED','172','Rifampicin/Isoniazid 150/100 Tab',0,NULL,NULL,NULL,NULL,1),(420,1,'MED','39','RPR ( VDRL Carbon ) Antigen 5ml',0,NULL,NULL,NULL,NULL,1),(421,1,'MED','38','RPR 125mm x 75mm',0,NULL,NULL,NULL,NULL,1),(422,1,'MED','173','Salbutamol 4mg Tab',0,NULL,NULL,NULL,NULL,1),(423,1,'MED','204','Salbutamol Inhaler 10ml',0,NULL,NULL,NULL,NULL,1),(424,1,'MED','203','Salbutamol solution for inhalation 5ml',0,NULL,NULL,NULL,NULL,1),(425,1,'MED','258','Scalp Vein G19 Infusion set',0,NULL,NULL,NULL,NULL,1),(426,1,'MED','259','Scalp Vein G21 Infusion set',0,NULL,NULL,NULL,NULL,1),(427,1,'MED','260','Scalp Vein G23 Infusion set',0,NULL,NULL,NULL,NULL,1),(428,1,'MED','261','Scalp Vein G25 Infusion set',0,NULL,NULL,NULL,NULL,1),(429,1,'MED','190','Soap Blue Bar 550g',0,NULL,NULL,NULL,NULL,1),(430,1,'MED','192','Soap Powder Hand wash 5kg',0,NULL,NULL,NULL,NULL,1),(431,1,'MED','27','Sodium Carbonate Anhydrous',0,NULL,NULL,NULL,NULL,1),(432,1,'MED','13','Sodium Carbonate Anhydrous 500g',0,NULL,NULL,NULL,NULL,1),(433,1,'MED','96','Sodium Chloride 0.9% IV 500ml',0,NULL,NULL,NULL,NULL,1),(434,1,'MED','232','Sodium Chloride Apyrogen 50kg',0,NULL,NULL,NULL,NULL,1),(435,1,'MED','14','Sodium Citrate 100g',0,NULL,NULL,NULL,NULL,1),(436,1,'MED','20','Sodium Flouride',0,NULL,NULL,NULL,NULL,1),(437,1,'MED','188','Sodium Hypochloride solution 0.75 Ltr',0,NULL,NULL,NULL,NULL,1),(438,1,'MED','193','Sodium Hypochlorite solution 5Ltr',0,NULL,NULL,NULL,NULL,1),(439,1,'MED','97','Sodium Lactate Compound IV 500ml',0,NULL,NULL,NULL,NULL,1),(440,1,'MED','16','Sodium Nitrate 25g',0,NULL,NULL,NULL,NULL,1),(441,1,'MED','15','Sodium Sulphate 500g',0,NULL,NULL,NULL,NULL,1),(442,1,'MED','174','Spironolactone 25mg Tab',0,NULL,NULL,NULL,NULL,1),(443,1,'MED','347','Spoon Medicine 5ml',0,NULL,NULL,NULL,NULL,1),(444,1,'MED','352','Stethoscope Foetal Metal',0,NULL,NULL,NULL,NULL,1),(445,1,'MED','353','Stethoscope Foetal Wood',0,NULL,NULL,NULL,NULL,1),(446,1,'MED','90','Streptomycin 1g Vial',0,NULL,NULL,NULL,NULL,1),(447,1,'MED','307','Suction Cathether Size 10 Disposable',0,NULL,NULL,NULL,NULL,1),(448,1,'MED','305','Suction Cathether Size 12 Disposable',0,NULL,NULL,NULL,NULL,1),(449,1,'MED','306','Suction Cathether Size 14 Disposable',0,NULL,NULL,NULL,NULL,1),(450,1,'MED','304','Suction Cathether Size 16 Disposable',0,NULL,NULL,NULL,NULL,1),(451,1,'MED','302','Suction Cathether Size 6 Disposable',0,NULL,NULL,NULL,NULL,1),(452,1,'MED','303','Suction Cathether Size 8 Disposable',0,NULL,NULL,NULL,NULL,1),(453,1,'MED','17','Sulphosalicylic Acid 500g',0,NULL,NULL,NULL,NULL,1),(454,1,'MED','18','Sulphuric Acid Conc 1ltr',0,NULL,NULL,NULL,NULL,1),(455,1,'MED','376','Surgical Blades No 20',0,NULL,NULL,NULL,NULL,1),(456,1,'MED','377','Surgical Blades No 21',0,NULL,NULL,NULL,NULL,1),(457,1,'MED','378','Surgical Blades No 22',0,NULL,NULL,NULL,NULL,1),(458,1,'MED','379','Surgical Blades No 23',0,NULL,NULL,NULL,NULL,1),(459,1,'MED','354','Surgical Brush (Scrubbing)',0,NULL,NULL,NULL,NULL,1),(460,1,'MED','355','Surgical Mop 12 x 15',0,NULL,NULL,NULL,NULL,1),(461,1,'MED','383','Suture Cutgut Chromic (0)',0,NULL,NULL,NULL,NULL,1),(462,1,'MED','384','Suture Cutgut Chromic (2) RN22240TH',0,NULL,NULL,NULL,NULL,1),(463,1,'MED','385','Suture Cutgut Chromic (2/0) RN22230TH',0,NULL,NULL,NULL,NULL,1),(464,1,'MED','386','Suture Cutgut Chromic (3/0) RN2325TF',0,NULL,NULL,NULL,NULL,1),(465,1,'MED','387','Suture Cutgut Plain (2/0) RN1230TF',0,NULL,NULL,NULL,NULL,1),(466,1,'MED','390','Suture PGA (3/0) RN3330TF',0,NULL,NULL,NULL,NULL,1),(467,1,'MED','388','Suture Silk (1) S595',0,NULL,NULL,NULL,NULL,1),(468,1,'MED','389','Suture Silk (2/0) RN5230TF',0,NULL,NULL,NULL,NULL,1),(469,1,'MED','91','Suxamethonium 500mg Vial',0,NULL,NULL,NULL,NULL,1),(470,1,'MED','92','Suxamethonium 500mg/ml 2ml Amp',0,NULL,NULL,NULL,NULL,1),(471,1,'MED','262','Syringe Feeding/Irrigation 50/60ml',0,NULL,NULL,NULL,NULL,1),(472,1,'MED','264','Syringe Luer 10ml With Needle Disposable',0,NULL,NULL,NULL,NULL,1),(473,1,'MED','265','Syringe Luer 20ml With Needle Disposable',0,NULL,NULL,NULL,NULL,1),(474,1,'MED','263','Syringe Luer 2ml With Needle Disposable',0,NULL,NULL,NULL,NULL,1),(475,1,'MED','266','Syringe Luer 5ml With Needle Disposable',0,NULL,NULL,NULL,NULL,1),(476,1,'MED','356','Tablet Counting Tray',0,NULL,NULL,NULL,NULL,1),(477,1,'MED','93','tetanus Antitoxin 1500 IU 1ml Amp',0,NULL,NULL,NULL,NULL,1),(478,1,'MED','200','Tetracycline eye ointment 1% 3.5g',0,NULL,NULL,NULL,NULL,1),(479,1,'MED','360','Thermometer Clinical Flat Type',0,NULL,NULL,NULL,NULL,1),(480,1,'MED','361','Thermometer Clinical Prismatic Type',0,NULL,NULL,NULL,NULL,1),(481,1,'MED','94','Thiopental Sodium 500mg Vial',0,NULL,NULL,NULL,NULL,1),(482,1,'MED','357','Toilet Paper Rolls',0,NULL,NULL,NULL,NULL,1),(483,1,'MED','175','Tolbutamide 500mg tab',0,NULL,NULL,NULL,NULL,1),(484,1,'MED','319','Tongue depressor Disposable',0,NULL,NULL,NULL,NULL,1),(485,1,'MED','359','Traction Kit Adult',0,NULL,NULL,NULL,NULL,1),(486,1,'MED','358','Traction Kit Children',0,NULL,NULL,NULL,NULL,1),(487,1,'MED','25','Trichloro acetic Acid',0,NULL,NULL,NULL,NULL,1),(488,1,'MED','28','Trisodium Citrate',0,NULL,NULL,NULL,NULL,1),(489,1,'MED','223','Ultrasound Gel 5Ltr',0,NULL,NULL,NULL,NULL,1),(490,1,'MED','222','Ultrasound Gel 800g',0,NULL,NULL,NULL,NULL,1),(491,1,'MED','362','Umbilical Cord Tie non sterile 100m',0,NULL,NULL,NULL,NULL,1),(492,1,'MED','363','Umbilical Cord Tie sterile 22m',0,NULL,NULL,NULL,NULL,1),(493,1,'MED','122','UREA Calorimetric 300 Tests',0,NULL,NULL,NULL,NULL,1),(494,1,'MED','364','Urinal 1Ltr / 2Ltr',0,NULL,NULL,NULL,NULL,1),(495,1,'MED','365','Urine Collecting Bag sterile 2Ltr',0,NULL,NULL,NULL,NULL,1),(496,1,'MED','202','Urine Test Strips 3 Parameters 100 tests',0,NULL,NULL,NULL,NULL,1),(497,1,'MED','176','Vitamin A 200.000 IU Caps',0,NULL,NULL,NULL,NULL,1),(498,1,'MED','177','Vitamin B Complex Tab',0,NULL,NULL,NULL,NULL,1),(499,1,'MED','95','Water for Injection 10ml Vial',0,NULL,NULL,NULL,NULL,1),(500,1,'MED','224','Whitfield Oinment 200g',0,NULL,NULL,NULL,NULL,1),(501,1,'MED','225','Whitfield Oinment 25g',0,NULL,NULL,NULL,NULL,1),(502,1,'MED','392','X-Ray Developer 2.6kg for 22.5Ltr',0,NULL,NULL,NULL,NULL,1),(503,1,'MED','393','X-Ray Film 18x24cm',0,NULL,NULL,NULL,NULL,1),(504,1,'MED','394','X-Ray Film 20x40cm',0,NULL,NULL,NULL,NULL,1),(505,1,'MED','395','X-Ray Film 24x30cm',0,NULL,NULL,NULL,NULL,1),(506,1,'MED','396','X-Ray Film 30x40cm',0,NULL,NULL,NULL,NULL,1),(507,1,'MED','397','X-Ray Film 35x35cm',0,NULL,NULL,NULL,NULL,1),(508,1,'MED','398','X-Ray Film 43x35cm',0,NULL,NULL,NULL,NULL,1),(509,1,'MED','399','X-Ray Film Cassette  18x24cm with screen',0,NULL,NULL,NULL,NULL,1),(510,1,'MED','400','X-Ray Film Cassette  24x30cm with screen',0,NULL,NULL,NULL,NULL,1),(511,1,'MED','401','X-Ray Film Cassette  30x40cm with screen',0,NULL,NULL,NULL,NULL,1),(512,1,'MED','402','X-Ray Film Cassette  35x35cm with screen',0,NULL,NULL,NULL,NULL,1),(513,1,'MED','403','X-Ray Film Cassette  35x43cm with screen',0,NULL,NULL,NULL,NULL,1),(514,1,'MED','404','X-Ray Fixer 3.3kg for 22.5 Ltr',0,NULL,NULL,NULL,NULL,1),(515,1,'MED','19','Xylene 2.5 ltrs',0,NULL,NULL,NULL,NULL,1),(516,1,'OTH','1','Amount per day',0,NULL,NULL,NULL,NULL,1);
/*!40000 ALTER TABLE `prices` ENABLE KEYS */;
UNLOCK TABLES;

--
-- Table structure for table `pricesothers`
--

DROP TABLE IF EXISTS `pricesothers`;
/*!40101 SET @saved_cs_client     = @@character_set_client */;
/*!40101 SET character_set_client = utf8 */;
CREATE TABLE `pricesothers` (
  `OTH_ID` int(11) NOT NULL AUTO_INCREMENT,
  `OTH_CODE` varchar(10) NOT NULL,
  `OTH_DESC` varchar(100) NOT NULL,
  `OTH_OPD_INCLUDE` int(11) NOT NULL DEFAULT '0',
  `OTH_IPD_INCLUDE` int(11) NOT NULL DEFAULT '0',
  `OTH_DAILY` int(11) NOT NULL DEFAULT '0',
  `OTH_DISCHARGE` int(11) DEFAULT '0',
  `OTH_UNDEFINED` int(11) DEFAULT '0',
  `OTH_CREATED_BY` varchar(50) DEFAULT NULL,
  `OTH_CREATED_DATE` datetime DEFAULT NULL,
  `OTH_LAST_MODIFIED_BY` varchar(50) DEFAULT NULL,
  `OTH_LAST_MODIFIED_DATE` datetime DEFAULT NULL,
  `OTH_ACTIVE` tinyint(1) NOT NULL DEFAULT '1',
  PRIMARY KEY (`OTH_ID`)
) ENGINE=MyISAM AUTO_INCREMENT=2 DEFAULT CHARSET=utf8;
/*!40101 SET character_set_client = @saved_cs_client */;

--
-- Dumping data for table `pricesothers`
--

LOCK TABLES `pricesothers` WRITE;
/*!40000 ALTER TABLE `pricesothers` DISABLE KEYS */;
INSERT INTO `pricesothers` VALUES (1,'OTH001','Amount per day',0,1,1,0,0,NULL,NULL,NULL,NULL,1);
/*!40000 ALTER TABLE `pricesothers` ENABLE KEYS */;
UNLOCK TABLES;

--
-- Table structure for table `sms`
--

DROP TABLE IF EXISTS `sms`;
/*!40101 SET @saved_cs_client     = @@character_set_client */;
/*!40101 SET character_set_client = utf8 */;
CREATE TABLE `sms` (
  `SMS_ID` int(11) NOT NULL AUTO_INCREMENT,
  `SMS_DATE` timestamp NOT NULL DEFAULT CURRENT_TIMESTAMP,
  `SMS_DATE_SCHED` datetime NOT NULL,
  `SMS_NUMBER` varchar(45) NOT NULL,
  `SMS_TEXT` varchar(160) NOT NULL,
  `SMS_DATE_SENT` datetime DEFAULT NULL,
  `SMS_USER` varchar(50) NOT NULL DEFAULT 'admin',
  `SMS_MOD` varchar(45) NOT NULL DEFAULT 'smsmanager',
  `SMS_MOD_ID` varchar(45) DEFAULT NULL,
  PRIMARY KEY (`SMS_ID`)
) ENGINE=InnoDB DEFAULT CHARSET=utf8;
/*!40101 SET character_set_client = @saved_cs_client */;

--
-- Dumping data for table `sms`
--

LOCK TABLES `sms` WRITE;
/*!40000 ALTER TABLE `sms` DISABLE KEYS */;
/*!40000 ALTER TABLE `sms` ENABLE KEYS */;
UNLOCK TABLES;

--
-- Table structure for table `supplier`
--

DROP TABLE IF EXISTS `supplier`;
/*!40101 SET @saved_cs_client     = @@character_set_client */;
/*!40101 SET character_set_client = utf8 */;
CREATE TABLE `supplier` (
  `SUP_ID` int(11) NOT NULL AUTO_INCREMENT,
  `SUP_NAME` varchar(100) NOT NULL,
  `SUP_ADDRESS` varchar(150) DEFAULT NULL,
  `SUP_TAXCODE` varchar(50) DEFAULT NULL,
  `SUP_PHONE` varchar(20) DEFAULT NULL,
  `SUP_FAX` varchar(20) DEFAULT NULL,
  `SUP_EMAIL` varchar(100) DEFAULT NULL,
  `SUP_NOTE` varchar(200) DEFAULT NULL,
  `SUP_DELETED` char(1) DEFAULT 'N',
  `SUP_CREATED_BY` varchar(50) DEFAULT NULL,
  `SUP_CREATED_DATE` datetime DEFAULT NULL,
  `SUP_LAST_MODIFIED_BY` varchar(50) DEFAULT NULL,
  `SUP_LAST_MODIFIED_DATE` datetime DEFAULT NULL,
  `SUP_ACTIVE` tinyint(1) NOT NULL DEFAULT '1',
  PRIMARY KEY (`SUP_ID`)
) ENGINE=InnoDB AUTO_INCREMENT=2 DEFAULT CHARSET=utf8;
/*!40101 SET character_set_client = @saved_cs_client */;

--
-- Dumping data for table `supplier`
--

LOCK TABLES `supplier` WRITE;
/*!40000 ALTER TABLE `supplier` DISABLE KEYS */;
INSERT INTO `supplier` VALUES (1,'JMS',NULL,NULL,NULL,NULL,NULL,NULL,'N',NULL,NULL,NULL,NULL,1);
/*!40000 ALTER TABLE `supplier` ENABLE KEYS */;
UNLOCK TABLES;

--
-- Table structure for table `therapies`
--

DROP TABLE IF EXISTS `therapies`;
/*!40101 SET @saved_cs_client     = @@character_set_client */;
/*!40101 SET character_set_client = utf8 */;
CREATE TABLE `therapies` (
  `THR_ID` int(11) NOT NULL AUTO_INCREMENT,
  `THR_PAT_ID` int(11) NOT NULL,
  `THR_STARTDATE` datetime NOT NULL,
  `THR_ENDDATE` datetime NOT NULL,
  `THR_MDSR_ID` int(11) NOT NULL,
  `THR_QTY` double NOT NULL,
  `THR_UNT_ID` int(11) NOT NULL,
  `THR_FREQINDAY` int(11) NOT NULL,
  `THR_FREQINPRD` int(11) NOT NULL,
  `THR_NOTE` text,
  `THR_NOTIFY` tinyint(1) NOT NULL DEFAULT '0',
  `THR_SMS` tinyint(1) NOT NULL DEFAULT '0',
  `THR_CREATED_BY` varchar(50) DEFAULT NULL,
  `THR_CREATED_DATE` datetime DEFAULT NULL,
  `THR_LAST_MODIFIED_BY` varchar(50) DEFAULT NULL,
  `THR_LAST_MODIFIED_DATE` datetime DEFAULT NULL,
  `THR_ACTIVE` tinyint(1) NOT NULL DEFAULT '1',
  PRIMARY KEY (`THR_ID`),
  KEY `FK_THERAPIES_PATIENT` (`THR_PAT_ID`),
  KEY `FK_THERAPIES_MDSR` (`THR_MDSR_ID`),
  CONSTRAINT `FK_THERAPIES_MDSR` FOREIGN KEY (`THR_MDSR_ID`) REFERENCES `medicaldsr` (`MDSR_ID`) ON DELETE NO ACTION ON UPDATE NO ACTION,
  CONSTRAINT `FK_THERAPIES_PATIENT` FOREIGN KEY (`THR_PAT_ID`) REFERENCES `patient` (`PAT_ID`) ON DELETE CASCADE ON UPDATE CASCADE
) ENGINE=InnoDB DEFAULT CHARSET=utf8;
/*!40101 SET character_set_client = @saved_cs_client */;

--
-- Dumping data for table `therapies`
--

LOCK TABLES `therapies` WRITE;
/*!40000 ALTER TABLE `therapies` DISABLE KEYS */;
/*!40000 ALTER TABLE `therapies` ENABLE KEYS */;
UNLOCK TABLES;

--
-- Table structure for table `user`
--

DROP TABLE IF EXISTS `user`;
/*!40101 SET @saved_cs_client     = @@character_set_client */;
/*!40101 SET character_set_client = utf8 */;
CREATE TABLE `user` (
  `US_ID_A` varchar(50) NOT NULL DEFAULT '',
  `US_UG_ID_A` varchar(50) NOT NULL DEFAULT '',
  `US_PASSWD` varchar(60) NOT NULL DEFAULT '',
  `US_DESC` varchar(128) DEFAULT NULL,
  `US_CREATED_BY` varchar(50) DEFAULT NULL,
  `US_CREATED_DATE` datetime DEFAULT NULL,
  `US_LAST_MODIFIED_BY` varchar(50) DEFAULT NULL,
  `US_LAST_MODIFIED_DATE` datetime DEFAULT NULL,
  `US_ACTIVE` tinyint(1) NOT NULL DEFAULT '1',
  PRIMARY KEY (`US_ID_A`),
  KEY `FK_USER_USERGROUP` (`US_UG_ID_A`),
  CONSTRAINT `FK_USER_USERGROUP` FOREIGN KEY (`US_UG_ID_A`) REFERENCES `usergroup` (`UG_ID_A`) ON DELETE NO ACTION ON UPDATE CASCADE
) ENGINE=InnoDB DEFAULT CHARSET=utf8;
/*!40101 SET character_set_client = @saved_cs_client */;

--
-- Dumping data for table `user`
--

LOCK TABLES `user` WRITE;
/*!40000 ALTER TABLE `user` DISABLE KEYS */;
INSERT INTO `user` VALUES ('admin','admin','$2a$10$FI/PMO0oSHHosF2PX8l3QuB0DJepVfnynbLZ9Zm2711bF2ch8db2S','administrator',NULL,NULL,NULL,NULL,1),('guest','guest','$2a$10$b0WlANdaNV7Ukn/klFGt3.euZ7PaHuJI6TtBSM2vdxkavvkUDbpo2','guest',NULL,NULL,NULL,NULL,1);
/*!40000 ALTER TABLE `user` ENABLE KEYS */;
UNLOCK TABLES;

--
-- Table structure for table `usergroup`
--

DROP TABLE IF EXISTS `usergroup`;
/*!40101 SET @saved_cs_client     = @@character_set_client */;
/*!40101 SET character_set_client = utf8 */;
CREATE TABLE `usergroup` (
  `UG_ID_A` varchar(50) NOT NULL DEFAULT '',
  `UG_DESC` varchar(128) DEFAULT NULL,
  `UG_CREATED_BY` varchar(50) DEFAULT NULL,
  `UG_CREATED_DATE` datetime DEFAULT NULL,
  `UG_LAST_MODIFIED_BY` varchar(50) DEFAULT NULL,
  `UG_LAST_MODIFIED_DATE` datetime DEFAULT NULL,
  `UG_ACTIVE` tinyint(1) NOT NULL DEFAULT '1',
  PRIMARY KEY (`UG_ID_A`)
) ENGINE=InnoDB DEFAULT CHARSET=utf8;
/*!40101 SET character_set_client = @saved_cs_client */;

--
-- Dumping data for table `usergroup`
--

LOCK TABLES `usergroup` WRITE;
/*!40000 ALTER TABLE `usergroup` DISABLE KEYS */;
INSERT INTO `usergroup` VALUES ('admin','USER with all the privileges',NULL,NULL,NULL,NULL,1),('guest','Read Only Users',NULL,NULL,NULL,NULL,1);
/*!40000 ALTER TABLE `usergroup` ENABLE KEYS */;
UNLOCK TABLES;

--
-- Table structure for table `vaccine`
--

DROP TABLE IF EXISTS `vaccine`;
/*!40101 SET @saved_cs_client     = @@character_set_client */;
/*!40101 SET character_set_client = utf8 */;
CREATE TABLE `vaccine` (
  `VAC_ID_A` varchar(10) NOT NULL,
  `VAC_DESC` varchar(50) NOT NULL,
  `VAC_VACT_ID_A` char(1) NOT NULL,
  `VAC_LOCK` int(11) NOT NULL DEFAULT '0',
  `VAC_CREATED_BY` varchar(50) DEFAULT NULL,
  `VAC_CREATED_DATE` datetime DEFAULT NULL,
  `VAC_LAST_MODIFIED_BY` varchar(50) DEFAULT NULL,
  `VAC_LAST_MODIFIED_DATE` datetime DEFAULT NULL,
  `VAC_ACTIVE` tinyint(1) NOT NULL DEFAULT '1',
  PRIMARY KEY (`VAC_ID_A`),
  KEY `FK_VACCINE_VACCINETYPE` (`VAC_VACT_ID_A`),
  CONSTRAINT `FK_VACCINE_VACCINETYPE` FOREIGN KEY (`VAC_VACT_ID_A`) REFERENCES `vaccinetype` (`VACT_ID_A`) ON DELETE NO ACTION ON UPDATE CASCADE
) ENGINE=InnoDB DEFAULT CHARSET=utf8;
/*!40101 SET character_set_client = @saved_cs_client */;

--
-- Dumping data for table `vaccine`
--

LOCK TABLES `vaccine` WRITE;
/*!40000 ALTER TABLE `vaccine` DISABLE KEYS */;
INSERT INTO `vaccine` VALUES ('1','BCG','C',0,NULL,NULL,NULL,NULL,0),('10','TT VACCINE DOSE 1','P',0,NULL,NULL,NULL,NULL,0),('11','TT VACCINE DOSE 2','P',0,NULL,NULL,NULL,NULL,0),('12','TT VACCINE DOSE 3','P',0,NULL,NULL,NULL,NULL,0),('13','TT VACCINE DOSE 4','P',0,NULL,NULL,NULL,NULL,0),('14','TT VACCINE DOSE 5','P',0,NULL,NULL,NULL,NULL,0),('15','TT VACCINE DOSE 2','N',0,NULL,NULL,NULL,NULL,0),('16','TT VACCINE DOSE 3','N',0,NULL,NULL,NULL,NULL,0),('17','TT VACCINE DOSE 4','N',0,NULL,NULL,NULL,NULL,0),('18','TT VACCINE DOSE 5','N',0,NULL,NULL,NULL,NULL,0),('2','POLIO 0 C','C',0,NULL,NULL,NULL,NULL,0),('3','POLIO 1 C','C',0,NULL,NULL,NULL,NULL,0),('4','POLIO 2 C','C',0,NULL,NULL,NULL,NULL,0),('5','POLIO 3 C','C',0,NULL,NULL,NULL,NULL,0),('6','DPT 1 - HepB + Hib 1','C',0,NULL,NULL,NULL,NULL,0),('7','DPT 2 - HepB + Hib 1','C',0,NULL,NULL,NULL,NULL,0),('8','DPT 3 - HepB + Hib 1','C',0,NULL,NULL,NULL,NULL,0),('9','MEASLES','C',0,NULL,NULL,NULL,NULL,0);
/*!40000 ALTER TABLE `vaccine` ENABLE KEYS */;
UNLOCK TABLES;

--
-- Table structure for table `vaccinetype`
--

DROP TABLE IF EXISTS `vaccinetype`;
/*!40101 SET @saved_cs_client     = @@character_set_client */;
/*!40101 SET character_set_client = utf8 */;
CREATE TABLE `vaccinetype` (
  `VACT_ID_A` char(1) NOT NULL,
  `VACT_DESC` varchar(50) NOT NULL,
  `VACT_CREATED_BY` varchar(50) DEFAULT NULL,
  `VACT_CREATED_DATE` datetime DEFAULT NULL,
  `VACT_LAST_MODIFIED_BY` varchar(50) DEFAULT NULL,
  `VACT_LAST_MODIFIED_DATE` datetime DEFAULT NULL,
  `VACT_ACTIVE` tinyint(1) NOT NULL DEFAULT '1',
  PRIMARY KEY (`VACT_ID_A`)
) ENGINE=InnoDB DEFAULT CHARSET=utf8;
/*!40101 SET character_set_client = @saved_cs_client */;

--
-- Dumping data for table `vaccinetype`
--

LOCK TABLES `vaccinetype` WRITE;
/*!40000 ALTER TABLE `vaccinetype` DISABLE KEYS */;
INSERT INTO `vaccinetype` VALUES ('C','Child',NULL,NULL,NULL,NULL,0),('N','No pregnant',NULL,NULL,NULL,NULL,0),('P','Pregnant',NULL,NULL,NULL,NULL,0);
/*!40000 ALTER TABLE `vaccinetype` ENABLE KEYS */;
UNLOCK TABLES;

--
-- Table structure for table `version`
--

DROP TABLE IF EXISTS `version`;
/*!40101 SET @saved_cs_client     = @@character_set_client */;
/*!40101 SET character_set_client = utf8 */;
CREATE TABLE `version` (
  `VER_MAJOR` int(11) NOT NULL,
  `VER_MINOR` int(11) NOT NULL,
  `VER_SOURCE` longblob,
  `VER_DATE` datetime NOT NULL,
  `VER_CURRENT` char(1) NOT NULL DEFAULT 'N',
  PRIMARY KEY (`VER_MAJOR`,`VER_MINOR`)
) ENGINE=MyISAM DEFAULT CHARSET=utf8;
/*!40101 SET character_set_client = @saved_cs_client */;

--
-- Dumping data for table `version`
--

LOCK TABLES `version` WRITE;
/*!40000 ALTER TABLE `version` DISABLE KEYS */;
/*!40000 ALTER TABLE `version` ENABLE KEYS */;
UNLOCK TABLES;

--
-- Table structure for table `visits`
--

DROP TABLE IF EXISTS `visits`;
/*!40101 SET @saved_cs_client     = @@character_set_client */;
/*!40101 SET character_set_client = utf8 */;
CREATE TABLE `visits` (
  `VST_ID` int(11) NOT NULL AUTO_INCREMENT,
  `VST_PAT_ID` int(11) NOT NULL,
  `VST_DATE` datetime NOT NULL,
  `VST_NOTE` text,
  `VST_SMS` tinyint(1) DEFAULT '0',
  `VST_CREATED_BY` varchar(50) DEFAULT NULL,
  `VST_CREATED_DATE` datetime DEFAULT NULL,
  `VST_LAST_MODIFIED_BY` varchar(50) DEFAULT NULL,
  `VST_LAST_MODIFIED_DATE` datetime DEFAULT NULL,
  `VST_ACTIVE` tinyint(1) NOT NULL DEFAULT '1',
  `VST_WRD_ID_A` char(1) DEFAULT NULL,
  `VST_DURATION` int(11) DEFAULT NULL,
  `VST_SERVICE` varchar(45) DEFAULT NULL,
  PRIMARY KEY (`VST_ID`),
  KEY `FK_VISITS_PATIENT` (`VST_PAT_ID`),
  KEY `FK_VISITS_WARD` (`VST_WRD_ID_A`),
  CONSTRAINT `FK_VISITS_PATIENT` FOREIGN KEY (`VST_PAT_ID`) REFERENCES `patient` (`PAT_ID`) ON DELETE CASCADE ON UPDATE CASCADE,
  CONSTRAINT `FK_VISITS_WARD` FOREIGN KEY (`VST_WRD_ID_A`) REFERENCES `ward` (`WRD_ID_A`) ON DELETE NO ACTION ON UPDATE NO ACTION
) ENGINE=InnoDB DEFAULT CHARSET=utf8;
/*!40101 SET character_set_client = @saved_cs_client */;

--
-- Dumping data for table `visits`
--

LOCK TABLES `visits` WRITE;
/*!40000 ALTER TABLE `visits` DISABLE KEYS */;
/*!40000 ALTER TABLE `visits` ENABLE KEYS */;
UNLOCK TABLES;

--
-- Table structure for table `ward`
--

DROP TABLE IF EXISTS `ward`;
/*!40101 SET @saved_cs_client     = @@character_set_client */;
/*!40101 SET character_set_client = utf8 */;
CREATE TABLE `ward` (
  `WRD_ID_A` char(1) NOT NULL,
  `WRD_NAME` varchar(50) NOT NULL,
  `WRD_TELE` varchar(50) DEFAULT NULL,
  `WRD_FAX` varchar(50) DEFAULT NULL,
  `WRD_EMAIL` varchar(50) DEFAULT NULL,
  `WRD_NBEDS` int(11) NOT NULL,
  `WRD_NQUA_NURS` int(11) NOT NULL,
  `WRD_NDOC` int(11) NOT NULL,
  `WRD_IS_PHARMACY` tinyint(1) NOT NULL DEFAULT '1',
  `WRD_IS_MALE` tinyint(1) NOT NULL DEFAULT '1',
  `WRD_IS_FEMALE` tinyint(1) NOT NULL DEFAULT '1',
  `WRD_LOCK` int(11) NOT NULL DEFAULT '0',
  `WRD_CREATED_BY` varchar(50) DEFAULT NULL,
  `WRD_CREATED_DATE` datetime DEFAULT NULL,
  `WRD_LAST_MODIFIED_BY` varchar(50) DEFAULT NULL,
  `WRD_LAST_MODIFIED_DATE` datetime DEFAULT NULL,
  `WRD_ACTIVE` tinyint(1) NOT NULL DEFAULT '1',
  PRIMARY KEY (`WRD_ID_A`)
) ENGINE=InnoDB DEFAULT CHARSET=utf8;
/*!40101 SET character_set_client = @saved_cs_client */;

--
-- Dumping data for table `ward`
--

LOCK TABLES `ward` WRITE;
/*!40000 ALTER TABLE `ward` DISABLE KEYS */;
INSERT INTO `ward` VALUES ('C','CHILDREN WARD','219','','',35,18,1,1,1,1,2,NULL,NULL,NULL,NULL,1),('F','FEMALE WARD','218','','',41,15,1,1,1,1,2,NULL,NULL,NULL,NULL,1),('I','MALE WARD','210','','',53,14,1,1,1,1,1,NULL,NULL,NULL,NULL,1),('M','MATERNITY WARD','211','','',67,19,1,1,0,1,1,NULL,NULL,NULL,NULL,1);
/*!40000 ALTER TABLE `ward` ENABLE KEYS */;
UNLOCK TABLES;
/*!40103 SET TIME_ZONE=@OLD_TIME_ZONE */;

/*!40101 SET SQL_MODE=@OLD_SQL_MODE */;
/*!40014 SET FOREIGN_KEY_CHECKS=@OLD_FOREIGN_KEY_CHECKS */;
/*!40014 SET UNIQUE_CHECKS=@OLD_UNIQUE_CHECKS */;
/*!40101 SET CHARACTER_SET_CLIENT=@OLD_CHARACTER_SET_CLIENT */;
/*!40101 SET CHARACTER_SET_RESULTS=@OLD_CHARACTER_SET_RESULTS */;
/*!40101 SET COLLATION_CONNECTION=@OLD_COLLATION_CONNECTION */;
/*!40111 SET SQL_NOTES=@OLD_SQL_NOTES */;

-- Dump completed on 2020-11-13  1:14:16
