-- MySQL dump 10.13  Distrib 5.7.30, for linux-glibc2.12 (x86_64)
--
-- Host: 127.0.0.1    Database: oh
-- ------------------------------------------------------
-- Server version	5.7.30

/*!40101 SET @OLD_CHARACTER_SET_CLIENT=@@CHARACTER_SET_CLIENT */;
/*!40101 SET @OLD_CHARACTER_SET_RESULTS=@@CHARACTER_SET_RESULTS */;
/*!40101 SET @OLD_COLLATION_CONNECTION=@@COLLATION_CONNECTION */;
/*!40101 SET NAMES utf8 */;
/*!40103 SET @OLD_TIME_ZONE=@@TIME_ZONE */;
/*!40103 SET TIME_ZONE='+00:00' */;
/*!40014 SET @OLD_UNIQUE_CHECKS=@@UNIQUE_CHECKS, UNIQUE_CHECKS=0 */;
/*!40014 SET @OLD_FOREIGN_KEY_CHECKS=@@FOREIGN_KEY_CHECKS, FOREIGN_KEY_CHECKS=0 */;
/*!40101 SET @OLD_SQL_MODE=@@SQL_MODE, SQL_MODE='NO_AUTO_VALUE_ON_ZERO' */;
/*!40111 SET @OLD_SQL_NOTES=@@SQL_NOTES, SQL_NOTES=0 */;

--
-- Table structure for table `admission`
--

DROP TABLE IF EXISTS `admission`;
/*!40101 SET @saved_cs_client     = @@character_set_client */;
/*!40101 SET character_set_client = utf8 */;
CREATE TABLE `admission` (
  `ADM_ID` int(11) NOT NULL AUTO_INCREMENT,
  `ADM_IN` int(11) NOT NULL DEFAULT '0',
  `ADM_TYPE` char(1) NOT NULL DEFAULT 'N',
  `ADM_WRD_ID_A` char(1) NOT NULL DEFAULT '',
  `ADM_YPROG` int(11) NOT NULL DEFAULT '0',
  `ADM_PAT_ID` int(11) NOT NULL DEFAULT '0',
  `ADM_DATE_ADM` datetime NOT NULL,
  `ADM_ADMT_ID_A_ADM` varchar(10) NOT NULL DEFAULT '',
  `ADM_FHU` varchar(50) DEFAULT NULL,
  `ADM_IN_DIS_ID_A` varchar(10) DEFAULT NULL,
  `ADM_OUT_DIS_ID_A` varchar(10) DEFAULT NULL,
  `ADM_OUT_DIS_ID_A_2` varchar(10) DEFAULT NULL,
  `ADM_OUT_DIS_ID_A_3` varchar(10) DEFAULT NULL,
  `ADM_OPE_ID_A` varchar(10) DEFAULT NULL,
  `ADM_DATE_OP` datetime DEFAULT NULL,
  `ADM_RESOP` varchar(10) DEFAULT NULL,
  `ADM_DATE_DIS` datetime DEFAULT NULL,
  `ADM_DIST_ID_A` varchar(10) DEFAULT NULL,
  `ADM_NOTE` text,
  `ADM_TRANS` float DEFAULT '0',
  `ADM_PRG_DATE_VIS` datetime DEFAULT NULL,
  `ADM_PRG_PTT_ID_A` varchar(10) DEFAULT NULL,
  `ADM_PRG_DATE_DEL` datetime DEFAULT NULL,
  `ADM_PRG_DLT_ID_A` char(1) DEFAULT NULL,
  `ADM_PRG_DRT_ID_A` char(1) DEFAULT NULL,
  `ADM_PRG_WEIGHT` float DEFAULT NULL,
  `ADM_PRG_DATE_CTRL1` datetime DEFAULT NULL,
  `ADM_PRG_DATE_CTRL2` datetime DEFAULT NULL,
  `ADM_PRG_DATE_ABORT` datetime DEFAULT NULL,
  `ADM_USR_ID_A` varchar(50) NOT NULL DEFAULT 'admin',
  `ADM_LOCK` int(11) NOT NULL DEFAULT '0',
  `ADM_DELETED` char(1) NOT NULL DEFAULT 'N',
  `ADM_CREATED_BY` varchar(50) DEFAULT NULL,
  `ADM_CREATED_DATE` datetime DEFAULT NULL,
  `ADM_LAST_MODIFIED_BY` varchar(50) DEFAULT NULL,
  `ADM_LAST_MODIFIED_DATE` datetime DEFAULT NULL,
  `ADM_ACTIVE` tinyint(1) NOT NULL DEFAULT '1',
  PRIMARY KEY (`ADM_ID`),
  KEY `FK_ADMISSION_DISCHARGETYPE` (`ADM_DIST_ID_A`),
  KEY `FK_ADMISSION_DELIVERYTYPE` (`ADM_PRG_DLT_ID_A`),
  KEY `FK_ADMISSION_DELIVERYRESULTTYPE` (`ADM_PRG_DRT_ID_A`),
  KEY `FK_ADMISSION_ADMISSIONTYPE` (`ADM_ADMT_ID_A_ADM`),
  KEY `FK_ADMISSION_OPERATION` (`ADM_OPE_ID_A`),
  KEY `FK_ADMISSION_WARD` (`ADM_WRD_ID_A`),
  KEY `FK_ADMISSION_PREGNANTTREATMENTTYPE` (`ADM_PRG_PTT_ID_A`),
  KEY `FK_ADMISSION_IN_DISEASE` (`ADM_IN_DIS_ID_A`),
  KEY `FK_ADMISSION_OUT_DISEASE1` (`ADM_OUT_DIS_ID_A`),
  KEY `FK_ADMISSION_OUT_DISEASE2` (`ADM_OUT_DIS_ID_A_2`),
  KEY `FK_ADMISSION_OUT_DISEASE3` (`ADM_OUT_DIS_ID_A_3`),
  KEY `FK_ADMISSION_PATIENT` (`ADM_PAT_ID`),
  CONSTRAINT `FK_ADMISSION_ADMISSIONTYPE` FOREIGN KEY (`ADM_ADMT_ID_A_ADM`) REFERENCES `admissiontype` (`ADMT_ID_A`) ON DELETE NO ACTION ON UPDATE NO ACTION,
  CONSTRAINT `FK_ADMISSION_DELIVERYRESULTTYPE` FOREIGN KEY (`ADM_PRG_DRT_ID_A`) REFERENCES `deliveryresulttype` (`DRT_ID_A`) ON DELETE NO ACTION ON UPDATE NO ACTION,
  CONSTRAINT `FK_ADMISSION_DELIVERYTYPE` FOREIGN KEY (`ADM_PRG_DLT_ID_A`) REFERENCES `deliverytype` (`DLT_ID_A`) ON DELETE NO ACTION ON UPDATE NO ACTION,
  CONSTRAINT `FK_ADMISSION_DISCHARGETYPE` FOREIGN KEY (`ADM_DIST_ID_A`) REFERENCES `dischargetype` (`DIST_ID_A`) ON DELETE NO ACTION ON UPDATE NO ACTION,
  CONSTRAINT `FK_ADMISSION_IN_DISEASE` FOREIGN KEY (`ADM_IN_DIS_ID_A`) REFERENCES `disease` (`DIS_ID_A`) ON DELETE NO ACTION ON UPDATE NO ACTION,
  CONSTRAINT `FK_ADMISSION_OPERATION` FOREIGN KEY (`ADM_OPE_ID_A`) REFERENCES `operation` (`OPE_ID_A`) ON DELETE NO ACTION ON UPDATE NO ACTION,
  CONSTRAINT `FK_ADMISSION_OUT_DISEASE1` FOREIGN KEY (`ADM_OUT_DIS_ID_A`) REFERENCES `disease` (`DIS_ID_A`) ON DELETE NO ACTION ON UPDATE NO ACTION,
  CONSTRAINT `FK_ADMISSION_OUT_DISEASE2` FOREIGN KEY (`ADM_OUT_DIS_ID_A_2`) REFERENCES `disease` (`DIS_ID_A`) ON DELETE NO ACTION ON UPDATE NO ACTION,
  CONSTRAINT `FK_ADMISSION_OUT_DISEASE3` FOREIGN KEY (`ADM_OUT_DIS_ID_A_3`) REFERENCES `disease` (`DIS_ID_A`) ON DELETE NO ACTION ON UPDATE NO ACTION,
  CONSTRAINT `FK_ADMISSION_PATIENT` FOREIGN KEY (`ADM_PAT_ID`) REFERENCES `patient` (`PAT_ID`) ON DELETE CASCADE ON UPDATE CASCADE,
  CONSTRAINT `FK_ADMISSION_PREGNANTTREATMENTTYPE` FOREIGN KEY (`ADM_PRG_PTT_ID_A`) REFERENCES `pregnanttreatmenttype` (`PTT_ID_A`) ON DELETE NO ACTION ON UPDATE NO ACTION,
  CONSTRAINT `FK_ADMISSION_WARD` FOREIGN KEY (`ADM_WRD_ID_A`) REFERENCES `ward` (`WRD_ID_A`) ON DELETE NO ACTION ON UPDATE NO ACTION
) ENGINE=InnoDB DEFAULT CHARSET=utf8;
/*!40101 SET character_set_client = @saved_cs_client */;

--
-- Dumping data for table `admission`
--

LOCK TABLES `admission` WRITE;
/*!40000 ALTER TABLE `admission` DISABLE KEYS */;
/*!40000 ALTER TABLE `admission` ENABLE KEYS */;
UNLOCK TABLES;

--
-- Table structure for table `admissiontype`
--

DROP TABLE IF EXISTS `admissiontype`;
/*!40101 SET @saved_cs_client     = @@character_set_client */;
/*!40101 SET character_set_client = utf8 */;
CREATE TABLE `admissiontype` (
  `ADMT_ID_A` varchar(10) NOT NULL,
  `ADMT_DESC` varchar(50) NOT NULL,
  `ADMT_CREATED_BY` varchar(50) DEFAULT NULL,
  `ADMT_CREATED_DATE` datetime DEFAULT NULL,
  `ADMT_LAST_MODIFIED_BY` varchar(50) DEFAULT NULL,
  `ADMT_LAST_MODIFIED_DATE` datetime DEFAULT NULL,
  `ADMT_ACTIVE` tinyint(1) NOT NULL DEFAULT '1',
  PRIMARY KEY (`ADMT_ID_A`)
) ENGINE=InnoDB DEFAULT CHARSET=utf8;
/*!40101 SET character_set_client = @saved_cs_client */;

--
-- Dumping data for table `admissiontype`
--

LOCK TABLES `admissiontype` WRITE;
/*!40000 ALTER TABLE `admissiontype` DISABLE KEYS */;
INSERT INTO `admissiontype` VALUES ('A','AMBULÂNCIA',NULL,NULL,NULL,NULL,1),('I','ESPONTÂNEO',NULL,NULL,NULL,NULL,1),('R','INDICADO',NULL,NULL,NULL,NULL,1);
/*!40000 ALTER TABLE `admissiontype` ENABLE KEYS */;
UNLOCK TABLES;

--
-- Table structure for table `agetype`
--

DROP TABLE IF EXISTS `agetype`;
/*!40101 SET @saved_cs_client     = @@character_set_client */;
/*!40101 SET character_set_client = utf8 */;
CREATE TABLE `agetype` (
  `AT_CODE` varchar(4) NOT NULL DEFAULT '',
  `AT_FROM` int(11) NOT NULL DEFAULT '0',
  `AT_TO` int(11) NOT NULL DEFAULT '0',
  `AT_DESC` varchar(100) CHARACTER SET utf8 COLLATE utf8_unicode_ci NOT NULL DEFAULT '',
  `AT_CREATED_BY` varchar(50) DEFAULT NULL,
  `AT_CREATED_DATE` datetime DEFAULT NULL,
  `AT_LAST_MODIFIED_BY` varchar(50) DEFAULT NULL,
  `AT_LAST_MODIFIED_DATE` datetime DEFAULT NULL,
  `AT_ACTIVE` tinyint(1) NOT NULL DEFAULT '1',
  PRIMARY KEY (`AT_CODE`)
) ENGINE=MyISAM DEFAULT CHARSET=utf8;
/*!40101 SET character_set_client = @saved_cs_client */;

--
-- Dumping data for table `agetype`
--

LOCK TABLES `agetype` WRITE;
/*!40000 ALTER TABLE `agetype` DISABLE KEYS */;
INSERT INTO `agetype` VALUES ('d0',0,0,'angal.agetype.newborn',NULL,NULL,NULL,NULL,1),('d1',1,5,'angal.agetype.earlychildhood',NULL,NULL,NULL,NULL,1),('d2',6,12,'angal.agetype.latechildhood',NULL,NULL,NULL,NULL,1),('d3',13,24,'angal.agetype.adolescents',NULL,NULL,NULL,NULL,1),('d4',25,59,'angal.agetype.adult',NULL,NULL,NULL,NULL,1),('d5',60,99,'angal.agetype.elderly',NULL,NULL,NULL,NULL,1);
/*!40000 ALTER TABLE `agetype` ENABLE KEYS */;
UNLOCK TABLES;

--
-- Table structure for table `billitems`
--

DROP TABLE IF EXISTS `billitems`;
/*!40101 SET @saved_cs_client     = @@character_set_client */;
/*!40101 SET character_set_client = utf8 */;
CREATE TABLE `billitems` (
  `BLI_ID` int(11) NOT NULL AUTO_INCREMENT,
  `BLI_ID_BILL` int(11) DEFAULT NULL,
  `BLI_IS_PRICE` tinyint(1) NOT NULL,
  `BLI_ID_PRICE` varchar(10) DEFAULT NULL,
  `BLI_ITEM_DESC` varchar(100) DEFAULT NULL,
  `BLI_ITEM_AMOUNT` double NOT NULL,
  `BLI_QTY` int(11) NOT NULL,
  `BLI_CREATED_BY` varchar(50) DEFAULT NULL,
  `BLI_CREATED_DATE` datetime DEFAULT NULL,
  `BLI_LAST_MODIFIED_BY` varchar(50) DEFAULT NULL,
  `BLI_LAST_MODIFIED_DATE` datetime DEFAULT NULL,
  `BLI_ACTIVE` tinyint(1) NOT NULL DEFAULT '1',
  PRIMARY KEY (`BLI_ID`),
  KEY `FK_BILLITEMS_BILLS` (`BLI_ID_BILL`),
  CONSTRAINT `FK_BILLITEMS_BILLS` FOREIGN KEY (`BLI_ID_BILL`) REFERENCES `bills` (`BLL_ID`) ON DELETE CASCADE ON UPDATE CASCADE
) ENGINE=InnoDB DEFAULT CHARSET=utf8;
/*!40101 SET character_set_client = @saved_cs_client */;

--
-- Dumping data for table `billitems`
--

LOCK TABLES `billitems` WRITE;
/*!40000 ALTER TABLE `billitems` DISABLE KEYS */;
/*!40000 ALTER TABLE `billitems` ENABLE KEYS */;
UNLOCK TABLES;

--
-- Table structure for table `billpayments`
--

DROP TABLE IF EXISTS `billpayments`;
/*!40101 SET @saved_cs_client     = @@character_set_client */;
/*!40101 SET character_set_client = utf8 */;
CREATE TABLE `billpayments` (
  `BLP_ID` int(11) NOT NULL AUTO_INCREMENT,
  `BLP_ID_BILL` int(11) DEFAULT NULL,
  `BLP_DATE` datetime NOT NULL,
  `BLP_AMOUNT` double NOT NULL,
  `BLP_USR_ID_A` varchar(50) NOT NULL DEFAULT 'admin',
  `BLP_CREATED_BY` varchar(50) DEFAULT NULL,
  `BLP_CREATED_DATE` datetime DEFAULT NULL,
  `BLP_LAST_MODIFIED_BY` varchar(50) DEFAULT NULL,
  `BLP_LAST_MODIFIED_DATE` datetime DEFAULT NULL,
  `BLP_ACTIVE` tinyint(1) NOT NULL DEFAULT '1',
  PRIMARY KEY (`BLP_ID`),
  KEY `FK_BILLPAYMENTS_BILLS` (`BLP_ID_BILL`),
  CONSTRAINT `FK_BILLPAYMENTS_BILLS` FOREIGN KEY (`BLP_ID_BILL`) REFERENCES `bills` (`BLL_ID`) ON DELETE CASCADE ON UPDATE CASCADE
) ENGINE=InnoDB DEFAULT CHARSET=utf8;
/*!40101 SET character_set_client = @saved_cs_client */;

--
-- Dumping data for table `billpayments`
--

LOCK TABLES `billpayments` WRITE;
/*!40000 ALTER TABLE `billpayments` DISABLE KEYS */;
/*!40000 ALTER TABLE `billpayments` ENABLE KEYS */;
UNLOCK TABLES;

--
-- Table structure for table `bills`
--

DROP TABLE IF EXISTS `bills`;
/*!40101 SET @saved_cs_client     = @@character_set_client */;
/*!40101 SET character_set_client = utf8 */;
CREATE TABLE `bills` (
  `BLL_ID` int(11) NOT NULL AUTO_INCREMENT,
  `BLL_DATE` datetime NOT NULL,
  `BLL_UPDATE` datetime NOT NULL,
  `BLL_IS_LST` tinyint(1) NOT NULL,
  `BLL_ID_LST` int(11) DEFAULT NULL,
  `BLL_LST_NAME` varchar(50) DEFAULT NULL,
  `BLL_IS_PAT` tinyint(1) NOT NULL,
  `BLL_ID_PAT` int(11) DEFAULT NULL,
  `BLL_PAT_NAME` varchar(100) DEFAULT NULL,
  `BLL_STATUS` varchar(1) DEFAULT NULL,
  `BLL_AMOUNT` double DEFAULT NULL,
  `BLL_BALANCE` double DEFAULT NULL,
  `BLL_USR_ID_A` varchar(50) NOT NULL DEFAULT 'admin',
  `BLL_CREATED_BY` varchar(50) DEFAULT NULL,
  `BLL_CREATED_DATE` datetime DEFAULT NULL,
  `BLL_LAST_MODIFIED_BY` varchar(50) DEFAULT NULL,
  `BLL_LAST_MODIFIED_DATE` datetime DEFAULT NULL,
  `BLL_ACTIVE` tinyint(1) NOT NULL DEFAULT '1',
  PRIMARY KEY (`BLL_ID`),
  KEY `FK_BILLS_PATIENT` (`BLL_ID_PAT`),
  KEY `FK_BILLS_PRICELISTS` (`BLL_ID_LST`),
  CONSTRAINT `FK_BILLS_PATIENT` FOREIGN KEY (`BLL_ID_PAT`) REFERENCES `patient` (`PAT_ID`) ON DELETE CASCADE ON UPDATE CASCADE,
  CONSTRAINT `FK_BILLS_PRICELISTS` FOREIGN KEY (`BLL_ID_LST`) REFERENCES `pricelists` (`LST_ID`) ON DELETE NO ACTION ON UPDATE NO ACTION
) ENGINE=InnoDB DEFAULT CHARSET=utf8;
/*!40101 SET character_set_client = @saved_cs_client */;

--
-- Dumping data for table `bills`
--

LOCK TABLES `bills` WRITE;
/*!40000 ALTER TABLE `bills` DISABLE KEYS */;
/*!40000 ALTER TABLE `bills` ENABLE KEYS */;
UNLOCK TABLES;

--
-- Table structure for table `deliveryresulttype`
--

DROP TABLE IF EXISTS `deliveryresulttype`;
/*!40101 SET @saved_cs_client     = @@character_set_client */;
/*!40101 SET character_set_client = utf8 */;
CREATE TABLE `deliveryresulttype` (
  `DRT_ID_A` char(1) NOT NULL,
  `DRT_DESC` varchar(50) NOT NULL,
  `DRT_CREATED_BY` varchar(50) DEFAULT NULL,
  `DRT_CREATED_DATE` datetime DEFAULT NULL,
  `DRT_LAST_MODIFIED_BY` varchar(50) DEFAULT NULL,
  `DRT_LAST_MODIFIED_DATE` datetime DEFAULT NULL,
  `DRT_ACTIVE` tinyint(1) NOT NULL DEFAULT '1',
  PRIMARY KEY (`DRT_ID_A`)
) ENGINE=InnoDB DEFAULT CHARSET=utf8;
/*!40101 SET character_set_client = @saved_cs_client */;

--
-- Dumping data for table `deliveryresulttype`
--

LOCK TABLES `deliveryresulttype` WRITE;
/*!40000 ALTER TABLE `deliveryresulttype` DISABLE KEYS */;
INSERT INTO `deliveryresulttype` VALUES ('A','NASCIMENTO DE LIVE',NULL,NULL,NULL,NULL,1),('B','NATIMORTO MACERADO',NULL,NULL,NULL,NULL,1),('M','MORTE MATERNA',NULL,NULL,NULL,NULL,1),('N','MORTE DE RECÉM-NASCIDO',NULL,NULL,NULL,NULL,1),('S','NASCIMENTO AINDA FRESCO',NULL,NULL,NULL,NULL,1);
/*!40000 ALTER TABLE `deliveryresulttype` ENABLE KEYS */;
UNLOCK TABLES;

--
-- Table structure for table `deliverytype`
--

DROP TABLE IF EXISTS `deliverytype`;
/*!40101 SET @saved_cs_client     = @@character_set_client */;
/*!40101 SET character_set_client = utf8 */;
CREATE TABLE `deliverytype` (
  `DLT_ID_A` char(1) NOT NULL,
  `DLT_DESC` varchar(50) NOT NULL,
  `DLT_CREATED_BY` varchar(50) DEFAULT NULL,
  `DLT_CREATED_DATE` datetime DEFAULT NULL,
  `DLT_LAST_MODIFIED_BY` varchar(50) DEFAULT NULL,
  `DLT_LAST_MODIFIED_DATE` datetime DEFAULT NULL,
  `DLT_ACTIVE` tinyint(1) NOT NULL DEFAULT '1',
  PRIMARY KEY (`DLT_ID_A`)
) ENGINE=InnoDB DEFAULT CHARSET=utf8;
/*!40101 SET character_set_client = @saved_cs_client */;

--
-- Dumping data for table `deliverytype`
--

LOCK TABLES `deliverytype` WRITE;
/*!40000 ALTER TABLE `deliverytype` DISABLE KEYS */;
INSERT INTO `deliverytype` VALUES ('C','ENTREGA ASSISTIDA POR SECÇÃO CESARIANA',NULL,NULL,NULL,NULL,1),('N','ENTREGA NORMAL',NULL,NULL,NULL,NULL,1),('V','ENTREGA ASSISTIDA POR VÁCUO EXTRAÇÃO',NULL,NULL,NULL,NULL,1);
/*!40000 ALTER TABLE `deliverytype` ENABLE KEYS */;
UNLOCK TABLES;

--
-- Table structure for table `dicom`
--

DROP TABLE IF EXISTS `dicom`;
/*!40101 SET @saved_cs_client     = @@character_set_client */;
/*!40101 SET character_set_client = utf8 */;
CREATE TABLE `dicom` (
  `DM_PAT_ID` int(11) NOT NULL,
  `DM_DATA` longblob,
  `DM_FILE_ID` bigint(20) NOT NULL AUTO_INCREMENT,
  `DM_FILE_NOME` varchar(255) NOT NULL,
  `DM_FILE_ACCESSION_NUMBER` varchar(255) DEFAULT NULL,
  `DM_FILE_INSTITUTION_NAME` varchar(255) DEFAULT NULL,
  `DM_FILE_PAT_UID` varchar(255) DEFAULT NULL,
  `DM_FILE_PAT_NAME` varchar(255) DEFAULT NULL,
  `DM_FILE_PAT_ADDR` varchar(255) DEFAULT NULL,
  `DM_FILE_PAT_AGE` varchar(255) DEFAULT NULL,
  `DM_FILE_PAT_SEX` varchar(255) DEFAULT NULL,
  `DM_FILE_PAT_BIRTHDATE` varchar(255) DEFAULT NULL,
  `DM_FILE_ST_UID` varchar(255) NOT NULL,
  `DM_FILE_ST_DATE` datetime DEFAULT NULL,
  `DM_FILE_ST_DESCR` varchar(255) DEFAULT NULL,
  `DM_FILE_SER_UID` varchar(255) NOT NULL,
  `DM_FILE_SER_INST_UID` varchar(255) NOT NULL,
  `DM_FILE_SER_NUMBER` varchar(255) DEFAULT NULL,
  `DM_FILE_SER_DESC_COD_SEQ` varchar(255) DEFAULT NULL,
  `DM_FILE_SER_DATE` datetime DEFAULT NULL,
  `DM_FILE_SER_DESC` varchar(255) DEFAULT NULL,
  `DM_FILE_INST_UID` varchar(255) NOT NULL,
  `DM_FILE_MODALIITY` varchar(255) DEFAULT NULL,
  `DM_THUMBNAIL` blob,
  `DM_DCMT_ID` varchar(3) DEFAULT NULL,
  `DM_CREATED_BY` varchar(50) DEFAULT NULL,
  `DM_CREATED_DATE` datetime DEFAULT NULL,
  `DM_LAST_MODIFIED_BY` varchar(50) DEFAULT NULL,
  `DM_LAST_MODIFIED_DATE` datetime DEFAULT NULL,
  `DM_ACTIVE` tinyint(1) NOT NULL DEFAULT '1',
  PRIMARY KEY (`DM_FILE_ID`),
  KEY `FK_DICOM_DICOMTYPE_idx` (`DM_DCMT_ID`),
  CONSTRAINT `FK_DICOM_DICOMTYPE` FOREIGN KEY (`DM_DCMT_ID`) REFERENCES `dicomtype` (`DCMT_ID`) ON DELETE NO ACTION ON UPDATE NO ACTION
) ENGINE=InnoDB DEFAULT CHARSET=utf8;
/*!40101 SET character_set_client = @saved_cs_client */;

--
-- Dumping data for table `dicom`
--

LOCK TABLES `dicom` WRITE;
/*!40000 ALTER TABLE `dicom` DISABLE KEYS */;
/*!40000 ALTER TABLE `dicom` ENABLE KEYS */;
UNLOCK TABLES;

--
-- Table structure for table `dicomtype`
--

DROP TABLE IF EXISTS `dicomtype`;
/*!40101 SET @saved_cs_client     = @@character_set_client */;
/*!40101 SET character_set_client = utf8 */;
CREATE TABLE `dicomtype` (
  `DCMT_ID` varchar(3) NOT NULL,
  `DCMT_DESC` varchar(50) NOT NULL,
  PRIMARY KEY (`DCMT_ID`)
) ENGINE=InnoDB DEFAULT CHARSET=utf8;
/*!40101 SET character_set_client = @saved_cs_client */;

--
-- Dumping data for table `dicomtype`
--

LOCK TABLES `dicomtype` WRITE;
/*!40000 ALTER TABLE `dicomtype` DISABLE KEYS */;
/*!40000 ALTER TABLE `dicomtype` ENABLE KEYS */;
UNLOCK TABLES;

--
-- Table structure for table `dischargetype`
--

DROP TABLE IF EXISTS `dischargetype`;
/*!40101 SET @saved_cs_client     = @@character_set_client */;
/*!40101 SET character_set_client = utf8 */;
CREATE TABLE `dischargetype` (
  `DIST_ID_A` varchar(10) NOT NULL,
  `DIST_DESC` varchar(50) NOT NULL,
  `DIST_CREATED_BY` varchar(50) DEFAULT NULL,
  `DIST_CREATED_DATE` datetime DEFAULT NULL,
  `DIST_LAST_MODIFIED_BY` varchar(50) DEFAULT NULL,
  `DIST_LAST_MODIFIED_DATE` datetime DEFAULT NULL,
  `DIST_ACTIVE` tinyint(1) NOT NULL DEFAULT '1',
  PRIMARY KEY (`DIST_ID_A`)
) ENGINE=InnoDB DEFAULT CHARSET=utf8;
/*!40101 SET character_set_client = @saved_cs_client */;

--
-- Dumping data for table `dischargetype`
--

LOCK TABLES `dischargetype` WRITE;
/*!40000 ALTER TABLE `dischargetype` DISABLE KEYS */;
INSERT INTO `dischargetype` VALUES ('B','QUE SE REFERE',NULL,NULL,NULL,NULL,1),('D','MORTOS',NULL,NULL,NULL,NULL,1),('EQ','APURAMENTO NORMAL',NULL,NULL,NULL,NULL,1),('ES','FUGA',NULL,NULL,NULL,NULL,1);
/*!40000 ALTER TABLE `dischargetype` ENABLE KEYS */;
UNLOCK TABLES;

--
-- Table structure for table `disease`
--

DROP TABLE IF EXISTS `disease`;
/*!40101 SET @saved_cs_client     = @@character_set_client */;
/*!40101 SET character_set_client = utf8 */;
CREATE TABLE `disease` (
  `DIS_ID_A` varchar(10) NOT NULL,
  `DIS_DESC` varchar(160) NOT NULL,
  `DIS_DCL_ID_A` char(2) NOT NULL,
  `DIS_LOCK` int(11) NOT NULL DEFAULT '0',
  `DIS_OPD_INCLUDE` int(11) NOT NULL DEFAULT '0',
  `DIS_IPD_IN_INCLUDE` int(11) NOT NULL DEFAULT '0',
  `DIS_IPD_OUT_INCLUDE` int(11) NOT NULL DEFAULT '0',
  `DIS_CREATED_BY` varchar(50) DEFAULT NULL,
  `DIS_CREATED_DATE` datetime DEFAULT NULL,
  `DIS_LAST_MODIFIED_BY` varchar(50) DEFAULT NULL,
  `DIS_LAST_MODIFIED_DATE` datetime DEFAULT NULL,
  `DIS_ACTIVE` tinyint(1) NOT NULL DEFAULT '1',
  PRIMARY KEY (`DIS_ID_A`),
  KEY `FK_DISEASE_DISEASETYPE` (`DIS_DCL_ID_A`),
  CONSTRAINT `FK_DISEASE_DISEASETYPE` FOREIGN KEY (`DIS_DCL_ID_A`) REFERENCES `diseasetype` (`DCL_ID_A`) ON DELETE NO ACTION ON UPDATE CASCADE
) ENGINE=InnoDB DEFAULT CHARSET=utf8;
/*!40101 SET character_set_client = @saved_cs_client */;

--
-- Dumping data for table `disease`
--

LOCK TABLES `disease` WRITE;
/*!40000 ALTER TABLE `disease` DISABLE KEYS */;
INSERT INTO `disease` VALUES ('1','Paralisia flácida aguda','ND',0,1,1,1,NULL,NULL,NULL,NULL,1),('10','Febre de Haemorragic','ND',0,1,1,1,NULL,NULL,NULL,NULL,1),('100','Outras neoplasias malignas','NC',0,1,1,1,NULL,NULL,NULL,NULL,1),('101','Úlceras curáveis','NC',0,1,1,1,NULL,NULL,NULL,NULL,1),('102','Eventos cérebro-vasculares','NC',0,1,1,1,NULL,NULL,NULL,NULL,1),('103','Parada cardíaca','NC',0,1,1,1,NULL,NULL,NULL,NULL,1),('104','Sangramento gastro-intestinal','NC',0,1,1,1,NULL,NULL,NULL,NULL,1),('105','Dificuldade respiratória','NC',0,1,1,1,NULL,NULL,NULL,NULL,1),('106','Insuficiência renal aguda','NC',1,0,1,1,NULL,NULL,NULL,NULL,1),('107','Infecção aguda','NC',1,0,1,1,NULL,NULL,NULL,NULL,1),('108','Esquistossomose','NC',0,1,1,1,NULL,NULL,NULL,NULL,1),('11','Febre amarela','ND',0,1,1,1,NULL,NULL,NULL,NULL,1),('110','Doenças de inflamatória pélvica (PID)','OC',0,1,1,1,NULL,NULL,NULL,NULL,1),('111','Tétano (idade de mais de 28 dias)','OC',1,1,1,1,NULL,NULL,NULL,NULL,1),('112','Distocia','MP',0,1,1,1,NULL,NULL,NULL,NULL,1),('113','Outros tipos de meningite','OC',0,1,1,1,NULL,NULL,NULL,NULL,1),('114','Esquistossomose','OC',0,1,1,1,NULL,NULL,NULL,NULL,1),('115','Doença do sono','OC',0,1,1,1,NULL,NULL,NULL,NULL,1),('116','Malária na gravidez','MP',0,1,1,1,NULL,NULL,NULL,NULL,1),('117','Lesões - (acidente de viação)','NC',0,1,1,1,NULL,NULL,NULL,NULL,1),('12','Anemia','NC',0,1,1,1,NULL,NULL,NULL,NULL,1),('13','Dental doenças e condições','NC',0,1,1,1,NULL,NULL,NULL,NULL,1),('14','Diabetes Mellitus','NC',0,1,1,1,NULL,NULL,NULL,NULL,1),('15','Doenças gastro-intestinais (não infecciosas)','NC',1,1,1,1,NULL,NULL,NULL,NULL,1),('16','Hipertensão','NC',0,1,1,1,NULL,NULL,NULL,NULL,1),('17','Doença mental','NC',0,1,1,1,NULL,NULL,NULL,NULL,1),('18','Epilepsia','NC',0,1,1,1,NULL,NULL,NULL,NULL,1),('19','Outras doenças cardio-vasculares','NC',0,1,1,1,NULL,NULL,NULL,NULL,1),('2','Cólera','ND',0,1,1,1,NULL,NULL,NULL,NULL,1),('20','Desnutrição grave (marasmo, kwashiorkor, marasmic-kwash)','NC',6,1,0,0,NULL,NULL,NULL,NULL,1),('22','Violência do trauma-doméstico','NC',0,1,1,1,NULL,NULL,NULL,NULL,1),('23','Trauma-outros intensional','NC',0,1,1,1,NULL,NULL,NULL,NULL,1),('24','Acidentes de viação trauma','NC',0,1,1,1,NULL,NULL,NULL,NULL,1),('25','Trauma outros não intensional','NC',0,1,1,1,NULL,NULL,NULL,NULL,1),('26','Outras complicações da gravidez','MP',1,0,1,1,NULL,NULL,NULL,NULL,1),('27','Condições perinatais','MP',0,1,1,1,NULL,NULL,NULL,NULL,1),('28','Abortos','MP',0,1,1,1,NULL,NULL,NULL,NULL,1),('29','AIDS/SIDA','OC',0,1,1,1,NULL,NULL,NULL,NULL,1),('3','Diarréia-disenteria','ND',2,1,1,1,NULL,NULL,NULL,NULL,1),('30','Não-diarreia sangrenta','OC',0,1,1,1,NULL,NULL,NULL,NULL,1),('31','Diarreia persistente','OC',0,1,1,1,NULL,NULL,NULL,NULL,1),('32','Infecção no ouvido','OC',1,0,1,1,NULL,NULL,NULL,NULL,1),('33','Infecção ocular','OC',0,1,1,1,NULL,NULL,NULL,NULL,1),('34','Genital descarga uretral-inf.','OC',1,0,1,1,NULL,NULL,NULL,NULL,1),('35','INF-corrimento genital','OC',1,0,1,1,NULL,NULL,NULL,NULL,1),('36','INF-ulcerativa genital','OC',1,0,1,1,NULL,NULL,NULL,NULL,1),('37','Vermes intestinais','OC',0,1,1,1,NULL,NULL,NULL,NULL,1),('38','Hanseníase','OC',0,1,1,1,NULL,NULL,NULL,NULL,1),('39','Malária','OC',0,1,1,1,NULL,NULL,NULL,NULL,1),('4','Verme da Guiné','ND',0,1,1,1,NULL,NULL,NULL,NULL,1),('40','Sem pneumonia-resfriado ou tosse','OC',0,1,1,1,NULL,NULL,NULL,NULL,1),('41','Oncocercose','OC',0,1,1,1,NULL,NULL,NULL,NULL,1),('42','Pneumonia','OC',0,1,1,1,NULL,NULL,NULL,NULL,1),('43','Doenças de pele','OC',0,1,1,1,NULL,NULL,NULL,NULL,1),('44','Tuberculose','OC',2,1,1,1,NULL,NULL,NULL,NULL,1),('46','Febre tifóide','OC',0,1,1,1,NULL,NULL,NULL,NULL,1),('47','Infecções do trato urinário (ITU)','OC',2,1,1,1,NULL,NULL,NULL,NULL,1),('48','Others(non specified)','OC',1,0,1,1,NULL,NULL,NULL,NULL,1),('49','Todas as outras doenças','AO',2,1,1,1,NULL,NULL,NULL,NULL,1),('5','Sarampo','ND',0,1,1,1,NULL,NULL,NULL,NULL,1),('50','Outras doenças infecciosas emergentes','ND',0,1,1,1,NULL,NULL,NULL,NULL,1),('56','Morte no OPD','OC',0,1,1,1,NULL,NULL,NULL,NULL,1),('57','Condições de ENT','OC',0,1,1,1,NULL,NULL,NULL,NULL,1),('58','Condições do olho','OC',0,1,1,1,NULL,NULL,NULL,NULL,1),('59','Infecções de transmitida sexualmente (STI)','OC',1,1,1,1,NULL,NULL,NULL,NULL,1),('6','Meningite','ND',0,1,1,1,NULL,NULL,NULL,NULL,1),('60','Hepatite','OC',1,0,1,1,NULL,NULL,NULL,NULL,1),('61','Osteomielite','OC',1,0,1,1,NULL,NULL,NULL,NULL,1),('62','Peritonite','OC',1,0,1,1,NULL,NULL,NULL,NULL,1),('63','Pyrexiaof origem desconhecida (PUO)','OC',1,0,1,1,NULL,NULL,NULL,NULL,1),('64','Septicemia','OC',1,0,1,1,NULL,NULL,NULL,NULL,1),('65','Hipertensão arterial na gravidez','MP',0,1,1,1,NULL,NULL,NULL,NULL,1),('66','Hemorragia relacionada à gravidez (APH/PPH)','MP',0,1,1,1,NULL,NULL,NULL,NULL,1),('67','Sepse relacionada à gravidez','MP',1,0,1,1,NULL,NULL,NULL,NULL,1),('68','Asma','NC',0,1,1,1,NULL,NULL,NULL,NULL,1),('69','Doenças orais e a condição','NC',0,1,1,1,NULL,NULL,NULL,NULL,1),('7','Tétano neonatal (menos a idade de 28 dias)','ND',3,1,1,1,NULL,NULL,NULL,NULL,1),('70','Desordens endócrinas e metabólicas (outro)','NC',0,1,1,1,NULL,NULL,NULL,NULL,1),('71','Transtornos de ansiedade','NC',0,1,1,1,NULL,NULL,NULL,NULL,1),('72','Mania','NC',0,1,1,1,NULL,NULL,NULL,NULL,1),('73','Depressão','NC',0,1,1,1,NULL,NULL,NULL,NULL,1),('74','Esquizofrenia','NC',0,1,1,1,NULL,NULL,NULL,NULL,1),('75','Abuso de álcool e drogas','NC',0,1,1,1,NULL,NULL,NULL,NULL,1),('76','Infância e transtornos mentais','NC',0,1,1,1,NULL,NULL,NULL,NULL,1),('77','Desnutrição grave (kwashiorkor)','NC',2,0,1,1,NULL,NULL,NULL,NULL,1),('78','Desnutrição grave (marasmo)','NC',3,0,1,1,NULL,NULL,NULL,NULL,1),('79','Desnutrição grave (marasmic-kwash)','NC',2,0,1,1,NULL,NULL,NULL,NULL,1),('8','Praga','ND',0,1,1,1,NULL,NULL,NULL,NULL,1),('80','Baixo peso para a idade','NC',0,1,1,1,NULL,NULL,NULL,NULL,1),('81','Lesões - (trauma devido a outras causas)','NC',0,1,1,1,NULL,NULL,NULL,NULL,1),('82','Mordida de animal/cobra','NC',0,1,1,1,NULL,NULL,NULL,NULL,1),('83','Envenenamento por','NC',1,0,1,1,NULL,NULL,NULL,NULL,1),('84','Cirrose hepática','NC',0,1,1,1,NULL,NULL,NULL,NULL,1),('85','Carcinoma hepatocelular','NC',0,1,1,1,NULL,NULL,NULL,NULL,1),('86','S de doença hepática (outro)','NC',0,1,1,1,NULL,NULL,NULL,NULL,1),('87','Hérnias','NC',0,1,1,1,NULL,NULL,NULL,NULL,1),('88','Doenças do apêndice','NC',0,1,1,1,NULL,NULL,NULL,NULL,1),('89','Músculo esquelético e conjuntivo tecido doença','NC',0,1,1,1,NULL,NULL,NULL,NULL,1),('9','Raiva','ND',0,1,1,1,NULL,NULL,NULL,NULL,1),('90','Genito urinário doenças (não-infecciosas)','NC',0,1,1,1,NULL,NULL,NULL,NULL,1),('91','Malformações congênitas e anormalidades do cromossomo','ND',1,0,1,1,NULL,NULL,NULL,NULL,1),('92','Complicação e cuidados cirúrgicos','NC',0,1,1,1,NULL,NULL,NULL,NULL,1),('93','Do neoplasia bondoso (todo o tipo)','NC',16,1,1,1,NULL,NULL,NULL,NULL,1),('94','Câncer de mama','NC',0,1,1,1,NULL,NULL,NULL,NULL,1),('95','Cancro da próstata','ND',1,0,1,1,NULL,NULL,NULL,NULL,1),('96','Neoplasia maligna de órgãos digestivos','NC',0,1,1,1,NULL,NULL,NULL,NULL,1),('97','Malignos dos pulmões','NC',0,1,1,1,NULL,NULL,NULL,NULL,1),('98','Kaposis e outros tipos de câncer de pele','NC',0,1,1,1,NULL,NULL,NULL,NULL,1),('99','Neoplasia maligna do tecido hematopoiético','NC',0,1,1,1,NULL,NULL,NULL,NULL,1);
/*!40000 ALTER TABLE `disease` ENABLE KEYS */;
UNLOCK TABLES;

--
-- Table structure for table `diseasetype`
--

DROP TABLE IF EXISTS `diseasetype`;
/*!40101 SET @saved_cs_client     = @@character_set_client */;
/*!40101 SET character_set_client = utf8 */;
CREATE TABLE `diseasetype` (
  `DCL_ID_A` char(2) NOT NULL,
  `DCL_DESC` varchar(110) NOT NULL,
  `DCL_CREATED_BY` varchar(50) DEFAULT NULL,
  `DCL_CREATED_DATE` datetime DEFAULT NULL,
  `DCL_LAST_MODIFIED_BY` varchar(50) DEFAULT NULL,
  `DCL_LAST_MODIFIED_DATE` datetime DEFAULT NULL,
  `DCL_ACTIVE` tinyint(1) NOT NULL DEFAULT '1',
  PRIMARY KEY (`DCL_ID_A`)
) ENGINE=InnoDB DEFAULT CHARSET=utf8;
/*!40101 SET character_set_client = @saved_cs_client */;

--
-- Dumping data for table `diseasetype`
--

LOCK TABLES `diseasetype` WRITE;
/*!40000 ALTER TABLE `diseasetype` DISABLE KEYS */;
INSERT INTO `diseasetype` VALUES ('AO','5. todos os outros',NULL,NULL,NULL,NULL,1),('MP','3. MATERNAS E PERINATAL DOENÇAS',NULL,NULL,NULL,NULL,1),('NC','4. NON-TRANSMISSÍVEIS',NULL,NULL,NULL,NULL,1),('ND','1. DOENÇAS DE DECLARAÇÃO OBRIGATÓRIA',NULL,NULL,NULL,NULL,1),('OC','2. OUTRAS DOENÇAS INFECCIOSAS/TRANSMISSÍVEIS',NULL,NULL,NULL,NULL,1);
/*!40000 ALTER TABLE `diseasetype` ENABLE KEYS */;
UNLOCK TABLES;

--
-- Table structure for table `exam`
--

DROP TABLE IF EXISTS `exam`;
/*!40101 SET @saved_cs_client     = @@character_set_client */;
/*!40101 SET character_set_client = utf8 */;
CREATE TABLE `exam` (
  `EXA_ID_A` varchar(10) NOT NULL,
  `EXA_DESC` varchar(100) NOT NULL,
  `EXA_EXC_ID_A` char(2) NOT NULL,
  `EXA_PROC` int(11) NOT NULL,
  `EXA_DEFAULT` varchar(50) DEFAULT NULL,
  `EXA_LOCK` int(11) NOT NULL DEFAULT '0',
  `EXA_CREATED_BY` varchar(50) DEFAULT NULL,
  `EXA_CREATED_DATE` datetime DEFAULT NULL,
  `EXA_LAST_MODIFIED_BY` varchar(50) DEFAULT NULL,
  `EXA_LAST_MODIFIED_DATE` datetime DEFAULT NULL,
  `EXA_ACTIVE` tinyint(1) NOT NULL DEFAULT '1',
  PRIMARY KEY (`EXA_ID_A`),
  KEY `FK_EXAM_EXAMTYPE` (`EXA_EXC_ID_A`),
  CONSTRAINT `FK_EXAM_EXAMTYPE` FOREIGN KEY (`EXA_EXC_ID_A`) REFERENCES `examtype` (`EXC_ID_A`) ON DELETE NO ACTION ON UPDATE CASCADE
) ENGINE=InnoDB DEFAULT CHARSET=utf8;
/*!40101 SET character_set_client = @saved_cs_client */;

--
-- Dumping data for table `exam`
--

LOCK TABLES `exam` WRITE;
/*!40000 ALTER TABLE `exam` DISABLE KEYS */;
INSERT INTO `exam` VALUES ('01.01','1.1 HB','HB',1,'>=12 (NORMAL)',1,NULL,NULL,NULL,NULL,1),('01.01.01','1.1 HB (Procedimento 3)','HB',3,'',0,NULL,NULL,NULL,NULL,1),('01.02','1.2 Leucócitos','HB',1,'4000 - 7000 (NORMAL)',1,NULL,NULL,NULL,NULL,1),('01.03','1.3 Diferencial','HB',1,'',0,NULL,NULL,NULL,NULL,1),('01.04','1.4 Film Comment','HB',1,'',0,NULL,NULL,NULL,NULL,1),('01.05','1.5 ESR','HB',1,'NORMAL',1,NULL,NULL,NULL,NULL,1),('01.06','1.6 Teste de circulo','HB',1,'NEGATIVE',1,NULL,NULL,NULL,NULL,1),('02.01','2.1 Grupo','BT',1,'',2,NULL,NULL,NULL,NULL,1),('02.02','2.2 Teste de Comb','BT',1,'NEGATIVE',3,NULL,NULL,NULL,NULL,1),('03.01','3.1 Lâmina de sangue (malária)','PA',1,'NEGATIVE',1,NULL,NULL,NULL,NULL,1),('03.02','3.2 Lâmina de sangue (outros, por exemplo TRIUPHANOSOMIAS, MICRIFILARIA, LEISHMANIA, BORRELIA)','PA',1,'NEGATIVE',2,NULL,NULL,NULL,NULL,1),('03.02.1','3.21 Tripanossomíase','PA',1,'NEGATIVE',2,NULL,NULL,NULL,NULL,1),('03.02.2','3.22 MICROFILARIA','PA',1,'NEGATIVE',1,NULL,NULL,NULL,NULL,1),('03.02.3','3.23 LEISHMANIA','PA',1,'NEGATIVE',1,NULL,NULL,NULL,NULL,1),('03.02.4','3.24 BORRELIA','PA',1,'NEGATIVE',1,NULL,NULL,NULL,NULL,1),('03.03','3.3 ANALISE DE FEZES','PA',2,'',2,NULL,NULL,NULL,NULL,1),('03.04','3.4 ANALISE DE URINA','PA',1,'NEGATIVE',1,NULL,NULL,NULL,NULL,1),('03.05','3.5 TECIDO DE MICROSCOPIA','PA',1,'NEGATIVE',1,NULL,NULL,NULL,NULL,1),('03.06','3.6 ESAME DO LCR','PA',1,'NEGATIVE',1,NULL,NULL,NULL,NULL,1),('04.01','4.1 CULTURA E SENSIBILIDADE (C&S) PARA HAEMOPHILUS INFUENZA TIPO B','BA',1,'NEGATIVE',2,NULL,NULL,NULL,NULL,1),('04.02','4.2 C&S PARA SALMONELA TYPHI','BA',1,'NEGATIVE',1,NULL,NULL,NULL,NULL,1),('04.03','4.3 C&S PARA VIBRO DO CÓLERA','BA',1,'NEGATIVE',1,NULL,NULL,NULL,NULL,1),('04.04','4.4 C&S PARA SHIGELLA DYSENTERIAE','BA',1,'NEGATIVE',1,NULL,NULL,NULL,NULL,1),('04.05','4.5 C&S PARA NEISSERIA MENINGITIDES','BA',1,'NEGATIVE',1,NULL,NULL,NULL,NULL,1),('04.06','4.6 OUTRAS C &AMP',' S',0,'1',0,NULL,NULL,NULL,NULL,1),('05.01','5.1 MOLHADO PREP','MC',1,'NEGATIVE',1,NULL,NULL,NULL,NULL,1),('05.02','5.2 COLORAÇÃO GRAM','MC',1,'NEGATIVE',1,NULL,NULL,NULL,NULL,1),('05.03','5.3 NANQUIM','MC',1,'NEGATIVE',1,NULL,NULL,NULL,NULL,1),('05.04','5.4 LEISMANIA','MC',1,'NEGATIVE',1,NULL,NULL,NULL,NULL,1),('05.05','5.5 ZN','MC',1,'NEGATIVE',1,NULL,NULL,NULL,NULL,1),('05.06','5.6 WAYSON','MC',1,'NEGATIVE',1,NULL,NULL,NULL,NULL,1),('05.07','5.7 EXAME DE PAPANICOLAOU','MC',1,'NEGATIVE',1,NULL,NULL,NULL,NULL,1),('06.01','6.1 VDRL/RPR','SE',1,'NEGATIVE',1,NULL,NULL,NULL,NULL,1),('06.02','6.2 TPHA','SE',1,'NEGATIVE',1,NULL,NULL,NULL,NULL,1),('06.03','6.3 VIH','SE',1,'NEGATIVE',1,NULL,NULL,NULL,NULL,1),('06.04','6.4 HEPATITE','SE',1,'NEGATIVE',1,NULL,NULL,NULL,NULL,1),('06.05','6.5 OUTROS EX. BRUCELLA, FATOR REUMATÓIDE, WEIL FELIX','SE',1,'NEGATIVE',1,NULL,NULL,NULL,NULL,1),('06.06','6.6 TESTE DE GESTAÇÃO','SE',1,'NEGATIVE',1,NULL,NULL,NULL,NULL,1),('07.01','7.1 PROTEÍNA','CH',1,'NEGATIVE',1,NULL,NULL,NULL,NULL,1),('07.02','7.2 AÇÚCAR','CH',1,'NORMAL',1,NULL,NULL,NULL,NULL,1),('07.03','7.3 LFT','CH',1,'NORMAL',1,NULL,NULL,NULL,NULL,1),('07.03.1','7.3.1 BILIRRUBINA TOTAL','CH',1,'< 1.2 (NORMAL)',3,NULL,NULL,NULL,NULL,1),('07.03.2','7.3.2 BILIRRUBINA DIRETA','CH',1,'< 1.2 (NORMAL)',7,NULL,NULL,NULL,NULL,1),('07.03.3','7.3.3 TEM','CH',1,'<= 50 (NORMAL)',2,NULL,NULL,NULL,NULL,1),('07.03.4','7.3.4 ALT/GPT','CH',1,'<= 50 (NORMAL)',1,NULL,NULL,NULL,NULL,1),('07.04','7.4 RFTS','CH',1,'NORMAL',1,NULL,NULL,NULL,NULL,1),('07.04.1','7.4.1 CREATININA','CH',1,'< 1.4 (NORMAL)',1,NULL,NULL,NULL,NULL,1),('07.04.2','7.4.2 UREIA','CH',1,'10-55 (NORMAL)',1,NULL,NULL,NULL,NULL,1),('08.01','8.1 PESQUISA DE SANGUE OCULTA','OC',1,'NEGATIVE',1,NULL,NULL,NULL,NULL,1),('09.01','9.1 EXAME DE URINA','OT',2,'',1,NULL,NULL,NULL,NULL,1);
/*!40000 ALTER TABLE `exam` ENABLE KEYS */;
UNLOCK TABLES;

--
-- Table structure for table `examrow`
--

DROP TABLE IF EXISTS `examrow`;
/*!40101 SET @saved_cs_client     = @@character_set_client */;
/*!40101 SET character_set_client = utf8 */;
CREATE TABLE `examrow` (
  `EXR_ID` int(11) NOT NULL AUTO_INCREMENT,
  `EXR_EXA_ID_A` varchar(10) NOT NULL,
  `EXR_DESC` varchar(50) NOT NULL,
  `EXR_CREATED_BY` varchar(50) DEFAULT NULL,
  `EXR_CREATED_DATE` datetime DEFAULT NULL,
  `EXR_LAST_MODIFIED_BY` varchar(50) DEFAULT NULL,
  `EXR_LAST_MODIFIED_DATE` datetime DEFAULT NULL,
  `EXR_ACTIVE` tinyint(1) NOT NULL DEFAULT '1',
  PRIMARY KEY (`EXR_ID`),
  KEY `FK_EXAMROW_EXAM` (`EXR_EXA_ID_A`),
  CONSTRAINT `FK_EXAMROW_EXAM` FOREIGN KEY (`EXR_EXA_ID_A`) REFERENCES `exam` (`EXA_ID_A`) ON DELETE NO ACTION ON UPDATE CASCADE
) ENGINE=InnoDB AUTO_INCREMENT=136 DEFAULT CHARSET=utf8;
/*!40101 SET character_set_client = @saved_cs_client */;

--
-- Dumping data for table `examrow`
--

LOCK TABLES `examrow` WRITE;
/*!40000 ALTER TABLE `examrow` DISABLE KEYS */;
INSERT INTO `examrow` VALUES (1,'01.01','6 - 12',NULL,NULL,NULL,NULL,1),(2,'01.01','< 6',NULL,NULL,NULL,NULL,1),(3,'01.01','> = 12 (NORMAL)',NULL,NULL,NULL,NULL,1),(4,'01.02','4000 - 7000 (NORMAL)',NULL,NULL,NULL,NULL,1),(5,'01.02','> 7000 (ALTA)',NULL,NULL,NULL,NULL,1),(6,'01.02','< 4000 (BAIXO)',NULL,NULL,NULL,NULL,1),(7,'01.05','ALTA',NULL,NULL,NULL,NULL,1),(8,'01.05','NORMAL',NULL,NULL,NULL,NULL,1),(9,'01.05','BAIXA',NULL,NULL,NULL,NULL,1),(10,'01.06','POSITIVO',NULL,NULL,NULL,NULL,1),(11,'01.06','NEGATIVO',NULL,NULL,NULL,NULL,1),(12,'02.01','UM RH +',NULL,NULL,NULL,NULL,1),(13,'02.01','UM RH-',NULL,NULL,NULL,NULL,1),(14,'02.01','B RH +',NULL,NULL,NULL,NULL,1),(15,'02.01','B RH-',NULL,NULL,NULL,NULL,1),(16,'02.01','AB RH +',NULL,NULL,NULL,NULL,1),(17,'02.01','AB RH-',NULL,NULL,NULL,NULL,1),(18,'02.01','O RH +',NULL,NULL,NULL,NULL,1),(19,'02.01','O RH -',NULL,NULL,NULL,NULL,1),(20,'02.02','NEGATIVO',NULL,NULL,NULL,NULL,1),(21,'02.02','POSITIVO',NULL,NULL,NULL,NULL,1),(22,'03.01','NEGATIVO',NULL,NULL,NULL,NULL,1),(23,'03.01','ALGUNS',NULL,NULL,NULL,NULL,1),(24,'03.01','+',NULL,NULL,NULL,NULL,1),(25,'03.01','++',NULL,NULL,NULL,NULL,1),(26,'03.01','+++',NULL,NULL,NULL,NULL,1),(27,'03.01','++++',NULL,NULL,NULL,NULL,1),(28,'03.02','POSITIVO',NULL,NULL,NULL,NULL,1),(29,'03.02','NEGATIVO',NULL,NULL,NULL,NULL,1),(30,'03.02.1','NEGATIVO',NULL,NULL,NULL,NULL,1),(31,'03.02.1','POSITIVO',NULL,NULL,NULL,NULL,1),(32,'03.02.2','POSITIVO',NULL,NULL,NULL,NULL,1),(33,'03.02.2','NEGATIVO',NULL,NULL,NULL,NULL,1),(34,'03.02.3','NEGATIVO',NULL,NULL,NULL,NULL,1),(35,'03.02.3','POSITIVO',NULL,NULL,NULL,NULL,1),(36,'03.02.4','NEGATIVO',NULL,NULL,NULL,NULL,1),(37,'03.02.4','POSITIVO',NULL,NULL,NULL,NULL,1),(38,'03.03','A.LUMBRICOIDES',NULL,NULL,NULL,NULL,1),(39,'03.03','E.COLICYSTS',NULL,NULL,NULL,NULL,1),(40,'03.03','E.HISTOLYTICA',NULL,NULL,NULL,NULL,1),(41,'03.03','E.VERMICULARIS',NULL,NULL,NULL,NULL,1),(42,'03.03','G.LAMBLIA',NULL,NULL,NULL,NULL,1),(43,'03.03','T.HOMINIS',NULL,NULL,NULL,NULL,1),(44,'03.03','ANCILÓSTOMO',NULL,NULL,NULL,NULL,1),(45,'03.03','S.MANSONI',NULL,NULL,NULL,NULL,1),(46,'03.03','S.STERCORALIS',NULL,NULL,NULL,NULL,1),(47,'03.03','TAENIA SAGINATA',NULL,NULL,NULL,NULL,1),(48,'03.03','TAENIA SOLIUM',NULL,NULL,NULL,NULL,1),(49,'03.03','TRICHURISI TRICHURA',NULL,NULL,NULL,NULL,1),(50,'03.03','HYMENOLEPIS NANA',NULL,NULL,NULL,NULL,1),(51,'03.04','POSITIVO',NULL,NULL,NULL,NULL,1),(52,'03.04','NEGATIVO',NULL,NULL,NULL,NULL,1),(53,'03.05','POSITIVO',NULL,NULL,NULL,NULL,1),(54,'03.05','NEGATIVO',NULL,NULL,NULL,NULL,1),(55,'03.06','POSITIVO',NULL,NULL,NULL,NULL,1),(56,'03.06','NEGATIVO',NULL,NULL,NULL,NULL,1),(57,'04.01','POSITIVO',NULL,NULL,NULL,NULL,1),(58,'04.01','NEGATIVO',NULL,NULL,NULL,NULL,1),(59,'04.02','POSITIVO',NULL,NULL,NULL,NULL,1),(60,'04.02','NEGATIVO',NULL,NULL,NULL,NULL,1),(61,'04.03','POSITIVO',NULL,NULL,NULL,NULL,1),(62,'04.03','NEGATIVO',NULL,NULL,NULL,NULL,1),(63,'04.04','POSITIVO',NULL,NULL,NULL,NULL,1),(64,'04.04','NEGATIVO',NULL,NULL,NULL,NULL,1),(65,'04.05','POSITIVO',NULL,NULL,NULL,NULL,1),(66,'04.05','NEGATIVO',NULL,NULL,NULL,NULL,1),(67,'04.06','NORMAL',NULL,NULL,NULL,NULL,1),(68,'05.01','POSITIVO',NULL,NULL,NULL,NULL,1),(69,'05.01','NEGATIVO',NULL,NULL,NULL,NULL,1),(70,'05.02','NEGATIVO',NULL,NULL,NULL,NULL,1),(71,'05.02','PNEUMOCOCOS',NULL,NULL,NULL,NULL,1),(72,'05.02','MENINGOCOCO',NULL,NULL,NULL,NULL,1),(73,'05.02','HEMOPHILLUS INFL.',NULL,NULL,NULL,NULL,1),(74,'05.02','CRYPTOCOCCI',NULL,NULL,NULL,NULL,1),(75,'05.02','BACILOS DE PLEAMORPHIC',NULL,NULL,NULL,NULL,1),(76,'05.02','ESTAFILOCOCOS',NULL,NULL,NULL,NULL,1),(77,'05.03','POSITIVO',NULL,NULL,NULL,NULL,1),(78,'05.03','NEGATIVO',NULL,NULL,NULL,NULL,1),(79,'05.04','POSITIVO',NULL,NULL,NULL,NULL,1),(80,'05.04','NEGATIVO',NULL,NULL,NULL,NULL,1),(81,'05.05','NEGATIVO',NULL,NULL,NULL,NULL,1),(82,'05.05','+',NULL,NULL,NULL,NULL,1),(83,'05.05','++',NULL,NULL,NULL,NULL,1),(84,'05.05','+++',NULL,NULL,NULL,NULL,1),(85,'05.06','POSITIVO',NULL,NULL,NULL,NULL,1),(86,'05.06','NEGATIVO',NULL,NULL,NULL,NULL,1),(87,'05.07','POSITIVO ',NULL,NULL,NULL,NULL,1),(88,'05.07','NEGATIVO',NULL,NULL,NULL,NULL,1),(89,'06.01','POSITIVO',NULL,NULL,NULL,NULL,1),(90,'06.01','NEGATIVO',NULL,NULL,NULL,NULL,1),(91,'06.02','POSITIVO',NULL,NULL,NULL,NULL,1),(92,'06.02','NEGATIVO',NULL,NULL,NULL,NULL,1),(93,'06.03','POSITIVO',NULL,NULL,NULL,NULL,1),(94,'06.03','NEGATIVO',NULL,NULL,NULL,NULL,1),(95,'06.04','POSITIVO',NULL,NULL,NULL,NULL,1),(96,'06.04','NEGATIVO',NULL,NULL,NULL,NULL,1),(97,'06.05','POSITIVO',NULL,NULL,NULL,NULL,1),(98,'06.05','NEGATIVO',NULL,NULL,NULL,NULL,1),(99,'06.06','POSITIVO',NULL,NULL,NULL,NULL,1),(100,'06.06','NEGATIVO',NULL,NULL,NULL,NULL,1),(101,'07.01','POSITIVO',NULL,NULL,NULL,NULL,1),(102,'07.01','NEGATIVO',NULL,NULL,NULL,NULL,1),(103,'07.02','ALTA',NULL,NULL,NULL,NULL,1),(104,'07.02','BAIXA',NULL,NULL,NULL,NULL,1),(105,'07.02','NORMAL',NULL,NULL,NULL,NULL,1),(106,'07.03','ALTA',NULL,NULL,NULL,NULL,1),(107,'07.03','BAIXA',NULL,NULL,NULL,NULL,1),(108,'07.03','NORMAL',NULL,NULL,NULL,NULL,1),(109,'07.03.1','< 1.2 (NORMAL)',NULL,NULL,NULL,NULL,1),(110,'07.03.1','1.2-5',NULL,NULL,NULL,NULL,1),(111,'07.03.1','> 5',NULL,NULL,NULL,NULL,1),(112,'07.03.2','< 1.2 (NORMAL)',NULL,NULL,NULL,NULL,1),(113,'07.03.2','1.2-5',NULL,NULL,NULL,NULL,1),(114,'07.03.2','> 5',NULL,NULL,NULL,NULL,1),(115,'07.03.3','< = 50 (NORMAL)',NULL,NULL,NULL,NULL,1),(116,'07.03.3','> 50',NULL,NULL,NULL,NULL,1),(117,'07.03.4','< = 50 (NORMAL)',NULL,NULL,NULL,NULL,1),(118,'07.03.4','> 50',NULL,NULL,NULL,NULL,1),(119,'07.04','ALTA',NULL,NULL,NULL,NULL,1),(120,'07.04','BAIXA',NULL,NULL,NULL,NULL,1),(121,'07.04','NORMAL',NULL,NULL,NULL,NULL,1),(122,'07.04.1','< 1.4 (NORMAL)',NULL,NULL,NULL,NULL,1),(123,'07.04.1','1.4-2.5',NULL,NULL,NULL,NULL,1),(124,'07.04.1','> 2.5',NULL,NULL,NULL,NULL,1),(125,'07.04.2','> 10',NULL,NULL,NULL,NULL,1),(126,'07.04.2','10-55 (NORMAL)',NULL,NULL,NULL,NULL,1),(127,'07.04.2','< 55',NULL,NULL,NULL,NULL,1),(128,'08.01','POSITIVO',NULL,NULL,NULL,NULL,1),(129,'08.01','NEGATIVO',NULL,NULL,NULL,NULL,1),(130,'09.01','SEDIMENTOS',NULL,NULL,NULL,NULL,1),(131,'09.01','AÇÚCAR',NULL,NULL,NULL,NULL,1),(132,'09.01','UROBILINOGÊNIO',NULL,NULL,NULL,NULL,1),(133,'09.01','BILIRRUBINA',NULL,NULL,NULL,NULL,1),(134,'09.01','PROTEÍNA',NULL,NULL,NULL,NULL,1),(135,'09.01','HCG',NULL,NULL,NULL,NULL,1);
/*!40000 ALTER TABLE `examrow` ENABLE KEYS */;
UNLOCK TABLES;

--
-- Table structure for table `examtype`
--

DROP TABLE IF EXISTS `examtype`;
/*!40101 SET @saved_cs_client     = @@character_set_client */;
/*!40101 SET character_set_client = utf8 */;
CREATE TABLE `examtype` (
  `EXC_ID_A` char(2) NOT NULL,
  `EXC_DESC` varchar(50) NOT NULL,
  `EXC_CREATED_BY` varchar(50) DEFAULT NULL,
  `EXC_CREATED_DATE` datetime DEFAULT NULL,
  `EXC_LAST_MODIFIED_BY` varchar(50) DEFAULT NULL,
  `EXC_LAST_MODIFIED_DATE` datetime DEFAULT NULL,
  `EXC_ACTIVE` tinyint(1) NOT NULL DEFAULT '1',
  PRIMARY KEY (`EXC_ID_A`)
) ENGINE=InnoDB DEFAULT CHARSET=utf8;
/*!40101 SET character_set_client = @saved_cs_client */;

--
-- Dumping data for table `examtype`
--

LOCK TABLES `examtype` WRITE;
/*!40000 ALTER TABLE `examtype` DISABLE KEYS */;
INSERT INTO `examtype` VALUES ('BA','4.Bacteriologia',NULL,NULL,NULL,NULL,1),('BT','2.Transfusão de sangue',NULL,NULL,NULL,NULL,1),('CH','7.Química',NULL,NULL,NULL,NULL,1),('HB','1.Hematologia',NULL,NULL,NULL,NULL,1),('MC','5.Microscopia',NULL,NULL,NULL,NULL,1),('OC','8.Pesquisa de sangue oculta',NULL,NULL,NULL,NULL,1),('OT','OUTROS',NULL,NULL,NULL,NULL,1),('PA','3.Parasitologia',NULL,NULL,NULL,NULL,1),('SE','6.Sorologia',NULL,NULL,NULL,NULL,1);
/*!40000 ALTER TABLE `examtype` ENABLE KEYS */;
UNLOCK TABLES;

--
-- Table structure for table `groupmenu`
--

DROP TABLE IF EXISTS `groupmenu`;
/*!40101 SET @saved_cs_client     = @@character_set_client */;
/*!40101 SET character_set_client = utf8 */;
CREATE TABLE `groupmenu` (
  `GM_ID` int(11) NOT NULL AUTO_INCREMENT,
  `GM_UG_ID_A` varchar(50) NOT NULL DEFAULT '',
  `GM_MNI_ID_A` varchar(50) NOT NULL DEFAULT '',
  `GM_ACTIVE` tinyint(1) NOT NULL DEFAULT '1',
  `GM_CREATED_BY` varchar(50) DEFAULT NULL,
  `GM_CREATED_DATE` datetime DEFAULT NULL,
  `GM_LAST_MODIFIED_BY` varchar(50) DEFAULT NULL,
  `GM_LAST_MODIFIED_DATE` datetime DEFAULT NULL,
  PRIMARY KEY (`GM_ID`)
) ENGINE=MyISAM AUTO_INCREMENT=139 DEFAULT CHARSET=utf8;
/*!40101 SET character_set_client = @saved_cs_client */;

--
-- Dumping data for table `groupmenu`
--

LOCK TABLES `groupmenu` WRITE;
/*!40000 ALTER TABLE `groupmenu` DISABLE KEYS */;
INSERT INTO `groupmenu` VALUES (1,'admin','admtype',1,NULL,NULL,NULL,NULL),(2,'admin','disctype',1,NULL,NULL,NULL,NULL),(44,'admin','medicalsward',1,NULL,NULL,NULL,NULL),(4,'admin','admission',1,NULL,NULL,NULL,NULL),(7,'admin','disease',1,NULL,NULL,NULL,NULL),(8,'admin','exams',1,NULL,NULL,NULL,NULL),(9,'admin','exit',1,NULL,NULL,NULL,NULL),(10,'admin','file',1,NULL,NULL,NULL,NULL),(11,'admin','generaldata',1,NULL,NULL,NULL,NULL),(12,'admin','groups',1,NULL,NULL,NULL,NULL),(13,'admin','help',1,NULL,NULL,NULL,NULL),(14,'admin','hospital',1,NULL,NULL,NULL,NULL),(43,'admin','agetype',1,NULL,NULL,NULL,NULL),(16,'admin','laboratory',1,NULL,NULL,NULL,NULL),(17,'admin','medicals',1,NULL,NULL,NULL,NULL),(18,'admin','medicalstock',1,NULL,NULL,NULL,NULL),(19,'admin','operation',1,NULL,NULL,NULL,NULL),(21,'admin','pharmacy',1,NULL,NULL,NULL,NULL),(22,'admin','statistics',1,NULL,NULL,NULL,NULL),(26,'admin','opd',1,NULL,NULL,NULL,NULL),(27,'admin','users',1,NULL,NULL,NULL,NULL),(28,'admin','usersusers',1,NULL,NULL,NULL,NULL),(29,'admin','vaccine',1,NULL,NULL,NULL,NULL),(30,'admin','ward',1,NULL,NULL,NULL,NULL),(31,'admin','types',1,NULL,NULL,NULL,NULL),(32,'admin','pretreatmenttype',1,NULL,NULL,NULL,NULL),(33,'admin','diseasetype',1,NULL,NULL,NULL,NULL),(34,'admin','medstockmovtype',1,NULL,NULL,NULL,NULL),(35,'admin','examtype',1,NULL,NULL,NULL,NULL),(36,'admin','operationtype',1,NULL,NULL,NULL,NULL),(37,'admin','deliverytype',1,NULL,NULL,NULL,NULL),(38,'admin','medicalstype',1,NULL,NULL,NULL,NULL),(39,'admin','delresulttype',1,NULL,NULL,NULL,NULL),(40,'admin','printing',1,NULL,NULL,NULL,NULL),(41,'admin','examlist1',1,NULL,NULL,NULL,NULL),(42,'admin','diseaselist',1,NULL,NULL,NULL,NULL),(45,'admin','priceslists',1,NULL,NULL,NULL,NULL),(46,'admin','otherprices',1,NULL,NULL,NULL,NULL),(47,'admin','accounting',1,NULL,NULL,NULL,NULL),(48,'admin','newbill',1,NULL,NULL,NULL,NULL),(49,'admin','billsmanager',1,NULL,NULL,NULL,NULL),(50,'admin','data',1,NULL,NULL,NULL,NULL),(51,'admin','btnadmdel',1,NULL,NULL,NULL,NULL),(52,'admin','btnadmadm',1,NULL,NULL,NULL,NULL),(53,'admin','btnadmedit',1,NULL,NULL,NULL,NULL),(54,'admin','btnadmnew',1,NULL,NULL,NULL,NULL),(55,'admin','btnadmopd',1,NULL,NULL,NULL,NULL),(56,'admin','btnadmmer',1,NULL,NULL,NULL,NULL),(57,'admin','btnlaboratorydel',1,NULL,NULL,NULL,NULL),(58,'admin','btnlaboratoryedit',1,NULL,NULL,NULL,NULL),(59,'admin','btnlaboratorynew',1,NULL,NULL,NULL,NULL),(60,'admin','btnopdedit',1,NULL,NULL,NULL,NULL),(61,'admin','btnopddel',1,NULL,NULL,NULL,NULL),(62,'admin','btnopdnew',1,NULL,NULL,NULL,NULL),(63,'admin','btndatamalnut',1,NULL,NULL,NULL,NULL),(64,'admin','btndatadel',1,NULL,NULL,NULL,NULL),(65,'admin','btndataedit',1,NULL,NULL,NULL,NULL),(66,'admin','btndataeditpat',1,NULL,NULL,NULL,NULL),(67,'admin','btnpharmaceuticaldel',1,NULL,NULL,NULL,NULL),(68,'admin','btnpharmaceuticaledit',1,NULL,NULL,NULL,NULL),(69,'admin','btnpharmaceuticalnew',1,NULL,NULL,NULL,NULL),(70,'guest','admtype',0,NULL,NULL,NULL,NULL),(71,'guest','disctype',0,NULL,NULL,NULL,NULL),(72,'guest','admission',1,NULL,NULL,NULL,NULL),(73,'guest','disease',0,NULL,NULL,NULL,NULL),(74,'guest','exams',0,NULL,NULL,NULL,NULL),(75,'guest','exit',1,NULL,NULL,NULL,NULL),(76,'guest','file',1,NULL,NULL,NULL,NULL),(77,'guest','generaldata',0,NULL,NULL,NULL,NULL),(78,'guest','groups',0,NULL,NULL,NULL,NULL),(79,'guest','help',0,NULL,NULL,NULL,NULL),(80,'guest','hospital',0,NULL,NULL,NULL,NULL),(81,'guest','laboratory',1,NULL,NULL,NULL,NULL),(82,'guest','medicals',1,NULL,NULL,NULL,NULL),(83,'guest','medicalstock',0,NULL,NULL,NULL,NULL),(84,'guest','operation',0,NULL,NULL,NULL,NULL),(85,'guest','pharmacy',1,NULL,NULL,NULL,NULL),(86,'guest','statistics',1,NULL,NULL,NULL,NULL),(87,'guest','opd',1,NULL,NULL,NULL,NULL),(88,'guest','users',0,NULL,NULL,NULL,NULL),(89,'guest','usersusers',0,NULL,NULL,NULL,NULL),(90,'guest','vaccine',0,NULL,NULL,NULL,NULL),(91,'guest','ward',0,NULL,NULL,NULL,NULL),(92,'guest','types',0,NULL,NULL,NULL,NULL),(93,'guest','pretreatmenttype',0,NULL,NULL,NULL,NULL),(94,'guest','diseasetype',0,NULL,NULL,NULL,NULL),(95,'guest','medstockmovtype',0,NULL,NULL,NULL,NULL),(96,'guest','examtype',0,NULL,NULL,NULL,NULL),(97,'guest','operationtype',0,NULL,NULL,NULL,NULL),(98,'guest','deliverytype',0,NULL,NULL,NULL,NULL),(99,'guest','medicalstype',0,NULL,NULL,NULL,NULL),(100,'guest','delresulttype',0,NULL,NULL,NULL,NULL),(101,'guest','printing',1,NULL,NULL,NULL,NULL),(102,'guest','examlist1',1,NULL,NULL,NULL,NULL),(103,'guest','diseaselist',1,NULL,NULL,NULL,NULL),(104,'admin','btnadmtherapy',1,NULL,NULL,NULL,NULL),(105,'admin','btnbillnew',1,NULL,NULL,NULL,NULL),(106,'admin','btnbilledit',1,NULL,NULL,NULL,NULL),(107,'admin','btnbilldelete',1,NULL,NULL,NULL,NULL),(108,'admin','btnbillreport',1,NULL,NULL,NULL,NULL),(109,'admin','vaccinetype',1,NULL,NULL,NULL,NULL),(110,'admin','patientvaccine',1,NULL,NULL,NULL,NULL),(111,'admin','btnpatientvaccinenew',1,NULL,NULL,NULL,NULL),(112,'admin','btnpatientvaccineedit',1,NULL,NULL,NULL,NULL),(113,'admin','btnpatientvaccinedel',1,NULL,NULL,NULL,NULL),(115,'admin','communication',1,NULL,NULL,NULL,NULL),(116,'guest','communication',1,NULL,NULL,NULL,NULL),(117,'admin','btnadmbill',1,NULL,NULL,NULL,NULL),(118,'admin','btnbillreceipt',1,NULL,NULL,NULL,NULL),(119,'admin','btnadmpatientfolder',1,NULL,NULL,NULL,NULL),(120,'admin','btnopdnewexamination',1,NULL,NULL,NULL,NULL),(121,'admin','btnopdeditexamination',1,NULL,NULL,NULL,NULL),(122,'admin','btnadmadmexamination',1,NULL,NULL,NULL,NULL),(123,'admin','btnadmexamination',1,NULL,NULL,NULL,NULL),(124,'admin','supplier',1,NULL,NULL,NULL,NULL),(125,'admin','btnpatfoldopdrpt',1,NULL,NULL,NULL,NULL),(126,'admin','btnpatfoldadmrpt',1,NULL,NULL,NULL,NULL),(127,'admin','btnpatfoldpatrpt',1,NULL,NULL,NULL,NULL),(128,'admin','btnpatfolddicom',1,NULL,NULL,NULL,NULL),(129,'admin','smsmanager',1,NULL,NULL,NULL,NULL),(130,'admin','btnpharmstockcharge',1,NULL,NULL,NULL,NULL),(131,'admin','btnpharmstockdischarge',1,NULL,NULL,NULL,NULL),(132,'admin','btnmedicalswardreport',1,NULL,NULL,NULL,NULL),(133,'admin','btnmedicalswardexcel',1,NULL,NULL,NULL,NULL),(134,'admin','btnmedicalswardrectify',1,NULL,NULL,NULL,NULL),(135,'admin','dicomtype',1,NULL,NULL,NULL,NULL),(136,'admin','btnopdnewoperation',1,NULL,NULL,NULL,NULL),(137,'admin','btnopdeditoperation',1,NULL,NULL,NULL,NULL),(138,'admin','worksheet',1,NULL,NULL,NULL,NULL);
/*!40000 ALTER TABLE `groupmenu` ENABLE KEYS */;
UNLOCK TABLES;

--
-- Table structure for table `help`
--

DROP TABLE IF EXISTS `help`;
/*!40101 SET @saved_cs_client     = @@character_set_client */;
/*!40101 SET character_set_client = utf8 */;
CREATE TABLE `help` (
  `HL_ID` int(11) NOT NULL AUTO_INCREMENT,
  `HL_MASK` int(11) NOT NULL,
  `HL_FIELD` int(11) NOT NULL,
  `HL_LANG` char(2) DEFAULT NULL,
  `HL_MSG` varchar(255) DEFAULT NULL,
  PRIMARY KEY (`HL_ID`)
) ENGINE=MyISAM DEFAULT CHARSET=utf8;
/*!40101 SET character_set_client = @saved_cs_client */;

--
-- Dumping data for table `help`
--

LOCK TABLES `help` WRITE;
/*!40000 ALTER TABLE `help` DISABLE KEYS */;
/*!40000 ALTER TABLE `help` ENABLE KEYS */;
UNLOCK TABLES;

--
-- Table structure for table `hospital`
--

DROP TABLE IF EXISTS `hospital`;
/*!40101 SET @saved_cs_client     = @@character_set_client */;
/*!40101 SET character_set_client = utf8 */;
CREATE TABLE `hospital` (
  `HOS_ID_A` varchar(10) NOT NULL,
  `HOS_NAME` varchar(255) NOT NULL,
  `HOS_ADDR` varchar(255) NOT NULL,
  `HOS_CITY` varchar(255) NOT NULL,
  `HOS_TELE` varchar(50) DEFAULT NULL,
  `HOS_FAX` varchar(50) DEFAULT NULL,
  `HOS_EMAIL` varchar(50) DEFAULT NULL,
  `HOS_CURR_COD` varchar(3) DEFAULT NULL,
  `HOS_LOCK` int(11) NOT NULL DEFAULT '0',
  `HOS_CREATED_BY` varchar(50) DEFAULT NULL,
  `HOS_CREATED_DATE` datetime DEFAULT NULL,
  `HOS_LAST_MODIFIED_BY` varchar(50) DEFAULT NULL,
  `HOS_LAST_MODIFIED_DATE` datetime DEFAULT NULL,
  `HOS_ACTIVE` tinyint(1) NOT NULL DEFAULT '1',
  PRIMARY KEY (`HOS_ID_A`)
) ENGINE=InnoDB DEFAULT CHARSET=utf8;
/*!40101 SET character_set_client = @saved_cs_client */;

--
-- Dumping data for table `hospital`
--

LOCK TABLES `hospital` WRITE;
/*!40000 ALTER TABLE `hospital` DISABLE KEYS */;
INSERT INTO `hospital` VALUES ('STLUKE','St. Luke HOSPITAL - Angal','P.O. BOX 85 - NEBBI','ANGAL','+256 0472621076','+256 0','angal@ucmb.ug.co.',NULL,0,NULL,NULL,NULL,NULL,1);
/*!40000 ALTER TABLE `hospital` ENABLE KEYS */;
UNLOCK TABLES;

--
-- Table structure for table `laboratory`
--

DROP TABLE IF EXISTS `laboratory`;
/*!40101 SET @saved_cs_client     = @@character_set_client */;
/*!40101 SET character_set_client = utf8 */;
CREATE TABLE `laboratory` (
  `LAB_ID` int(11) NOT NULL AUTO_INCREMENT,
  `LAB_EXA_ID_A` varchar(10) NOT NULL,
  `LAB_DATE` datetime NOT NULL,
  `LAB_RES` varchar(50) NOT NULL,
  `LAB_NOTE` varchar(255) DEFAULT NULL,
  `LAB_PAT_ID` int(11) DEFAULT NULL,
  `LAB_PAT_NAME` varchar(100) DEFAULT NULL,
  `LAB_CROSS1` int(11) DEFAULT NULL,
  `LAB_CROSS2` int(11) DEFAULT NULL,
  `LAB_CROSS3` int(11) DEFAULT NULL,
  `LAB_CROSS4` int(11) DEFAULT NULL,
  `LAB_CROSS5` int(11) DEFAULT NULL,
  `LAB_CROSS6` int(11) DEFAULT NULL,
  `LAB_CROSS7` int(11) DEFAULT NULL,
  `LAB_CROSS8` int(11) DEFAULT NULL,
  `LAB_CROSS9` int(11) DEFAULT NULL,
  `LAB_CROSS10` int(11) DEFAULT NULL,
  `LAB_CROSS11` int(11) DEFAULT NULL,
  `LAB_CROSS12` int(11) DEFAULT NULL,
  `LAB_CROSS13` int(11) DEFAULT NULL,
  `LAB_LOCK` int(11) NOT NULL DEFAULT '0',
  `LAB_AGE` int(11) DEFAULT NULL,
  `LAB_SEX` char(1) DEFAULT NULL,
  `LAB_MATERIAL` varchar(25) DEFAULT NULL,
  `LAB_EXAM_DATE` date DEFAULT NULL,
  `LAB_PAT_INOUT` char(1) DEFAULT NULL,
  `LAB_CREATED_BY` varchar(50) DEFAULT NULL,
  `LAB_CREATED_DATE` datetime DEFAULT NULL,
  `LAB_LAST_MODIFIED_BY` varchar(50) DEFAULT NULL,
  `LAB_LAST_MODIFIED_DATE` datetime DEFAULT NULL,
  `LAB_ACTIVE` tinyint(1) NOT NULL DEFAULT '1',
  PRIMARY KEY (`LAB_ID`),
  KEY `FK_LABORATORY_EXAM` (`LAB_EXA_ID_A`),
  KEY `FK_LABORATORY_PATIENT` (`LAB_PAT_ID`),
  CONSTRAINT `FK_LABORATORY_EXAM` FOREIGN KEY (`LAB_EXA_ID_A`) REFERENCES `exam` (`EXA_ID_A`) ON DELETE NO ACTION ON UPDATE NO ACTION,
  CONSTRAINT `FK_LABORATORY_PATIENT` FOREIGN KEY (`LAB_PAT_ID`) REFERENCES `patient` (`PAT_ID`) ON DELETE CASCADE ON UPDATE CASCADE
) ENGINE=InnoDB DEFAULT CHARSET=utf8;
/*!40101 SET character_set_client = @saved_cs_client */;

--
-- Dumping data for table `laboratory`
--

LOCK TABLES `laboratory` WRITE;
/*!40000 ALTER TABLE `laboratory` DISABLE KEYS */;
/*!40000 ALTER TABLE `laboratory` ENABLE KEYS */;
UNLOCK TABLES;

--
-- Table structure for table `laboratoryrow`
--

DROP TABLE IF EXISTS `laboratoryrow`;
/*!40101 SET @saved_cs_client     = @@character_set_client */;
/*!40101 SET character_set_client = utf8 */;
CREATE TABLE `laboratoryrow` (
  `LABR_ID` int(11) NOT NULL AUTO_INCREMENT,
  `LABR_LAB_ID` int(11) NOT NULL,
  `LABR_DESC` varchar(50) NOT NULL,
  `LABR_CREATED_BY` varchar(50) DEFAULT NULL,
  `LABR_CREATED_DATE` datetime DEFAULT NULL,
  `LABR_LAST_MODIFIED_BY` varchar(50) DEFAULT NULL,
  `LABR_LAST_MODIFIED_DATE` datetime DEFAULT NULL,
  `LABR_ACTIVE` tinyint(1) NOT NULL DEFAULT '1',
  PRIMARY KEY (`LABR_ID`),
  KEY `FK_LABORATORYROW_LABORATORY` (`LABR_LAB_ID`),
  CONSTRAINT `FK_LABORATORYROW_LABORATORY` FOREIGN KEY (`LABR_LAB_ID`) REFERENCES `laboratory` (`LAB_ID`) ON DELETE NO ACTION ON UPDATE CASCADE
) ENGINE=InnoDB DEFAULT CHARSET=utf8;
/*!40101 SET character_set_client = @saved_cs_client */;

--
-- Dumping data for table `laboratoryrow`
--

LOCK TABLES `laboratoryrow` WRITE;
/*!40000 ALTER TABLE `laboratoryrow` DISABLE KEYS */;
/*!40000 ALTER TABLE `laboratoryrow` ENABLE KEYS */;
UNLOCK TABLES;

--
-- Table structure for table `log`
--

DROP TABLE IF EXISTS `log`;
/*!40101 SET @saved_cs_client     = @@character_set_client */;
/*!40101 SET character_set_client = utf8 */;
CREATE TABLE `log` (
  `LOG_ID` int(11) NOT NULL AUTO_INCREMENT,
  `LOG_TYPE` int(11) NOT NULL,
  `LOG_CLASS` varchar(100) DEFAULT NULL,
  `LOG_METHOD` varchar(64) DEFAULT NULL,
  `LOG_TIME` datetime NOT NULL,
  `LOG_MESS` varchar(1024) DEFAULT NULL,
  `LOG_USER` varchar(50) DEFAULT NULL,
  PRIMARY KEY (`LOG_ID`)
) ENGINE=MyISAM DEFAULT CHARSET=utf8;
/*!40101 SET character_set_client = @saved_cs_client */;

--
-- Dumping data for table `log`
--

LOCK TABLES `log` WRITE;
/*!40000 ALTER TABLE `log` DISABLE KEYS */;
/*!40000 ALTER TABLE `log` ENABLE KEYS */;
UNLOCK TABLES;

--
-- Table structure for table `malnutritioncontrol`
--

DROP TABLE IF EXISTS `malnutritioncontrol`;
/*!40101 SET @saved_cs_client     = @@character_set_client */;
/*!40101 SET character_set_client = utf8 */;
CREATE TABLE `malnutritioncontrol` (
  `MLN_ID` int(11) NOT NULL AUTO_INCREMENT,
  `MLN_DATE_SUPP` datetime NOT NULL,
  `MNL_DATE_CONF` datetime DEFAULT NULL,
  `MLN_ADM_ID` int(11) NOT NULL,
  `MLN_HEIGHT` float NOT NULL,
  `MLN_WEIGHT` float NOT NULL,
  `MLN_LOCK` int(11) NOT NULL DEFAULT '0',
  `MLN_CREATED_BY` varchar(50) DEFAULT NULL,
  `MLN_CREATED_DATE` datetime DEFAULT NULL,
  `MLN_LAST_MODIFIED_BY` varchar(50) DEFAULT NULL,
  `MLN_LAST_MODIFIED_DATE` datetime DEFAULT NULL,
  `MLN_ACTIVE` tinyint(1) NOT NULL DEFAULT '1',
  PRIMARY KEY (`MLN_ID`)
) ENGINE=MyISAM DEFAULT CHARSET=utf8;
/*!40101 SET character_set_client = @saved_cs_client */;

--
-- Dumping data for table `malnutritioncontrol`
--

LOCK TABLES `malnutritioncontrol` WRITE;
/*!40000 ALTER TABLE `malnutritioncontrol` DISABLE KEYS */;
/*!40000 ALTER TABLE `malnutritioncontrol` ENABLE KEYS */;
UNLOCK TABLES;

--
-- Table structure for table `medicaldsr`
--

DROP TABLE IF EXISTS `medicaldsr`;
/*!40101 SET @saved_cs_client     = @@character_set_client */;
/*!40101 SET character_set_client = utf8 */;
CREATE TABLE `medicaldsr` (
  `MDSR_ID` int(11) NOT NULL AUTO_INCREMENT,
  `MDSR_MDSRT_ID_A` char(1) NOT NULL,
  `MDSR_CODE` varchar(5) NOT NULL,
  `MDSR_DESC` varchar(100) NOT NULL,
  `MDSR_MIN_STOCK_QTI` float NOT NULL DEFAULT '0',
  `MDSR_INI_STOCK_QTI` float NOT NULL DEFAULT '0',
  `MDSR_PCS_X_PCK` int(11) NOT NULL,
  `MDSR_IN_QTI` float NOT NULL DEFAULT '0',
  `MDSR_OUT_QTI` float NOT NULL DEFAULT '0',
  `MDSR_LOCK` int(11) NOT NULL DEFAULT '0',
  `MDSR_CREATED_BY` varchar(50) DEFAULT NULL,
  `MDSR_CREATED_DATE` datetime DEFAULT NULL,
  `MDSR_LAST_MODIFIED_BY` varchar(50) DEFAULT NULL,
  `MDSR_LAST_MODIFIED_DATE` datetime DEFAULT NULL,
  `MDSR_ACTIVE` tinyint(1) NOT NULL DEFAULT '1',
  PRIMARY KEY (`MDSR_ID`),
  UNIQUE KEY `MDSR_MDSRT_ID_A` (`MDSR_MDSRT_ID_A`,`MDSR_DESC`),
  CONSTRAINT `FK_MEDICALDSR_MEDICALDSRTYPE` FOREIGN KEY (`MDSR_MDSRT_ID_A`) REFERENCES `medicaldsrtype` (`MDSRT_ID_A`) ON DELETE NO ACTION ON UPDATE CASCADE
) ENGINE=InnoDB AUTO_INCREMENT=593 DEFAULT CHARSET=utf8;
/*!40101 SET character_set_client = @saved_cs_client */;

--
-- Dumping data for table `medicaldsr`
--

LOCK TABLES `medicaldsr` WRITE;
/*!40000 ALTER TABLE `medicaldsr` DISABLE KEYS */;
INSERT INTO `medicaldsr` VALUES (1,'A','','Aciclovir - cpr - 200mg',0,0,0,0,0,0,NULL,NULL,NULL,NULL,1),(2,'A','','Aciclovir - cpr - 400mg',0,0,0,0,0,0,NULL,NULL,NULL,NULL,1),(3,'A','','Acido nalidixico  - cpr - 500mg',0,0,0,0,0,0,NULL,NULL,NULL,NULL,1),(4,'A','','Amantadina - cps - 100mg',0,0,0,0,0,0,NULL,NULL,NULL,NULL,1),(5,'A','','Amikacina  - amp - 2ml',0,0,0,0,0,0,NULL,NULL,NULL,NULL,1),(6,'A','','Amoxacillin 100ml - xarope - 250mg/5ml',0,0,0,0,0,0,NULL,NULL,NULL,NULL,1),(7,'A','','Amoxacillina - cpr - 250mg',0,0,0,0,0,0,NULL,NULL,NULL,NULL,1),(8,'A','','Amoxacillina - cpr - 500mg',0,0,0,0,0,0,NULL,NULL,NULL,NULL,1),(9,'A','','Amoxacillina - amp - 1g',0,0,0,0,0,0,NULL,NULL,NULL,NULL,1),(10,'A','','Amoxacillina 60ml - xarope - 125mg/5ml',0,0,0,0,0,0,NULL,NULL,NULL,NULL,1),(11,'A','','Amoxacillina+acido clavulanico - cpr - 625mg',0,0,0,0,0,0,NULL,NULL,NULL,NULL,1),(12,'A','','Amoxacillina+acido clavulanico - cpr - 1000mg',0,0,0,0,0,0,NULL,NULL,NULL,NULL,1),(13,'A','','Amoxacillina+acido clavulanico - 100ml - xarope - 156-25mg/5ml',0,0,0,0,0,0,NULL,NULL,NULL,NULL,1),(14,'A','','Ampicilina - amp - 500mg',0,0,0,0,0,0,NULL,NULL,NULL,NULL,1),(15,'A','','Ampicilina - cps - 250mg',0,0,0,0,0,0,NULL,NULL,NULL,NULL,1),(16,'A','','Ampicilina - cps - 500mg',0,0,0,0,0,0,NULL,NULL,NULL,NULL,1),(17,'A','','Ampicilina - amp - 1gr',0,0,0,0,0,0,NULL,NULL,NULL,NULL,1),(18,'A','','Ampicilina 60ml - xarope - 125mg/5ml',0,0,0,0,0,0,NULL,NULL,NULL,NULL,1),(19,'A','','Ampicilina 60ml - xarope - 250mg/5ml',0,0,0,0,0,0,NULL,NULL,NULL,NULL,1),(20,'A','','Azitromicina - cpr - 250mg',0,0,0,0,0,0,NULL,NULL,NULL,NULL,1),(21,'A','','Azitromicina - cpr - 500mg',0,0,0,0,0,0,NULL,NULL,NULL,NULL,1),(22,'A','','Azitromicina - 15ml - xarope - 200mg/5ml',0,0,0,0,0,0,NULL,NULL,NULL,NULL,1),(23,'A','','BenzilPenicilina - frasco - 1 Mega',0,0,0,0,0,0,NULL,NULL,NULL,NULL,1),(24,'A','','BenzilPenicilina - frasco - 5 Mega',0,0,0,0,0,0,NULL,NULL,NULL,NULL,1),(27,'A','','Benzilpenicilina + Penicilina procaína (Fortificada) - frasco - 1 Mega',0,0,0,0,0,0,NULL,NULL,NULL,NULL,1),(28,'A','','Benzilpenicilina + Penicilina procaína (Fortificada) - frasco - 4 Mega',0,0,0,0,0,0,NULL,NULL,NULL,NULL,1),(29,'A','','Cefalexina - cpr - 500mg',0,0,0,0,0,0,NULL,NULL,NULL,NULL,1),(30,'A','','Cefalexina - 60ml - xarope - 125mg/5ml',0,0,0,0,0,0,NULL,NULL,NULL,NULL,1),(31,'A','','Cefazolina - frasco - 1g',0,0,0,0,0,0,NULL,NULL,NULL,NULL,1),(32,'A','','Cefotaxina - frasco - 1g',0,0,0,0,0,0,NULL,NULL,NULL,NULL,1),(33,'A','','Ceftazidima - frasco - 1g',0,0,0,0,0,0,NULL,NULL,NULL,NULL,1),(34,'A','','Ceftriaxone - amp - 250mg',0,0,0,0,0,0,NULL,NULL,NULL,NULL,1),(35,'A','','Ceftriaxone - amp - 500mg',0,0,0,0,0,0,NULL,NULL,NULL,NULL,1),(36,'A','','Ceftriaxone - amp - 1gr',0,0,0,0,0,0,NULL,NULL,NULL,NULL,1),(37,'A','','Ciprofloxacina - frasco - 200mg/100ml',0,0,0,0,0,0,NULL,NULL,NULL,NULL,1),(38,'A','','Ciprofloxacina - cpr - 250mg',0,0,0,0,0,0,NULL,NULL,NULL,NULL,1),(39,'A','','Ciprofloxacina - cpr - 500mg',0,0,0,0,0,0,NULL,NULL,NULL,NULL,1),(40,'A','','Claritromicina - cpr - 250 mg',0,0,0,0,0,0,NULL,NULL,NULL,NULL,1),(41,'A','','Cloramfenicole - cps - 250mg',0,0,0,0,0,0,NULL,NULL,NULL,NULL,1),(42,'A','','Cloramfenicole - amp - 1g/10ml',0,0,0,0,0,0,NULL,NULL,NULL,NULL,1),(43,'A','','Cloroquina - amp - 40mg/ml',0,0,0,0,0,0,NULL,NULL,NULL,NULL,1),(44,'A','','Cloroquina - cpr - 150mg base',0,0,0,0,0,0,NULL,NULL,NULL,NULL,1),(45,'A','','Cloxacilina - amp - 500mg',0,0,0,0,0,0,NULL,NULL,NULL,NULL,1),(46,'A','','Cloxacilina - cps - 250mg',0,0,0,0,0,0,NULL,NULL,NULL,NULL,1),(47,'A','','Cloxacilina - cps - 500mg',0,0,0,0,0,0,NULL,NULL,NULL,NULL,1),(48,'A','','Cotrimoxazole - cpr - 120mg',0,0,0,0,0,0,NULL,NULL,NULL,NULL,1),(49,'A','','Cotrimoxazole - cpr - 480mg',0,0,0,0,0,0,NULL,NULL,NULL,NULL,1),(50,'A','','Cotrimoxazole - cpr - 960mg',0,0,0,0,0,0,NULL,NULL,NULL,NULL,1),(51,'A','','Cotrimoxazole - amp - 480mg/5ml',0,0,0,0,0,0,NULL,NULL,NULL,NULL,1),(52,'A','','Cotrimoxazole - 60ml - xarope - 240mg/5ml',0,0,0,0,0,0,NULL,NULL,NULL,NULL,1),(53,'A','','Doxiciclina  - cpr - 100mg',0,0,0,0,0,0,NULL,NULL,NULL,NULL,1),(54,'A','','Eritromicina - cpr - 250mg',0,0,0,0,0,0,NULL,NULL,NULL,NULL,1),(55,'A','','Eritromicina - cpr - 500mg',0,0,0,0,0,0,NULL,NULL,NULL,NULL,1),(56,'A','','Eritromicina 60 ml - xarope  - 125mg/5ml',0,0,0,0,0,0,NULL,NULL,NULL,NULL,1),(57,'A','','Fluconazole - cps - 150mg',0,0,0,0,0,0,NULL,NULL,NULL,NULL,1),(58,'A','','Fluconazole - cpr - 200mg',0,0,0,0,0,0,NULL,NULL,NULL,NULL,1),(59,'A','','Gentamicina - 2ml - amp - 40mg/ml',0,0,0,0,0,0,NULL,NULL,NULL,NULL,1),(60,'A','','Gentamicina - 2ml - amp - 10mg/ml',0,0,0,0,0,0,NULL,NULL,NULL,NULL,1),(61,'A','','Ketoconazole  - cpr - 200mg',0,0,0,0,0,0,NULL,NULL,NULL,NULL,1),(62,'A','','Metronidazole - cpr - 250mg',0,0,0,0,0,0,NULL,NULL,NULL,NULL,1),(63,'A','','Metronidazole - cpr - 500mg',0,0,0,0,0,0,NULL,NULL,NULL,NULL,1),(64,'A','','Metronidazole - 100ml - frasco - 5mg/ml',0,0,0,0,0,0,NULL,NULL,NULL,NULL,1),(65,'A','','Metronidazole 60ml - xarope - 125mg/5ml',0,0,0,0,0,0,NULL,NULL,NULL,NULL,1),(66,'A','','Nitrofurantoina - cpr - 100mg',0,0,0,0,0,0,NULL,NULL,NULL,NULL,1),(67,'A','','Penicilina Benzatinica  - frasco - 2,4 Mega',0,0,0,0,0,0,NULL,NULL,NULL,NULL,1),(69,'A','','Penicilina Procaína - frasco - 1 Mega',0,0,0,0,0,0,NULL,NULL,NULL,NULL,1),(70,'A','','Penicilina V - cpr - 250mg',0,0,0,0,0,0,NULL,NULL,NULL,NULL,1),(71,'A','','Spectinomicina - frasco - 2g',0,0,0,0,0,0,NULL,NULL,NULL,NULL,1),(72,'A','','Sulfadiazina - cpr - 500mg',0,0,0,0,0,0,NULL,NULL,NULL,NULL,1),(73,'A','','Tetraciclina - cps - 250mg',0,0,0,0,0,0,NULL,NULL,NULL,NULL,1),(74,'B','','Álcool - frasco - 95°',0,0,0,0,0,0,NULL,NULL,NULL,NULL,1),(75,'B','','Álcool Etílico - 250ml - frasco - 96%',0,0,0,0,0,0,NULL,NULL,NULL,NULL,1),(76,'B','','Álcool Etílico - 500ml - frasco - 70%',0,0,0,0,0,0,NULL,NULL,NULL,NULL,1),(77,'B','','Ammonium Oxalate 1\'hydrate PRS - frasco - 1000gr',0,0,0,0,0,0,NULL,NULL,NULL,NULL,1),(78,'B','','Amoniaco - 1L - garrafa - 25%',0,0,0,0,0,0,NULL,NULL,NULL,NULL,1),(79,'B','','Blue methylene - frasco - 1000ml',0,0,0,0,0,0,NULL,NULL,NULL,NULL,1),(80,'B','','Bolsas para transfusão de sangue - 250ml - unidade',0,0,0,0,0,0,NULL,NULL,NULL,NULL,1),(81,'B','','Bolsas para transfusão de sangue - 450ml - unidade',0,0,0,0,0,0,NULL,NULL,NULL,NULL,1),(82,'B','','Giemsa - frasco - 500ml',0,0,0,0,0,0,NULL,NULL,NULL,NULL,1),(83,'B','','Hepatite B teste - unidade',0,0,0,0,0,0,NULL,NULL,NULL,NULL,1),(84,'B','','Lancetas - unidade',0,0,0,0,0,0,NULL,NULL,NULL,NULL,1),(85,'B','','Lugol\'s iodine solução - frasco - 1 lt',0,0,0,0,0,0,NULL,NULL,NULL,NULL,1),(86,'B','','Metanolo  - garrafa - 5 lt',0,0,0,0,0,0,NULL,NULL,NULL,NULL,1),(87,'B','','Óleo de imersão - frasco - 100ml',0,0,0,0,0,0,NULL,NULL,NULL,NULL,1),(88,'B','','Pipeta de embolo - unidade',0,0,0,0,0,0,NULL,NULL,NULL,NULL,1),(89,'B','','Potassium Hydrogénophosphate anhydre - frascos - 500gr',0,0,0,0,0,0,NULL,NULL,NULL,NULL,1),(90,'B','','Sistema para transfusão de sangue - lab',0,0,0,0,0,0,NULL,NULL,NULL,NULL,1),(91,'B','','Sódio Hydrogénophosphate anhydre - frasco - 500gr',0,0,0,0,0,0,NULL,NULL,NULL,NULL,1),(92,'B','','Teste de gravidez - kit',0,0,0,0,0,0,NULL,NULL,NULL,NULL,1),(93,'B','','Teste Rápido Hepatite B - fita',0,0,0,0,0,0,NULL,NULL,NULL,NULL,1),(94,'B','','Teste Rápido Hepatite C - fita',0,0,0,0,0,0,NULL,NULL,NULL,NULL,1),(95,'B','','Teste Rápido Malaria - kit',0,0,0,0,0,0,NULL,NULL,NULL,NULL,1),(96,'B','','Teste Rápido Sifílide - kit',0,0,0,0,0,0,NULL,NULL,NULL,NULL,1),(97,'C','','Adesivo perforado - rolo - 10cmx5mt',0,0,0,0,0,0,NULL,NULL,NULL,NULL,1),(98,'C','','Adesivo perforado - rolo - 18cmx5mt',0,0,0,0,0,0,NULL,NULL,NULL,NULL,1),(99,'C','','Agulha Artrocentese - unidade - 18G',0,0,0,0,0,0,NULL,NULL,NULL,NULL,1),(100,'C','','Agulha Dentaria - unidade - 30G',0,0,0,0,0,0,NULL,NULL,NULL,NULL,1),(101,'C','','Agulha Espinal - unidade - 20G',0,0,0,0,0,0,NULL,NULL,NULL,NULL,1),(102,'C','','Agulha Espinal - unidade - 22G',0,0,0,0,0,0,NULL,NULL,NULL,NULL,1),(103,'C','','Agulha Espinal - unidade - 27G',0,0,0,0,0,0,NULL,NULL,NULL,NULL,1),(104,'C','','Algodão para gesso - rolo - 500gr',0,0,0,0,0,0,NULL,NULL,NULL,NULL,1),(105,'C','','Bata Descartável - item',0,0,0,0,0,0,NULL,NULL,NULL,NULL,1),(106,'C','','Bisturi - unidade - 10',0,0,0,0,0,0,NULL,NULL,NULL,NULL,1),(107,'C','','Bisturi - unidade - 11',0,0,0,0,0,0,NULL,NULL,NULL,NULL,1),(108,'C','','Bisturi - unidade - 12',0,0,0,0,0,0,NULL,NULL,NULL,NULL,1),(109,'C','','Bisturi - unidade - 13',0,0,0,0,0,0,NULL,NULL,NULL,NULL,1),(110,'C','','Bisturi - unidade - 15',0,0,0,0,0,0,NULL,NULL,NULL,NULL,1),(111,'C','','Bisturi - unidade - 17',0,0,0,0,0,0,NULL,NULL,NULL,NULL,1),(112,'C','','Bisturi - unidade - 18',0,0,0,0,0,0,NULL,NULL,NULL,NULL,1),(113,'C','','Bisturi - unidade - 19',0,0,0,0,0,0,NULL,NULL,NULL,NULL,1),(114,'C','','Bisturi - unidade - 20',0,0,0,0,0,0,NULL,NULL,NULL,NULL,1),(115,'C','','Bisturi - unidade - 21',0,0,0,0,0,0,NULL,NULL,NULL,NULL,1),(116,'C','','Bisturi - unidade - 22',0,0,0,0,0,0,NULL,NULL,NULL,NULL,1),(117,'C','','Bisturi - unidade - 23',0,0,0,0,0,0,NULL,NULL,NULL,NULL,1),(118,'C','','Cânulas para traqueostomia - unidade',0,0,0,0,0,0,NULL,NULL,NULL,NULL,1),(119,'C','','Compressas de gaze estéril - unidade - 5cmx5cm',0,0,0,0,0,0,NULL,NULL,NULL,NULL,1),(120,'C','','Compressas de gaze estéril - unidade - 10cmx10cm',0,0,0,0,0,0,NULL,NULL,NULL,NULL,1),(121,'C','','Esponjas Cirúrgicas - unidade',0,0,0,0,0,0,NULL,NULL,NULL,NULL,1),(122,'C','','Fio de sutura - unidade - 1',0,0,0,0,0,0,NULL,NULL,NULL,NULL,1),(123,'C','','Fio de sutura - unidade - 2',0,0,0,0,0,0,NULL,NULL,NULL,NULL,1),(124,'C','','Fio de sutura - unidade - 1/0',0,0,0,0,0,0,NULL,NULL,NULL,NULL,1),(125,'C','','Fio de sutura - unidade - 2/0',0,0,0,0,0,0,NULL,NULL,NULL,NULL,1),(126,'C','','Fio de sutura - unidade - 3/0',0,0,0,0,0,0,NULL,NULL,NULL,NULL,1),(127,'C','','Fio de sutura - unidade - 5/0',0,0,0,0,0,0,NULL,NULL,NULL,NULL,1),(128,'C','','Fio de sutura - unidade - 6/0',0,0,0,0,0,0,NULL,NULL,NULL,NULL,1),(129,'C','','Fio de sutura - unidade - 7/0',0,0,0,0,0,0,NULL,NULL,NULL,NULL,1),(130,'C','','Fio de sutura acido poliglicolico - unidade - 3/0',0,0,0,0,0,0,NULL,NULL,NULL,NULL,1),(131,'C','','Fio de sutura Black Braided Silk - unidade - 0',0,0,0,0,0,0,NULL,NULL,NULL,NULL,1),(132,'C','','Fio de sutura Black Braided Silk - unidade - 5/0',0,0,0,0,0,0,NULL,NULL,NULL,NULL,1),(133,'C','','Fio de sutura Black Braided Silk - unidade - 6/0',0,0,0,0,0,0,NULL,NULL,NULL,NULL,1),(134,'C','','Fio de sutura Black Braided Silk - unidade - 7/0',0,0,0,0,0,0,NULL,NULL,NULL,NULL,1),(135,'C','','Fio de sutura catgut crómico - unidade - 2/0',0,0,0,0,0,0,NULL,NULL,NULL,NULL,1),(136,'C','','Fio de sutura catgut crómico - unidade - 3/0',0,0,0,0,0,0,NULL,NULL,NULL,NULL,1),(137,'C','','Fio de sutura Nylon monofilamento - unidade - 1/0',0,0,0,0,0,0,NULL,NULL,NULL,NULL,1),(138,'C','','Fio de sutura Poliester - unidade - 4/0',0,0,0,0,0,0,NULL,NULL,NULL,NULL,1),(139,'C','','Fio de sutura seda - unidade - 3/0',0,0,0,0,0,0,NULL,NULL,NULL,NULL,1),(140,'C','','Fio de sutura seda preta - unidade - 0',0,0,0,0,0,0,NULL,NULL,NULL,NULL,1),(141,'C','','Fio de sutura seda troncada  - unidade - 1/0',0,0,0,0,0,0,NULL,NULL,NULL,NULL,1),(142,'C','','Fio de sutura seda troncada  - unidade - 2/0',0,0,0,0,0,0,NULL,NULL,NULL,NULL,1),(143,'C','','Fio de sutura Vicryl - unidade - 0',0,0,0,0,0,0,NULL,NULL,NULL,NULL,1),(144,'C','','Fio de sutura Vicryl - unidade - 1/0',0,0,0,0,0,0,NULL,NULL,NULL,NULL,1),(145,'C','','Fio de sutura Vicryl - unidade - 2/0',0,0,0,0,0,0,NULL,NULL,NULL,NULL,1),(146,'C','','Fio de sutura Vicryl - unidade - 3/0',0,0,0,0,0,0,NULL,NULL,NULL,NULL,1),(147,'C','','Gaze compressa - Estéril - 12 - pacote - 5cmx5cm',0,0,0,0,0,0,NULL,NULL,NULL,NULL,1),(148,'C','','Gaze compressa - Estéril - 12 - pacote - 10cmx10cm',0,0,0,0,0,0,NULL,NULL,NULL,NULL,1),(149,'C','','Gaze compressa - Não estéril - 12 - pacote - 10cmx10cm',0,0,0,0,0,0,NULL,NULL,NULL,NULL,1),(150,'C','','Gaze compressa -Não estéril - 12 - pacote - 5cmx5cm',0,0,0,0,0,0,NULL,NULL,NULL,NULL,1),(151,'C','','Gaze parafinada - unidade - 10x10cm',0,0,0,0,0,0,NULL,NULL,NULL,NULL,1),(152,'C','','Ligadura de gaze - rolo - 5cmx5mt',0,0,0,0,0,0,NULL,NULL,NULL,NULL,1),(153,'C','','Ligadura de gaze - rolo - 7,5cmx5mt',0,0,0,0,0,0,NULL,NULL,NULL,NULL,1),(154,'C','','Ligadura de gaze - rolo - 10cmx5mt',0,0,0,0,0,0,NULL,NULL,NULL,NULL,1),(155,'C','','Ligadura elástica - rolo - 8cmx5mt',0,0,0,0,0,0,NULL,NULL,NULL,NULL,1),(156,'C','','Ligadura elástica - rolo - 10cmx5mt',0,0,0,0,0,0,NULL,NULL,NULL,NULL,1),(157,'C','','Ligadura para gesso - rolo - 7,5cmx2,7mt',0,0,0,0,0,0,NULL,NULL,NULL,NULL,1),(158,'C','','Ligadura para gesso - rolo - 10cmx2,7mt',0,0,0,0,0,0,NULL,NULL,NULL,NULL,1),(159,'C','','Ligadura para gesso - rolo - 15cmx2,7mt',0,0,0,0,0,0,NULL,NULL,NULL,NULL,1),(160,'C','','Ligadura para gesso - rolo - 20cmx2,7mt',0,0,0,0,0,0,NULL,NULL,NULL,NULL,1),(161,'C','','Luvas ginecológicas estéreis - par - curto',0,0,0,0,0,0,NULL,NULL,NULL,NULL,1),(162,'C','','Luvas ginecológicas estéreis - par - medio',0,0,0,0,0,0,NULL,NULL,NULL,NULL,1),(163,'C','','Luvas ginecológicas estéreis - par - largo',0,0,0,0,0,0,NULL,NULL,NULL,NULL,1),(164,'C','','Mascara descartável cirúrgica - unidade',0,0,0,0,0,0,NULL,NULL,NULL,NULL,1),(165,'C','','Rolo de gaze - unidade - 90cmx100mt',0,0,0,0,0,0,NULL,NULL,NULL,NULL,1),(166,'C','','Saco para colostomia',0,0,0,0,0,0,NULL,NULL,NULL,NULL,1),(167,'C','','Tubo de dreno - unidade - 10G',0,0,0,0,0,0,NULL,NULL,NULL,NULL,1),(168,'C','','Tubo de dreno - unidade - 12G',0,0,0,0,0,0,NULL,NULL,NULL,NULL,1),(169,'C','','Tubo de dreno - unidade - 14G',0,0,0,0,0,0,NULL,NULL,NULL,NULL,1),(170,'C','','Tubo de dreno - unidade - 16G',0,0,0,0,0,0,NULL,NULL,NULL,NULL,1),(171,'C','','Tubo de dreno - unidade - 18G',0,0,0,0,0,0,NULL,NULL,NULL,NULL,1),(172,'C','','Tubo de dreno - unidade - 20G',0,0,0,0,0,0,NULL,NULL,NULL,NULL,1),(173,'C','','Tubo de dreno - unidade - 22G',0,0,0,0,0,0,NULL,NULL,NULL,NULL,1),(174,'C','','Tubo de dreno - unidade - 24G',0,0,0,0,0,0,NULL,NULL,NULL,NULL,1),(175,'E','','Aspirador manual - item',0,0,0,0,0,0,NULL,NULL,NULL,NULL,1),(176,'E','','Aventais plásticos brancos - item',0,0,0,0,0,0,NULL,NULL,NULL,NULL,1),(177,'E','','Aventais plásticos verdes - item',0,0,0,0,0,0,NULL,NULL,NULL,NULL,1),(178,'E','','Balança para criança - item',0,0,0,0,0,0,NULL,NULL,NULL,NULL,1),(179,'E','','Bata Branca - item',0,0,0,0,0,0,NULL,NULL,NULL,NULL,1),(180,'E','','Bata verde - item',0,0,0,0,0,0,NULL,NULL,NULL,NULL,1),(181,'E','','Blocos - unidade',0,0,0,0,0,0,NULL,NULL,NULL,NULL,1),(182,'E','','Camisa verde - item - corto',0,0,0,0,0,0,NULL,NULL,NULL,NULL,1),(183,'E','','Camisa verde - item - médio',0,0,0,0,0,0,NULL,NULL,NULL,NULL,1),(184,'E','','Camisa verde - item - largo',0,0,0,0,0,0,NULL,NULL,NULL,NULL,1),(185,'E','','Colares Cervicais - unidade',0,0,0,0,0,0,NULL,NULL,NULL,NULL,1),(186,'E','','Esfigmomanómetro - item',0,0,0,0,0,0,NULL,NULL,NULL,NULL,1),(188,'E','','Especulo vaginal - item',0,0,0,0,0,0,NULL,NULL,NULL,NULL,1),(189,'E','','Estetoscópio - unidade',0,0,0,0,0,0,NULL,NULL,NULL,NULL,1),(190,'E','','Lapiseiras - unidade',0,0,0,0,0,0,NULL,NULL,NULL,NULL,1),(191,'E','','Lençol - item',0,0,0,0,0,0,NULL,NULL,NULL,NULL,1),(192,'E','','Mascara com filtro - unidade',0,0,0,0,0,0,NULL,NULL,NULL,NULL,1),(193,'E','','Mascara com viseira - unidade',0,0,0,0,0,0,NULL,NULL,NULL,NULL,1),(194,'E','','MUAC - fita - unidade',0,0,0,0,0,0,NULL,NULL,NULL,NULL,1),(195,'E','','Prontuário com descrições Farmacêuticas - unidade',0,0,0,0,0,0,NULL,NULL,NULL,NULL,1),(196,'E','','Rede Mosquiteira - item',0,0,0,0,0,0,NULL,NULL,NULL,NULL,1),(197,'E','','Saco para Balanças - item',0,0,0,0,0,0,NULL,NULL,NULL,NULL,1),(198,'E','','Saquinho para medicamentos - unidade',0,0,0,0,0,0,NULL,NULL,NULL,NULL,1),(199,'E','','Suporte para pesar a criança - item',0,0,0,0,0,0,NULL,NULL,NULL,NULL,1),(200,'E','','Termómetro Clinico - unidade',0,0,0,0,0,0,NULL,NULL,NULL,NULL,1),(201,'E','','Toalha Cirúrgica verde - unidade',0,0,0,0,0,0,NULL,NULL,NULL,NULL,1),(202,'E','','Toucas verde - unidade',0,0,0,0,0,0,NULL,NULL,NULL,NULL,1),(203,'G','','Adesivo - rolo - 2,5cmx5mt',0,0,0,0,0,0,NULL,NULL,NULL,NULL,1),(204,'G','','Adesivo - rolo - 5cmx5mt',0,0,0,0,0,0,NULL,NULL,NULL,NULL,1),(205,'G','','Adesivo - rolo - 7,5cmx5mt',0,0,0,0,0,0,NULL,NULL,NULL,NULL,1),(206,'G','','Agulha - unidade - 18G',0,0,0,0,0,0,NULL,NULL,NULL,NULL,1),(207,'G','','Agulha - unidade - 19G',0,0,0,0,0,0,NULL,NULL,NULL,NULL,1),(208,'G','','Agulha - unidade - 20G',0,0,0,0,0,0,NULL,NULL,NULL,NULL,1),(209,'G','','Agulha - unidade - 21G',0,0,0,0,0,0,NULL,NULL,NULL,NULL,1),(210,'G','','Agulha - unidade - 22G',0,0,0,0,0,0,NULL,NULL,NULL,NULL,1),(211,'G','','Agulha - unidade - 23G',0,0,0,0,0,0,NULL,NULL,NULL,NULL,1),(212,'G','','Agulha - unidade - 25G',0,0,0,0,0,0,NULL,NULL,NULL,NULL,1),(213,'G','','Agulha com aletas - unidade - 23G',0,0,0,0,0,0,NULL,NULL,NULL,NULL,1),(214,'G','','Agulha com aletas - unidade - 21G',0,0,0,0,0,0,NULL,NULL,NULL,NULL,1),(215,'G','','Algália de Foley - unidade - N°8',0,0,0,0,0,0,NULL,NULL,NULL,NULL,1),(216,'G','','Algália de Foley - unidade - N°10',0,0,0,0,0,0,NULL,NULL,NULL,NULL,1),(217,'G','','Algália de Foley - unidade - N°12',0,0,0,0,0,0,NULL,NULL,NULL,NULL,1),(218,'G','','Algália de Foley - unidade - N°14',0,0,0,0,0,0,NULL,NULL,NULL,NULL,1),(219,'G','','Algália de Foley - unidade - N°16',0,0,0,0,0,0,NULL,NULL,NULL,NULL,1),(220,'G','','Algália de Foley - unidade - N°18',0,0,0,0,0,0,NULL,NULL,NULL,NULL,1),(221,'G','','Algália de Foley - unidade - N°20',0,0,0,0,0,0,NULL,NULL,NULL,NULL,1),(222,'G','','Baixa língua - unidade',0,0,0,0,0,0,NULL,NULL,NULL,NULL,1),(223,'G','','Cânula - unidade - N° 14',0,0,0,0,0,0,NULL,NULL,NULL,NULL,1),(224,'G','','Cânula - unidade - N° 16',0,0,0,0,0,0,NULL,NULL,NULL,NULL,1),(225,'G','','Cânula - unidade - N° 18',0,0,0,0,0,0,NULL,NULL,NULL,NULL,1),(226,'G','','Cânula - unidade - N° 20',0,0,0,0,0,0,NULL,NULL,NULL,NULL,1),(227,'G','','Cânula - unidade - N° 22',0,0,0,0,0,0,NULL,NULL,NULL,NULL,1),(228,'G','','Cânula - unidade - N° 24',0,0,0,0,0,0,NULL,NULL,NULL,NULL,1),(229,'G','','Clamp. P/Cordão umbilical - unidade',0,0,0,0,0,0,NULL,NULL,NULL,NULL,1),(230,'G','','Gel para ecografia - frasco - 250ml',0,0,0,0,0,0,NULL,NULL,NULL,NULL,1),(231,'G','','Luvas de borracha - unidade - curto',0,0,0,0,0,0,NULL,NULL,NULL,NULL,1),(232,'G','','Luvas de borracha - unidade - medio',0,0,0,0,0,0,NULL,NULL,NULL,NULL,1),(233,'G','','Luvas de borracha - unidade - largo',0,0,0,0,0,0,NULL,NULL,NULL,NULL,1),(234,'G','','Luvas descartáveis - 100 unidades - pacote - curto',0,0,0,0,0,0,NULL,NULL,NULL,NULL,1),(235,'G','','Luvas descartáveis - 100 unidades - pacote - medio',0,0,0,0,0,0,NULL,NULL,NULL,NULL,1),(236,'G','','Luvas descartáveis - 100 unidades - pacote - largo',0,0,0,0,0,0,NULL,NULL,NULL,NULL,1),(237,'G','','Luvas estéreis - par - 7',0,0,0,0,0,0,NULL,NULL,NULL,NULL,1),(238,'G','','Luvas estéreis - par - 7,5',0,0,0,0,0,0,NULL,NULL,NULL,NULL,1),(239,'G','','Luvas estéreis - par - 8',0,0,0,0,0,0,NULL,NULL,NULL,NULL,1),(240,'G','','Luvas estéreis - par - 8,5',0,0,0,0,0,0,NULL,NULL,NULL,NULL,1),(241,'G','','Mascara de papel - unidade',0,0,0,0,0,0,NULL,NULL,NULL,NULL,1),(242,'G','','Mascara particulate - unidade',0,0,0,0,0,0,NULL,NULL,NULL,NULL,1),(243,'G','','Mascaras com nebulizador - unidade',0,0,0,0,0,0,NULL,NULL,NULL,NULL,1),(244,'G','','Pó\' para preparação de luvas - sacos',0,0,0,0,0,0,NULL,NULL,NULL,NULL,1),(245,'G','','Preservativos - unidade',0,0,0,0,0,0,NULL,NULL,NULL,NULL,1),(246,'G','','Rolo de papel (50cmx100m) - unidade',0,0,0,0,0,0,NULL,NULL,NULL,NULL,1),(247,'G','','Saco para urina - 2000ml - unidade',0,0,0,0,0,0,NULL,NULL,NULL,NULL,1),(248,'G','','Saco para urina (pediátrico) - 100ml - unidade',0,0,0,0,0,0,NULL,NULL,NULL,NULL,1),(249,'G','','Seringa - unidade - 0,5cc',0,0,0,0,0,0,NULL,NULL,NULL,NULL,1),(250,'G','','Seringa - unidade - 1cc',0,0,0,0,0,0,NULL,NULL,NULL,NULL,1),(251,'G','','Seringa - unidade - 2cc',0,0,0,0,0,0,NULL,NULL,NULL,NULL,1),(252,'G','','Seringa - unidade - 2,5cc',0,0,0,0,0,0,NULL,NULL,NULL,NULL,1),(253,'G','','Seringa - unidade - 5cc',0,0,0,0,0,0,NULL,NULL,NULL,NULL,1),(254,'G','','Seringa - unidade - 10cc',0,0,0,0,0,0,NULL,NULL,NULL,NULL,1),(255,'G','','Seringa - unidade - 18cc',0,0,0,0,0,0,NULL,NULL,NULL,NULL,1),(256,'G','','Seringa - unidade - 21cc',0,0,0,0,0,0,NULL,NULL,NULL,NULL,1),(257,'G','','Seringa - unidade - 20cc',0,0,0,0,0,0,NULL,NULL,NULL,NULL,1),(258,'G','','Seringa para insulina - unidade - 1ml',0,0,0,0,0,0,NULL,NULL,NULL,NULL,1),(259,'G','','Sistema para soro - unidade',0,0,0,0,0,0,NULL,NULL,NULL,NULL,1),(260,'G','','Sonda nasogastrica - unidade - N° 5',0,0,0,0,0,0,NULL,NULL,NULL,NULL,1),(261,'G','','Sonda nasogastrica - unidade - N° 6',0,0,0,0,0,0,NULL,NULL,NULL,NULL,1),(262,'G','','Sonda nasogastrica - unidade - N° 8',0,0,0,0,0,0,NULL,NULL,NULL,NULL,1),(263,'G','','Sonda nasogastrica - unidade - N° 9',0,0,0,0,0,0,NULL,NULL,NULL,NULL,1),(264,'G','','Sonda nasogastrica - unidade - N° 10',0,0,0,0,0,0,NULL,NULL,NULL,NULL,1),(265,'G','','Sonda nasogastrica - unidade - N° 12',0,0,0,0,0,0,NULL,NULL,NULL,NULL,1),(266,'G','','Sonda nasogastrica - unidade - N° 20',0,0,0,0,0,0,NULL,NULL,NULL,NULL,1),(267,'G','','Sonda nasogastrica - unidade - N° 14',0,0,0,0,0,0,NULL,NULL,NULL,NULL,1),(268,'G','','Sonda nasogastrica - unidade - N° 16',0,0,0,0,0,0,NULL,NULL,NULL,NULL,1),(269,'G','','Sonda nasogastrica - unidade - N° 18',0,0,0,0,0,0,NULL,NULL,NULL,NULL,1),(270,'I','','Ac. tranexamico - amp - 500mg/5ml',0,0,0,0,0,0,NULL,NULL,NULL,NULL,1),(271,'I','','Acido aminocaproico (Epsicapron) - amp - 2,5g/10ml',0,0,0,0,0,0,NULL,NULL,NULL,NULL,1),(272,'I','','Adrenalina (Epinefrine)  - amp - 1mg/1ml',0,0,0,0,0,0,NULL,NULL,NULL,NULL,1),(273,'I','','Agua p/injeções  - amp - 5ml',0,0,0,0,0,0,NULL,NULL,NULL,NULL,1),(274,'I','','Agua p/injeções  - amp - 10ml',0,0,0,0,0,0,NULL,NULL,NULL,NULL,1),(275,'I','','Aminofilina - amp - 250mg/10ml',0,0,0,0,0,0,NULL,NULL,NULL,NULL,1),(276,'I','','Atropina  - amp - 1mg/1ml',0,0,0,0,0,0,NULL,NULL,NULL,NULL,1),(277,'I','','Atropina  - amp - 0,5mg/1ml',0,0,0,0,0,0,NULL,NULL,NULL,NULL,1),(278,'I','','Bicarbonato de sódio - 20ml - amp - 8,4%',0,0,0,0,0,0,NULL,NULL,NULL,NULL,1),(279,'I','','Butilbromuro de hyoscina (Buscopan) - amp - 20mg/1ml',0,0,0,0,0,0,NULL,NULL,NULL,NULL,1),(280,'I','','Cálcio Gluconato - amp - 1g/10ml',0,0,0,0,0,0,NULL,NULL,NULL,NULL,1),(281,'I','','Cálcio Gluconato - 5ml - amp - 500mg/ml',0,0,0,0,0,0,NULL,NULL,NULL,NULL,1),(282,'I','','Cimetidina - amp - 200mg/2ml',0,0,0,0,0,0,NULL,NULL,NULL,NULL,1),(283,'I','','Cloreto de potássio  - amp - 1g/10ml',0,0,0,0,0,0,NULL,NULL,NULL,NULL,1),(284,'I','','Cloreto de potássio - 7,5% - amp - 750mg/10ml',0,0,0,0,0,0,NULL,NULL,NULL,NULL,1),(285,'I','','Dexamethazona - 1ml - amp - 4mg/ml',0,0,0,0,0,0,NULL,NULL,NULL,NULL,1),(286,'I','','Dexamethazona - 2ml - amp - 4mg/ml',0,0,0,0,0,0,NULL,NULL,NULL,NULL,1),(287,'I','','Diclofenac - amp - 75mg/3ml',0,0,0,0,0,0,NULL,NULL,NULL,NULL,1),(288,'I','','Difenidramina  - amp - 20mg/2ml',0,0,0,0,0,0,NULL,NULL,NULL,NULL,1),(289,'I','','Digoxina - amp - 0,5mg/2ml',0,0,0,0,0,0,NULL,NULL,NULL,NULL,1),(290,'I','','Dipirona - amp - 500mg/ml',0,0,0,0,0,0,NULL,NULL,NULL,NULL,1),(291,'I','','Dipirona - amp - 2,5g/5ml',0,0,0,0,0,0,NULL,NULL,NULL,NULL,1),(292,'I','','Dopamina (BASI) - amp - 200mg/5ml',0,0,0,0,0,0,NULL,NULL,NULL,NULL,1),(293,'I','','Furosemida  - amp - 20mg/2ml',0,0,0,0,0,0,NULL,NULL,NULL,NULL,1),(294,'I','','Furosemida  - amp - 10mg/2ml',0,0,0,0,0,0,NULL,NULL,NULL,NULL,1),(295,'I','','Gluconato de Cálcio  - amp - 1g - 10%',0,0,0,0,0,0,NULL,NULL,NULL,NULL,1),(296,'I','','Heparina - 5ml - amp - 5000 U.I./ml',0,0,0,0,0,0,NULL,NULL,NULL,NULL,1),(297,'I','','Hidralazina - 1ml - amp - 20mg/ml',0,0,0,0,0,0,NULL,NULL,NULL,NULL,1),(298,'I','','Hidrocortisona - amp - 100mg',0,0,0,0,0,0,NULL,NULL,NULL,NULL,1),(299,'I','','Metilergometrina- 1ml - amp - 0,2mg/ml',0,0,0,0,0,0,NULL,NULL,NULL,NULL,1),(300,'I','','Metilprednisolona (sucinato sódico) - frasco - 1gr',0,0,0,0,0,0,NULL,NULL,NULL,NULL,1),(301,'I','','Metoclopramida - 2ml - amp - 5mg/ml',0,0,0,0,0,0,NULL,NULL,NULL,NULL,1),(302,'I','','Nitroglicerina - 10ml - amp - 5mg/ml',0,0,0,0,0,0,NULL,NULL,NULL,NULL,1),(303,'I','','Nitroglicerina - 5ml - amp - 5mg/ml',0,0,0,0,0,0,NULL,NULL,NULL,NULL,1),(304,'I','','Oxitocina - 1ml - amp - 10UI/ml',0,0,0,0,0,0,NULL,NULL,NULL,NULL,1),(305,'I','','Piracetam - 15ml - amp - 1gr/5ml',0,0,0,0,0,0,NULL,NULL,NULL,NULL,1),(306,'I','','Piracetam - 30ml - amp - 1gr/5ml',0,0,0,0,0,0,NULL,NULL,NULL,NULL,1),(307,'I','','Prednisolona - 1ml - amp - 25mg',0,0,0,0,0,0,NULL,NULL,NULL,NULL,1),(308,'I','','Prednisolona - 5ml - amp - 250mg',0,0,0,0,0,0,NULL,NULL,NULL,NULL,1),(309,'I','','Progesterona - amp - 150mg',0,0,0,0,0,0,NULL,NULL,NULL,NULL,1),(310,'I','','Progesterona - amp - 25mg',0,0,0,0,0,0,NULL,NULL,NULL,NULL,1),(311,'I','','Progesterona (Depo-provera) - amp - 150mg/ml',0,0,0,0,0,0,NULL,NULL,NULL,NULL,1),(312,'I','','Prometazina - 2ml - amp - 25mg/ml',0,0,0,0,0,0,NULL,NULL,NULL,NULL,1),(313,'I','','Ranitidina - 5ml - amp - 10mg/ml',0,0,0,0,0,0,NULL,NULL,NULL,NULL,1),(314,'I','','Salbutamol - 1ml - amp - 0,5mg/ml',0,0,0,0,0,0,NULL,NULL,NULL,NULL,1),(315,'I','','Sódio bicarbonato - 10ml - amp - 8,4%',0,0,0,0,0,0,NULL,NULL,NULL,NULL,1),(316,'I','','Solfato de Magnésio - 10ml (50%) - amp - 500mg/ml',0,0,0,0,0,0,NULL,NULL,NULL,NULL,1),(317,'I','','Vacina anti-rabia (Rabisin) - amp - 1ml',0,0,0,0,0,0,NULL,NULL,NULL,NULL,1),(318,'L','','Dapsone + Rifampicina (MDT-COMBI) - blister - 50mg+450mg',0,0,0,0,0,0,NULL,NULL,NULL,NULL,1),(319,'L','','Dapsone + Rifampicina (MDT-COMBI) - blister - 100mg+600mg',0,0,0,0,0,0,NULL,NULL,NULL,NULL,1),(320,'L','','Estreptomicina - frasco - 1g',0,0,0,0,0,0,NULL,NULL,NULL,NULL,1),(321,'L','','Etambutolo  - cpr - 400mg',0,0,0,0,0,0,NULL,NULL,NULL,NULL,1),(322,'L','','Etambutolo + Hisoniazida - cpr - 400+150mg',0,0,0,0,0,0,NULL,NULL,NULL,NULL,1),(323,'L','','Isoniazida - cpr - 100mg',0,0,0,0,0,0,NULL,NULL,NULL,NULL,1),(324,'L','','Isoniazida - cpr - 300mg',0,0,0,0,0,0,NULL,NULL,NULL,NULL,1),(325,'L','','Pirazinamida - cpr - 400mg',0,0,0,0,0,0,NULL,NULL,NULL,NULL,1),(326,'L','','Rif + Iso + Piraz + Etam (composto) - cpr - 150+75+400+275mg',0,0,0,0,0,0,NULL,NULL,NULL,NULL,1),(327,'L','','Rifampicina + Hisoniazida - cpr - 300+150mg',0,0,0,0,0,0,NULL,NULL,NULL,NULL,1),(328,'L','','Rifampicina + Isoniazida - cpr - 150mg/100mg',0,0,0,0,0,0,NULL,NULL,NULL,NULL,1),(329,'L','','Rifampicina + Isoniazida - cpr - 150mg/75mg',0,0,0,0,0,0,NULL,NULL,NULL,NULL,1),(330,'L','','Rifampicina + Isoniazida + Etambutol - cpr - 150mg/75mg/275mg',0,0,0,0,0,0,NULL,NULL,NULL,NULL,1),(331,'M','','Amodiaquina - cpr - 200mg',0,0,0,0,0,0,NULL,NULL,NULL,NULL,1),(332,'M','','Artesunate - frasco - 60mg/6ml',0,0,0,0,0,0,NULL,NULL,NULL,NULL,1),(333,'M','','Artesunate - supp - 50mg',0,0,0,0,0,0,NULL,NULL,NULL,NULL,1),(334,'M','','Artesunate - supp - 200mg',0,0,0,0,0,0,NULL,NULL,NULL,NULL,1),(335,'M','','Artesunate+Amodiaquina - 3 cpr - blister - 100mg/270mg',0,0,0,0,0,0,NULL,NULL,NULL,NULL,1),(336,'M','','Artesunate+Amodiaquina - 3 cpr - blister - 50mg/136mg',0,0,0,0,0,0,NULL,NULL,NULL,NULL,1),(337,'M','','Artesunate+Amodiaquina - 3 cpr - blister - 25mg/67,5mg',0,0,0,0,0,0,NULL,NULL,NULL,NULL,1),(338,'M','','Artesunate+Amodiaquina - 6 cpr - blister - 100mg/270mg',0,0,0,0,0,0,NULL,NULL,NULL,NULL,1),(339,'M','','Arthemeter - amp - 20mg/1ml',0,0,0,0,0,0,NULL,NULL,NULL,NULL,1),(340,'M','','Arthemeter - amp - 80mg/1ml',0,0,0,0,0,0,NULL,NULL,NULL,NULL,1),(341,'M','','Coartem 12 cpr - laminas - 20+120mg',0,0,0,0,0,0,NULL,NULL,NULL,NULL,1),(342,'M','','Coartem 18 cpr - laminas - 20+120mg',0,0,0,0,0,0,NULL,NULL,NULL,NULL,1),(343,'M','','Coartem 24 cpr - laminas - 20+120mg',0,0,0,0,0,0,NULL,NULL,NULL,NULL,1),(344,'M','','Coartem 6 cpr - laminas - 20+120mg',0,0,0,0,0,0,NULL,NULL,NULL,NULL,1),(345,'M','','Quinino - cpr - 300mg',0,0,0,0,0,0,NULL,NULL,NULL,NULL,1),(346,'M','','Quinino - 2ml - amp - 300mg/ml',0,0,0,0,0,0,NULL,NULL,NULL,NULL,1),(347,'M','','Quinino - 2ml - amp - 150mg/ml',0,0,0,0,0,0,NULL,NULL,NULL,NULL,1),(348,'M','','Sulphadoxina+Pirimetamina - cpr - 500+25mg',0,0,0,0,0,0,NULL,NULL,NULL,NULL,1),(349,'N','','Acido ascorbico (Vitamina C) - cpr - 500mg',0,0,0,0,0,0,NULL,NULL,NULL,NULL,1),(350,'N','','Acido ascorbico (Vitamina C) - amp - 500mg/5ml',0,0,0,0,0,0,NULL,NULL,NULL,NULL,1),(351,'N','','Acido ascorbico (Vitamina C) - 10ml - gotas orais - 100mg/ml',0,0,0,0,0,0,NULL,NULL,NULL,NULL,1),(352,'N','','Acido Fólico - cpr - 5mg',0,0,0,0,0,0,NULL,NULL,NULL,NULL,1),(353,'N','','Ferro Fumarato - 50ml - xarope - 100mg/5ml',0,0,0,0,0,0,NULL,NULL,NULL,NULL,1),(354,'N','','Ferro Sulfato - cpr - 200mg',0,0,0,0,0,0,NULL,NULL,NULL,NULL,1),(355,'N','','Ferro Sulfato + Ac. Fólico  - cpr - 200+0,25mg',0,0,0,0,0,0,NULL,NULL,NULL,NULL,1),(356,'N','','Fitomenadione (Vitamina K) - solução oral - 2mg/0,2ml',0,0,0,0,0,0,NULL,NULL,NULL,NULL,1),(357,'N','','Fitomenadione (Vitamina K) - 1ml - amp - 10mg/ml',0,0,0,0,0,0,NULL,NULL,NULL,NULL,1),(358,'N','','Fitomenadione (Vitamina K) - 1ml - amp - 1mg/1ml',0,0,0,0,0,0,NULL,NULL,NULL,NULL,1),(359,'N','','Leite terapêutico F100 - pacote - 114gr',0,0,0,0,0,0,NULL,NULL,NULL,NULL,1),(360,'N','','Leite terapêutico F75 - pacote - 102,5gr',0,0,0,0,0,0,NULL,NULL,NULL,NULL,1),(361,'N','','Multivitamina  - cpr',0,0,0,0,0,0,NULL,NULL,NULL,NULL,1),(362,'N','','Piridoxina (vit. B6)  - cpr - 100mg',0,0,0,0,0,0,NULL,NULL,NULL,NULL,1),(363,'N','','Piridoxina (vit. B6) - 2ml - amp - 50mg/ml',0,0,0,0,0,0,NULL,NULL,NULL,NULL,1),(364,'N','','Plumpynut - pacote - 92gr',0,0,0,0,0,0,NULL,NULL,NULL,NULL,1),(365,'N','','Plumpysup - pacote - 92gr',0,0,0,0,0,0,NULL,NULL,NULL,NULL,1),(366,'N','','Pyridoxine (Vitamina B6) - amp - 100mg/2ml',0,0,0,0,0,0,NULL,NULL,NULL,NULL,1),(367,'N','','Pyridoxine (Vitamina b6) - cpr - 100mg',0,0,0,0,0,0,NULL,NULL,NULL,NULL,1),(368,'N','','Tiamina (VIT. B1) - 2ml - amp - 50mg/ml',0,0,0,0,0,0,NULL,NULL,NULL,NULL,1),(369,'N','','Vitamina A - cpr - 50.000I.U.',0,0,0,0,0,0,NULL,NULL,NULL,NULL,1),(370,'N','','Vitamina A - cpr - 100.000I.U.',0,0,0,0,0,0,NULL,NULL,NULL,NULL,1),(371,'N','','Vitamina A - cpr - 200.000I.U.',0,0,0,0,0,0,NULL,NULL,NULL,NULL,1),(372,'N','','Vitamina B compl. 100 ml - xarope',0,0,0,0,0,0,NULL,NULL,NULL,NULL,1),(373,'N','','Vitamina B complexo (B1-B6-B12 Neurobion) - amp - 2mg/3ml',0,0,0,0,0,0,NULL,NULL,NULL,NULL,1),(374,'N','','Vitamina B complexo (Neurobion) - cpr - 300mg',0,0,0,0,0,0,NULL,NULL,NULL,NULL,1),(375,'N','','Vitamina B12 (Cianocobalamina) - amp - 5mg/2ml',0,0,0,0,0,0,NULL,NULL,NULL,NULL,1),(376,'N','','Vitamina B12 (Hidroxicobalamina) - amp - 1mg/ml',0,0,0,0,0,0,NULL,NULL,NULL,NULL,1),(377,'N','','Vitamina E - cps - 400mg',0,0,0,0,0,0,NULL,NULL,NULL,NULL,1),(378,'O','','Acetazolamida - cpr - 250mg',0,0,0,0,0,0,NULL,NULL,NULL,NULL,1),(379,'O','','Ácido acetilsalicílico (Aspirina - ASA) - cpr - 500mg',0,0,0,0,0,0,NULL,NULL,NULL,NULL,1),(380,'O','','Ácido acetilsalicílico (Aspirina - ASA) - cpr - 100 mg',0,0,0,0,0,0,NULL,NULL,NULL,NULL,1),(381,'O','','Albendazole - cpr - 200mg',0,0,0,0,0,0,NULL,NULL,NULL,NULL,1),(382,'O','','Albendazole - cpr - 400mg',0,0,0,0,0,0,NULL,NULL,NULL,NULL,1),(383,'O','','Albendazole suspensão - xarope - 200mg/5ml',0,0,0,0,0,0,NULL,NULL,NULL,NULL,1),(384,'O','','Allopurinol - cpr - 100mg',0,0,0,0,0,0,NULL,NULL,NULL,NULL,1),(385,'O','','Ambroxol - cpr - 30mg',0,0,0,0,0,0,NULL,NULL,NULL,NULL,1),(386,'O','','Ambroxol - 200ml - xarope - 6mg/ml',0,0,0,0,0,0,NULL,NULL,NULL,NULL,1),(387,'O','','Aminofilina - cpr - 100mg',0,0,0,0,0,0,NULL,NULL,NULL,NULL,1),(388,'O','','Amlodipina  - cpr - 5mg',0,0,0,0,0,0,NULL,NULL,NULL,NULL,1),(389,'O','','Amlodipina  - cpr - 10mg',0,0,0,0,0,0,NULL,NULL,NULL,NULL,1),(390,'O','','Atenololo  - cpr - 25mg',0,0,0,0,0,0,NULL,NULL,NULL,NULL,1),(391,'O','','Atenololo  - cpr - 50mg',0,0,0,0,0,0,NULL,NULL,NULL,NULL,1),(392,'O','','Atenololo  - cpr - 100mg',0,0,0,0,0,0,NULL,NULL,NULL,NULL,1),(393,'O','','Atropina  - cpr - 1mg',0,0,0,0,0,0,NULL,NULL,NULL,NULL,1),(394,'O','','Bisacodyl - cpr - 5mg',0,0,0,0,0,0,NULL,NULL,NULL,NULL,1),(395,'O','','Bromexina HCL 100ml - xarope - 4mg/5ml',0,0,0,0,0,0,NULL,NULL,NULL,NULL,1),(396,'O','','Butilbromuro de hyoscina (Buscopan) - cpr - 10mg',0,0,0,0,0,0,NULL,NULL,NULL,NULL,1),(397,'O','','Captopril - cpr - 25mg',0,0,0,0,0,0,NULL,NULL,NULL,NULL,1),(398,'O','','Captopril - cpr - 50mg',0,0,0,0,0,0,NULL,NULL,NULL,NULL,1),(399,'O','','Carbamazepina  - cpr - 200mg',0,0,0,0,0,0,NULL,NULL,NULL,NULL,1),(400,'O','','Carbocisteina (Mucolar) - 100ml - xarope - 50 mg/ml',0,0,0,0,0,0,NULL,NULL,NULL,NULL,1),(401,'O','','Carbocisteina 200ml (Mucoral) - xarope - 50mg/ml',0,0,0,0,0,0,NULL,NULL,NULL,NULL,1),(402,'O','','Carvão ativado  - cpr - 125mg',0,0,0,0,0,0,NULL,NULL,NULL,NULL,1),(403,'O','','Cimetidina - cpr - 200mg',0,0,0,0,0,0,NULL,NULL,NULL,NULL,1),(404,'O','','Cloreto de potássio  - cpr - 600mg',0,0,0,0,0,0,NULL,NULL,NULL,NULL,1),(405,'O','','Clorfeniramina - cpr - 4mg',0,0,0,0,0,0,NULL,NULL,NULL,NULL,1),(406,'O','','Clortalidona  - cpr - 25mg',0,0,0,0,0,0,NULL,NULL,NULL,NULL,1),(407,'O','','Codeina+Fenitoloxamina 90ml - xarope - 2,22+0,733mg/ml',0,0,0,0,0,0,NULL,NULL,NULL,NULL,1),(408,'O','','Dexamethazona - cpr - 0,5mg',0,0,0,0,0,0,NULL,NULL,NULL,NULL,1),(409,'O','','Dextromethorphano 100ml - xarope - 5mg/5ml',0,0,0,0,0,0,NULL,NULL,NULL,NULL,1),(410,'O','','Diclofenac  - cpr - 50mg',0,0,0,0,0,0,NULL,NULL,NULL,NULL,1),(411,'O','','Diclofenac  - cpr - 100mg',0,0,0,0,0,0,NULL,NULL,NULL,NULL,1),(412,'O','','Dietilcarbamazina  - cpr - 50mg',0,0,0,0,0,0,NULL,NULL,NULL,NULL,1),(413,'O','','Digoxina - cpr - 0,125mg',0,0,0,0,0,0,NULL,NULL,NULL,NULL,1),(414,'O','','Digoxina - cpr - 0,250mg',0,0,0,0,0,0,NULL,NULL,NULL,NULL,1),(415,'O','','Enalapril - cpr - 5mg',0,0,0,0,0,0,NULL,NULL,NULL,NULL,1),(416,'O','','Enalapril - cpr - 20mg',0,0,0,0,0,0,NULL,NULL,NULL,NULL,1),(417,'O','','Espironolactona - cpr - 25mg',0,0,0,0,0,0,NULL,NULL,NULL,NULL,1),(418,'O','','Espironolactona - cpr - 100mg',0,0,0,0,0,0,NULL,NULL,NULL,NULL,1),(419,'O','','Ethilenestr./levonorgel 28cpr - blister - 0,03+0,15mg',0,0,0,0,0,0,NULL,NULL,NULL,NULL,1),(420,'O','','Ethinilestradiol + Levonorgestrel (pilula) - cpr - 0,03mg/0,15mg',0,0,0,0,0,0,NULL,NULL,NULL,NULL,1),(421,'O','','Furosemida  - cpr - 40mg',0,0,0,0,0,0,NULL,NULL,NULL,NULL,1),(422,'O','','Glibenclamida  - cpr - 5mg',0,0,0,0,0,0,NULL,NULL,NULL,NULL,1),(423,'O','','Griseofulvina - cpr - 125mg',0,0,0,0,0,0,NULL,NULL,NULL,NULL,1),(424,'O','','Griseofulvina - cpr - 500mg',0,0,0,0,0,0,NULL,NULL,NULL,NULL,1),(425,'O','','Hidroclortiazida - cpr - 25mg',0,0,0,0,0,0,NULL,NULL,NULL,NULL,1),(426,'O','','Hidroclortiazida - cpr - 50mg',0,0,0,0,0,0,NULL,NULL,NULL,NULL,1),(427,'O','','Hidroxido alumínio  - cpr - 500mg',0,0,0,0,0,0,NULL,NULL,NULL,NULL,1),(428,'O','','Ibuprofene - cpr - 200mg',0,0,0,0,0,0,NULL,NULL,NULL,NULL,1),(429,'O','','ibuprofene - cpr - 400mg',0,0,0,0,0,0,NULL,NULL,NULL,NULL,1),(430,'O','','Ibuprofene - 100ml - xarope - 100mg/5ml',0,0,0,0,0,0,NULL,NULL,NULL,NULL,1),(431,'O','','Indometacina - cpr - 25mg',0,0,0,0,0,0,NULL,NULL,NULL,NULL,1),(432,'O','','Isosorbide dinitrato  - cpr - 10mg',0,0,0,0,0,0,NULL,NULL,NULL,NULL,1),(433,'O','','Legalon (Silimarina) - cpr - 140mg',0,0,0,0,0,0,NULL,NULL,NULL,NULL,1),(434,'O','','Leite de magnésia - 200ml - frasco',0,0,0,0,0,0,NULL,NULL,NULL,NULL,1),(435,'O','','Levamisole  - cpr - 50mg',0,0,0,0,0,0,NULL,NULL,NULL,NULL,1),(436,'O','','Levonorgestrel - cpr - 0,75mg',0,0,0,0,0,0,NULL,NULL,NULL,NULL,1),(437,'O','','Lisado bactérico polivalente (Broncho-Vaxom) - cps - 3,5mg',0,0,0,0,0,0,NULL,NULL,NULL,NULL,1),(438,'O','','Loperamide - cpr - 2mg',0,0,0,0,0,0,NULL,NULL,NULL,NULL,1),(439,'O','','Loratadina - cpr - 10mg',0,0,0,0,0,0,NULL,NULL,NULL,NULL,1),(440,'O','','Losartana - cpr - 50mg',0,0,0,0,0,0,NULL,NULL,NULL,NULL,1),(441,'O','','Magnésio Trisilicato  - cpr - 500mg',0,0,0,0,0,0,NULL,NULL,NULL,NULL,1),(442,'O','','Mebendazole - cpr - 100mg',0,0,0,0,0,0,NULL,NULL,NULL,NULL,1),(443,'O','','Mebendazole - cpr - 500mg',0,0,0,0,0,0,NULL,NULL,NULL,NULL,1),(444,'O','','Metamizole sodium (Novamine sulfone) - cpr - 500mg',0,0,0,0,0,0,NULL,NULL,NULL,NULL,1),(445,'O','','Metformina - cpr - 500mg',0,0,0,0,0,0,NULL,NULL,NULL,NULL,1),(446,'O','','Metformina - cpr - 850mg',0,0,0,0,0,0,NULL,NULL,NULL,NULL,1),(447,'O','','Metildopa - cpr - 250mg',0,0,0,0,0,0,NULL,NULL,NULL,NULL,1),(448,'O','','Metilergometrina - cpr - 0,125mg',0,0,0,0,0,0,NULL,NULL,NULL,NULL,1),(449,'O','','Metoclopramida - cpr - 10mg',0,0,0,0,0,0,NULL,NULL,NULL,NULL,1),(450,'O','','Metoclopramida - 120ml - xarope - 10mg/10ml',0,0,0,0,0,0,NULL,NULL,NULL,NULL,1),(451,'O','','Naproxene  - cpr - 250mg',0,0,0,0,0,0,NULL,NULL,NULL,NULL,1),(452,'O','','Nifedipina - cpr - 10mg',0,0,0,0,0,0,NULL,NULL,NULL,NULL,1),(453,'O','','Nifedipina (retarde) - cpr - 20mg',0,0,0,0,0,0,NULL,NULL,NULL,NULL,1),(454,'O','','Nifedipina (retarde) - cpr - 30 mg',0,0,0,0,0,0,NULL,NULL,NULL,NULL,1),(455,'O','','Omeprazole  - cpr - 20mg',0,0,0,0,0,0,NULL,NULL,NULL,NULL,1),(456,'O','','Omeprazole  - amp - 40mg/10ml',0,0,0,0,0,0,NULL,NULL,NULL,NULL,1),(457,'O','','Paracetamol - cpr - 100mg',0,0,0,0,0,0,NULL,NULL,NULL,NULL,1),(458,'O','','Paracetamol - cpr - 500mg',0,0,0,0,0,0,NULL,NULL,NULL,NULL,1),(459,'O','','Paracetamol - cpr - 750mg',0,0,0,0,0,0,NULL,NULL,NULL,NULL,1),(460,'O','','Paracetamol - 100ml - xarope - 120mg/5ml',0,0,0,0,0,0,NULL,NULL,NULL,NULL,1),(461,'O','','Pentoxifilina (Trental) - cpr - 400mg',0,0,0,0,0,0,NULL,NULL,NULL,NULL,1),(462,'O','','Praziquantel - cpr - 600mg',0,0,0,0,0,0,NULL,NULL,NULL,NULL,1),(463,'O','','Prednisolona  - cpr - 5mg',0,0,0,0,0,0,NULL,NULL,NULL,NULL,1),(464,'O','','Prometazina - cpr - 25mg',0,0,0,0,0,0,NULL,NULL,NULL,NULL,1),(465,'O','','Prometazina - 100ml - xarope - 1mg/1ml',0,0,0,0,0,0,NULL,NULL,NULL,NULL,1),(466,'O','','Propranolol - cpr - 40mg',0,0,0,0,0,0,NULL,NULL,NULL,NULL,1),(467,'O','','Ranitidina - cpr - 150mg',0,0,0,0,0,0,NULL,NULL,NULL,NULL,1),(468,'O','','Ranitidina - cpr - 300mg',0,0,0,0,0,0,NULL,NULL,NULL,NULL,1),(469,'O','','Resomal (SRO baixa osmolaridade) - pacote - 42gr',0,0,0,0,0,0,NULL,NULL,NULL,NULL,1),(470,'O','','Sais de reidratação oral (SRO) - pacote - 22gr',0,0,0,0,0,0,NULL,NULL,NULL,NULL,1),(471,'O','','Salbutamol+Bromhexine 125ml - xarope - 2+4mg/10ml',0,0,0,0,0,0,NULL,NULL,NULL,NULL,1),(472,'O','','Salbutamolo - cpr - 4mg',0,0,0,0,0,0,NULL,NULL,NULL,NULL,1),(473,'O','','Salbutamolo - cpr - 2mg',0,0,0,0,0,0,NULL,NULL,NULL,NULL,1),(474,'O','','Salbutamolo 100ml - xarope - 2mg/5ml',0,0,0,0,0,0,NULL,NULL,NULL,NULL,1),(475,'O','','Sildenafil Citrate (Davigra) - cpr - 50mg',0,0,0,0,0,0,NULL,NULL,NULL,NULL,1),(476,'O','','Solfato de Zinco - cpr - 20 mg',0,0,0,0,0,0,NULL,NULL,NULL,NULL,1),(477,'O','','Tinidazole - cpr - 500mg',0,0,0,0,0,0,NULL,NULL,NULL,NULL,1),(478,'O','','Verapamil  - cpr - 40mg',0,0,0,0,0,0,NULL,NULL,NULL,NULL,1),(479,'O','','Verapamil  - cpr - 80mg',0,0,0,0,0,0,NULL,NULL,NULL,NULL,1),(480,'O','','Zinco  sulfato - cpr - 20mg',0,0,0,0,0,0,NULL,NULL,NULL,NULL,1),(481,'S','','Cloreto de sódio - 500ml - frasco - 0,9%',0,0,0,0,0,0,NULL,NULL,NULL,NULL,1),(482,'S','','Dextro-salina - 500 ml - solução - 2,5%/0,45%',0,0,0,0,0,0,NULL,NULL,NULL,NULL,1),(483,'S','','Dextrose - 20ml - solução - 50%',0,0,0,0,0,0,NULL,NULL,NULL,NULL,1),(484,'S','','Dextrose - 500ml - solução - 5%',0,0,0,0,0,0,NULL,NULL,NULL,NULL,1),(485,'S','','Dextrose - 500ml - solução - 10%',0,0,0,0,0,0,NULL,NULL,NULL,NULL,1),(486,'S','','Dextrose - 500ml - solução - 30%',0,0,0,0,0,0,NULL,NULL,NULL,NULL,1),(487,'S','','Dextrose - 50ml - solução - 50%',0,0,0,0,0,0,NULL,NULL,NULL,NULL,1),(488,'S','','Hemagel - 500ml - solução - 35gr/l',0,0,0,0,0,0,NULL,NULL,NULL,NULL,1),(489,'S','','Manitol - 250ml - solução - 20%',0,0,0,0,0,0,NULL,NULL,NULL,NULL,1),(490,'S','','Manitol - 500ml - solução - 20%',0,0,0,0,0,0,NULL,NULL,NULL,NULL,1),(491,'S','','Ringer Lactate - solução - 500ml',0,0,0,0,0,0,NULL,NULL,NULL,NULL,1),(492,'S','','Ringer lactate  - solução - 1000ml',0,0,0,0,0,0,NULL,NULL,NULL,NULL,1),(493,'T','','Acido Benzoico - pomada - 30g',0,0,0,0,0,0,NULL,NULL,NULL,NULL,1),(494,'T','','Acido benzoico - Acido salicilico (Withfield) - 40gr - unguento - 6%/3%',0,0,0,0,0,0,NULL,NULL,NULL,NULL,1),(495,'T','','Acido benzoico - Acido salicilico (Withfield) - 800gr - unguento - 6%/3%',0,0,0,0,0,0,NULL,NULL,NULL,NULL,1),(496,'T','','Acido Benzoico + Acido Salicilico - pomada - 60mg+30mg',0,0,0,0,0,0,NULL,NULL,NULL,NULL,1),(497,'T','','Agua Tabs - cpr - 1,67gm',0,0,0,0,0,0,NULL,NULL,NULL,NULL,1),(498,'T','','Atropina - 10ml - gotas oft - 1%',0,0,0,0,0,0,NULL,NULL,NULL,NULL,1),(499,'T','','Balsamo analgésico (BASI) - 50g - pomada - 1mg/g',0,0,0,0,0,0,NULL,NULL,NULL,NULL,1),(500,'T','','Bebé gel - 30g - pomada',0,0,0,0,0,0,NULL,NULL,NULL,NULL,1),(501,'T','','Benzil benzoato - 1000ml - loção - 25%',0,0,0,0,0,0,NULL,NULL,NULL,NULL,1),(502,'T','','Benzoato de benzile - 110ml - loção - 10%',0,0,0,0,0,0,NULL,NULL,NULL,NULL,1),(503,'T','','Betadina - 100ml - solução - 10%',0,0,0,0,0,0,NULL,NULL,NULL,NULL,1),(504,'T','','Betamethasone - 30g - pomada - 0,1%',0,0,0,0,0,0,NULL,NULL,NULL,NULL,1),(505,'T','','Butilbromuro de hyoscina (Buscopan) - supp - 10mg',0,0,0,0,0,0,NULL,NULL,NULL,NULL,1),(506,'T','','Calamina - loção - 8%',0,0,0,0,0,0,NULL,NULL,NULL,NULL,1),(507,'T','','Calamina - loção - 15%',0,0,0,0,0,0,NULL,NULL,NULL,NULL,1),(508,'T','','Chlorhexidine Gluconate - 100ml - solução - 20%',0,0,0,0,0,0,NULL,NULL,NULL,NULL,1),(509,'T','','Cloramfenicole - gotas oft - 0,5% - 10ml',0,0,0,0,0,0,NULL,NULL,NULL,NULL,1),(510,'T','','Cloramfenicole 15g - pomada oft - 0,01',0,0,0,0,0,0,NULL,NULL,NULL,NULL,1),(511,'T','','Cloridreto de efedrina - gotas oft - 15ml',0,0,0,0,0,0,NULL,NULL,NULL,NULL,1),(512,'T','','Clotrimazole - ovulo - 100mg',0,0,0,0,0,0,NULL,NULL,NULL,NULL,1),(513,'T','','Clotrimazole - ovulo - 500mg',0,0,0,0,0,0,NULL,NULL,NULL,NULL,1),(514,'T','','Clotrimazole - 30g - pomada - 2%',0,0,0,0,0,0,NULL,NULL,NULL,NULL,1),(515,'T','','Desinfetantes para mãos - 500ml - solução - 75%',0,0,0,0,0,0,NULL,NULL,NULL,NULL,1),(516,'T','','Dexamethazona - 5ml - gotas oft - 1mg/ml',0,0,0,0,0,0,NULL,NULL,NULL,NULL,1),(517,'T','','Diclofenac gel - 30g - pomada - 2%',0,0,0,0,0,0,NULL,NULL,NULL,NULL,1),(518,'T','','Dicloroisocianurato de Sódio (Certeza) - cpr - 61mg',0,0,0,0,0,0,NULL,NULL,NULL,NULL,1),(519,'T','','Efedrina cloridrato - 15ml - gotas oft - 0,122gr',0,0,0,0,0,0,NULL,NULL,NULL,NULL,1),(520,'T','','Gentamicina (gotas oft.) - 10ml - colírio - 0,3%',0,0,0,0,0,0,NULL,NULL,NULL,NULL,1),(521,'T','','Gentamicina+Desametazona - 5ml - colírio - 3mg+1mg/ml',0,0,0,0,0,0,NULL,NULL,NULL,NULL,1),(522,'T','','Glicerina - frasco - 1 lt',0,0,0,0,0,0,NULL,NULL,NULL,NULL,1),(523,'T','','Griseofulvina - 30g - pomada - 1%',0,0,0,0,0,0,NULL,NULL,NULL,NULL,1),(524,'T','','Griseofulvina - 30g - pomada - 5%',0,0,0,0,0,0,NULL,NULL,NULL,NULL,1),(525,'T','','Hidrocortisona - 30g - pomada - 1%',0,0,0,0,0,0,NULL,NULL,NULL,NULL,1),(526,'T','','Iodopovidona - 100g - pomada - 10%',0,0,0,0,0,0,NULL,NULL,NULL,NULL,1),(527,'T','','Iodopovidona - 125ml - solução - 10%',0,0,0,0,0,0,NULL,NULL,NULL,NULL,1),(528,'T','','Iodopovidona - 30g - pomada - 10%',0,0,0,0,0,0,NULL,NULL,NULL,NULL,1),(529,'T','','Ketoconazole - 30g - pomada - 2%',0,0,0,0,0,0,NULL,NULL,NULL,NULL,1),(530,'T','','Miconazole - 30gr - crema - 2%',0,0,0,0,0,0,NULL,NULL,NULL,NULL,1),(531,'T','','Neomicina + Bacitracina - 15gr - unguento - 0,5%/500Iu/gr',0,0,0,0,0,0,NULL,NULL,NULL,NULL,1),(532,'T','','Nistatina - ovulo - 100.000 I.U./ml',0,0,0,0,0,0,NULL,NULL,NULL,NULL,1),(533,'T','','Nistatina - 30ml - solução - 100.000I.U./ml',0,0,0,0,0,0,NULL,NULL,NULL,NULL,1),(534,'T','','Nitrofurazona - pomada - 0,2%',0,0,0,0,0,0,NULL,NULL,NULL,NULL,1),(535,'T','','Oxibuprocaina - 10ml - gotas oft - 4mg/ml',0,0,0,0,0,0,NULL,NULL,NULL,NULL,1),(536,'T','','Oxido de zinco - 100gr - unguento - 10%',0,0,0,0,0,0,NULL,NULL,NULL,NULL,1),(537,'T','','Oxido de zinco - 800gr - unguento - 10%',0,0,0,0,0,0,NULL,NULL,NULL,NULL,1),(538,'T','','Paracetamol - supp - 125mg',0,0,0,0,0,0,NULL,NULL,NULL,NULL,1),(539,'T','','Peroxido de Hidrogeno (Agua Oxigenada) - 250ml - solução - 3%',0,0,0,0,0,0,NULL,NULL,NULL,NULL,1),(540,'T','','Peroxido de Hidrogeno (Agua Oxigenada) - 500ml - solução - 3%',0,0,0,0,0,0,NULL,NULL,NULL,NULL,1),(541,'T','','Salbutamol - spray - 150mg/30ml',0,0,0,0,0,0,NULL,NULL,NULL,NULL,1),(542,'T','','Salbutamolo (nebulizador) - 200 doses - solução - 100mcg/dose',0,0,0,0,0,0,NULL,NULL,NULL,NULL,1),(543,'T','','Sulfadiazina de prata - 200g - crema - 1%',0,0,0,0,0,0,NULL,NULL,NULL,NULL,1),(544,'T','','Sulfadiazina de prata - 50g - crema - 1%',0,0,0,0,0,0,NULL,NULL,NULL,NULL,1),(545,'T','','Tetracaina gotas oftálmicas - colírio - 1%',0,0,0,0,0,0,NULL,NULL,NULL,NULL,1),(546,'T','','Tetraciclina - 15gr - unguento - 3%',0,0,0,0,0,0,NULL,NULL,NULL,NULL,1),(547,'T','','Tetraciclina - 3,5gr - pomada oft - 1%',0,0,0,0,0,0,NULL,NULL,NULL,NULL,1),(548,'T','','Timololo (maleato) - 0,25% - colírio - 2,5mg/ml',0,0,0,0,0,0,NULL,NULL,NULL,NULL,1),(549,'T','','Timololo (maleato) - 0,5% - colírio - 5mg/ml',0,0,0,0,0,0,NULL,NULL,NULL,NULL,1),(550,'T','','Tirotricina (Hydrotricina) - cpr - 1mg',0,0,0,0,0,0,NULL,NULL,NULL,NULL,1),(551,'T','','Xylometazoline Hydroclorido - 10ml - gotas oft - 0,5%',0,0,0,0,0,0,NULL,NULL,NULL,NULL,1),(552,'V','','Amitriptilina - cpr - 25 mg',0,0,0,0,0,0,NULL,NULL,NULL,NULL,1),(553,'V','','Bupivacaina HCL - 20ml - amp - 0,5%',0,0,0,0,0,0,NULL,NULL,NULL,NULL,1),(554,'V','','Bupivacaina HCL - 5ml - amp - 0,5%',0,0,0,0,0,0,NULL,NULL,NULL,NULL,1),(555,'V','','Cetamina - amp - 50mg/ml',0,0,0,0,0,0,NULL,NULL,NULL,NULL,1),(556,'V','','Clorpromazina - cpr - 100mg',0,0,0,0,0,0,NULL,NULL,NULL,NULL,1),(557,'V','','Clorpromazina - cpr - 25mg',0,0,0,0,0,0,NULL,NULL,NULL,NULL,1),(558,'V','','Clorpromazina - amp - 50mg/2ml',0,0,0,0,0,0,NULL,NULL,NULL,NULL,1),(559,'V','','Diazepam - amp - 10mg/2ml',0,0,0,0,0,0,NULL,NULL,NULL,NULL,1),(560,'V','','Diazepam  - cpr - 5mg',0,0,0,0,0,0,NULL,NULL,NULL,NULL,1),(561,'V','','Diazepam  - cpr - 10mg',0,0,0,0,0,0,NULL,NULL,NULL,NULL,1),(562,'V','','Droperidrolo  - amp - 2,5mg/1ml',0,0,0,0,0,0,NULL,NULL,NULL,NULL,1),(563,'V','','Fenitoine - cpr - 100mg',0,0,0,0,0,0,NULL,NULL,NULL,NULL,1),(564,'V','','Fenobarbital - cpr - 100mg',0,0,0,0,0,0,NULL,NULL,NULL,NULL,1),(565,'V','','Fenobarbital - cpr - 50mg',0,0,0,0,0,0,NULL,NULL,NULL,NULL,1),(566,'V','','Fenobarbital - cpr - 30mg',0,0,0,0,0,0,NULL,NULL,NULL,NULL,1),(567,'V','','Fenobarbital - 1ml - amp - 200mg/ml',0,0,0,0,0,0,NULL,NULL,NULL,NULL,1),(568,'V','','Fenobarbital - 2ml - amp - 100mg/ml',0,0,0,0,0,0,NULL,NULL,NULL,NULL,1),(569,'V','','Fentanil - 2ml - amp - 50mcg/ml',0,0,0,0,0,0,NULL,NULL,NULL,NULL,1),(570,'V','','Flumazenil - 10 ml - amp - 0,1mg/ml',0,0,0,0,0,0,NULL,NULL,NULL,NULL,1),(571,'V','','Haloperidol  - cpr - 5mg',0,0,0,0,0,0,NULL,NULL,NULL,NULL,1),(572,'V','','Haloperidol - 1ml - amp - 5mg/ml',0,0,0,0,0,0,NULL,NULL,NULL,NULL,1),(573,'V','','Lidocaína - 30g - pomada - 2%',0,0,0,0,0,0,NULL,NULL,NULL,NULL,1),(574,'V','','Lidocaína + adrenalina - 20ml - frasco - 1%+1/100.000',0,0,0,0,0,0,NULL,NULL,NULL,NULL,1),(575,'V','','Lidocaína + adrenalina - 20ml - frasco - 2%+1/100.000',0,0,0,0,0,0,NULL,NULL,NULL,NULL,1),(576,'V','','Lidocaína + dextrose espinal - 2ml - amp - 5% + 7,5%',0,0,0,0,0,0,NULL,NULL,NULL,NULL,1),(577,'V','','Lidocaína 1% - 20ml - frasco - 10mgml',0,0,0,0,0,0,NULL,NULL,NULL,NULL,1),(578,'V','','Lidocaína 1% - 50ml - frasco - 10mg/ml',0,0,0,0,0,0,NULL,NULL,NULL,NULL,1),(579,'V','','Lidocaína 2% - 20ml - amp - 20mg/ml',0,0,0,0,0,0,NULL,NULL,NULL,NULL,1),(580,'V','','Lidocaína 2% - 2ml - amp - 20mg/ml',0,0,0,0,0,0,NULL,NULL,NULL,NULL,1),(581,'V','','Lidocaína 2% - 50ml - frasco - 20mg/ml',0,0,0,0,0,0,NULL,NULL,NULL,NULL,1),(582,'V','','Lidocaína 2% - 5ml - amp - 20mg/ml',0,0,0,0,0,0,NULL,NULL,NULL,NULL,1),(583,'V','','Lidocaína 2% - 90ml - frasco - 20mg/ml',0,0,0,0,0,0,NULL,NULL,NULL,NULL,1),(584,'V','','Neostigmina - 1ml - amp - 0,5mg/ml',0,0,0,0,0,0,NULL,NULL,NULL,NULL,1),(585,'V','','Nitrazepam  - cpr - 5mg',0,0,0,0,0,0,NULL,NULL,NULL,NULL,1),(586,'V','','Noscapina - cpr - 20mg',0,0,0,0,0,0,NULL,NULL,NULL,NULL,1),(587,'V','','Procaína - 2ml - amp - 2%',0,0,0,0,0,0,NULL,NULL,NULL,NULL,1),(588,'V','','Procaína - 5ml - amp - 2%',0,0,0,0,0,0,NULL,NULL,NULL,NULL,1),(589,'V','','Thiopentale sodium - frasco - 500mg',0,0,0,0,0,0,NULL,NULL,NULL,NULL,1),(590,'V','','Tramadol  - cps - 50mg',0,0,0,0,0,0,NULL,NULL,NULL,NULL,1),(591,'V','','Tramadol  - cpr - 100mg',0,0,0,0,0,0,NULL,NULL,NULL,NULL,1),(592,'V','','Tramadol  - amp - 100mg/2ml',0,0,0,0,0,0,NULL,NULL,NULL,NULL,1);
/*!40000 ALTER TABLE `medicaldsr` ENABLE KEYS */;
UNLOCK TABLES;

--
-- Table structure for table `medicaldsrlot`
--

DROP TABLE IF EXISTS `medicaldsrlot`;
/*!40101 SET @saved_cs_client     = @@character_set_client */;
/*!40101 SET character_set_client = utf8 */;
CREATE TABLE `medicaldsrlot` (
  `LT_ID_A` varchar(50) NOT NULL,
  `LT_MDSR_ID` int(11) NOT NULL,
  `LT_PREP_DATE` datetime NOT NULL,
  `LT_DUE_DATE` datetime NOT NULL,
  `LT_COST` double DEFAULT NULL,
  `LT_LOCK` int(11) NOT NULL DEFAULT '0',
  `LT_CREATED_BY` varchar(50) DEFAULT NULL,
  `LT_CREATED_DATE` datetime DEFAULT NULL,
  `LT_LAST_MODIFIED_BY` varchar(50) DEFAULT NULL,
  `LT_LAST_MODIFIED_DATE` datetime DEFAULT NULL,
  `LT_ACTIVE` tinyint(1) NOT NULL DEFAULT '1',
  PRIMARY KEY (`LT_ID_A`),
  KEY `FK_MEDICALDSRLOT_MEDICALDSR_idx` (`LT_MDSR_ID`),
  CONSTRAINT `FK_MEDICALDSRLOT_MEDICALDSR` FOREIGN KEY (`LT_MDSR_ID`) REFERENCES `medicaldsr` (`MDSR_ID`) ON DELETE NO ACTION ON UPDATE NO ACTION
) ENGINE=InnoDB DEFAULT CHARSET=utf8;
/*!40101 SET character_set_client = @saved_cs_client */;

--
-- Dumping data for table `medicaldsrlot`
--

LOCK TABLES `medicaldsrlot` WRITE;
/*!40000 ALTER TABLE `medicaldsrlot` DISABLE KEYS */;
/*!40000 ALTER TABLE `medicaldsrlot` ENABLE KEYS */;
UNLOCK TABLES;

--
-- Table structure for table `medicaldsrstockmov`
--

DROP TABLE IF EXISTS `medicaldsrstockmov`;
/*!40101 SET @saved_cs_client     = @@character_set_client */;
/*!40101 SET character_set_client = utf8 */;
CREATE TABLE `medicaldsrstockmov` (
  `MMV_ID` int(11) NOT NULL AUTO_INCREMENT,
  `MMV_MDSR_ID` int(11) NOT NULL,
  `MMV_WRD_ID_A` char(1) DEFAULT NULL,
  `MMV_MMVT_ID_A` varchar(10) NOT NULL,
  `MMV_LT_ID_A` varchar(50) DEFAULT NULL,
  `MMV_DATE` datetime NOT NULL,
  `MMV_QTY` float NOT NULL DEFAULT '0',
  `MMV_FROM` int(11) DEFAULT NULL,
  `MMV_LOCK` int(11) NOT NULL DEFAULT '0',
  `MMV_REFNO` varchar(50) NOT NULL DEFAULT '',
  `MMV_CREATED_BY` varchar(50) DEFAULT NULL,
  `MMV_CREATED_DATE` datetime DEFAULT NULL,
  `MMV_LAST_MODIFIED_BY` varchar(50) DEFAULT NULL,
  `MMV_LAST_MODIFIED_DATE` datetime DEFAULT NULL,
  `MMV_ACTIVE` tinyint(1) NOT NULL DEFAULT '1',
  PRIMARY KEY (`MMV_ID`),
  KEY `FK_MEDICALDSRSTOCKMOV_MEDICALDSR` (`MMV_MDSR_ID`),
  KEY `FK_MEDICALDSRSTOCKMOV_MEDICALDSRSTOCKMOVTYPE` (`MMV_MMVT_ID_A`),
  KEY `FK_MEDICALDSRSTOCKMOV_WARD` (`MMV_WRD_ID_A`),
  CONSTRAINT `FK_MEDICALDSRSTOCKMOV_MEDICALDSR` FOREIGN KEY (`MMV_MDSR_ID`) REFERENCES `medicaldsr` (`MDSR_ID`) ON DELETE NO ACTION ON UPDATE NO ACTION,
  CONSTRAINT `FK_MEDICALDSRSTOCKMOV_MEDICALDSRSTOCKMOVTYPE` FOREIGN KEY (`MMV_MMVT_ID_A`) REFERENCES `medicaldsrstockmovtype` (`MMVT_ID_A`) ON DELETE NO ACTION ON UPDATE NO ACTION,
  CONSTRAINT `FK_MEDICALDSRSTOCKMOV_WARD` FOREIGN KEY (`MMV_WRD_ID_A`) REFERENCES `ward` (`WRD_ID_A`) ON DELETE NO ACTION ON UPDATE NO ACTION
) ENGINE=InnoDB DEFAULT CHARSET=utf8;
/*!40101 SET character_set_client = @saved_cs_client */;

--
-- Dumping data for table `medicaldsrstockmov`
--

LOCK TABLES `medicaldsrstockmov` WRITE;
/*!40000 ALTER TABLE `medicaldsrstockmov` DISABLE KEYS */;
/*!40000 ALTER TABLE `medicaldsrstockmov` ENABLE KEYS */;
UNLOCK TABLES;

--
-- Table structure for table `medicaldsrstockmovtype`
--

DROP TABLE IF EXISTS `medicaldsrstockmovtype`;
/*!40101 SET @saved_cs_client     = @@character_set_client */;
/*!40101 SET character_set_client = utf8 */;
CREATE TABLE `medicaldsrstockmovtype` (
  `MMVT_ID_A` varchar(10) NOT NULL,
  `MMVT_DESC` varchar(50) NOT NULL,
  `MMVT_TYPE` char(2) NOT NULL,
  `MMVT_CREATED_BY` varchar(50) DEFAULT NULL,
  `MMVT_CREATED_DATE` datetime DEFAULT NULL,
  `MMVT_LAST_MODIFIED_BY` varchar(50) DEFAULT NULL,
  `MMVT_LAST_MODIFIED_DATE` datetime DEFAULT NULL,
  `MMVT_ACTIVE` tinyint(1) NOT NULL DEFAULT '1',
  PRIMARY KEY (`MMVT_ID_A`)
) ENGINE=InnoDB DEFAULT CHARSET=utf8;
/*!40101 SET character_set_client = @saved_cs_client */;

--
-- Dumping data for table `medicaldsrstockmovtype`
--

LOCK TABLES `medicaldsrstockmovtype` WRITE;
/*!40000 ALTER TABLE `medicaldsrstockmovtype` DISABLE KEYS */;
INSERT INTO `medicaldsrstockmovtype` VALUES ('charge','Carga','+',NULL,NULL,NULL,NULL,1),('discharge','Descarga','-',NULL,NULL,NULL,NULL,1);
/*!40000 ALTER TABLE `medicaldsrstockmovtype` ENABLE KEYS */;
UNLOCK TABLES;

--
-- Table structure for table `medicaldsrstockmovward`
--

DROP TABLE IF EXISTS `medicaldsrstockmovward`;
/*!40101 SET @saved_cs_client     = @@character_set_client */;
/*!40101 SET character_set_client = utf8 */;
CREATE TABLE `medicaldsrstockmovward` (
  `MMVN_ID` int(10) NOT NULL AUTO_INCREMENT,
  `MMVN_WRD_ID_A` char(1) NOT NULL,
  `MMVN_DATE` datetime NOT NULL,
  `MMVN_IS_PATIENT` tinyint(1) NOT NULL,
  `MMVN_PAT_ID` int(11) DEFAULT NULL,
  `MMVN_PAT_AGE` smallint(6) DEFAULT NULL,
  `MMVN_PAT_WEIGHT` float DEFAULT NULL,
  `MMVN_DESC` varchar(100) NOT NULL,
  `MMVN_MDSR_ID` varchar(100) NOT NULL,
  `MMVN_MDSR_QTY` float NOT NULL,
  `MMVN_MDSR_UNITS` varchar(10) NOT NULL,
  `MMVN_CREATED_BY` varchar(50) DEFAULT NULL,
  `MMVN_WRD_ID_A_FROM` varchar(1) DEFAULT NULL,
  `MMVN_WRD_ID_A_TO` varchar(1) DEFAULT NULL,
  `MMVN_LT_ID` varchar(50) DEFAULT NULL,
  `MMVN_CREATED_DATE` datetime DEFAULT NULL,
  `MMVN_LAST_MODIFIED_BY` varchar(50) DEFAULT NULL,
  `MMVN_LAST_MODIFIED_DATE` datetime DEFAULT NULL,
  `MMVN_ACTIVE` tinyint(1) NOT NULL DEFAULT '1',
  PRIMARY KEY (`MMVN_ID`) USING BTREE,
  KEY `FK_MEDICALDSRSTOCKMOVWARD_WARD_idx` (`MMVN_WRD_ID_A`),
  KEY `FK_MEDICALDSRSTOCKMOVWARD_PATIENT_idx` (`MMVN_PAT_ID`),
  KEY `FK_MEDICALDSRSTOCKMOVWARD_LOT_idx` (`MMVN_LT_ID`),
  CONSTRAINT `FK_MEDICALDSRSTOCKMOVWARD_LOT` FOREIGN KEY (`MMVN_LT_ID`) REFERENCES `medicaldsrlot` (`LT_ID_A`) ON DELETE NO ACTION ON UPDATE NO ACTION,
  CONSTRAINT `FK_MEDICALDSRSTOCKMOVWARD_PATIENT` FOREIGN KEY (`MMVN_PAT_ID`) REFERENCES `patient` (`PAT_ID`) ON DELETE CASCADE ON UPDATE CASCADE,
  CONSTRAINT `FK_MEDICALDSRSTOCKMOVWARD_WARD` FOREIGN KEY (`MMVN_WRD_ID_A`) REFERENCES `ward` (`WRD_ID_A`) ON DELETE NO ACTION ON UPDATE NO ACTION
) ENGINE=InnoDB DEFAULT CHARSET=utf8;
/*!40101 SET character_set_client = @saved_cs_client */;

--
-- Dumping data for table `medicaldsrstockmovward`
--

LOCK TABLES `medicaldsrstockmovward` WRITE;
/*!40000 ALTER TABLE `medicaldsrstockmovward` DISABLE KEYS */;
/*!40000 ALTER TABLE `medicaldsrstockmovward` ENABLE KEYS */;
UNLOCK TABLES;

--
-- Table structure for table `medicaldsrtype`
--

DROP TABLE IF EXISTS `medicaldsrtype`;
/*!40101 SET @saved_cs_client     = @@character_set_client */;
/*!40101 SET character_set_client = utf8 */;
CREATE TABLE `medicaldsrtype` (
  `MDSRT_ID_A` char(1) NOT NULL,
  `MDSRT_DESC` varchar(30) DEFAULT NULL,
  `MDSRT_CREATED_BY` varchar(50) DEFAULT NULL,
  `MDSRT_CREATED_DATE` datetime DEFAULT NULL,
  `MDSRT_LAST_MODIFIED_BY` varchar(50) DEFAULT NULL,
  `MDSRT_LAST_MODIFIED_DATE` datetime DEFAULT NULL,
  `MDSRT_ACTIVE` tinyint(1) NOT NULL DEFAULT '1',
  PRIMARY KEY (`MDSRT_ID_A`)
) ENGINE=InnoDB DEFAULT CHARSET=utf8;
/*!40101 SET character_set_client = @saved_cs_client */;

--
-- Dumping data for table `medicaldsrtype`
--

LOCK TABLES `medicaldsrtype` WRITE;
/*!40000 ALTER TABLE `medicaldsrtype` DISABLE KEYS */;
INSERT INTO `medicaldsrtype` VALUES ('A','Antibiotico-virale-micotico',NULL,NULL,NULL,NULL,1),('B','Laboratório',NULL,NULL,NULL,NULL,1),('C','Material gastável cirúrgico',NULL,NULL,NULL,NULL,1),('E','Equipamento',NULL,NULL,NULL,NULL,1),('G','Outro material gastável',NULL,NULL,NULL,NULL,1),('I','Medicamentos outro injetável',NULL,NULL,NULL,NULL,1),('L','AntiTB  e Lepra',NULL,NULL,NULL,NULL,1),('M','Anti malárico',NULL,NULL,NULL,NULL,1),('N','Nutrição',NULL,NULL,NULL,NULL,1),('O','Medicamento outro oral',NULL,NULL,NULL,NULL,1),('S','Soro',NULL,NULL,NULL,NULL,1),('T','Tópico',NULL,NULL,NULL,NULL,1),('V','Sistema nervoso',NULL,NULL,NULL,NULL,1);
/*!40000 ALTER TABLE `medicaldsrtype` ENABLE KEYS */;
UNLOCK TABLES;

--
-- Table structure for table `medicaldsrward`
--

DROP TABLE IF EXISTS `medicaldsrward`;
/*!40101 SET @saved_cs_client     = @@character_set_client */;
/*!40101 SET character_set_client = utf8 */;
CREATE TABLE `medicaldsrward` (
  `MDSRWRD_WRD_ID_A` char(1) NOT NULL,
  `MDSRWRD_MDSR_ID` int(11) NOT NULL,
  `MDSRWRD_IN_QTI` float DEFAULT '0',
  `MDSRWRD_OUT_QTI` float DEFAULT '0',
  `MDSRWRD_LT_ID_A` varchar(50) NOT NULL,
  `MDSRWRD_CREATED_BY` varchar(50) DEFAULT NULL,
  `MDSRWRD_CREATED_DATE` datetime DEFAULT NULL,
  `MDSRWRD_LAST_MODIFIED_BY` varchar(50) DEFAULT NULL,
  `MDSRWRD_LAST_MODIFIED_DATE` datetime DEFAULT NULL,
  `MDSRWRD_ACTIVE` tinyint(1) NOT NULL DEFAULT '1',
  PRIMARY KEY (`MDSRWRD_WRD_ID_A`,`MDSRWRD_MDSR_ID`,`MDSRWRD_LT_ID_A`),
  KEY `FK_MEDICALDSRWARD_WARD_idx` (`MDSRWRD_WRD_ID_A`),
  KEY `FK_MEDICALDSRWARD_MEDICALDSR_idx` (`MDSRWRD_MDSR_ID`),
  KEY `FK_MEDICALDSRWARD_MEDICALDSRLOT_idx` (`MDSRWRD_LT_ID_A`),
  CONSTRAINT `FK_MEDICALDSRWARD_MEDICALDSR` FOREIGN KEY (`MDSRWRD_MDSR_ID`) REFERENCES `medicaldsr` (`MDSR_ID`) ON DELETE NO ACTION ON UPDATE NO ACTION,
  CONSTRAINT `FK_MEDICALDSRWARD_MEDICALDSRLOT` FOREIGN KEY (`MDSRWRD_LT_ID_A`) REFERENCES `medicaldsrlot` (`LT_ID_A`) ON DELETE NO ACTION ON UPDATE NO ACTION,
  CONSTRAINT `FK_MEDICALDSRWARD_WARD` FOREIGN KEY (`MDSRWRD_WRD_ID_A`) REFERENCES `ward` (`WRD_ID_A`) ON DELETE NO ACTION ON UPDATE NO ACTION
) ENGINE=InnoDB DEFAULT CHARSET=utf8;
/*!40101 SET character_set_client = @saved_cs_client */;

--
-- Dumping data for table `medicaldsrward`
--

LOCK TABLES `medicaldsrward` WRITE;
/*!40000 ALTER TABLE `medicaldsrward` DISABLE KEYS */;
/*!40000 ALTER TABLE `medicaldsrward` ENABLE KEYS */;
UNLOCK TABLES;

--
-- Table structure for table `menuitem`
--

DROP TABLE IF EXISTS `menuitem`;
/*!40101 SET @saved_cs_client     = @@character_set_client */;
/*!40101 SET character_set_client = utf8 */;
CREATE TABLE `menuitem` (
  `MNI_ID_A` varchar(50) NOT NULL DEFAULT '',
  `MNI_BTN_LABEL` varchar(50) NOT NULL DEFAULT '',
  `MNI_LABEL` varchar(50) NOT NULL DEFAULT '',
  `MNI_TOOLTIP` varchar(100) DEFAULT NULL,
  `MNI_SHORTCUT` char(1) DEFAULT NULL,
  `MNI_SUBMENU` varchar(50) NOT NULL DEFAULT '',
  `MNI_CLASS` varchar(100) NOT NULL DEFAULT '',
  `MNI_IS_SUBMENU` char(1) NOT NULL DEFAULT 'N',
  `MNI_POSITION` int(10) unsigned NOT NULL DEFAULT '0',
  PRIMARY KEY (`MNI_ID_A`)
) ENGINE=MyISAM DEFAULT CHARSET=utf8;
/*!40101 SET character_set_client = @saved_cs_client */;

--
-- Dumping data for table `menuitem`
--

LOCK TABLES `menuitem` WRITE;
/*!40000 ALTER TABLE `menuitem` DISABLE KEYS */;
INSERT INTO `menuitem` VALUES ('admission','angal.menu.btn.admission','angal.menu.admission','x','A','main','org.isf.admission.gui.AdmittedPatientBrowser','N',5),('admtype','angal.menu.btn.admtype','angal.menu.admtype','x','A','types','org.isf.admtype.gui.AdmissionTypeBrowser','N',0),('deliverytype','angal.menu.btn.deliverytype','angal.menu.deliverytype','x','T','types','org.isf.dlvrtype.gui.DeliveryTypeBrowser','N',2),('delresulttype','angal.menu.btn.delresulttype','angal.menu.delresulttype','x','R','types','org.isf.dlvrrestype.gui.DeliveryResultTypeBrowser','N',3),('disctype','angal.menu.btn.disctype','angal.menu.disctype','x','D','types','org.isf.disctype.gui.DischargeTypeBrowser','N',1),('disease','angal.menu.btn.disease','angal.menu.disease','x','D','generaldata','org.isf.disease.gui.DiseaseBrowser','N',3),('diseaselist','angal.menu.btn.diseaselist','angal.menu.diseaselist','x','D','printing','org.isf.stat.gui.DiseasesListLauncher','N',2),('diseasetype','angal.menu.btn.diseasetype','angal.menu.diseasetype','x','D','types','org.isf.distype.gui.DiseaseTypeBrowser','N',4),('examlist1','angal.menu.btn.examlist1','angal.menu.examlist1','x','E','printing','org.isf.stat.gui.ExamsList1Launcher','N',1),('exams','angal.menu.btn.exams','angal.menu.exams','x','E','generaldata','org.isf.exa.gui.ExamBrowser','N',4),('examtype','angal.menu.btn.examtype','angal.menu.examtype','x','E','types','org.isf.exatype.gui.ExamTypeBrowser','N',5),('exit','angal.menu.btn.exit','angal.menu.exit','x','E','file','none','N',0),('file','angal.menu.btn.file','angal.menu.file','x','F','main','none','Y',0),('generaldata','angal.menu.btn.generaldata','angal.menu.generaldata','x','G','main','none','Y',1),('groups','angal.menu.btn.groups','angal.menu.groups','x','G','users','org.isf.menu.gui.UserGroupBrowsing','N',1),('help','angal.menu.btn.help','angal.menu.help','x','H','main','org.isf.help.HelpViewer','N',11),('hospital','angal.menu.btn.hospital','angal.menu.hospital','x','H','generaldata','org.isf.hospital.gui.HospitalBrowser','N',1),('laboratory','angal.menu.btn.laboratory','angal.menu.laboratory','x','L','main','org.isf.lab.gui.LabBrowser','N',4),('medicals','angal.menu.btn.medicals','angal.menu.medicals','x','P','pharmacy','org.isf.medicals.gui.MedicalBrowser','N',0),('medicalstock','angal.menu.btn.medicalstock','angal.menu.medicalstock','x','S','pharmacy','org.isf.medicalstock.gui.MovStockBrowser','N',1),('medicalstype','angal.menu.btn.medicalstype','angal.menu.medicalstype','x','M','types','org.isf.medtype.gui.MedicalTypeBrowser','N',7),('medstockmovtype','angal.menu.btn.medstockmovtype','angal.menu.medstockmovtype','x','S','types','org.isf.medstockmovtype.gui.MedicaldsrstockmovTypeBrowser','N',6),('opd','angal.menu.btn.opd','angal.menu.opd','x','O','main','org.isf.opd.gui.OpdBrowser','N',2),('operation','angal.menu.btn.operation','angal.menu.operation','x','O','generaldata','org.isf.operation.gui.OperationBrowser','N',5),('operationtype','angal.menu.btn.operationtype','angal.menu.operationtype','x','O','types','org.isf.opetype.gui.OperationTypeBrowser','N',8),('pharmacy','angal.menu.btn.pharmacy','angal.menu.pharmacy','x','P','main','none','Y',3),('pretreatmenttype','angal.menu.btn.pretreatmenttype','angal.menu.pretreatmenttype','x','P','types','org.isf.pregtreattype.gui.PregnantTreatmentTypeBrowser','N',9),('printing','angal.menu.btn.printing','angal.menu.printing','x','R','main','none','Y',9),('statistics','angal.menu.btn.statistics','angal.menu.statistics','x','T','main','org.isf.stat.reportlauncher.gui.ReportLauncher','N',6),('types','angal.menu.btn.types','angal.menu.types','x','T','generaldata','none','Y',0),('users','angal.menu.btn.users','angal.menu.users','x','U','file','none','Y',1),('usersusers','angal.menu.btn.usersusers','angal.menu.usersusers','x','U','users','org.isf.menu.gui.UserBrowsing','N',0),('vaccine','angal.menu.btn.vaccine','angal.menu.vaccine','x','V','generaldata','org.isf.vaccine.gui.VaccineBrowser','N',6),('ward','angal.menu.btn.ward','angal.menu.ward','x','W','generaldata','org.isf.ward.gui.WardBrowser','N',2),('medicalsward','angal.menu.btn.medicalsward','angal.menu.medicalsward','x','W','pharmacy','org.isf.medicalstockward.gui.WardPharmacy','N',2),('agetype','angal.menu.btn.agetype','angal.menu.agetype','x','G','types','org.isf.agetype.gui.AgeTypeBrowser','N',11),('priceslists','angal.menu.btn.priceslists','angal.menu.priceslists','x','P','generaldata','org.isf.priceslist.gui.PricesBrowser','N',7),('otherprices','angal.menu.btn.otherprices','angal.menu.otherprices','x','H','types','org.isf.pricesothers.gui.PricesOthersBrowser','N',10),('accounting','angal.menu.btn.accounting','angal.menu.accounting','x','C','main','none','Y',6),('newbill','angal.menu.btn.newbill','angal.menu.newbill','x','N','accounting','org.isf.accounting.gui.PatientBillEdit','N',0),('billsmanager','angal.menu.btn.billsmanager','angal.menu.billsmanager','x','M','accounting','org.isf.accounting.gui.BillBrowser','N',1),('data','angal.admission.data','angal.admission.data','x','D','admission','none','N',3),('btnadmnew','angal.admission.newpatient','angal.admission.newpatient','x','N','admission','none','N',0),('btnadmedit','angal.admission.editpatient','angal.admission.editpatient','x','E','admission','none','N',1),('btnadmopd','angal.admission.opd','angal.admission.admission','x','O','admission','none','N',5),('btnadmadm','angal.admission.admission','angal.admission.admission','x','A','admission','none','N',4),('btnadmdel','angal.admission.deletepatient','angal.admission.deletepatient','x','L','admission','none','N',2),('btnadmmer','angal.admission.merge','angal.admission.merge','x','L','admission','none','N',2),('btndataeditpat','angal.admission.editpatient','angal.admission.editpatient','x','P','data','none','N',0),('btndatamalnut','angal.admission.malnutritioncontrol','angal.admission.malnutritioncontrol','x','M','data','none','N',3),('btndatadel','angal.common.deletem','angal.common.deletem','x','D','data','none','N',2),('btndataedit','angal.common.editm','angal.common.editm','x','E','data','none','N',1),('btnopddel','angal.common.delete','angal.common.delete','x','D','opd','none','N',2),('btnopdedit','angal.common.edit','angal.common.edit','x','E','opd','none','N',1),('btnopdnew','angal.common.new','angal.common.new','x','N','opd','none','N',0),('btnpharmaceuticaldel','angal.common.delete','angal.common.delete','x','D','medicals','none','N',2),('btnpharmaceuticaledit','angal.common.edit','angal.common.edit','x','E','medicals','none','N',1),('btnpharmaceuticalnew','angal.common.new','angal.common.new','x','N','medicals','none','N',0),('btnlaboratorydel','angal.common.delete','angal.common.delete','x','D','laboratory','none','N',2),('btnlaboratoryedit','angal.common.edit','angal.common.edit','x','E','laboratory','none','N',1),('btnlaboratorynew','angal.common.new','angal.common.new','x','N','laboratory','none','N',0),('btnadmtherapy','angal.admission.therapy','angal.admission.therapy','x','T','admission','none','N',6),('btnbillnew','angal.billbrowser.newbill','angal.billbrowser.newbill','x','N','billsmanager','none','N',0),('btnbilledit','angal.billbrowser.editbill','angal.billbrowser.editbill','x','N','billsmanager','none','N',1),('btnbilldelete','angal.billbrowser.deletebill','angal.billbrowser.deletebill','x','N','billsmanager','none','N',2),('btnbillreport','angal.billbrowser.report','angal.billbrowser.report','x','N','billsmanager','none','N',3),('vaccinetype','angal.menu.btn.vaccinetype','angal.menu.vaccinetype','x','V','types','org.isf.vactype.gui.VaccineTypeBrowser','N',12),('patientvaccine','angal.menu.btn.patientvaccine','angal.menu.patientvaccine','x','V','main','org.isf.patvac.gui.PatVacBrowser','N',7),('btnpatientvaccinenew','angal.common.new','angal.common.new','x','N','patientvaccine','none','N',0),('btnpatientvaccineedit','angal.common.edit','angal.common.edit','x','E','patientvaccine','none','N',1),('btnpatientvaccinedel','angal.common.delete','angal.common.delete','x','D','patientvaccine','none','N',2),('communication','angal.menu.btn.chat','angal.menu.chat','x','M','main','org.isf.xmpp.gui.CommunicationFrame','N',10),('btnadmbill','angal.menu.btn.btnadmbill','angal.menu.btnadmbill','x','R','admission','none','N',4),('btnbillreceipt','angal.menu.btn.btnbillreceipt','angal.menu.btnbillreceipt','x','R','billsmanager','none','N',4),('btnadmpatientfolder','angal.admission.patientfolder','angal.admission.patientfolder','x','P','admission','none','Y',6),('btnopdnewexamination','angal.opd.examination','angal.opd.examination','x','A','btnopdnew','none','N',1),('btnopdeditexamination','angal.opd.examination','angal.opd.examination','x','A','btnopdedit','none','N',1),('btnadmadmexamination','angal.admission.examination','angal.admission.examination','x','A','btnadmadm','none','N',1),('btnadmexamination','angal.admission.examination','angal.admission.examination','x','A','admission','none','N',1),('supplier','angal.menu.btn.supplier','angal.menu.supplier','x','S','generaldata','org.isf.supplier.gui.SupplierBrowser','N',8),('btnpatfoldopdrpt','angal.menu.btn.opdchart','angal.menu.opdchart','x','O','btnadmpatientfolder','none','N',1),('btnpatfoldadmrpt','angal.menu.btn.admchart','angal.menu.admchart','x','A','btnadmpatientfolder','none','N',2),('btnpatfoldpatrpt','angal.menu.btn.patreport','angal.menu.patreport','x','R','btnadmpatientfolder','none','N',3),('btnpatfolddicom','angal.menu.btn.dicom','angal.menu.dicom','x','D','btnadmpatientfolder','none','N',4),('smsmanager','angal.menu.btn.smsmanager','angal.menu.smsmanager','x','M','generaldata','org.isf.sms.gui.SmsBrowser','N',9),('btnpharmstockcharge','angal.menu.btn.btnpharmstockcharge','angal.menu.btnpharmstockcharge','x','C','medicalstock','none','N',1),('btnpharmstockdischarge','angal.menu.btn.btnpharmstockdischarge','angal.menu.btnpharmstockdischarge','x','D','medicalstock','none','N',2),('btnmedicalswardreport','angal.menu.btn.btnmedicalswardreport','angal.menu.btnmedicalswardreport','x','P','medicalsward','none','N',2),('btnmedicalswardexcel','angal.menu.btn.btnmedicalswardexcel','angal.menu.btnmedicalswardexcel','x','E','medicalsward','none','N',3),('btnmedicalswardrectify','angal.menu.btn.btnmedicalswardrectify','angal.menu.btnmedicalswardrectify','x','R','medicalsward','none','N',1),('dicomtype','angal.menu.btn.dicomtype','angal.menu.dicomtype','x','X','types','org.isf.dicomtype.gui.DicomTypeBrowser','N',13),('btnopdnewoperation','angal.opd.operation','angal.opd.operation','x','A','btnopdnew','none','N',2),('btnopdeditoperation','angal.opd.operation','angal.opd.operation','x','A','btnopdedit','none','N',2),('worksheet','angal.menu.btn.worksheet','angal.menu.worksheet','x','W','main','org.isf.visits.gui.VisitView','N',8);
/*!40000 ALTER TABLE `menuitem` ENABLE KEYS */;
UNLOCK TABLES;

--
-- Table structure for table `opd`
--

DROP TABLE IF EXISTS `opd`;
/*!40101 SET @saved_cs_client     = @@character_set_client */;
/*!40101 SET character_set_client = utf8 */;
CREATE TABLE `opd` (
  `OPD_ID` int(11) NOT NULL AUTO_INCREMENT,
  `OPD_DATE` datetime NOT NULL,
  `OPD_NEW_PAT` char(1) NOT NULL DEFAULT 'N',
  `OPD_DATE_VIS` date NOT NULL,
  `OPD_PROG_YEAR` int(11) NOT NULL,
  `OPD_SEX` char(1) NOT NULL,
  `OPD_AGE` int(11) NOT NULL DEFAULT '0',
  `OPD_DIS_ID_A` varchar(10) DEFAULT NULL,
  `OPD_DIS_ID_A_2` varchar(10) DEFAULT NULL,
  `OPD_DIS_ID_A_3` varchar(10) DEFAULT NULL,
  `OPD_REFERRAL_FROM` varchar(1) DEFAULT NULL,
  `OPD_REFERRAL_TO` varchar(1) DEFAULT NULL,
  `OPD_NOTE` text NOT NULL,
  `OPD_PAT_ID` int(11) DEFAULT NULL,
  `OPD_USR_ID_A` varchar(50) NOT NULL DEFAULT 'admin',
  `OPD_LOCK` int(11) NOT NULL DEFAULT '0',
  `OPD_CREATED_BY` varchar(50) DEFAULT NULL,
  `OPD_DATE_NEXT_VIS` datetime DEFAULT NULL,
  `OPD_CREATED_DATE` datetime DEFAULT NULL,
  `OPD_LAST_MODIFIED_BY` varchar(50) DEFAULT NULL,
  `OPD_LAST_MODIFIED_DATE` datetime DEFAULT NULL,
  `OPD_ACTIVE` tinyint(1) NOT NULL DEFAULT '1',
  PRIMARY KEY (`OPD_ID`),
  KEY `FK_OPD_DISEASE` (`OPD_DIS_ID_A`),
  KEY `FK_OPD_DISEASE_2` (`OPD_DIS_ID_A_2`),
  KEY `FK_OPD_DISEASE_3` (`OPD_DIS_ID_A_3`),
  KEY `FK_OPD_PATIENT` (`OPD_PAT_ID`),
  CONSTRAINT `FK_OPD_DISEASE` FOREIGN KEY (`OPD_DIS_ID_A`) REFERENCES `disease` (`DIS_ID_A`) ON DELETE NO ACTION ON UPDATE NO ACTION,
  CONSTRAINT `FK_OPD_DISEASE_2` FOREIGN KEY (`OPD_DIS_ID_A_2`) REFERENCES `disease` (`DIS_ID_A`) ON DELETE NO ACTION ON UPDATE NO ACTION,
  CONSTRAINT `FK_OPD_DISEASE_3` FOREIGN KEY (`OPD_DIS_ID_A_3`) REFERENCES `disease` (`DIS_ID_A`) ON DELETE NO ACTION ON UPDATE NO ACTION,
  CONSTRAINT `FK_OPD_PATIENT` FOREIGN KEY (`OPD_PAT_ID`) REFERENCES `patient` (`PAT_ID`) ON DELETE CASCADE ON UPDATE CASCADE
) ENGINE=InnoDB DEFAULT CHARSET=utf8;
/*!40101 SET character_set_client = @saved_cs_client */;

--
-- Dumping data for table `opd`
--

LOCK TABLES `opd` WRITE;
/*!40000 ALTER TABLE `opd` DISABLE KEYS */;
/*!40000 ALTER TABLE `opd` ENABLE KEYS */;
UNLOCK TABLES;

--
-- Table structure for table `operation`
--

DROP TABLE IF EXISTS `operation`;
/*!40101 SET @saved_cs_client     = @@character_set_client */;
/*!40101 SET character_set_client = utf8 */;
CREATE TABLE `operation` (
  `OPE_ID_A` varchar(10) NOT NULL,
  `OPE_OCL_ID_A` char(2) NOT NULL,
  `OPE_DESC` varchar(50) NOT NULL,
  `OPE_STAT` int(11) NOT NULL DEFAULT '0',
  `OPE_FOR` char(1) DEFAULT '1' COMMENT '''1'' = OPD/IPD, ''2'' = IPD only, ''3'' = OPD only',
  `OPE_LOCK` int(11) NOT NULL DEFAULT '0',
  `OPE_CREATED_BY` varchar(50) DEFAULT NULL,
  `OPE_CREATED_DATE` datetime DEFAULT NULL,
  `OPE_LAST_MODIFIED_BY` varchar(50) DEFAULT NULL,
  `OPE_LAST_MODIFIED_DATE` datetime DEFAULT NULL,
  `OPE_ACTIVE` tinyint(1) NOT NULL DEFAULT '1',
  PRIMARY KEY (`OPE_ID_A`),
  KEY `FK_OPERATION_OPERATIONTYPE` (`OPE_OCL_ID_A`),
  CONSTRAINT `FK_OPERATION_OPERATIONTYPE` FOREIGN KEY (`OPE_OCL_ID_A`) REFERENCES `operationtype` (`OCL_ID_A`) ON DELETE NO ACTION ON UPDATE CASCADE
) ENGINE=InnoDB DEFAULT CHARSET=utf8;
/*!40101 SET character_set_client = @saved_cs_client */;

--
-- Dumping data for table `operation`
--

LOCK TABLES `operation` WRITE;
/*!40000 ALTER TABLE `operation` DISABLE KEYS */;
INSERT INTO `operation` VALUES ('1','OB','Secção cesariana',1,'1',0,NULL,NULL,NULL,NULL,1),('10','GY','Abdome agudo',1,'1',0,NULL,NULL,NULL,NULL,1),('11','GY','Gravidez ectópica',1,'1',0,NULL,NULL,NULL,NULL,1),('12','GY','Peritonite',1,'1',0,NULL,NULL,NULL,NULL,1),('13','GY','Abscesso pélvico',1,'1',0,NULL,NULL,NULL,NULL,1),('14','GY','Miomas uterinos',1,'1',0,NULL,NULL,NULL,NULL,1),('15','GY','Tumores ovarianos',1,'1',0,NULL,NULL,NULL,NULL,1),('16','GY','Prolapso uterino',1,'1',0,NULL,NULL,NULL,NULL,1),('17','GY','Cistocele',1,'1',0,NULL,NULL,NULL,NULL,1),('18','MG','Circuncisão',1,'1',0,NULL,NULL,NULL,NULL,1),('19','MG','Fimose',1,'1',0,NULL,NULL,NULL,NULL,1),('2','OB','Histerectomia',1,'1',0,NULL,NULL,NULL,NULL,1),('20','MG','Parafimose',1,'1',0,NULL,NULL,NULL,NULL,1),('21','MG','Parafimose-fenda dorsal',1,'1',0,NULL,NULL,NULL,NULL,1),('22','MG','Ureteral estenose-bougienage',1,'1',0,NULL,NULL,NULL,NULL,1),('23','MG','Hidrocelectomia',1,'1',0,NULL,NULL,NULL,NULL,1),('24','MG','Tumores testiculares',1,'1',0,NULL,NULL,NULL,NULL,1),('25','MG','Prostatectomia',1,'1',0,NULL,NULL,NULL,NULL,1),('26','MG','Biópsia de próstata',1,'1',0,NULL,NULL,NULL,NULL,1),('27','MG','Biópsia de bexiga',1,'1',0,NULL,NULL,NULL,NULL,1),('28','AG','Hérnia (inguinal e femoral)',1,'1',0,NULL,NULL,NULL,NULL,1),('29','AG','Estrangulada',1,'1',0,NULL,NULL,NULL,NULL,1),('3','OB','Ruptura do útero',1,'1',0,NULL,NULL,NULL,NULL,1),('30','AG','Não estrangulada',1,'1',0,NULL,NULL,NULL,NULL,1),('31','AG','Hérnia Epigastrical',1,'1',0,NULL,NULL,NULL,NULL,1),('32','AG','Obstrução intestinal',1,'1',0,NULL,NULL,NULL,NULL,1),('33','AG','Mecânica',1,'1',0,NULL,NULL,NULL,NULL,1),('34','AG','Oclusão intestinal',1,'1',0,NULL,NULL,NULL,NULL,1),('35','AG','Laparotomia',1,'1',0,NULL,NULL,NULL,NULL,1),('36','AG','Lesões abdominais penetrantes',1,'1',0,NULL,NULL,NULL,NULL,1),('37','AG','Peritonite',1,'1',0,NULL,NULL,NULL,NULL,1),('38','AG','Apendicite',1,'1',0,NULL,NULL,NULL,NULL,1),('39','AG','Colecistite',1,'1',0,NULL,NULL,NULL,NULL,1),('4','OB','Útero ferido',1,'1',0,NULL,NULL,NULL,NULL,1),('40','AG','Tumores abdominais',1,'1',0,NULL,NULL,NULL,NULL,1),('41','OR','Redução de fraturas',1,'1',0,NULL,NULL,NULL,NULL,1),('42','OR','Membro superior',1,'1',0,NULL,NULL,NULL,NULL,1),('43','OR','Membro inferior',1,'1',0,NULL,NULL,NULL,NULL,1),('44','OR','Osteomielite - seqüestrectomia',1,'1',0,NULL,NULL,NULL,NULL,1),('45','OS','Incisão e drenagem',1,'1',0,NULL,NULL,NULL,NULL,1),('46','OS','Desbridamento',1,'1',0,NULL,NULL,NULL,NULL,1),('47','OS','Mise-um-plat',1,'1',0,NULL,NULL,NULL,NULL,1),('48','OS','Toalete cirúrgica e sutura',1,'1',0,NULL,NULL,NULL,NULL,1),('5','OB','Evacuações',1,'1',0,NULL,NULL,NULL,NULL,1),('6','OB','Aborto incompleto',1,'1',0,NULL,NULL,NULL,NULL,1),('7','OB','Aborto séptico',1,'1',0,NULL,NULL,NULL,NULL,1),('8','OB','Dilatação e curetagem',1,'1',0,NULL,NULL,NULL,NULL,1),('9','OB','Reparo de fístula vésico-vaginal (vvf)',1,'1',0,NULL,NULL,NULL,NULL,1);
/*!40000 ALTER TABLE `operation` ENABLE KEYS */;
UNLOCK TABLES;

--
-- Table structure for table `operationrow`
--

DROP TABLE IF EXISTS `operationrow`;
/*!40101 SET @saved_cs_client     = @@character_set_client */;
/*!40101 SET character_set_client = utf8 */;
CREATE TABLE `operationrow` (
  `OPER_ID_A` int(11) NOT NULL AUTO_INCREMENT,
  `OPER_ID` varchar(11) NOT NULL,
  `OPER_PRESCRIBER` varchar(150) NOT NULL,
  `OPER_RESULT` varchar(250) NOT NULL,
  `OPER_OPDATE` datetime NOT NULL,
  `OPER_REMARKS` varchar(250) NOT NULL,
  `OPER_ADMISSION_ID` int(11) DEFAULT '0',
  `OPER_OPD_ID` int(11) DEFAULT '0',
  `OPER_BILL_ID` int(11) DEFAULT '0',
  `OPER_TRANS_UNIT` float DEFAULT '0',
  `OPER_CREATED_BY` varchar(50) DEFAULT NULL,
  `OPER_CREATED_DATE` datetime DEFAULT NULL,
  `OPER_LAST_MODIFIED_BY` varchar(50) DEFAULT NULL,
  `OPER_LAST_MODIFIED_DATE` datetime DEFAULT NULL,
  `OPER_ACTIVE` tinyint(1) NOT NULL DEFAULT '1',
  PRIMARY KEY (`OPER_ID_A`)
) ENGINE=InnoDB DEFAULT CHARSET=utf8;
/*!40101 SET character_set_client = @saved_cs_client */;

--
-- Dumping data for table `operationrow`
--

LOCK TABLES `operationrow` WRITE;
/*!40000 ALTER TABLE `operationrow` DISABLE KEYS */;
/*!40000 ALTER TABLE `operationrow` ENABLE KEYS */;
UNLOCK TABLES;

--
-- Table structure for table `operationtype`
--

DROP TABLE IF EXISTS `operationtype`;
/*!40101 SET @saved_cs_client     = @@character_set_client */;
/*!40101 SET character_set_client = utf8 */;
CREATE TABLE `operationtype` (
  `OCL_ID_A` char(2) NOT NULL,
  `OCL_DESC` varchar(50) NOT NULL,
  `OCL_TYPE` varchar(20) NOT NULL DEFAULT 'MAJOR',
  `OCL_CREATED_BY` varchar(50) DEFAULT NULL,
  `OCL_CREATED_DATE` datetime DEFAULT NULL,
  `OCL_LAST_MODIFIED_BY` varchar(50) DEFAULT NULL,
  `OCL_LAST_MODIFIED_DATE` datetime DEFAULT NULL,
  `OCL_ACTIVE` tinyint(1) NOT NULL DEFAULT '1',
  PRIMARY KEY (`OCL_ID_A`)
) ENGINE=InnoDB DEFAULT CHARSET=utf8;
/*!40101 SET character_set_client = @saved_cs_client */;

--
-- Dumping data for table `operationtype`
--

LOCK TABLES `operationtype` WRITE;
/*!40000 ALTER TABLE `operationtype` DISABLE KEYS */;
INSERT INTO `operationtype` VALUES ('AG','CIRURGIA GERAL ABDOMINAL','MAJOR',NULL,NULL,NULL,NULL,1),('GY','GINECOLÓGICO','MAJOR',NULL,NULL,NULL,NULL,1),('MG','SISTEMA GENITO-URINÁRIO MASCULINO','MAJOR',NULL,NULL,NULL,NULL,1),('OB','OBSTÉTRICAS','MAJOR',NULL,NULL,NULL,NULL,1),('OR','ORTOPÉDICA','MAJOR',NULL,NULL,NULL,NULL,1),('OS','OUTROS: PELE E SUBCUTÂNEO','MAJOR',NULL,NULL,NULL,NULL,1);
/*!40000 ALTER TABLE `operationtype` ENABLE KEYS */;
UNLOCK TABLES;

--
-- Table structure for table `patient`
--

DROP TABLE IF EXISTS `patient`;
/*!40101 SET @saved_cs_client     = @@character_set_client */;
/*!40101 SET character_set_client = utf8 */;
CREATE TABLE `patient` (
  `PAT_ID` int(11) NOT NULL AUTO_INCREMENT,
  `PAT_FNAME` varchar(50) NOT NULL,
  `PAT_SNAME` varchar(50) NOT NULL,
  `PAT_NAME` varchar(100) DEFAULT NULL,
  `PAT_BDATE` date DEFAULT NULL,
  `PAT_AGE` int(11) NOT NULL DEFAULT '0',
  `PAT_AGETYPE` varchar(50) NOT NULL DEFAULT '',
  `PAT_SEX` char(1) NOT NULL,
  `PAT_ADDR` varchar(50) DEFAULT NULL,
  `PAT_CITY` varchar(50) NOT NULL,
  `PAT_NEXT_KIN` varchar(50) DEFAULT NULL,
  `PAT_TELE` varchar(50) DEFAULT NULL,
  `PAT_MOTH_NAME` varchar(50) NOT NULL DEFAULT '',
  `PAT_MOTH` char(1) DEFAULT NULL,
  `PAT_FATH_NAME` varchar(50) NOT NULL DEFAULT '',
  `PAT_FATH` char(1) DEFAULT NULL,
  `PAT_LEDU` char(1) DEFAULT NULL,
  `PAT_ESTA` char(1) DEFAULT NULL,
  `PAT_PTOGE` char(1) DEFAULT NULL,
  `PAT_NOTE` text,
  `PAT_DELETED` char(1) NOT NULL DEFAULT 'N',
  `PAT_LOCK` int(11) NOT NULL DEFAULT '0',
  `PAT_BTYPE` varchar(15) NOT NULL DEFAULT 'Unknown',
  `PAT_TAXCODE` varchar(30) DEFAULT '',
  `PAT_TIMESTAMP` timestamp NOT NULL DEFAULT CURRENT_TIMESTAMP,
  `PAT_CREATED_BY` varchar(50) DEFAULT NULL,
  `PAT_CREATED_DATE` datetime DEFAULT NULL,
  `PAT_LAST_MODIFIED_BY` varchar(50) DEFAULT NULL,
  `PAT_LAST_MODIFIED_DATE` datetime DEFAULT NULL,
  `PAT_ACTIVE` tinyint(1) NOT NULL DEFAULT '1',
  `PAT_PROFESSION` varchar(50) NOT NULL DEFAULT 'unknown',
  `PAT_MAR_STAT` varchar(50) NOT NULL DEFAULT 'unknown',
  `PROFILE_PHOTO_ID` int(11) DEFAULT NULL,
  PRIMARY KEY (`PAT_ID`)
) ENGINE=InnoDB DEFAULT CHARSET=utf8;
/*!40101 SET character_set_client = @saved_cs_client */;

--
-- Dumping data for table `patient`
--

LOCK TABLES `patient` WRITE;
/*!40000 ALTER TABLE `patient` DISABLE KEYS */;
INSERT INTO `patient` VALUES (0,'Patient','Null','Null Patient',NULL,0,'-','U','-','-','-','-','-','U','-','U',NULL,'U','U','-','Y',0,'-','-','2020-11-13 00:23:08',NULL,NULL,NULL,NULL,1,'unknown','unknown',NULL);
/*!40000 ALTER TABLE `patient` ENABLE KEYS */;
UNLOCK TABLES;

--
-- Table structure for table `patient_profile_photo`
--

DROP TABLE IF EXISTS `patient_profile_photo`;
/*!40101 SET @saved_cs_client     = @@character_set_client */;
/*!40101 SET character_set_client = utf8 */;
CREATE TABLE `patient_profile_photo` (
  `PAT_PROFILE_PHOTO_ID` int(11) NOT NULL AUTO_INCREMENT,
  `PAT_PHOTO` blob,
  PRIMARY KEY (`PAT_PROFILE_PHOTO_ID`)
) ENGINE=MyISAM DEFAULT CHARSET=utf8;
/*!40101 SET character_set_client = @saved_cs_client */;

--
-- Dumping data for table `patient_profile_photo`
--

LOCK TABLES `patient_profile_photo` WRITE;
/*!40000 ALTER TABLE `patient_profile_photo` DISABLE KEYS */;
/*!40000 ALTER TABLE `patient_profile_photo` ENABLE KEYS */;
UNLOCK TABLES;

--
-- Table structure for table `patientexamination`
--

DROP TABLE IF EXISTS `patientexamination`;
/*!40101 SET @saved_cs_client     = @@character_set_client */;
/*!40101 SET character_set_client = utf8 */;
CREATE TABLE `patientexamination` (
  `PEX_ID` int(11) NOT NULL AUTO_INCREMENT,
  `PEX_DATE` datetime NOT NULL,
  `PEX_PAT_ID` int(11) NOT NULL,
  `PEX_HEIGHT` int(11) DEFAULT NULL COMMENT 'Height in cm',
  `PEX_WEIGHT` double DEFAULT NULL COMMENT 'Weight in Kg',
  `PEX_AP_MIN` int(11) DEFAULT NULL COMMENT 'Blood Pressure MIN in mmHg',
  `PEX_AP_MAX` int(11) DEFAULT NULL COMMENT 'Blood Pressure MAX in mmHg',
  `PEX_HR` int(11) DEFAULT NULL COMMENT 'Heart Rate in APm',
  `PEX_TEMP` double DEFAULT NULL COMMENT 'Temperature in °C',
  `PEX_SAT` double DEFAULT NULL COMMENT 'Saturation in %',
  `PEX_HGT` int(3) DEFAULT NULL COMMENT 'Hemo Glucose Test',
  `PEX_DIURESIS` int(11) DEFAULT NULL COMMENT 'Daily Urine Volume in ml',
  `PEX_DIURESIS_DESC` varchar(45) DEFAULT NULL COMMENT 'Diuresis: physiological, oliguria, anuria, fequent, nocturia, stranguria, hematuria, pyuria',
  `PEX_BOWEL_DESC` varchar(45) DEFAULT NULL COMMENT 'Bowel Function: regular, irregular, constipation, diarrheal',
  `PEX_RR` int(11) DEFAULT NULL COMMENT 'Respiratory rate in bpm',
  `PEX_AUSC` varchar(50) DEFAULT NULL COMMENT 'Auscultation: normal, wheezes, rhonchi, crackles, stridor, bronchial',
  `PEX_NOTE` varchar(300) DEFAULT NULL,
  `PEX_CREATED_BY` varchar(50) DEFAULT NULL,
  `PEX_CREATED_DATE` datetime DEFAULT NULL,
  `PEX_LAST_MODIFIED_BY` varchar(50) DEFAULT NULL,
  `PEX_LAST_MODIFIED_DATE` datetime DEFAULT NULL,
  `PEX_ACTIVE` tinyint(1) NOT NULL DEFAULT '1',
  PRIMARY KEY (`PEX_ID`),
  KEY `PEX_PAT_ID` (`PEX_PAT_ID`),
  CONSTRAINT `FK_PATIENTEXAMINATION_PATIENT` FOREIGN KEY (`PEX_PAT_ID`) REFERENCES `patient` (`PAT_ID`) ON DELETE CASCADE ON UPDATE CASCADE
) ENGINE=InnoDB DEFAULT CHARSET=utf8;
/*!40101 SET character_set_client = @saved_cs_client */;

--
-- Dumping data for table `patientexamination`
--

LOCK TABLES `patientexamination` WRITE;
/*!40000 ALTER TABLE `patientexamination` DISABLE KEYS */;
/*!40000 ALTER TABLE `patientexamination` ENABLE KEYS */;
UNLOCK TABLES;

--
-- Table structure for table `patientvaccine`
--

DROP TABLE IF EXISTS `patientvaccine`;
/*!40101 SET @saved_cs_client     = @@character_set_client */;
/*!40101 SET character_set_client = utf8 */;
CREATE TABLE `patientvaccine` (
  `PAV_ID` int(11) NOT NULL AUTO_INCREMENT,
  `PAV_YPROG` int(11) NOT NULL,
  `PAV_DATE` datetime NOT NULL,
  `PAV_PAT_ID` int(11) NOT NULL,
  `PAV_VAC_ID_A` varchar(10) NOT NULL,
  `PAV_LOCK` int(11) NOT NULL DEFAULT '0',
  `PAV_CREATED_BY` varchar(50) DEFAULT NULL,
  `PAV_CREATED_DATE` datetime DEFAULT NULL,
  `PAV_LAST_MODIFIED_BY` varchar(50) DEFAULT NULL,
  `PAV_LAST_MODIFIED_DATE` datetime DEFAULT NULL,
  `PAV_ACTIVE` tinyint(1) NOT NULL DEFAULT '1',
  PRIMARY KEY (`PAV_ID`),
  KEY `FK_PATIENTVACCINE_PATIENT` (`PAV_PAT_ID`),
  KEY `FK_PATIENTVACCINE_VACCINE` (`PAV_VAC_ID_A`),
  CONSTRAINT `FK_PATIENTVACCINE_PATIENT` FOREIGN KEY (`PAV_PAT_ID`) REFERENCES `patient` (`PAT_ID`) ON DELETE CASCADE ON UPDATE CASCADE,
  CONSTRAINT `FK_PATIENTVACCINE_VACCINE` FOREIGN KEY (`PAV_VAC_ID_A`) REFERENCES `vaccine` (`VAC_ID_A`) ON DELETE NO ACTION ON UPDATE NO ACTION
) ENGINE=InnoDB DEFAULT CHARSET=utf8;
/*!40101 SET character_set_client = @saved_cs_client */;

--
-- Dumping data for table `patientvaccine`
--

LOCK TABLES `patientvaccine` WRITE;
/*!40000 ALTER TABLE `patientvaccine` DISABLE KEYS */;
/*!40000 ALTER TABLE `patientvaccine` ENABLE KEYS */;
UNLOCK TABLES;

--
-- Table structure for table `pregnanttreatmenttype`
--

DROP TABLE IF EXISTS `pregnanttreatmenttype`;
/*!40101 SET @saved_cs_client     = @@character_set_client */;
/*!40101 SET character_set_client = utf8 */;
CREATE TABLE `pregnanttreatmenttype` (
  `PTT_ID_A` varchar(10) NOT NULL,
  `PTT_DESC` varchar(50) NOT NULL,
  `PTT_CREATED_BY` varchar(50) DEFAULT NULL,
  `PTT_CREATED_DATE` datetime DEFAULT NULL,
  `PTT_LAST_MODIFIED_BY` varchar(50) DEFAULT NULL,
  `PTT_LAST_MODIFIED_DATE` datetime DEFAULT NULL,
  `PTT_ACTIVE` tinyint(1) NOT NULL DEFAULT '1',
  PRIMARY KEY (`PTT_ID_A`)
) ENGINE=InnoDB DEFAULT CHARSET=utf8;
/*!40101 SET character_set_client = @saved_cs_client */;

--
-- Dumping data for table `pregnanttreatmenttype`
--

LOCK TABLES `pregnanttreatmenttype` WRITE;
/*!40000 ALTER TABLE `pregnanttreatmenttype` DISABLE KEYS */;
INSERT INTO `pregnanttreatmenttype` VALUES ('A','ANC RE-ATENDIMENTO',NULL,NULL,NULL,NULL,1),('I1','IMUNIZAÇÃO 1',NULL,NULL,NULL,NULL,1),('I2','IMUNIZAÇÃO 2',NULL,NULL,NULL,NULL,1),('I3','IMUNIZAÇÃO 3',NULL,NULL,NULL,NULL,1),('N','NOVO ATENDIMENTO DO ANC',NULL,NULL,NULL,NULL,1),('S1','PRIMEIRA DOSE COM SP',NULL,NULL,NULL,NULL,1),('S2','SEGUNDA DOSE COM SP',NULL,NULL,NULL,NULL,1);
/*!40000 ALTER TABLE `pregnanttreatmenttype` ENABLE KEYS */;
UNLOCK TABLES;

--
-- Table structure for table `pricelists`
--

DROP TABLE IF EXISTS `pricelists`;
/*!40101 SET @saved_cs_client     = @@character_set_client */;
/*!40101 SET character_set_client = utf8 */;
CREATE TABLE `pricelists` (
  `LST_ID` int(11) NOT NULL AUTO_INCREMENT,
  `LST_CODE` varchar(7) NOT NULL,
  `LST_NAME` varchar(50) NOT NULL,
  `LST_DESC` varchar(100) NOT NULL,
  `LST_CURRENCY` varchar(10) NOT NULL,
  `LST_CREATED_BY` varchar(50) DEFAULT NULL,
  `LST_CREATED_DATE` datetime DEFAULT NULL,
  `LST_LAST_MODIFIED_BY` varchar(50) DEFAULT NULL,
  `LST_LAST_MODIFIED_DATE` datetime DEFAULT NULL,
  `LST_ACTIVE` tinyint(1) NOT NULL DEFAULT '1',
  PRIMARY KEY (`LST_ID`)
) ENGINE=InnoDB AUTO_INCREMENT=2 DEFAULT CHARSET=utf8;
/*!40101 SET character_set_client = @saved_cs_client */;

--
-- Dumping data for table `pricelists`
--

LOCK TABLES `pricelists` WRITE;
/*!40000 ALTER TABLE `pricelists` DISABLE KEYS */;
INSERT INTO `pricelists` VALUES (1,'LIST001','Basic','Basic price list','',NULL,NULL,NULL,NULL,1);
/*!40000 ALTER TABLE `pricelists` ENABLE KEYS */;
UNLOCK TABLES;

--
-- Table structure for table `prices`
--

DROP TABLE IF EXISTS `prices`;
/*!40101 SET @saved_cs_client     = @@character_set_client */;
/*!40101 SET character_set_client = utf8 */;
CREATE TABLE `prices` (
  `PRC_ID` int(11) NOT NULL AUTO_INCREMENT,
  `PRC_LST_ID` int(11) NOT NULL,
  `PRC_GRP` char(3) NOT NULL,
  `PRC_ITEM` varchar(10) NOT NULL,
  `PRC_DESC` varchar(100) NOT NULL,
  `PRC_PRICE` double NOT NULL,
  `PRC_CREATED_BY` varchar(50) DEFAULT NULL,
  `PRC_CREATED_DATE` datetime DEFAULT NULL,
  `PRC_LAST_MODIFIED_BY` varchar(50) DEFAULT NULL,
  `PRC_LAST_MODIFIED_DATE` datetime DEFAULT NULL,
  `PRC_ACTIVE` tinyint(1) NOT NULL DEFAULT '1',
  PRIMARY KEY (`PRC_ID`),
  KEY `FK_PRICES_PRICELISTS` (`PRC_LST_ID`),
  CONSTRAINT `FK_PRICES_PRICELISTS` FOREIGN KEY (`PRC_LST_ID`) REFERENCES `pricelists` (`LST_ID`) ON DELETE CASCADE ON UPDATE CASCADE
) ENGINE=InnoDB AUTO_INCREMENT=688 DEFAULT CHARSET=utf8;
/*!40101 SET character_set_client = @saved_cs_client */;

--
-- Dumping data for table `prices`
--

LOCK TABLES `prices` WRITE;
/*!40000 ALTER TABLE `prices` DISABLE KEYS */;
INSERT INTO `prices` VALUES (1,1,'EXA','01.01','1.1 HB',0,NULL,NULL,NULL,NULL,1),(2,1,'EXA','01.01.01','1.1 HB (Procedimento 3)',0,NULL,NULL,NULL,NULL,1),(3,1,'EXA','01.02','1.2 Leucócitos',0,NULL,NULL,NULL,NULL,1),(4,1,'EXA','01.03','1.3 Diferencial',0,NULL,NULL,NULL,NULL,1),(5,1,'EXA','01.04','1.4 Film Comment',0,NULL,NULL,NULL,NULL,1),(6,1,'EXA','01.05','1.5 ESR',0,NULL,NULL,NULL,NULL,1),(7,1,'EXA','01.06','1.6 Teste de circulo',0,NULL,NULL,NULL,NULL,1),(8,1,'EXA','02.01','2.1 Grupo',0,NULL,NULL,NULL,NULL,1),(9,1,'EXA','02.02','2.2 Teste de Comb',0,NULL,NULL,NULL,NULL,1),(10,1,'EXA','03.01','3.1 Lâmina de sangue (malária)',0,NULL,NULL,NULL,NULL,1),(11,1,'EXA','03.02','3.2 Lâmina de sangue (outros, por exemplo TRIUPHANOSOMIAS, MICRIFILARIA, LEISHMANIA, BORRELIA)',0,NULL,NULL,NULL,NULL,1),(12,1,'EXA','03.02.1','3.21 Tripanossomíase',0,NULL,NULL,NULL,NULL,1),(13,1,'EXA','03.02.2','3.22 MICROFILARIA',0,NULL,NULL,NULL,NULL,1),(14,1,'EXA','03.02.3','3.23 LEISHMANIA',0,NULL,NULL,NULL,NULL,1),(15,1,'EXA','03.02.4','3.24 BORRELIA',0,NULL,NULL,NULL,NULL,1),(16,1,'EXA','03.03','3.3 ANALISE DE FEZES',0,NULL,NULL,NULL,NULL,1),(17,1,'EXA','03.04','3.4 ANALISE DE URINA',0,NULL,NULL,NULL,NULL,1),(18,1,'EXA','03.05','3.5 TECIDO DE MICROSCOPIA',0,NULL,NULL,NULL,NULL,1),(19,1,'EXA','03.06','3.6 ESAME DO LCR',0,NULL,NULL,NULL,NULL,1),(20,1,'EXA','04.01','4.1 CULTURA E SENSIBILIDADE (C&S) PARA HAEMOPHILUS INFUENZA TIPO B',0,NULL,NULL,NULL,NULL,1),(21,1,'EXA','04.02','4.2 C&S PARA SALMONELA TYPHI',0,NULL,NULL,NULL,NULL,1),(22,1,'EXA','04.03','4.3 C&S PARA VIBRO DO CÓLERA',0,NULL,NULL,NULL,NULL,1),(23,1,'EXA','04.04','4.4 C&S PARA SHIGELLA DYSENTERIAE',0,NULL,NULL,NULL,NULL,1),(24,1,'EXA','04.05','4.5 C&S PARA NEISSERIA MENINGITIDES',0,NULL,NULL,NULL,NULL,1),(25,1,'EXA','04.06','4.6 OUTRAS C &AMP',0,NULL,NULL,NULL,NULL,1),(26,1,'EXA','05.01','5.1 MOLHADO PREP',0,NULL,NULL,NULL,NULL,1),(27,1,'EXA','05.02','5.2 COLORAÇÃO GRAM',0,NULL,NULL,NULL,NULL,1),(28,1,'EXA','05.03','5.3 NANQUIM',0,NULL,NULL,NULL,NULL,1),(29,1,'EXA','05.04','5.4 LEISMANIA',0,NULL,NULL,NULL,NULL,1),(30,1,'EXA','05.05','5.5 ZN',0,NULL,NULL,NULL,NULL,1),(31,1,'EXA','05.06','5.6 WAYSON',0,NULL,NULL,NULL,NULL,1),(32,1,'EXA','05.07','5.7 EXAME DE PAPANICOLAOU',0,NULL,NULL,NULL,NULL,1),(33,1,'EXA','06.01','6.1 VDRL/RPR',0,NULL,NULL,NULL,NULL,1),(34,1,'EXA','06.02','6.2 TPHA',0,NULL,NULL,NULL,NULL,1),(35,1,'EXA','06.03','6.3 VIH',0,NULL,NULL,NULL,NULL,1),(36,1,'EXA','06.04','6.4 HEPATITE',0,NULL,NULL,NULL,NULL,1),(37,1,'EXA','06.05','6.5 OUTROS EX. BRUCELLA, FATOR REUMATÓIDE, WEIL FELIX',0,NULL,NULL,NULL,NULL,1),(38,1,'EXA','06.06','6.6 TESTE DE GESTAÇÃO',0,NULL,NULL,NULL,NULL,1),(39,1,'EXA','07.01','7.1 PROTEÍNA',0,NULL,NULL,NULL,NULL,1),(40,1,'EXA','07.02','7.2 AÇÚCAR',0,NULL,NULL,NULL,NULL,1),(41,1,'EXA','07.03','7.3 LFT',0,NULL,NULL,NULL,NULL,1),(42,1,'EXA','07.03.1','7.3.1 BILIRRUBINA TOTAL',0,NULL,NULL,NULL,NULL,1),(43,1,'EXA','07.03.2','7.3.2 BILIRRUBINA DIRETA',0,NULL,NULL,NULL,NULL,1),(44,1,'EXA','07.03.3','7.3.3 TEM',0,NULL,NULL,NULL,NULL,1),(45,1,'EXA','07.03.4','7.3.4 ALT/GPT',0,NULL,NULL,NULL,NULL,1),(46,1,'EXA','07.04','7.4 RFTS',0,NULL,NULL,NULL,NULL,1),(47,1,'EXA','07.04.1','7.4.1 CREATININA',0,NULL,NULL,NULL,NULL,1),(48,1,'EXA','07.04.2','7.4.2 UREIA',0,NULL,NULL,NULL,NULL,1),(49,1,'EXA','08.01','8.1 PESQUISA DE SANGUE OCULTA',0,NULL,NULL,NULL,NULL,1),(50,1,'EXA','09.01','9.1 EXAME DE URINA',0,NULL,NULL,NULL,NULL,1),(51,1,'OPE','10','Abdome agudo',0,NULL,NULL,NULL,NULL,1),(52,1,'OPE','6','Aborto incompleto',0,NULL,NULL,NULL,NULL,1),(53,1,'OPE','7','Aborto séptico',0,NULL,NULL,NULL,NULL,1),(54,1,'OPE','13','Abscesso pélvico',0,NULL,NULL,NULL,NULL,1),(55,1,'OPE','38','Apendicite',0,NULL,NULL,NULL,NULL,1),(56,1,'OPE','27','Biópsia de bexiga',0,NULL,NULL,NULL,NULL,1),(57,1,'OPE','26','Biópsia de próstata',0,NULL,NULL,NULL,NULL,1),(58,1,'OPE','18','Circuncisão',0,NULL,NULL,NULL,NULL,1),(59,1,'OPE','17','Cistocele',0,NULL,NULL,NULL,NULL,1),(60,1,'OPE','39','Colecistite',0,NULL,NULL,NULL,NULL,1),(61,1,'OPE','46','Desbridamento',0,NULL,NULL,NULL,NULL,1),(62,1,'OPE','8','Dilatação e curetagem',0,NULL,NULL,NULL,NULL,1),(63,1,'OPE','29','Estrangulada',0,NULL,NULL,NULL,NULL,1),(64,1,'OPE','5','Evacuações',0,NULL,NULL,NULL,NULL,1),(65,1,'OPE','19','Fimose',0,NULL,NULL,NULL,NULL,1),(66,1,'OPE','11','Gravidez ectópica',0,NULL,NULL,NULL,NULL,1),(67,1,'OPE','28','Hérnia (inguinal e femoral)',0,NULL,NULL,NULL,NULL,1),(68,1,'OPE','31','Hérnia Epigastrical',0,NULL,NULL,NULL,NULL,1),(69,1,'OPE','23','Hidrocelectomia',0,NULL,NULL,NULL,NULL,1),(70,1,'OPE','2','Histerectomia',0,NULL,NULL,NULL,NULL,1),(71,1,'OPE','45','Incisão e drenagem',0,NULL,NULL,NULL,NULL,1),(72,1,'OPE','35','Laparotomia',0,NULL,NULL,NULL,NULL,1),(73,1,'OPE','36','Lesões abdominais penetrantes',0,NULL,NULL,NULL,NULL,1),(74,1,'OPE','33','Mecânica',0,NULL,NULL,NULL,NULL,1),(75,1,'OPE','43','Membro inferior',0,NULL,NULL,NULL,NULL,1),(76,1,'OPE','42','Membro superior',0,NULL,NULL,NULL,NULL,1),(77,1,'OPE','14','Miomas uterinos',0,NULL,NULL,NULL,NULL,1),(78,1,'OPE','47','Mise-um-plat',0,NULL,NULL,NULL,NULL,1),(79,1,'OPE','30','Não estrangulada',0,NULL,NULL,NULL,NULL,1),(80,1,'OPE','32','Obstrução intestinal',0,NULL,NULL,NULL,NULL,1),(81,1,'OPE','34','Oclusão intestinal',0,NULL,NULL,NULL,NULL,1),(82,1,'OPE','44','Osteomielite - seqüestrectomia',0,NULL,NULL,NULL,NULL,1),(83,1,'OPE','20','Parafimose',0,NULL,NULL,NULL,NULL,1),(84,1,'OPE','21','Parafimose-fenda dorsal',0,NULL,NULL,NULL,NULL,1),(85,1,'OPE','37','Peritonite',0,NULL,NULL,NULL,NULL,1),(86,1,'OPE','12','Peritonite',0,NULL,NULL,NULL,NULL,1),(87,1,'OPE','16','Prolapso uterino',0,NULL,NULL,NULL,NULL,1),(88,1,'OPE','25','Prostatectomia',0,NULL,NULL,NULL,NULL,1),(89,1,'OPE','41','Redução de fraturas',0,NULL,NULL,NULL,NULL,1),(90,1,'OPE','9','Reparo de fístula vésico-vaginal (vvf)',0,NULL,NULL,NULL,NULL,1),(91,1,'OPE','3','Ruptura do útero',0,NULL,NULL,NULL,NULL,1),(92,1,'OPE','1','Secção cesariana',0,NULL,NULL,NULL,NULL,1),(93,1,'OPE','48','Toalete cirúrgica e sutura',0,NULL,NULL,NULL,NULL,1),(94,1,'OPE','40','Tumores abdominais',0,NULL,NULL,NULL,NULL,1),(95,1,'OPE','15','Tumores ovarianos',0,NULL,NULL,NULL,NULL,1),(96,1,'OPE','24','Tumores testiculares',0,NULL,NULL,NULL,NULL,1),(97,1,'OPE','22','Ureteral estenose-bougienage',0,NULL,NULL,NULL,NULL,1),(98,1,'OPE','4','Útero ferido',0,NULL,NULL,NULL,NULL,1),(99,1,'MED','270','Ac. tranexamico - amp - 500mg/5ml',0,NULL,NULL,NULL,NULL,1),(100,1,'MED','378','Acetazolamida - cpr - 250mg',0,NULL,NULL,NULL,NULL,1),(101,1,'MED','1','Aciclovir - cpr - 200mg',0,NULL,NULL,NULL,NULL,1),(102,1,'MED','2','Aciclovir - cpr - 400mg',0,NULL,NULL,NULL,NULL,1),(103,1,'MED','380','Ácido acetilsalicílico (Aspirina - ASA) - cpr - 100 mg',0,NULL,NULL,NULL,NULL,1),(104,1,'MED','379','Ácido acetilsalicílico (Aspirina - ASA) - cpr - 500mg',0,NULL,NULL,NULL,NULL,1),(105,1,'MED','271','Acido aminocaproico (Epsicapron) - amp - 2,5g/10ml',0,NULL,NULL,NULL,NULL,1),(106,1,'MED','351','Acido ascorbico (Vitamina C) - 10ml - gotas orais - 100mg/ml',0,NULL,NULL,NULL,NULL,1),(107,1,'MED','350','Acido ascorbico (Vitamina C) - amp - 500mg/5ml',0,NULL,NULL,NULL,NULL,1),(108,1,'MED','349','Acido ascorbico (Vitamina C) - cpr - 500mg',0,NULL,NULL,NULL,NULL,1),(109,1,'MED','496','Acido Benzoico + Acido Salicilico - pomada - 60mg+30mg',0,NULL,NULL,NULL,NULL,1),(110,1,'MED','494','Acido benzoico - Acido salicilico (Withfield) - 40gr - unguento - 6%/3%',0,NULL,NULL,NULL,NULL,1),(111,1,'MED','495','Acido benzoico - Acido salicilico (Withfield) - 800gr - unguento - 6%/3%',0,NULL,NULL,NULL,NULL,1),(112,1,'MED','493','Acido Benzoico - pomada - 30g',0,NULL,NULL,NULL,NULL,1),(113,1,'MED','352','Acido Fólico - cpr - 5mg',0,NULL,NULL,NULL,NULL,1),(114,1,'MED','3','Acido nalidixico  - cpr - 500mg',0,NULL,NULL,NULL,NULL,1),(115,1,'MED','203','Adesivo - rolo - 2,5cmx5mt',0,NULL,NULL,NULL,NULL,1),(116,1,'MED','204','Adesivo - rolo - 5cmx5mt',0,NULL,NULL,NULL,NULL,1),(117,1,'MED','205','Adesivo - rolo - 7,5cmx5mt',0,NULL,NULL,NULL,NULL,1),(118,1,'MED','97','Adesivo perforado - rolo - 10cmx5mt',0,NULL,NULL,NULL,NULL,1),(119,1,'MED','98','Adesivo perforado - rolo - 18cmx5mt',0,NULL,NULL,NULL,NULL,1),(120,1,'MED','272','Adrenalina (Epinefrine)  - amp - 1mg/1ml',0,NULL,NULL,NULL,NULL,1),(121,1,'MED','274','Agua p/injeções  - amp - 10ml',0,NULL,NULL,NULL,NULL,1),(122,1,'MED','273','Agua p/injeções  - amp - 5ml',0,NULL,NULL,NULL,NULL,1),(123,1,'MED','497','Agua Tabs - cpr - 1,67gm',0,NULL,NULL,NULL,NULL,1),(124,1,'MED','206','Agulha - unidade - 18G',0,NULL,NULL,NULL,NULL,1),(125,1,'MED','207','Agulha - unidade - 19G',0,NULL,NULL,NULL,NULL,1),(126,1,'MED','208','Agulha - unidade - 20G',0,NULL,NULL,NULL,NULL,1),(127,1,'MED','209','Agulha - unidade - 21G',0,NULL,NULL,NULL,NULL,1),(128,1,'MED','210','Agulha - unidade - 22G',0,NULL,NULL,NULL,NULL,1),(129,1,'MED','211','Agulha - unidade - 23G',0,NULL,NULL,NULL,NULL,1),(130,1,'MED','212','Agulha - unidade - 25G',0,NULL,NULL,NULL,NULL,1),(131,1,'MED','99','Agulha Artrocentese - unidade - 18G',0,NULL,NULL,NULL,NULL,1),(132,1,'MED','214','Agulha com aletas - unidade - 21G',0,NULL,NULL,NULL,NULL,1),(133,1,'MED','213','Agulha com aletas - unidade - 23G',0,NULL,NULL,NULL,NULL,1),(134,1,'MED','100','Agulha Dentaria - unidade - 30G',0,NULL,NULL,NULL,NULL,1),(135,1,'MED','101','Agulha Espinal - unidade - 20G',0,NULL,NULL,NULL,NULL,1),(136,1,'MED','102','Agulha Espinal - unidade - 22G',0,NULL,NULL,NULL,NULL,1),(137,1,'MED','103','Agulha Espinal - unidade - 27G',0,NULL,NULL,NULL,NULL,1),(138,1,'MED','381','Albendazole - cpr - 200mg',0,NULL,NULL,NULL,NULL,1),(139,1,'MED','382','Albendazole - cpr - 400mg',0,NULL,NULL,NULL,NULL,1),(140,1,'MED','383','Albendazole suspensão - xarope - 200mg/5ml',0,NULL,NULL,NULL,NULL,1),(141,1,'MED','74','Álcool - frasco - 95°',0,NULL,NULL,NULL,NULL,1),(142,1,'MED','75','Álcool Etílico - 250ml - frasco - 96%',0,NULL,NULL,NULL,NULL,1),(143,1,'MED','76','Álcool Etílico - 500ml - frasco - 70%',0,NULL,NULL,NULL,NULL,1),(144,1,'MED','216','Algália de Foley - unidade - N°10',0,NULL,NULL,NULL,NULL,1),(145,1,'MED','217','Algália de Foley - unidade - N°12',0,NULL,NULL,NULL,NULL,1),(146,1,'MED','218','Algália de Foley - unidade - N°14',0,NULL,NULL,NULL,NULL,1),(147,1,'MED','219','Algália de Foley - unidade - N°16',0,NULL,NULL,NULL,NULL,1),(148,1,'MED','220','Algália de Foley - unidade - N°18',0,NULL,NULL,NULL,NULL,1),(149,1,'MED','221','Algália de Foley - unidade - N°20',0,NULL,NULL,NULL,NULL,1),(150,1,'MED','215','Algália de Foley - unidade - N°8',0,NULL,NULL,NULL,NULL,1),(151,1,'MED','104','Algodão para gesso - rolo - 500gr',0,NULL,NULL,NULL,NULL,1),(152,1,'MED','384','Allopurinol - cpr - 100mg',0,NULL,NULL,NULL,NULL,1),(153,1,'MED','4','Amantadina - cps - 100mg',0,NULL,NULL,NULL,NULL,1),(154,1,'MED','386','Ambroxol - 200ml - xarope - 6mg/ml',0,NULL,NULL,NULL,NULL,1),(155,1,'MED','385','Ambroxol - cpr - 30mg',0,NULL,NULL,NULL,NULL,1),(156,1,'MED','5','Amikacina  - amp - 2ml',0,NULL,NULL,NULL,NULL,1),(157,1,'MED','275','Aminofilina - amp - 250mg/10ml',0,NULL,NULL,NULL,NULL,1),(158,1,'MED','387','Aminofilina - cpr - 100mg',0,NULL,NULL,NULL,NULL,1),(159,1,'MED','552','Amitriptilina - cpr - 25 mg',0,NULL,NULL,NULL,NULL,1),(160,1,'MED','389','Amlodipina  - cpr - 10mg',0,NULL,NULL,NULL,NULL,1),(161,1,'MED','388','Amlodipina  - cpr - 5mg',0,NULL,NULL,NULL,NULL,1),(162,1,'MED','77','Ammonium Oxalate 1\'hydrate PRS - frasco - 1000gr',0,NULL,NULL,NULL,NULL,1),(163,1,'MED','331','Amodiaquina - cpr - 200mg',0,NULL,NULL,NULL,NULL,1),(164,1,'MED','78','Amoniaco - 1L - garrafa - 25%',0,NULL,NULL,NULL,NULL,1),(165,1,'MED','6','Amoxacillin 100ml - xarope - 250mg/5ml',0,NULL,NULL,NULL,NULL,1),(166,1,'MED','9','Amoxacillina - amp - 1g',0,NULL,NULL,NULL,NULL,1),(167,1,'MED','7','Amoxacillina - cpr - 250mg',0,NULL,NULL,NULL,NULL,1),(168,1,'MED','8','Amoxacillina - cpr - 500mg',0,NULL,NULL,NULL,NULL,1),(169,1,'MED','10','Amoxacillina 60ml - xarope - 125mg/5ml',0,NULL,NULL,NULL,NULL,1),(170,1,'MED','13','Amoxacillina+acido clavulanico - 100ml - xarope - 156-25mg/5ml',0,NULL,NULL,NULL,NULL,1),(171,1,'MED','12','Amoxacillina+acido clavulanico - cpr - 1000mg',0,NULL,NULL,NULL,NULL,1),(172,1,'MED','11','Amoxacillina+acido clavulanico - cpr - 625mg',0,NULL,NULL,NULL,NULL,1),(173,1,'MED','17','Ampicilina - amp - 1gr',0,NULL,NULL,NULL,NULL,1),(174,1,'MED','14','Ampicilina - amp - 500mg',0,NULL,NULL,NULL,NULL,1),(175,1,'MED','15','Ampicilina - cps - 250mg',0,NULL,NULL,NULL,NULL,1),(176,1,'MED','16','Ampicilina - cps - 500mg',0,NULL,NULL,NULL,NULL,1),(177,1,'MED','18','Ampicilina 60ml - xarope - 125mg/5ml',0,NULL,NULL,NULL,NULL,1),(178,1,'MED','19','Ampicilina 60ml - xarope - 250mg/5ml',0,NULL,NULL,NULL,NULL,1),(179,1,'MED','332','Artesunate - frasco - 60mg/6ml',0,NULL,NULL,NULL,NULL,1),(180,1,'MED','334','Artesunate - supp - 200mg',0,NULL,NULL,NULL,NULL,1),(181,1,'MED','333','Artesunate - supp - 50mg',0,NULL,NULL,NULL,NULL,1),(182,1,'MED','335','Artesunate+Amodiaquina - 3 cpr - blister - 100mg/270mg',0,NULL,NULL,NULL,NULL,1),(183,1,'MED','337','Artesunate+Amodiaquina - 3 cpr - blister - 25mg/67,5mg',0,NULL,NULL,NULL,NULL,1),(184,1,'MED','336','Artesunate+Amodiaquina - 3 cpr - blister - 50mg/136mg',0,NULL,NULL,NULL,NULL,1),(185,1,'MED','338','Artesunate+Amodiaquina - 6 cpr - blister - 100mg/270mg',0,NULL,NULL,NULL,NULL,1),(186,1,'MED','339','Arthemeter - amp - 20mg/1ml',0,NULL,NULL,NULL,NULL,1),(187,1,'MED','340','Arthemeter - amp - 80mg/1ml',0,NULL,NULL,NULL,NULL,1),(188,1,'MED','175','Aspirador manual - item',0,NULL,NULL,NULL,NULL,1),(189,1,'MED','392','Atenololo  - cpr - 100mg',0,NULL,NULL,NULL,NULL,1),(190,1,'MED','390','Atenololo  - cpr - 25mg',0,NULL,NULL,NULL,NULL,1),(191,1,'MED','391','Atenololo  - cpr - 50mg',0,NULL,NULL,NULL,NULL,1),(192,1,'MED','277','Atropina  - amp - 0,5mg/1ml',0,NULL,NULL,NULL,NULL,1),(193,1,'MED','276','Atropina  - amp - 1mg/1ml',0,NULL,NULL,NULL,NULL,1),(194,1,'MED','393','Atropina  - cpr - 1mg',0,NULL,NULL,NULL,NULL,1),(195,1,'MED','498','Atropina - 10ml - gotas oft - 1%',0,NULL,NULL,NULL,NULL,1),(196,1,'MED','176','Aventais plásticos brancos - item',0,NULL,NULL,NULL,NULL,1),(197,1,'MED','177','Aventais plásticos verdes - item',0,NULL,NULL,NULL,NULL,1),(198,1,'MED','22','Azitromicina - 15ml - xarope - 200mg/5ml',0,NULL,NULL,NULL,NULL,1),(199,1,'MED','20','Azitromicina - cpr - 250mg',0,NULL,NULL,NULL,NULL,1),(200,1,'MED','21','Azitromicina - cpr - 500mg',0,NULL,NULL,NULL,NULL,1),(201,1,'MED','222','Baixa língua - unidade',0,NULL,NULL,NULL,NULL,1),(202,1,'MED','178','Balança para criança - item',0,NULL,NULL,NULL,NULL,1),(203,1,'MED','499','Balsamo analgésico (BASI) - 50g - pomada - 1mg/g',0,NULL,NULL,NULL,NULL,1),(204,1,'MED','179','Bata Branca - item',0,NULL,NULL,NULL,NULL,1),(205,1,'MED','105','Bata Descartável - item',0,NULL,NULL,NULL,NULL,1),(206,1,'MED','180','Bata verde - item',0,NULL,NULL,NULL,NULL,1),(207,1,'MED','500','Bebé gel - 30g - pomada',0,NULL,NULL,NULL,NULL,1),(208,1,'MED','501','Benzil benzoato - 1000ml - loção - 25%',0,NULL,NULL,NULL,NULL,1),(209,1,'MED','27','Benzilpenicilina + Penicilina procaína (Fortificada) - frasco - 1 Mega',0,NULL,NULL,NULL,NULL,1),(210,1,'MED','28','Benzilpenicilina + Penicilina procaína (Fortificada) - frasco - 4 Mega',0,NULL,NULL,NULL,NULL,1),(211,1,'MED','23','BenzilPenicilina - frasco - 1 Mega',0,NULL,NULL,NULL,NULL,1),(212,1,'MED','24','BenzilPenicilina - frasco - 5 Mega',0,NULL,NULL,NULL,NULL,1),(213,1,'MED','502','Benzoato de benzile - 110ml - loção - 10%',0,NULL,NULL,NULL,NULL,1),(214,1,'MED','503','Betadina - 100ml - solução - 10%',0,NULL,NULL,NULL,NULL,1),(215,1,'MED','504','Betamethasone - 30g - pomada - 0,1%',0,NULL,NULL,NULL,NULL,1),(216,1,'MED','278','Bicarbonato de sódio - 20ml - amp - 8,4%',0,NULL,NULL,NULL,NULL,1),(217,1,'MED','394','Bisacodyl - cpr - 5mg',0,NULL,NULL,NULL,NULL,1),(218,1,'MED','106','Bisturi - unidade - 10',0,NULL,NULL,NULL,NULL,1),(219,1,'MED','107','Bisturi - unidade - 11',0,NULL,NULL,NULL,NULL,1),(220,1,'MED','108','Bisturi - unidade - 12',0,NULL,NULL,NULL,NULL,1),(221,1,'MED','109','Bisturi - unidade - 13',0,NULL,NULL,NULL,NULL,1),(222,1,'MED','110','Bisturi - unidade - 15',0,NULL,NULL,NULL,NULL,1),(223,1,'MED','111','Bisturi - unidade - 17',0,NULL,NULL,NULL,NULL,1),(224,1,'MED','112','Bisturi - unidade - 18',0,NULL,NULL,NULL,NULL,1),(225,1,'MED','113','Bisturi - unidade - 19',0,NULL,NULL,NULL,NULL,1),(226,1,'MED','114','Bisturi - unidade - 20',0,NULL,NULL,NULL,NULL,1),(227,1,'MED','115','Bisturi - unidade - 21',0,NULL,NULL,NULL,NULL,1),(228,1,'MED','116','Bisturi - unidade - 22',0,NULL,NULL,NULL,NULL,1),(229,1,'MED','117','Bisturi - unidade - 23',0,NULL,NULL,NULL,NULL,1),(230,1,'MED','181','Blocos - unidade',0,NULL,NULL,NULL,NULL,1),(231,1,'MED','79','Blue methylene - frasco - 1000ml',0,NULL,NULL,NULL,NULL,1),(232,1,'MED','80','Bolsas para transfusão de sangue - 250ml - unidade',0,NULL,NULL,NULL,NULL,1),(233,1,'MED','81','Bolsas para transfusão de sangue - 450ml - unidade',0,NULL,NULL,NULL,NULL,1),(234,1,'MED','395','Bromexina HCL 100ml - xarope - 4mg/5ml',0,NULL,NULL,NULL,NULL,1),(235,1,'MED','553','Bupivacaina HCL - 20ml - amp - 0,5%',0,NULL,NULL,NULL,NULL,1),(236,1,'MED','554','Bupivacaina HCL - 5ml - amp - 0,5%',0,NULL,NULL,NULL,NULL,1),(237,1,'MED','279','Butilbromuro de hyoscina (Buscopan) - amp - 20mg/1ml',0,NULL,NULL,NULL,NULL,1),(238,1,'MED','396','Butilbromuro de hyoscina (Buscopan) - cpr - 10mg',0,NULL,NULL,NULL,NULL,1),(239,1,'MED','505','Butilbromuro de hyoscina (Buscopan) - supp - 10mg',0,NULL,NULL,NULL,NULL,1),(240,1,'MED','507','Calamina - loção - 15%',0,NULL,NULL,NULL,NULL,1),(241,1,'MED','506','Calamina - loção - 8%',0,NULL,NULL,NULL,NULL,1),(242,1,'MED','281','Cálcio Gluconato - 5ml - amp - 500mg/ml',0,NULL,NULL,NULL,NULL,1),(243,1,'MED','280','Cálcio Gluconato - amp - 1g/10ml',0,NULL,NULL,NULL,NULL,1),(244,1,'MED','182','Camisa verde - item - corto',0,NULL,NULL,NULL,NULL,1),(245,1,'MED','184','Camisa verde - item - largo',0,NULL,NULL,NULL,NULL,1),(246,1,'MED','183','Camisa verde - item - médio',0,NULL,NULL,NULL,NULL,1),(247,1,'MED','223','Cânula - unidade - N° 14',0,NULL,NULL,NULL,NULL,1),(248,1,'MED','224','Cânula - unidade - N° 16',0,NULL,NULL,NULL,NULL,1),(249,1,'MED','225','Cânula - unidade - N° 18',0,NULL,NULL,NULL,NULL,1),(250,1,'MED','226','Cânula - unidade - N° 20',0,NULL,NULL,NULL,NULL,1),(251,1,'MED','227','Cânula - unidade - N° 22',0,NULL,NULL,NULL,NULL,1),(252,1,'MED','228','Cânula - unidade - N° 24',0,NULL,NULL,NULL,NULL,1),(253,1,'MED','118','Cânulas para traqueostomia - unidade',0,NULL,NULL,NULL,NULL,1),(254,1,'MED','397','Captopril - cpr - 25mg',0,NULL,NULL,NULL,NULL,1),(255,1,'MED','398','Captopril - cpr - 50mg',0,NULL,NULL,NULL,NULL,1),(256,1,'MED','399','Carbamazepina  - cpr - 200mg',0,NULL,NULL,NULL,NULL,1),(257,1,'MED','400','Carbocisteina (Mucolar) - 100ml - xarope - 50 mg/ml',0,NULL,NULL,NULL,NULL,1),(258,1,'MED','401','Carbocisteina 200ml (Mucoral) - xarope - 50mg/ml',0,NULL,NULL,NULL,NULL,1),(259,1,'MED','402','Carvão ativado  - cpr - 125mg',0,NULL,NULL,NULL,NULL,1),(260,1,'MED','30','Cefalexina - 60ml - xarope - 125mg/5ml',0,NULL,NULL,NULL,NULL,1),(261,1,'MED','29','Cefalexina - cpr - 500mg',0,NULL,NULL,NULL,NULL,1),(262,1,'MED','31','Cefazolina - frasco - 1g',0,NULL,NULL,NULL,NULL,1),(263,1,'MED','32','Cefotaxina - frasco - 1g',0,NULL,NULL,NULL,NULL,1),(264,1,'MED','33','Ceftazidima - frasco - 1g',0,NULL,NULL,NULL,NULL,1),(265,1,'MED','36','Ceftriaxone - amp - 1gr',0,NULL,NULL,NULL,NULL,1),(266,1,'MED','34','Ceftriaxone - amp - 250mg',0,NULL,NULL,NULL,NULL,1),(267,1,'MED','35','Ceftriaxone - amp - 500mg',0,NULL,NULL,NULL,NULL,1),(268,1,'MED','555','Cetamina - amp - 50mg/ml',0,NULL,NULL,NULL,NULL,1),(269,1,'MED','508','Chlorhexidine Gluconate - 100ml - solução - 20%',0,NULL,NULL,NULL,NULL,1),(270,1,'MED','282','Cimetidina - amp - 200mg/2ml',0,NULL,NULL,NULL,NULL,1),(271,1,'MED','403','Cimetidina - cpr - 200mg',0,NULL,NULL,NULL,NULL,1),(272,1,'MED','38','Ciprofloxacina - cpr - 250mg',0,NULL,NULL,NULL,NULL,1),(273,1,'MED','39','Ciprofloxacina - cpr - 500mg',0,NULL,NULL,NULL,NULL,1),(274,1,'MED','37','Ciprofloxacina - frasco - 200mg/100ml',0,NULL,NULL,NULL,NULL,1),(275,1,'MED','229','Clamp. P/Cordão umbilical - unidade',0,NULL,NULL,NULL,NULL,1),(276,1,'MED','40','Claritromicina - cpr - 250 mg',0,NULL,NULL,NULL,NULL,1),(277,1,'MED','42','Cloramfenicole - amp - 1g/10ml',0,NULL,NULL,NULL,NULL,1),(278,1,'MED','41','Cloramfenicole - cps - 250mg',0,NULL,NULL,NULL,NULL,1),(279,1,'MED','509','Cloramfenicole - gotas oft - 0,5% - 10ml',0,NULL,NULL,NULL,NULL,1),(280,1,'MED','510','Cloramfenicole 15g - pomada oft - 0,01',0,NULL,NULL,NULL,NULL,1),(281,1,'MED','283','Cloreto de potássio  - amp - 1g/10ml',0,NULL,NULL,NULL,NULL,1),(282,1,'MED','404','Cloreto de potássio  - cpr - 600mg',0,NULL,NULL,NULL,NULL,1),(283,1,'MED','284','Cloreto de potássio - 7,5% - amp - 750mg/10ml',0,NULL,NULL,NULL,NULL,1),(284,1,'MED','481','Cloreto de sódio - 500ml - frasco - 0,9%',0,NULL,NULL,NULL,NULL,1),(285,1,'MED','405','Clorfeniramina - cpr - 4mg',0,NULL,NULL,NULL,NULL,1),(286,1,'MED','511','Cloridreto de efedrina - gotas oft - 15ml',0,NULL,NULL,NULL,NULL,1),(287,1,'MED','43','Cloroquina - amp - 40mg/ml',0,NULL,NULL,NULL,NULL,1),(288,1,'MED','44','Cloroquina - cpr - 150mg base',0,NULL,NULL,NULL,NULL,1),(289,1,'MED','558','Clorpromazina - amp - 50mg/2ml',0,NULL,NULL,NULL,NULL,1),(290,1,'MED','556','Clorpromazina - cpr - 100mg',0,NULL,NULL,NULL,NULL,1),(291,1,'MED','557','Clorpromazina - cpr - 25mg',0,NULL,NULL,NULL,NULL,1),(292,1,'MED','406','Clortalidona  - cpr - 25mg',0,NULL,NULL,NULL,NULL,1),(293,1,'MED','514','Clotrimazole - 30g - pomada - 2%',0,NULL,NULL,NULL,NULL,1),(294,1,'MED','512','Clotrimazole - ovulo - 100mg',0,NULL,NULL,NULL,NULL,1),(295,1,'MED','513','Clotrimazole - ovulo - 500mg',0,NULL,NULL,NULL,NULL,1),(296,1,'MED','45','Cloxacilina - amp - 500mg',0,NULL,NULL,NULL,NULL,1),(297,1,'MED','46','Cloxacilina - cps - 250mg',0,NULL,NULL,NULL,NULL,1),(298,1,'MED','47','Cloxacilina - cps - 500mg',0,NULL,NULL,NULL,NULL,1),(299,1,'MED','341','Coartem 12 cpr - laminas - 20+120mg',0,NULL,NULL,NULL,NULL,1),(300,1,'MED','342','Coartem 18 cpr - laminas - 20+120mg',0,NULL,NULL,NULL,NULL,1),(301,1,'MED','343','Coartem 24 cpr - laminas - 20+120mg',0,NULL,NULL,NULL,NULL,1),(302,1,'MED','344','Coartem 6 cpr - laminas - 20+120mg',0,NULL,NULL,NULL,NULL,1),(303,1,'MED','407','Codeina+Fenitoloxamina 90ml - xarope - 2,22+0,733mg/ml',0,NULL,NULL,NULL,NULL,1),(304,1,'MED','185','Colares Cervicais - unidade',0,NULL,NULL,NULL,NULL,1),(305,1,'MED','120','Compressas de gaze estéril - unidade - 10cmx10cm',0,NULL,NULL,NULL,NULL,1),(306,1,'MED','119','Compressas de gaze estéril - unidade - 5cmx5cm',0,NULL,NULL,NULL,NULL,1),(307,1,'MED','52','Cotrimoxazole - 60ml - xarope - 240mg/5ml',0,NULL,NULL,NULL,NULL,1),(308,1,'MED','51','Cotrimoxazole - amp - 480mg/5ml',0,NULL,NULL,NULL,NULL,1),(309,1,'MED','48','Cotrimoxazole - cpr - 120mg',0,NULL,NULL,NULL,NULL,1),(310,1,'MED','49','Cotrimoxazole - cpr - 480mg',0,NULL,NULL,NULL,NULL,1),(311,1,'MED','50','Cotrimoxazole - cpr - 960mg',0,NULL,NULL,NULL,NULL,1),(312,1,'MED','319','Dapsone + Rifampicina (MDT-COMBI) - blister - 100mg+600mg',0,NULL,NULL,NULL,NULL,1),(313,1,'MED','318','Dapsone + Rifampicina (MDT-COMBI) - blister - 50mg+450mg',0,NULL,NULL,NULL,NULL,1),(314,1,'MED','515','Desinfetantes para mãos - 500ml - solução - 75%',0,NULL,NULL,NULL,NULL,1),(315,1,'MED','285','Dexamethazona - 1ml - amp - 4mg/ml',0,NULL,NULL,NULL,NULL,1),(316,1,'MED','286','Dexamethazona - 2ml - amp - 4mg/ml',0,NULL,NULL,NULL,NULL,1),(317,1,'MED','516','Dexamethazona - 5ml - gotas oft - 1mg/ml',0,NULL,NULL,NULL,NULL,1),(318,1,'MED','408','Dexamethazona - cpr - 0,5mg',0,NULL,NULL,NULL,NULL,1),(319,1,'MED','482','Dextro-salina - 500 ml - solução - 2,5%/0,45%',0,NULL,NULL,NULL,NULL,1),(320,1,'MED','409','Dextromethorphano 100ml - xarope - 5mg/5ml',0,NULL,NULL,NULL,NULL,1),(321,1,'MED','483','Dextrose - 20ml - solução - 50%',0,NULL,NULL,NULL,NULL,1),(322,1,'MED','485','Dextrose - 500ml - solução - 10%',0,NULL,NULL,NULL,NULL,1),(323,1,'MED','486','Dextrose - 500ml - solução - 30%',0,NULL,NULL,NULL,NULL,1),(324,1,'MED','484','Dextrose - 500ml - solução - 5%',0,NULL,NULL,NULL,NULL,1),(325,1,'MED','487','Dextrose - 50ml - solução - 50%',0,NULL,NULL,NULL,NULL,1),(326,1,'MED','561','Diazepam  - cpr - 10mg',0,NULL,NULL,NULL,NULL,1),(327,1,'MED','560','Diazepam  - cpr - 5mg',0,NULL,NULL,NULL,NULL,1),(328,1,'MED','559','Diazepam - amp - 10mg/2ml',0,NULL,NULL,NULL,NULL,1),(329,1,'MED','411','Diclofenac  - cpr - 100mg',0,NULL,NULL,NULL,NULL,1),(330,1,'MED','410','Diclofenac  - cpr - 50mg',0,NULL,NULL,NULL,NULL,1),(331,1,'MED','287','Diclofenac - amp - 75mg/3ml',0,NULL,NULL,NULL,NULL,1),(332,1,'MED','517','Diclofenac gel - 30g - pomada - 2%',0,NULL,NULL,NULL,NULL,1),(333,1,'MED','518','Dicloroisocianurato de Sódio (Certeza) - cpr - 61mg',0,NULL,NULL,NULL,NULL,1),(334,1,'MED','412','Dietilcarbamazina  - cpr - 50mg',0,NULL,NULL,NULL,NULL,1),(335,1,'MED','288','Difenidramina  - amp - 20mg/2ml',0,NULL,NULL,NULL,NULL,1),(336,1,'MED','289','Digoxina - amp - 0,5mg/2ml',0,NULL,NULL,NULL,NULL,1),(337,1,'MED','413','Digoxina - cpr - 0,125mg',0,NULL,NULL,NULL,NULL,1),(338,1,'MED','414','Digoxina - cpr - 0,250mg',0,NULL,NULL,NULL,NULL,1),(339,1,'MED','291','Dipirona - amp - 2,5g/5ml',0,NULL,NULL,NULL,NULL,1),(340,1,'MED','290','Dipirona - amp - 500mg/ml',0,NULL,NULL,NULL,NULL,1),(341,1,'MED','292','Dopamina (BASI) - amp - 200mg/5ml',0,NULL,NULL,NULL,NULL,1),(342,1,'MED','53','Doxiciclina  - cpr - 100mg',0,NULL,NULL,NULL,NULL,1),(343,1,'MED','562','Droperidrolo  - amp - 2,5mg/1ml',0,NULL,NULL,NULL,NULL,1),(344,1,'MED','519','Efedrina cloridrato - 15ml - gotas oft - 0,122gr',0,NULL,NULL,NULL,NULL,1),(345,1,'MED','416','Enalapril - cpr - 20mg',0,NULL,NULL,NULL,NULL,1),(346,1,'MED','415','Enalapril - cpr - 5mg',0,NULL,NULL,NULL,NULL,1),(347,1,'MED','54','Eritromicina - cpr - 250mg',0,NULL,NULL,NULL,NULL,1),(348,1,'MED','55','Eritromicina - cpr - 500mg',0,NULL,NULL,NULL,NULL,1),(349,1,'MED','56','Eritromicina 60 ml - xarope  - 125mg/5ml',0,NULL,NULL,NULL,NULL,1),(350,1,'MED','186','Esfigmomanómetro - item',0,NULL,NULL,NULL,NULL,1),(351,1,'MED','188','Especulo vaginal - item',0,NULL,NULL,NULL,NULL,1),(352,1,'MED','418','Espironolactona - cpr - 100mg',0,NULL,NULL,NULL,NULL,1),(353,1,'MED','417','Espironolactona - cpr - 25mg',0,NULL,NULL,NULL,NULL,1),(354,1,'MED','121','Esponjas Cirúrgicas - unidade',0,NULL,NULL,NULL,NULL,1),(355,1,'MED','189','Estetoscópio - unidade',0,NULL,NULL,NULL,NULL,1),(356,1,'MED','320','Estreptomicina - frasco - 1g',0,NULL,NULL,NULL,NULL,1),(357,1,'MED','321','Etambutolo  - cpr - 400mg',0,NULL,NULL,NULL,NULL,1),(358,1,'MED','322','Etambutolo + Hisoniazida - cpr - 400+150mg',0,NULL,NULL,NULL,NULL,1),(359,1,'MED','419','Ethilenestr./levonorgel 28cpr - blister - 0,03+0,15mg',0,NULL,NULL,NULL,NULL,1),(360,1,'MED','420','Ethinilestradiol + Levonorgestrel (pilula) - cpr - 0,03mg/0,15mg',0,NULL,NULL,NULL,NULL,1),(361,1,'MED','563','Fenitoine - cpr - 100mg',0,NULL,NULL,NULL,NULL,1),(362,1,'MED','567','Fenobarbital - 1ml - amp - 200mg/ml',0,NULL,NULL,NULL,NULL,1),(363,1,'MED','568','Fenobarbital - 2ml - amp - 100mg/ml',0,NULL,NULL,NULL,NULL,1),(364,1,'MED','564','Fenobarbital - cpr - 100mg',0,NULL,NULL,NULL,NULL,1),(365,1,'MED','566','Fenobarbital - cpr - 30mg',0,NULL,NULL,NULL,NULL,1),(366,1,'MED','565','Fenobarbital - cpr - 50mg',0,NULL,NULL,NULL,NULL,1),(367,1,'MED','569','Fentanil - 2ml - amp - 50mcg/ml',0,NULL,NULL,NULL,NULL,1),(368,1,'MED','353','Ferro Fumarato - 50ml - xarope - 100mg/5ml',0,NULL,NULL,NULL,NULL,1),(369,1,'MED','355','Ferro Sulfato + Ac. Fólico  - cpr - 200+0,25mg',0,NULL,NULL,NULL,NULL,1),(370,1,'MED','354','Ferro Sulfato - cpr - 200mg',0,NULL,NULL,NULL,NULL,1),(371,1,'MED','122','Fio de sutura - unidade - 1',0,NULL,NULL,NULL,NULL,1),(372,1,'MED','124','Fio de sutura - unidade - 1/0',0,NULL,NULL,NULL,NULL,1),(373,1,'MED','123','Fio de sutura - unidade - 2',0,NULL,NULL,NULL,NULL,1),(374,1,'MED','125','Fio de sutura - unidade - 2/0',0,NULL,NULL,NULL,NULL,1),(375,1,'MED','126','Fio de sutura - unidade - 3/0',0,NULL,NULL,NULL,NULL,1),(376,1,'MED','127','Fio de sutura - unidade - 5/0',0,NULL,NULL,NULL,NULL,1),(377,1,'MED','128','Fio de sutura - unidade - 6/0',0,NULL,NULL,NULL,NULL,1),(378,1,'MED','129','Fio de sutura - unidade - 7/0',0,NULL,NULL,NULL,NULL,1),(379,1,'MED','130','Fio de sutura acido poliglicolico - unidade - 3/0',0,NULL,NULL,NULL,NULL,1),(380,1,'MED','131','Fio de sutura Black Braided Silk - unidade - 0',0,NULL,NULL,NULL,NULL,1),(381,1,'MED','132','Fio de sutura Black Braided Silk - unidade - 5/0',0,NULL,NULL,NULL,NULL,1),(382,1,'MED','133','Fio de sutura Black Braided Silk - unidade - 6/0',0,NULL,NULL,NULL,NULL,1),(383,1,'MED','134','Fio de sutura Black Braided Silk - unidade - 7/0',0,NULL,NULL,NULL,NULL,1),(384,1,'MED','135','Fio de sutura catgut crómico - unidade - 2/0',0,NULL,NULL,NULL,NULL,1),(385,1,'MED','136','Fio de sutura catgut crómico - unidade - 3/0',0,NULL,NULL,NULL,NULL,1),(386,1,'MED','137','Fio de sutura Nylon monofilamento - unidade - 1/0',0,NULL,NULL,NULL,NULL,1),(387,1,'MED','138','Fio de sutura Poliester - unidade - 4/0',0,NULL,NULL,NULL,NULL,1),(388,1,'MED','139','Fio de sutura seda - unidade - 3/0',0,NULL,NULL,NULL,NULL,1),(389,1,'MED','140','Fio de sutura seda preta - unidade - 0',0,NULL,NULL,NULL,NULL,1),(390,1,'MED','141','Fio de sutura seda troncada  - unidade - 1/0',0,NULL,NULL,NULL,NULL,1),(391,1,'MED','142','Fio de sutura seda troncada  - unidade - 2/0',0,NULL,NULL,NULL,NULL,1),(392,1,'MED','143','Fio de sutura Vicryl - unidade - 0',0,NULL,NULL,NULL,NULL,1),(393,1,'MED','144','Fio de sutura Vicryl - unidade - 1/0',0,NULL,NULL,NULL,NULL,1),(394,1,'MED','145','Fio de sutura Vicryl - unidade - 2/0',0,NULL,NULL,NULL,NULL,1),(395,1,'MED','146','Fio de sutura Vicryl - unidade - 3/0',0,NULL,NULL,NULL,NULL,1),(396,1,'MED','357','Fitomenadione (Vitamina K) - 1ml - amp - 10mg/ml',0,NULL,NULL,NULL,NULL,1),(397,1,'MED','358','Fitomenadione (Vitamina K) - 1ml - amp - 1mg/1ml',0,NULL,NULL,NULL,NULL,1),(398,1,'MED','356','Fitomenadione (Vitamina K) - solução oral - 2mg/0,2ml',0,NULL,NULL,NULL,NULL,1),(399,1,'MED','58','Fluconazole - cpr - 200mg',0,NULL,NULL,NULL,NULL,1),(400,1,'MED','57','Fluconazole - cps - 150mg',0,NULL,NULL,NULL,NULL,1),(401,1,'MED','570','Flumazenil - 10 ml - amp - 0,1mg/ml',0,NULL,NULL,NULL,NULL,1),(402,1,'MED','294','Furosemida  - amp - 10mg/2ml',0,NULL,NULL,NULL,NULL,1),(403,1,'MED','293','Furosemida  - amp - 20mg/2ml',0,NULL,NULL,NULL,NULL,1),(404,1,'MED','421','Furosemida  - cpr - 40mg',0,NULL,NULL,NULL,NULL,1),(405,1,'MED','148','Gaze compressa - Estéril - 12 - pacote - 10cmx10cm',0,NULL,NULL,NULL,NULL,1),(406,1,'MED','147','Gaze compressa - Estéril - 12 - pacote - 5cmx5cm',0,NULL,NULL,NULL,NULL,1),(407,1,'MED','149','Gaze compressa - Não estéril - 12 - pacote - 10cmx10cm',0,NULL,NULL,NULL,NULL,1),(408,1,'MED','150','Gaze compressa -Não estéril - 12 - pacote - 5cmx5cm',0,NULL,NULL,NULL,NULL,1),(409,1,'MED','151','Gaze parafinada - unidade - 10x10cm',0,NULL,NULL,NULL,NULL,1),(410,1,'MED','230','Gel para ecografia - frasco - 250ml',0,NULL,NULL,NULL,NULL,1),(411,1,'MED','520','Gentamicina (gotas oft.) - 10ml - colírio - 0,3%',0,NULL,NULL,NULL,NULL,1),(412,1,'MED','60','Gentamicina - 2ml - amp - 10mg/ml',0,NULL,NULL,NULL,NULL,1),(413,1,'MED','59','Gentamicina - 2ml - amp - 40mg/ml',0,NULL,NULL,NULL,NULL,1),(414,1,'MED','521','Gentamicina+Desametazona - 5ml - colírio - 3mg+1mg/ml',0,NULL,NULL,NULL,NULL,1),(415,1,'MED','82','Giemsa - frasco - 500ml',0,NULL,NULL,NULL,NULL,1),(416,1,'MED','422','Glibenclamida  - cpr - 5mg',0,NULL,NULL,NULL,NULL,1),(417,1,'MED','522','Glicerina - frasco - 1 lt',0,NULL,NULL,NULL,NULL,1),(418,1,'MED','295','Gluconato de Cálcio  - amp - 1g - 10%',0,NULL,NULL,NULL,NULL,1),(419,1,'MED','523','Griseofulvina - 30g - pomada - 1%',0,NULL,NULL,NULL,NULL,1),(420,1,'MED','524','Griseofulvina - 30g - pomada - 5%',0,NULL,NULL,NULL,NULL,1),(421,1,'MED','423','Griseofulvina - cpr - 125mg',0,NULL,NULL,NULL,NULL,1),(422,1,'MED','424','Griseofulvina - cpr - 500mg',0,NULL,NULL,NULL,NULL,1),(423,1,'MED','571','Haloperidol  - cpr - 5mg',0,NULL,NULL,NULL,NULL,1),(424,1,'MED','572','Haloperidol - 1ml - amp - 5mg/ml',0,NULL,NULL,NULL,NULL,1),(425,1,'MED','488','Hemagel - 500ml - solução - 35gr/l',0,NULL,NULL,NULL,NULL,1),(426,1,'MED','296','Heparina - 5ml - amp - 5000 U.I./ml',0,NULL,NULL,NULL,NULL,1),(427,1,'MED','83','Hepatite B teste - unidade',0,NULL,NULL,NULL,NULL,1),(428,1,'MED','297','Hidralazina - 1ml - amp - 20mg/ml',0,NULL,NULL,NULL,NULL,1),(429,1,'MED','425','Hidroclortiazida - cpr - 25mg',0,NULL,NULL,NULL,NULL,1),(430,1,'MED','426','Hidroclortiazida - cpr - 50mg',0,NULL,NULL,NULL,NULL,1),(431,1,'MED','525','Hidrocortisona - 30g - pomada - 1%',0,NULL,NULL,NULL,NULL,1),(432,1,'MED','298','Hidrocortisona - amp - 100mg',0,NULL,NULL,NULL,NULL,1),(433,1,'MED','427','Hidroxido alumínio  - cpr - 500mg',0,NULL,NULL,NULL,NULL,1),(434,1,'MED','430','Ibuprofene - 100ml - xarope - 100mg/5ml',0,NULL,NULL,NULL,NULL,1),(435,1,'MED','428','Ibuprofene - cpr - 200mg',0,NULL,NULL,NULL,NULL,1),(436,1,'MED','429','ibuprofene - cpr - 400mg',0,NULL,NULL,NULL,NULL,1),(437,1,'MED','431','Indometacina - cpr - 25mg',0,NULL,NULL,NULL,NULL,1),(438,1,'MED','526','Iodopovidona - 100g - pomada - 10%',0,NULL,NULL,NULL,NULL,1),(439,1,'MED','527','Iodopovidona - 125ml - solução - 10%',0,NULL,NULL,NULL,NULL,1),(440,1,'MED','528','Iodopovidona - 30g - pomada - 10%',0,NULL,NULL,NULL,NULL,1),(441,1,'MED','323','Isoniazida - cpr - 100mg',0,NULL,NULL,NULL,NULL,1),(442,1,'MED','324','Isoniazida - cpr - 300mg',0,NULL,NULL,NULL,NULL,1),(443,1,'MED','432','Isosorbide dinitrato  - cpr - 10mg',0,NULL,NULL,NULL,NULL,1),(444,1,'MED','61','Ketoconazole  - cpr - 200mg',0,NULL,NULL,NULL,NULL,1),(445,1,'MED','529','Ketoconazole - 30g - pomada - 2%',0,NULL,NULL,NULL,NULL,1),(446,1,'MED','84','Lancetas - unidade',0,NULL,NULL,NULL,NULL,1),(447,1,'MED','190','Lapiseiras - unidade',0,NULL,NULL,NULL,NULL,1),(448,1,'MED','433','Legalon (Silimarina) - cpr - 140mg',0,NULL,NULL,NULL,NULL,1),(449,1,'MED','434','Leite de magnésia - 200ml - frasco',0,NULL,NULL,NULL,NULL,1),(450,1,'MED','359','Leite terapêutico F100 - pacote - 114gr',0,NULL,NULL,NULL,NULL,1),(451,1,'MED','360','Leite terapêutico F75 - pacote - 102,5gr',0,NULL,NULL,NULL,NULL,1),(452,1,'MED','191','Lençol - item',0,NULL,NULL,NULL,NULL,1),(453,1,'MED','435','Levamisole  - cpr - 50mg',0,NULL,NULL,NULL,NULL,1),(454,1,'MED','436','Levonorgestrel - cpr - 0,75mg',0,NULL,NULL,NULL,NULL,1),(455,1,'MED','574','Lidocaína + adrenalina - 20ml - frasco - 1%+1/100.000',0,NULL,NULL,NULL,NULL,1),(456,1,'MED','575','Lidocaína + adrenalina - 20ml - frasco - 2%+1/100.000',0,NULL,NULL,NULL,NULL,1),(457,1,'MED','576','Lidocaína + dextrose espinal - 2ml - amp - 5% + 7,5%',0,NULL,NULL,NULL,NULL,1),(458,1,'MED','573','Lidocaína - 30g - pomada - 2%',0,NULL,NULL,NULL,NULL,1),(459,1,'MED','577','Lidocaína 1% - 20ml - frasco - 10mgml',0,NULL,NULL,NULL,NULL,1),(460,1,'MED','578','Lidocaína 1% - 50ml - frasco - 10mg/ml',0,NULL,NULL,NULL,NULL,1),(461,1,'MED','579','Lidocaína 2% - 20ml - amp - 20mg/ml',0,NULL,NULL,NULL,NULL,1),(462,1,'MED','580','Lidocaína 2% - 2ml - amp - 20mg/ml',0,NULL,NULL,NULL,NULL,1),(463,1,'MED','581','Lidocaína 2% - 50ml - frasco - 20mg/ml',0,NULL,NULL,NULL,NULL,1),(464,1,'MED','582','Lidocaína 2% - 5ml - amp - 20mg/ml',0,NULL,NULL,NULL,NULL,1),(465,1,'MED','583','Lidocaína 2% - 90ml - frasco - 20mg/ml',0,NULL,NULL,NULL,NULL,1),(466,1,'MED','154','Ligadura de gaze - rolo - 10cmx5mt',0,NULL,NULL,NULL,NULL,1),(467,1,'MED','152','Ligadura de gaze - rolo - 5cmx5mt',0,NULL,NULL,NULL,NULL,1),(468,1,'MED','153','Ligadura de gaze - rolo - 7,5cmx5mt',0,NULL,NULL,NULL,NULL,1),(469,1,'MED','156','Ligadura elástica - rolo - 10cmx5mt',0,NULL,NULL,NULL,NULL,1),(470,1,'MED','155','Ligadura elástica - rolo - 8cmx5mt',0,NULL,NULL,NULL,NULL,1),(471,1,'MED','158','Ligadura para gesso - rolo - 10cmx2,7mt',0,NULL,NULL,NULL,NULL,1),(472,1,'MED','159','Ligadura para gesso - rolo - 15cmx2,7mt',0,NULL,NULL,NULL,NULL,1),(473,1,'MED','160','Ligadura para gesso - rolo - 20cmx2,7mt',0,NULL,NULL,NULL,NULL,1),(474,1,'MED','157','Ligadura para gesso - rolo - 7,5cmx2,7mt',0,NULL,NULL,NULL,NULL,1),(475,1,'MED','437','Lisado bactérico polivalente (Broncho-Vaxom) - cps - 3,5mg',0,NULL,NULL,NULL,NULL,1),(476,1,'MED','438','Loperamide - cpr - 2mg',0,NULL,NULL,NULL,NULL,1),(477,1,'MED','439','Loratadina - cpr - 10mg',0,NULL,NULL,NULL,NULL,1),(478,1,'MED','440','Losartana - cpr - 50mg',0,NULL,NULL,NULL,NULL,1),(479,1,'MED','85','Lugol\'s iodine solução - frasco - 1 lt',0,NULL,NULL,NULL,NULL,1),(480,1,'MED','231','Luvas de borracha - unidade - curto',0,NULL,NULL,NULL,NULL,1),(481,1,'MED','233','Luvas de borracha - unidade - largo',0,NULL,NULL,NULL,NULL,1),(482,1,'MED','232','Luvas de borracha - unidade - medio',0,NULL,NULL,NULL,NULL,1),(483,1,'MED','234','Luvas descartáveis - 100 unidades - pacote - curto',0,NULL,NULL,NULL,NULL,1),(484,1,'MED','236','Luvas descartáveis - 100 unidades - pacote - largo',0,NULL,NULL,NULL,NULL,1),(485,1,'MED','235','Luvas descartáveis - 100 unidades - pacote - medio',0,NULL,NULL,NULL,NULL,1),(486,1,'MED','237','Luvas estéreis - par - 7',0,NULL,NULL,NULL,NULL,1),(487,1,'MED','238','Luvas estéreis - par - 7,5',0,NULL,NULL,NULL,NULL,1),(488,1,'MED','239','Luvas estéreis - par - 8',0,NULL,NULL,NULL,NULL,1),(489,1,'MED','240','Luvas estéreis - par - 8,5',0,NULL,NULL,NULL,NULL,1),(490,1,'MED','161','Luvas ginecológicas estéreis - par - curto',0,NULL,NULL,NULL,NULL,1),(491,1,'MED','163','Luvas ginecológicas estéreis - par - largo',0,NULL,NULL,NULL,NULL,1),(492,1,'MED','162','Luvas ginecológicas estéreis - par - medio',0,NULL,NULL,NULL,NULL,1),(493,1,'MED','441','Magnésio Trisilicato  - cpr - 500mg',0,NULL,NULL,NULL,NULL,1),(494,1,'MED','489','Manitol - 250ml - solução - 20%',0,NULL,NULL,NULL,NULL,1),(495,1,'MED','490','Manitol - 500ml - solução - 20%',0,NULL,NULL,NULL,NULL,1),(496,1,'MED','192','Mascara com filtro - unidade',0,NULL,NULL,NULL,NULL,1),(497,1,'MED','193','Mascara com viseira - unidade',0,NULL,NULL,NULL,NULL,1),(498,1,'MED','241','Mascara de papel - unidade',0,NULL,NULL,NULL,NULL,1),(499,1,'MED','164','Mascara descartável cirúrgica - unidade',0,NULL,NULL,NULL,NULL,1),(500,1,'MED','242','Mascara particulate - unidade',0,NULL,NULL,NULL,NULL,1),(501,1,'MED','243','Mascaras com nebulizador - unidade',0,NULL,NULL,NULL,NULL,1),(502,1,'MED','442','Mebendazole - cpr - 100mg',0,NULL,NULL,NULL,NULL,1),(503,1,'MED','443','Mebendazole - cpr - 500mg',0,NULL,NULL,NULL,NULL,1),(504,1,'MED','444','Metamizole sodium (Novamine sulfone) - cpr - 500mg',0,NULL,NULL,NULL,NULL,1),(505,1,'MED','86','Metanolo  - garrafa - 5 lt',0,NULL,NULL,NULL,NULL,1),(506,1,'MED','445','Metformina - cpr - 500mg',0,NULL,NULL,NULL,NULL,1),(507,1,'MED','446','Metformina - cpr - 850mg',0,NULL,NULL,NULL,NULL,1),(508,1,'MED','447','Metildopa - cpr - 250mg',0,NULL,NULL,NULL,NULL,1),(509,1,'MED','448','Metilergometrina - cpr - 0,125mg',0,NULL,NULL,NULL,NULL,1),(510,1,'MED','299','Metilergometrina- 1ml - amp - 0,2mg/ml',0,NULL,NULL,NULL,NULL,1),(511,1,'MED','300','Metilprednisolona (sucinato sódico) - frasco - 1gr',0,NULL,NULL,NULL,NULL,1),(512,1,'MED','450','Metoclopramida - 120ml - xarope - 10mg/10ml',0,NULL,NULL,NULL,NULL,1),(513,1,'MED','301','Metoclopramida - 2ml - amp - 5mg/ml',0,NULL,NULL,NULL,NULL,1),(514,1,'MED','449','Metoclopramida - cpr - 10mg',0,NULL,NULL,NULL,NULL,1),(515,1,'MED','64','Metronidazole - 100ml - frasco - 5mg/ml',0,NULL,NULL,NULL,NULL,1),(516,1,'MED','62','Metronidazole - cpr - 250mg',0,NULL,NULL,NULL,NULL,1),(517,1,'MED','63','Metronidazole - cpr - 500mg',0,NULL,NULL,NULL,NULL,1),(518,1,'MED','65','Metronidazole 60ml - xarope - 125mg/5ml',0,NULL,NULL,NULL,NULL,1),(519,1,'MED','530','Miconazole - 30gr - crema - 2%',0,NULL,NULL,NULL,NULL,1),(520,1,'MED','194','MUAC - fita - unidade',0,NULL,NULL,NULL,NULL,1),(521,1,'MED','361','Multivitamina  - cpr',0,NULL,NULL,NULL,NULL,1),(522,1,'MED','451','Naproxene  - cpr - 250mg',0,NULL,NULL,NULL,NULL,1),(523,1,'MED','531','Neomicina + Bacitracina - 15gr - unguento - 0,5%/500Iu/gr',0,NULL,NULL,NULL,NULL,1),(524,1,'MED','584','Neostigmina - 1ml - amp - 0,5mg/ml',0,NULL,NULL,NULL,NULL,1),(525,1,'MED','453','Nifedipina (retarde) - cpr - 20mg',0,NULL,NULL,NULL,NULL,1),(526,1,'MED','454','Nifedipina (retarde) - cpr - 30 mg',0,NULL,NULL,NULL,NULL,1),(527,1,'MED','452','Nifedipina - cpr - 10mg',0,NULL,NULL,NULL,NULL,1),(528,1,'MED','533','Nistatina - 30ml - solução - 100.000I.U./ml',0,NULL,NULL,NULL,NULL,1),(529,1,'MED','532','Nistatina - ovulo - 100.000 I.U./ml',0,NULL,NULL,NULL,NULL,1),(530,1,'MED','585','Nitrazepam  - cpr - 5mg',0,NULL,NULL,NULL,NULL,1),(531,1,'MED','66','Nitrofurantoina - cpr - 100mg',0,NULL,NULL,NULL,NULL,1),(532,1,'MED','534','Nitrofurazona - pomada - 0,2%',0,NULL,NULL,NULL,NULL,1),(533,1,'MED','302','Nitroglicerina - 10ml - amp - 5mg/ml',0,NULL,NULL,NULL,NULL,1),(534,1,'MED','303','Nitroglicerina - 5ml - amp - 5mg/ml',0,NULL,NULL,NULL,NULL,1),(535,1,'MED','586','Noscapina - cpr - 20mg',0,NULL,NULL,NULL,NULL,1),(536,1,'MED','87','Óleo de imersão - frasco - 100ml',0,NULL,NULL,NULL,NULL,1),(537,1,'MED','456','Omeprazole  - amp - 40mg/10ml',0,NULL,NULL,NULL,NULL,1),(538,1,'MED','455','Omeprazole  - cpr - 20mg',0,NULL,NULL,NULL,NULL,1),(539,1,'MED','535','Oxibuprocaina - 10ml - gotas oft - 4mg/ml',0,NULL,NULL,NULL,NULL,1),(540,1,'MED','536','Oxido de zinco - 100gr - unguento - 10%',0,NULL,NULL,NULL,NULL,1),(541,1,'MED','537','Oxido de zinco - 800gr - unguento - 10%',0,NULL,NULL,NULL,NULL,1),(542,1,'MED','304','Oxitocina - 1ml - amp - 10UI/ml',0,NULL,NULL,NULL,NULL,1),(543,1,'MED','460','Paracetamol - 100ml - xarope - 120mg/5ml',0,NULL,NULL,NULL,NULL,1),(544,1,'MED','457','Paracetamol - cpr - 100mg',0,NULL,NULL,NULL,NULL,1),(545,1,'MED','458','Paracetamol - cpr - 500mg',0,NULL,NULL,NULL,NULL,1),(546,1,'MED','459','Paracetamol - cpr - 750mg',0,NULL,NULL,NULL,NULL,1),(547,1,'MED','538','Paracetamol - supp - 125mg',0,NULL,NULL,NULL,NULL,1),(548,1,'MED','67','Penicilina Benzatinica  - frasco - 2,4 Mega',0,NULL,NULL,NULL,NULL,1),(549,1,'MED','69','Penicilina Procaína - frasco - 1 Mega',0,NULL,NULL,NULL,NULL,1),(550,1,'MED','70','Penicilina V - cpr - 250mg',0,NULL,NULL,NULL,NULL,1),(551,1,'MED','461','Pentoxifilina (Trental) - cpr - 400mg',0,NULL,NULL,NULL,NULL,1),(552,1,'MED','539','Peroxido de Hidrogeno (Agua Oxigenada) - 250ml - solução - 3%',0,NULL,NULL,NULL,NULL,1),(553,1,'MED','540','Peroxido de Hidrogeno (Agua Oxigenada) - 500ml - solução - 3%',0,NULL,NULL,NULL,NULL,1),(554,1,'MED','88','Pipeta de embolo - unidade',0,NULL,NULL,NULL,NULL,1),(555,1,'MED','305','Piracetam - 15ml - amp - 1gr/5ml',0,NULL,NULL,NULL,NULL,1),(556,1,'MED','306','Piracetam - 30ml - amp - 1gr/5ml',0,NULL,NULL,NULL,NULL,1),(557,1,'MED','325','Pirazinamida - cpr - 400mg',0,NULL,NULL,NULL,NULL,1),(558,1,'MED','362','Piridoxina (vit. B6)  - cpr - 100mg',0,NULL,NULL,NULL,NULL,1),(559,1,'MED','363','Piridoxina (vit. B6) - 2ml - amp - 50mg/ml',0,NULL,NULL,NULL,NULL,1),(560,1,'MED','364','Plumpynut - pacote - 92gr',0,NULL,NULL,NULL,NULL,1),(561,1,'MED','365','Plumpysup - pacote - 92gr',0,NULL,NULL,NULL,NULL,1),(562,1,'MED','244','Pó\' para preparação de luvas - sacos',0,NULL,NULL,NULL,NULL,1),(563,1,'MED','89','Potassium Hydrogénophosphate anhydre - frascos - 500gr',0,NULL,NULL,NULL,NULL,1),(564,1,'MED','462','Praziquantel - cpr - 600mg',0,NULL,NULL,NULL,NULL,1),(565,1,'MED','463','Prednisolona  - cpr - 5mg',0,NULL,NULL,NULL,NULL,1),(566,1,'MED','307','Prednisolona - 1ml - amp - 25mg',0,NULL,NULL,NULL,NULL,1),(567,1,'MED','308','Prednisolona - 5ml - amp - 250mg',0,NULL,NULL,NULL,NULL,1),(568,1,'MED','245','Preservativos - unidade',0,NULL,NULL,NULL,NULL,1),(569,1,'MED','587','Procaína - 2ml - amp - 2%',0,NULL,NULL,NULL,NULL,1),(570,1,'MED','588','Procaína - 5ml - amp - 2%',0,NULL,NULL,NULL,NULL,1),(571,1,'MED','311','Progesterona (Depo-provera) - amp - 150mg/ml',0,NULL,NULL,NULL,NULL,1),(572,1,'MED','309','Progesterona - amp - 150mg',0,NULL,NULL,NULL,NULL,1),(573,1,'MED','310','Progesterona - amp - 25mg',0,NULL,NULL,NULL,NULL,1),(574,1,'MED','465','Prometazina - 100ml - xarope - 1mg/1ml',0,NULL,NULL,NULL,NULL,1),(575,1,'MED','312','Prometazina - 2ml - amp - 25mg/ml',0,NULL,NULL,NULL,NULL,1),(576,1,'MED','464','Prometazina - cpr - 25mg',0,NULL,NULL,NULL,NULL,1),(577,1,'MED','195','Prontuário com descrições Farmacêuticas - unidade',0,NULL,NULL,NULL,NULL,1),(578,1,'MED','466','Propranolol - cpr - 40mg',0,NULL,NULL,NULL,NULL,1),(579,1,'MED','366','Pyridoxine (Vitamina B6) - amp - 100mg/2ml',0,NULL,NULL,NULL,NULL,1),(580,1,'MED','367','Pyridoxine (Vitamina b6) - cpr - 100mg',0,NULL,NULL,NULL,NULL,1),(581,1,'MED','347','Quinino - 2ml - amp - 150mg/ml',0,NULL,NULL,NULL,NULL,1),(582,1,'MED','346','Quinino - 2ml - amp - 300mg/ml',0,NULL,NULL,NULL,NULL,1),(583,1,'MED','345','Quinino - cpr - 300mg',0,NULL,NULL,NULL,NULL,1),(584,1,'MED','313','Ranitidina - 5ml - amp - 10mg/ml',0,NULL,NULL,NULL,NULL,1),(585,1,'MED','467','Ranitidina - cpr - 150mg',0,NULL,NULL,NULL,NULL,1),(586,1,'MED','468','Ranitidina - cpr - 300mg',0,NULL,NULL,NULL,NULL,1),(587,1,'MED','196','Rede Mosquiteira - item',0,NULL,NULL,NULL,NULL,1),(588,1,'MED','469','Resomal (SRO baixa osmolaridade) - pacote - 42gr',0,NULL,NULL,NULL,NULL,1),(589,1,'MED','326','Rif + Iso + Piraz + Etam (composto) - cpr - 150+75+400+275mg',0,NULL,NULL,NULL,NULL,1),(590,1,'MED','327','Rifampicina + Hisoniazida - cpr - 300+150mg',0,NULL,NULL,NULL,NULL,1),(591,1,'MED','330','Rifampicina + Isoniazida + Etambutol - cpr - 150mg/75mg/275mg',0,NULL,NULL,NULL,NULL,1),(592,1,'MED','328','Rifampicina + Isoniazida - cpr - 150mg/100mg',0,NULL,NULL,NULL,NULL,1),(593,1,'MED','329','Rifampicina + Isoniazida - cpr - 150mg/75mg',0,NULL,NULL,NULL,NULL,1),(594,1,'MED','492','Ringer lactate  - solução - 1000ml',0,NULL,NULL,NULL,NULL,1),(595,1,'MED','491','Ringer Lactate - solução - 500ml',0,NULL,NULL,NULL,NULL,1),(596,1,'MED','165','Rolo de gaze - unidade - 90cmx100mt',0,NULL,NULL,NULL,NULL,1),(597,1,'MED','246','Rolo de papel (50cmx100m) - unidade',0,NULL,NULL,NULL,NULL,1),(598,1,'MED','197','Saco para Balanças - item',0,NULL,NULL,NULL,NULL,1),(599,1,'MED','166','Saco para colostomia',0,NULL,NULL,NULL,NULL,1),(600,1,'MED','248','Saco para urina (pediátrico) - 100ml - unidade',0,NULL,NULL,NULL,NULL,1),(601,1,'MED','247','Saco para urina - 2000ml - unidade',0,NULL,NULL,NULL,NULL,1),(602,1,'MED','470','Sais de reidratação oral (SRO) - pacote - 22gr',0,NULL,NULL,NULL,NULL,1),(603,1,'MED','314','Salbutamol - 1ml - amp - 0,5mg/ml',0,NULL,NULL,NULL,NULL,1),(604,1,'MED','541','Salbutamol - spray - 150mg/30ml',0,NULL,NULL,NULL,NULL,1),(605,1,'MED','471','Salbutamol+Bromhexine 125ml - xarope - 2+4mg/10ml',0,NULL,NULL,NULL,NULL,1),(606,1,'MED','542','Salbutamolo (nebulizador) - 200 doses - solução - 100mcg/dose',0,NULL,NULL,NULL,NULL,1),(607,1,'MED','473','Salbutamolo - cpr - 2mg',0,NULL,NULL,NULL,NULL,1),(608,1,'MED','472','Salbutamolo - cpr - 4mg',0,NULL,NULL,NULL,NULL,1),(609,1,'MED','474','Salbutamolo 100ml - xarope - 2mg/5ml',0,NULL,NULL,NULL,NULL,1),(610,1,'MED','198','Saquinho para medicamentos - unidade',0,NULL,NULL,NULL,NULL,1),(611,1,'MED','249','Seringa - unidade - 0,5cc',0,NULL,NULL,NULL,NULL,1),(612,1,'MED','254','Seringa - unidade - 10cc',0,NULL,NULL,NULL,NULL,1),(613,1,'MED','255','Seringa - unidade - 18cc',0,NULL,NULL,NULL,NULL,1),(614,1,'MED','250','Seringa - unidade - 1cc',0,NULL,NULL,NULL,NULL,1),(615,1,'MED','252','Seringa - unidade - 2,5cc',0,NULL,NULL,NULL,NULL,1),(616,1,'MED','257','Seringa - unidade - 20cc',0,NULL,NULL,NULL,NULL,1),(617,1,'MED','256','Seringa - unidade - 21cc',0,NULL,NULL,NULL,NULL,1),(618,1,'MED','251','Seringa - unidade - 2cc',0,NULL,NULL,NULL,NULL,1),(619,1,'MED','253','Seringa - unidade - 5cc',0,NULL,NULL,NULL,NULL,1),(620,1,'MED','258','Seringa para insulina - unidade - 1ml',0,NULL,NULL,NULL,NULL,1),(621,1,'MED','475','Sildenafil Citrate (Davigra) - cpr - 50mg',0,NULL,NULL,NULL,NULL,1),(622,1,'MED','259','Sistema para soro - unidade',0,NULL,NULL,NULL,NULL,1),(623,1,'MED','90','Sistema para transfusão de sangue - lab',0,NULL,NULL,NULL,NULL,1),(624,1,'MED','315','Sódio bicarbonato - 10ml - amp - 8,4%',0,NULL,NULL,NULL,NULL,1),(625,1,'MED','91','Sódio Hydrogénophosphate anhydre - frasco - 500gr',0,NULL,NULL,NULL,NULL,1),(626,1,'MED','316','Solfato de Magnésio - 10ml (50%) - amp - 500mg/ml',0,NULL,NULL,NULL,NULL,1),(627,1,'MED','476','Solfato de Zinco - cpr - 20 mg',0,NULL,NULL,NULL,NULL,1),(628,1,'MED','264','Sonda nasogastrica - unidade - N° 10',0,NULL,NULL,NULL,NULL,1),(629,1,'MED','265','Sonda nasogastrica - unidade - N° 12',0,NULL,NULL,NULL,NULL,1),(630,1,'MED','267','Sonda nasogastrica - unidade - N° 14',0,NULL,NULL,NULL,NULL,1),(631,1,'MED','268','Sonda nasogastrica - unidade - N° 16',0,NULL,NULL,NULL,NULL,1),(632,1,'MED','269','Sonda nasogastrica - unidade - N° 18',0,NULL,NULL,NULL,NULL,1),(633,1,'MED','266','Sonda nasogastrica - unidade - N° 20',0,NULL,NULL,NULL,NULL,1),(634,1,'MED','260','Sonda nasogastrica - unidade - N° 5',0,NULL,NULL,NULL,NULL,1),(635,1,'MED','261','Sonda nasogastrica - unidade - N° 6',0,NULL,NULL,NULL,NULL,1),(636,1,'MED','262','Sonda nasogastrica - unidade - N° 8',0,NULL,NULL,NULL,NULL,1),(637,1,'MED','263','Sonda nasogastrica - unidade - N° 9',0,NULL,NULL,NULL,NULL,1),(638,1,'MED','71','Spectinomicina - frasco - 2g',0,NULL,NULL,NULL,NULL,1),(639,1,'MED','72','Sulfadiazina - cpr - 500mg',0,NULL,NULL,NULL,NULL,1),(640,1,'MED','543','Sulfadiazina de prata - 200g - crema - 1%',0,NULL,NULL,NULL,NULL,1),(641,1,'MED','544','Sulfadiazina de prata - 50g - crema - 1%',0,NULL,NULL,NULL,NULL,1),(642,1,'MED','348','Sulphadoxina+Pirimetamina - cpr - 500+25mg',0,NULL,NULL,NULL,NULL,1),(643,1,'MED','199','Suporte para pesar a criança - item',0,NULL,NULL,NULL,NULL,1),(644,1,'MED','200','Termómetro Clinico - unidade',0,NULL,NULL,NULL,NULL,1),(645,1,'MED','92','Teste de gravidez - kit',0,NULL,NULL,NULL,NULL,1),(646,1,'MED','93','Teste Rápido Hepatite B - fita',0,NULL,NULL,NULL,NULL,1),(647,1,'MED','94','Teste Rápido Hepatite C - fita',0,NULL,NULL,NULL,NULL,1),(648,1,'MED','95','Teste Rápido Malaria - kit',0,NULL,NULL,NULL,NULL,1),(649,1,'MED','96','Teste Rápido Sifílide - kit',0,NULL,NULL,NULL,NULL,1),(650,1,'MED','545','Tetracaina gotas oftálmicas - colírio - 1%',0,NULL,NULL,NULL,NULL,1),(651,1,'MED','546','Tetraciclina - 15gr - unguento - 3%',0,NULL,NULL,NULL,NULL,1),(652,1,'MED','547','Tetraciclina - 3,5gr - pomada oft - 1%',0,NULL,NULL,NULL,NULL,1),(653,1,'MED','73','Tetraciclina - cps - 250mg',0,NULL,NULL,NULL,NULL,1),(654,1,'MED','589','Thiopentale sodium - frasco - 500mg',0,NULL,NULL,NULL,NULL,1),(655,1,'MED','368','Tiamina (VIT. B1) - 2ml - amp - 50mg/ml',0,NULL,NULL,NULL,NULL,1),(656,1,'MED','548','Timololo (maleato) - 0,25% - colírio - 2,5mg/ml',0,NULL,NULL,NULL,NULL,1),(657,1,'MED','549','Timololo (maleato) - 0,5% - colírio - 5mg/ml',0,NULL,NULL,NULL,NULL,1),(658,1,'MED','477','Tinidazole - cpr - 500mg',0,NULL,NULL,NULL,NULL,1),(659,1,'MED','550','Tirotricina (Hydrotricina) - cpr - 1mg',0,NULL,NULL,NULL,NULL,1),(660,1,'MED','201','Toalha Cirúrgica verde - unidade',0,NULL,NULL,NULL,NULL,1),(661,1,'MED','202','Toucas verde - unidade',0,NULL,NULL,NULL,NULL,1),(662,1,'MED','592','Tramadol  - amp - 100mg/2ml',0,NULL,NULL,NULL,NULL,1),(663,1,'MED','591','Tramadol  - cpr - 100mg',0,NULL,NULL,NULL,NULL,1),(664,1,'MED','590','Tramadol  - cps - 50mg',0,NULL,NULL,NULL,NULL,1),(665,1,'MED','167','Tubo de dreno - unidade - 10G',0,NULL,NULL,NULL,NULL,1),(666,1,'MED','168','Tubo de dreno - unidade - 12G',0,NULL,NULL,NULL,NULL,1),(667,1,'MED','169','Tubo de dreno - unidade - 14G',0,NULL,NULL,NULL,NULL,1),(668,1,'MED','170','Tubo de dreno - unidade - 16G',0,NULL,NULL,NULL,NULL,1),(669,1,'MED','171','Tubo de dreno - unidade - 18G',0,NULL,NULL,NULL,NULL,1),(670,1,'MED','172','Tubo de dreno - unidade - 20G',0,NULL,NULL,NULL,NULL,1),(671,1,'MED','173','Tubo de dreno - unidade - 22G',0,NULL,NULL,NULL,NULL,1),(672,1,'MED','174','Tubo de dreno - unidade - 24G',0,NULL,NULL,NULL,NULL,1),(673,1,'MED','317','Vacina anti-rabia (Rabisin) - amp - 1ml',0,NULL,NULL,NULL,NULL,1),(674,1,'MED','478','Verapamil  - cpr - 40mg',0,NULL,NULL,NULL,NULL,1),(675,1,'MED','479','Verapamil  - cpr - 80mg',0,NULL,NULL,NULL,NULL,1),(676,1,'MED','370','Vitamina A - cpr - 100.000I.U.',0,NULL,NULL,NULL,NULL,1),(677,1,'MED','371','Vitamina A - cpr - 200.000I.U.',0,NULL,NULL,NULL,NULL,1),(678,1,'MED','369','Vitamina A - cpr - 50.000I.U.',0,NULL,NULL,NULL,NULL,1),(679,1,'MED','372','Vitamina B compl. 100 ml - xarope',0,NULL,NULL,NULL,NULL,1),(680,1,'MED','373','Vitamina B complexo (B1-B6-B12 Neurobion) - amp - 2mg/3ml',0,NULL,NULL,NULL,NULL,1),(681,1,'MED','374','Vitamina B complexo (Neurobion) - cpr - 300mg',0,NULL,NULL,NULL,NULL,1),(682,1,'MED','375','Vitamina B12 (Cianocobalamina) - amp - 5mg/2ml',0,NULL,NULL,NULL,NULL,1),(683,1,'MED','376','Vitamina B12 (Hidroxicobalamina) - amp - 1mg/ml',0,NULL,NULL,NULL,NULL,1),(684,1,'MED','377','Vitamina E - cps - 400mg',0,NULL,NULL,NULL,NULL,1),(685,1,'MED','551','Xylometazoline Hydroclorido - 10ml - gotas oft - 0,5%',0,NULL,NULL,NULL,NULL,1),(686,1,'MED','480','Zinco  sulfato - cpr - 20mg',0,NULL,NULL,NULL,NULL,1),(687,1,'OTH','1','Amount per day',0,NULL,NULL,NULL,NULL,1);
/*!40000 ALTER TABLE `prices` ENABLE KEYS */;
UNLOCK TABLES;

--
-- Table structure for table `pricesothers`
--

DROP TABLE IF EXISTS `pricesothers`;
/*!40101 SET @saved_cs_client     = @@character_set_client */;
/*!40101 SET character_set_client = utf8 */;
CREATE TABLE `pricesothers` (
  `OTH_ID` int(11) NOT NULL AUTO_INCREMENT,
  `OTH_CODE` varchar(10) NOT NULL,
  `OTH_DESC` varchar(100) NOT NULL,
  `OTH_OPD_INCLUDE` int(11) NOT NULL DEFAULT '0',
  `OTH_IPD_INCLUDE` int(11) NOT NULL DEFAULT '0',
  `OTH_DAILY` int(11) NOT NULL DEFAULT '0',
  `OTH_DISCHARGE` int(11) DEFAULT '0',
  `OTH_UNDEFINED` int(11) DEFAULT '0',
  `OTH_CREATED_BY` varchar(50) DEFAULT NULL,
  `OTH_CREATED_DATE` datetime DEFAULT NULL,
  `OTH_LAST_MODIFIED_BY` varchar(50) DEFAULT NULL,
  `OTH_LAST_MODIFIED_DATE` datetime DEFAULT NULL,
  `OTH_ACTIVE` tinyint(1) NOT NULL DEFAULT '1',
  PRIMARY KEY (`OTH_ID`)
) ENGINE=MyISAM AUTO_INCREMENT=2 DEFAULT CHARSET=utf8;
/*!40101 SET character_set_client = @saved_cs_client */;

--
-- Dumping data for table `pricesothers`
--

LOCK TABLES `pricesothers` WRITE;
/*!40000 ALTER TABLE `pricesothers` DISABLE KEYS */;
INSERT INTO `pricesothers` VALUES (1,'OTH001','Amount per day',0,1,1,0,0,NULL,NULL,NULL,NULL,1);
/*!40000 ALTER TABLE `pricesothers` ENABLE KEYS */;
UNLOCK TABLES;

--
-- Table structure for table `sms`
--

DROP TABLE IF EXISTS `sms`;
/*!40101 SET @saved_cs_client     = @@character_set_client */;
/*!40101 SET character_set_client = utf8 */;
CREATE TABLE `sms` (
  `SMS_ID` int(11) NOT NULL AUTO_INCREMENT,
  `SMS_DATE` timestamp NOT NULL DEFAULT CURRENT_TIMESTAMP,
  `SMS_DATE_SCHED` datetime NOT NULL,
  `SMS_NUMBER` varchar(45) NOT NULL,
  `SMS_TEXT` varchar(160) NOT NULL,
  `SMS_DATE_SENT` datetime DEFAULT NULL,
  `SMS_USER` varchar(50) NOT NULL DEFAULT 'admin',
  `SMS_MOD` varchar(45) NOT NULL DEFAULT 'smsmanager',
  `SMS_MOD_ID` varchar(45) DEFAULT NULL,
  PRIMARY KEY (`SMS_ID`)
) ENGINE=InnoDB DEFAULT CHARSET=utf8;
/*!40101 SET character_set_client = @saved_cs_client */;

--
-- Dumping data for table `sms`
--

LOCK TABLES `sms` WRITE;
/*!40000 ALTER TABLE `sms` DISABLE KEYS */;
/*!40000 ALTER TABLE `sms` ENABLE KEYS */;
UNLOCK TABLES;

--
-- Table structure for table `supplier`
--

DROP TABLE IF EXISTS `supplier`;
/*!40101 SET @saved_cs_client     = @@character_set_client */;
/*!40101 SET character_set_client = utf8 */;
CREATE TABLE `supplier` (
  `SUP_ID` int(11) NOT NULL AUTO_INCREMENT,
  `SUP_NAME` varchar(100) NOT NULL,
  `SUP_ADDRESS` varchar(150) DEFAULT NULL,
  `SUP_TAXCODE` varchar(50) DEFAULT NULL,
  `SUP_PHONE` varchar(20) DEFAULT NULL,
  `SUP_FAX` varchar(20) DEFAULT NULL,
  `SUP_EMAIL` varchar(100) DEFAULT NULL,
  `SUP_NOTE` varchar(200) DEFAULT NULL,
  `SUP_DELETED` char(1) DEFAULT 'N',
  `SUP_CREATED_BY` varchar(50) DEFAULT NULL,
  `SUP_CREATED_DATE` datetime DEFAULT NULL,
  `SUP_LAST_MODIFIED_BY` varchar(50) DEFAULT NULL,
  `SUP_LAST_MODIFIED_DATE` datetime DEFAULT NULL,
  `SUP_ACTIVE` tinyint(1) NOT NULL DEFAULT '1',
  PRIMARY KEY (`SUP_ID`)
) ENGINE=InnoDB DEFAULT CHARSET=utf8;
/*!40101 SET character_set_client = @saved_cs_client */;

--
-- Dumping data for table `supplier`
--

LOCK TABLES `supplier` WRITE;
/*!40000 ALTER TABLE `supplier` DISABLE KEYS */;
/*!40000 ALTER TABLE `supplier` ENABLE KEYS */;
UNLOCK TABLES;

--
-- Table structure for table `therapies`
--

DROP TABLE IF EXISTS `therapies`;
/*!40101 SET @saved_cs_client     = @@character_set_client */;
/*!40101 SET character_set_client = utf8 */;
CREATE TABLE `therapies` (
  `THR_ID` int(11) NOT NULL AUTO_INCREMENT,
  `THR_PAT_ID` int(11) NOT NULL,
  `THR_STARTDATE` datetime NOT NULL,
  `THR_ENDDATE` datetime NOT NULL,
  `THR_MDSR_ID` int(11) NOT NULL,
  `THR_QTY` double NOT NULL,
  `THR_UNT_ID` int(11) NOT NULL,
  `THR_FREQINDAY` int(11) NOT NULL,
  `THR_FREQINPRD` int(11) NOT NULL,
  `THR_NOTE` text,
  `THR_NOTIFY` tinyint(1) NOT NULL DEFAULT '0',
  `THR_SMS` tinyint(1) NOT NULL DEFAULT '0',
  `THR_CREATED_BY` varchar(50) DEFAULT NULL,
  `THR_CREATED_DATE` datetime DEFAULT NULL,
  `THR_LAST_MODIFIED_BY` varchar(50) DEFAULT NULL,
  `THR_LAST_MODIFIED_DATE` datetime DEFAULT NULL,
  `THR_ACTIVE` tinyint(1) NOT NULL DEFAULT '1',
  PRIMARY KEY (`THR_ID`),
  KEY `FK_THERAPIES_PATIENT` (`THR_PAT_ID`),
  KEY `FK_THERAPIES_MDSR` (`THR_MDSR_ID`),
  CONSTRAINT `FK_THERAPIES_MDSR` FOREIGN KEY (`THR_MDSR_ID`) REFERENCES `medicaldsr` (`MDSR_ID`) ON DELETE NO ACTION ON UPDATE NO ACTION,
  CONSTRAINT `FK_THERAPIES_PATIENT` FOREIGN KEY (`THR_PAT_ID`) REFERENCES `patient` (`PAT_ID`) ON DELETE CASCADE ON UPDATE CASCADE
) ENGINE=InnoDB DEFAULT CHARSET=utf8;
/*!40101 SET character_set_client = @saved_cs_client */;

--
-- Dumping data for table `therapies`
--

LOCK TABLES `therapies` WRITE;
/*!40000 ALTER TABLE `therapies` DISABLE KEYS */;
/*!40000 ALTER TABLE `therapies` ENABLE KEYS */;
UNLOCK TABLES;

--
-- Table structure for table `user`
--

DROP TABLE IF EXISTS `user`;
/*!40101 SET @saved_cs_client     = @@character_set_client */;
/*!40101 SET character_set_client = utf8 */;
CREATE TABLE `user` (
  `US_ID_A` varchar(50) NOT NULL DEFAULT '',
  `US_UG_ID_A` varchar(50) NOT NULL DEFAULT '',
  `US_PASSWD` varchar(60) NOT NULL DEFAULT '',
  `US_DESC` varchar(128) DEFAULT NULL,
  `US_CREATED_BY` varchar(50) DEFAULT NULL,
  `US_CREATED_DATE` datetime DEFAULT NULL,
  `US_LAST_MODIFIED_BY` varchar(50) DEFAULT NULL,
  `US_LAST_MODIFIED_DATE` datetime DEFAULT NULL,
  `US_ACTIVE` tinyint(1) NOT NULL DEFAULT '1',
  PRIMARY KEY (`US_ID_A`),
  KEY `FK_USER_USERGROUP` (`US_UG_ID_A`),
  CONSTRAINT `FK_USER_USERGROUP` FOREIGN KEY (`US_UG_ID_A`) REFERENCES `usergroup` (`UG_ID_A`) ON DELETE NO ACTION ON UPDATE CASCADE
) ENGINE=InnoDB DEFAULT CHARSET=utf8;
/*!40101 SET character_set_client = @saved_cs_client */;

--
-- Dumping data for table `user`
--

LOCK TABLES `user` WRITE;
/*!40000 ALTER TABLE `user` DISABLE KEYS */;
INSERT INTO `user` VALUES ('admin','admin','$2a$10$FI/PMO0oSHHosF2PX8l3QuB0DJepVfnynbLZ9Zm2711bF2ch8db2S','administrator',NULL,NULL,NULL,NULL,1),('guest','guest','$2a$10$b0WlANdaNV7Ukn/klFGt3.euZ7PaHuJI6TtBSM2vdxkavvkUDbpo2','guest',NULL,NULL,NULL,NULL,1);
/*!40000 ALTER TABLE `user` ENABLE KEYS */;
UNLOCK TABLES;

--
-- Table structure for table `usergroup`
--

DROP TABLE IF EXISTS `usergroup`;
/*!40101 SET @saved_cs_client     = @@character_set_client */;
/*!40101 SET character_set_client = utf8 */;
CREATE TABLE `usergroup` (
  `UG_ID_A` varchar(50) NOT NULL DEFAULT '',
  `UG_DESC` varchar(128) DEFAULT NULL,
  `UG_CREATED_BY` varchar(50) DEFAULT NULL,
  `UG_CREATED_DATE` datetime DEFAULT NULL,
  `UG_LAST_MODIFIED_BY` varchar(50) DEFAULT NULL,
  `UG_LAST_MODIFIED_DATE` datetime DEFAULT NULL,
  `UG_ACTIVE` tinyint(1) NOT NULL DEFAULT '1',
  PRIMARY KEY (`UG_ID_A`)
) ENGINE=InnoDB DEFAULT CHARSET=utf8;
/*!40101 SET character_set_client = @saved_cs_client */;

--
-- Dumping data for table `usergroup`
--

LOCK TABLES `usergroup` WRITE;
/*!40000 ALTER TABLE `usergroup` DISABLE KEYS */;
INSERT INTO `usergroup` VALUES ('admin','User with all the privileges',NULL,NULL,NULL,NULL,1),('guest','Read Only Users',NULL,NULL,NULL,NULL,1);
/*!40000 ALTER TABLE `usergroup` ENABLE KEYS */;
UNLOCK TABLES;

--
-- Table structure for table `vaccine`
--

DROP TABLE IF EXISTS `vaccine`;
/*!40101 SET @saved_cs_client     = @@character_set_client */;
/*!40101 SET character_set_client = utf8 */;
CREATE TABLE `vaccine` (
  `VAC_ID_A` varchar(10) NOT NULL,
  `VAC_DESC` varchar(50) NOT NULL,
  `VAC_VACT_ID_A` char(1) NOT NULL,
  `VAC_LOCK` int(11) NOT NULL DEFAULT '0',
  `VAC_CREATED_BY` varchar(50) DEFAULT NULL,
  `VAC_CREATED_DATE` datetime DEFAULT NULL,
  `VAC_LAST_MODIFIED_BY` varchar(50) DEFAULT NULL,
  `VAC_LAST_MODIFIED_DATE` datetime DEFAULT NULL,
  `VAC_ACTIVE` tinyint(1) NOT NULL DEFAULT '1',
  PRIMARY KEY (`VAC_ID_A`),
  KEY `FK_VACCINE_VACCINETYPE` (`VAC_VACT_ID_A`),
  CONSTRAINT `FK_VACCINE_VACCINETYPE` FOREIGN KEY (`VAC_VACT_ID_A`) REFERENCES `vaccinetype` (`VACT_ID_A`) ON DELETE NO ACTION ON UPDATE CASCADE
) ENGINE=InnoDB DEFAULT CHARSET=utf8;
/*!40101 SET character_set_client = @saved_cs_client */;

--
-- Dumping data for table `vaccine`
--

LOCK TABLES `vaccine` WRITE;
/*!40000 ALTER TABLE `vaccine` DISABLE KEYS */;
INSERT INTO `vaccine` VALUES ('1','BCG','C',0,NULL,NULL,NULL,NULL,0),('10','DOSE DE VACINA TT 1','P',0,NULL,NULL,NULL,NULL,0),('11','DOSE DE VACINA TT 2','P',0,NULL,NULL,NULL,NULL,0),('12','DOSE DE VACINA TT 3','P',0,NULL,NULL,NULL,NULL,0),('13','DOSE DE VACINA TT 4','P',0,NULL,NULL,NULL,NULL,0),('14','DOSE DE VACINA TT 5','P',0,NULL,NULL,NULL,NULL,0),('15','DOSE DE VACINA TT 2','N',0,NULL,NULL,NULL,NULL,0),('16','DOSE DE VACINA TT 3','N',0,NULL,NULL,NULL,NULL,0),('17','DOSE DE VACINA TT 4','N',0,NULL,NULL,NULL,NULL,0),('18','DOSE DE VACINA TT 5','N',0,NULL,NULL,NULL,NULL,0),('2','PÓLIO 0 C','C',0,NULL,NULL,NULL,NULL,0),('3','PÓLIO 1 C','C',0,NULL,NULL,NULL,NULL,0),('4','PÓLIO 2 C','C',0,NULL,NULL,NULL,NULL,0),('5','PÓLIO 3 C','C',0,NULL,NULL,NULL,NULL,0),('6','DPT 1 - VHB + Hib 1','C',0,NULL,NULL,NULL,NULL,0),('7','DPT 2 - VHB + Hib 1','C',0,NULL,NULL,NULL,NULL,0),('8','DPT 3 - VHB + Hib 1','C',0,NULL,NULL,NULL,NULL,0),('9','SARAMPO','C',0,NULL,NULL,NULL,NULL,0);
/*!40000 ALTER TABLE `vaccine` ENABLE KEYS */;
UNLOCK TABLES;

--
-- Table structure for table `vaccinetype`
--

DROP TABLE IF EXISTS `vaccinetype`;
/*!40101 SET @saved_cs_client     = @@character_set_client */;
/*!40101 SET character_set_client = utf8 */;
CREATE TABLE `vaccinetype` (
  `VACT_ID_A` char(1) NOT NULL,
  `VACT_DESC` varchar(50) NOT NULL,
  `VACT_CREATED_BY` varchar(50) DEFAULT NULL,
  `VACT_CREATED_DATE` datetime DEFAULT NULL,
  `VACT_LAST_MODIFIED_BY` varchar(50) DEFAULT NULL,
  `VACT_LAST_MODIFIED_DATE` datetime DEFAULT NULL,
  `VACT_ACTIVE` tinyint(1) NOT NULL DEFAULT '1',
  PRIMARY KEY (`VACT_ID_A`)
) ENGINE=InnoDB DEFAULT CHARSET=utf8;
/*!40101 SET character_set_client = @saved_cs_client */;

--
-- Dumping data for table `vaccinetype`
--

LOCK TABLES `vaccinetype` WRITE;
/*!40000 ALTER TABLE `vaccinetype` DISABLE KEYS */;
INSERT INTO `vaccinetype` VALUES ('C','Criança',NULL,NULL,NULL,NULL,0),('N','Não grávida',NULL,NULL,NULL,NULL,0),('P','Grávida',NULL,NULL,NULL,NULL,0);
/*!40000 ALTER TABLE `vaccinetype` ENABLE KEYS */;
UNLOCK TABLES;

--
-- Table structure for table `version`
--

DROP TABLE IF EXISTS `version`;
/*!40101 SET @saved_cs_client     = @@character_set_client */;
/*!40101 SET character_set_client = utf8 */;
CREATE TABLE `version` (
  `VER_MAJOR` int(11) NOT NULL,
  `VER_MINOR` int(11) NOT NULL,
  `VER_SOURCE` longblob,
  `VER_DATE` datetime NOT NULL,
  `VER_CURRENT` char(1) NOT NULL DEFAULT 'N',
  PRIMARY KEY (`VER_MAJOR`,`VER_MINOR`)
) ENGINE=MyISAM DEFAULT CHARSET=utf8;
/*!40101 SET character_set_client = @saved_cs_client */;

--
-- Dumping data for table `version`
--

LOCK TABLES `version` WRITE;
/*!40000 ALTER TABLE `version` DISABLE KEYS */;
/*!40000 ALTER TABLE `version` ENABLE KEYS */;
UNLOCK TABLES;

--
-- Table structure for table `visits`
--

DROP TABLE IF EXISTS `visits`;
/*!40101 SET @saved_cs_client     = @@character_set_client */;
/*!40101 SET character_set_client = utf8 */;
CREATE TABLE `visits` (
  `VST_ID` int(11) NOT NULL AUTO_INCREMENT,
  `VST_PAT_ID` int(11) NOT NULL,
  `VST_DATE` datetime NOT NULL,
  `VST_NOTE` text,
  `VST_SMS` tinyint(1) DEFAULT '0',
  `VST_CREATED_BY` varchar(50) DEFAULT NULL,
  `VST_CREATED_DATE` datetime DEFAULT NULL,
  `VST_LAST_MODIFIED_BY` varchar(50) DEFAULT NULL,
  `VST_LAST_MODIFIED_DATE` datetime DEFAULT NULL,
  `VST_ACTIVE` tinyint(1) NOT NULL DEFAULT '1',
  `VST_WRD_ID_A` char(1) DEFAULT NULL,
  `VST_DURATION` int(11) DEFAULT NULL,
  `VST_SERVICE` varchar(45) DEFAULT NULL,
  PRIMARY KEY (`VST_ID`),
  KEY `FK_VISITS_PATIENT` (`VST_PAT_ID`),
  KEY `FK_VISITS_WARD` (`VST_WRD_ID_A`),
  CONSTRAINT `FK_VISITS_PATIENT` FOREIGN KEY (`VST_PAT_ID`) REFERENCES `patient` (`PAT_ID`) ON DELETE CASCADE ON UPDATE CASCADE,
  CONSTRAINT `FK_VISITS_WARD` FOREIGN KEY (`VST_WRD_ID_A`) REFERENCES `ward` (`WRD_ID_A`) ON DELETE NO ACTION ON UPDATE NO ACTION
) ENGINE=InnoDB DEFAULT CHARSET=utf8;
/*!40101 SET character_set_client = @saved_cs_client */;

--
-- Dumping data for table `visits`
--

LOCK TABLES `visits` WRITE;
/*!40000 ALTER TABLE `visits` DISABLE KEYS */;
/*!40000 ALTER TABLE `visits` ENABLE KEYS */;
UNLOCK TABLES;

--
-- Table structure for table `ward`
--

DROP TABLE IF EXISTS `ward`;
/*!40101 SET @saved_cs_client     = @@character_set_client */;
/*!40101 SET character_set_client = utf8 */;
CREATE TABLE `ward` (
  `WRD_ID_A` char(1) NOT NULL,
  `WRD_NAME` varchar(50) NOT NULL,
  `WRD_TELE` varchar(50) DEFAULT NULL,
  `WRD_FAX` varchar(50) DEFAULT NULL,
  `WRD_EMAIL` varchar(50) DEFAULT NULL,
  `WRD_NBEDS` int(11) NOT NULL,
  `WRD_NQUA_NURS` int(11) NOT NULL,
  `WRD_NDOC` int(11) NOT NULL,
  `WRD_IS_PHARMACY` tinyint(1) NOT NULL DEFAULT '1',
  `WRD_IS_MALE` tinyint(1) NOT NULL DEFAULT '1',
  `WRD_IS_FEMALE` tinyint(1) NOT NULL DEFAULT '1',
  `WRD_LOCK` int(11) NOT NULL DEFAULT '0',
  `WRD_CREATED_BY` varchar(50) DEFAULT NULL,
  `WRD_CREATED_DATE` datetime DEFAULT NULL,
  `WRD_LAST_MODIFIED_BY` varchar(50) DEFAULT NULL,
  `WRD_LAST_MODIFIED_DATE` datetime DEFAULT NULL,
  `WRD_ACTIVE` tinyint(1) NOT NULL DEFAULT '1',
  PRIMARY KEY (`WRD_ID_A`)
) ENGINE=InnoDB DEFAULT CHARSET=utf8;
/*!40101 SET character_set_client = @saved_cs_client */;

--
-- Dumping data for table `ward`
--

LOCK TABLES `ward` WRITE;
/*!40000 ALTER TABLE `ward` DISABLE KEYS */;
INSERT INTO `ward` VALUES ('I','MEDICINA INTERNA','234/52544','54324/5424','internal.medicine@stluke.org',20,3,2,1,1,1,1,NULL,NULL,NULL,NULL,1),('M','MATERNIDADE','234/52544','54324/5424','maternity@stluke.org',20,3,2,1,0,1,1,NULL,NULL,NULL,NULL,1),('N','BERÇÁRIO','234/52544','54324/5424','nursery@stluke.org',20,3,2,1,1,1,1,NULL,NULL,NULL,NULL,1),('S','CIRURGIA','234/52544','54324/5424','surgery@stluke.org',20,3,2,1,1,1,1,NULL,NULL,NULL,NULL,1);
/*!40000 ALTER TABLE `ward` ENABLE KEYS */;
UNLOCK TABLES;
/*!40103 SET TIME_ZONE=@OLD_TIME_ZONE */;

/*!40101 SET SQL_MODE=@OLD_SQL_MODE */;
/*!40014 SET FOREIGN_KEY_CHECKS=@OLD_FOREIGN_KEY_CHECKS */;
/*!40014 SET UNIQUE_CHECKS=@OLD_UNIQUE_CHECKS */;
/*!40101 SET CHARACTER_SET_CLIENT=@OLD_CHARACTER_SET_CLIENT */;
/*!40101 SET CHARACTER_SET_RESULTS=@OLD_CHARACTER_SET_RESULTS */;
/*!40101 SET COLLATION_CONNECTION=@OLD_COLLATION_CONNECTION */;
/*!40111 SET SQL_NOTES=@OLD_SQL_NOTES */;

-- Dump completed on 2020-11-13  1:24:22
